"ISO3","Name","1995","1996","1997","1998","1999","2000","2001","2002","2003","2004","2005","2006","2007","2008","2009","2010","2011","2012","2013","2014","2015","2016","2017","2018","2019","2020","2021","2022","2023","2024"
"AFG","Afghanistan",0.0421922561478669,0.0421922561478669,0.0393784051897829,0.0365645542316989,0.0364195856649404,0.036274617098182,0.073823042921647,0.111371468745112,0.119689838414039,0.155016544626615,0.165337150217515,0.16301630225884,0.124533969781695,0.0930866069253639,0.108549944728764,0.0938272731903417,0.0901742310172682,0.0986823017416835,0.0634308311262184,0.132067147833464,0.102782993015788,0.102379563065082,0.0788852170283104,0.0845636583931406,0.0833088431888424,0.0832515113943475,0.108297166091019,0.108547567161414,0.118808193212362,0.152503293831373
"ALB","Albania",0.419558196832749,0.419558196832749,0.399454982311259,0.379351767789769,0.352277687906533,0.325203608023296,0.378504381172174,0.431805154321052,0.47124523216693,0.440103548821869,0.43982760691434,0.450788606668442,0.515740108257126,0.54471662026928,0.544797097321685,0.51863157237967,0.487013727137258,0.483101710241833,0.51490947268222,0.596692818226402,0.57226682602612,0.579597478568212,0.579211970431996,0.576757564428653,0.550491172993025,0.548805189552277,0.554017645728488,0.551782174051907,0.554144287213594,0.553389607710754
"DZA","Algeria",0.183170634478343,0.183170634478343,0.175216780106649,0.167262925734955,0.214143222351612,0.261023518968268,0.249198147399521,0.237372775830774,0.25311540575024,0.314456715413762,0.395189266248854,0.359602774779601,0.358687987730023,0.37021621741571,0.337101693526814,0.312366113238634,0.291011775946987,0.318044500567842,0.308667483012822,0.337719572847691,0.360646202632284,0.347144411927809,0.382281957441112,0.43496371652106,0.358322040488819,0.390526226260981,0.387417376832825,0.404265287379808,0.417903049720049,0.424774921823064
"AND","Andorra",0.774888951394094,0.774888951394094,0.774970329040191,0.775051706686289,0.774863968925051,0.774676231163813,0.774872362458269,0.775068493752726,0.787046155714955,0.737915329495171,0.788273412752248,0.788897668276472,0.789928577876822,0.789801612177987,0.791296669755823,0.789838284353164,0.788511998033392,0.788371991737881,0.787944209733717,0.78942188585328,0.789093763547181,0.788276762960786,0.788376854943823,0.789080993128614,0.828683556088579,0.828600161112609,0.828273047471446,0.828836098648295,0.828927653003123,0.827769687644568
"AGO","Angola",0.102942362075697,0.102942362075697,0.090940294024388,0.078938225973079,0.0940759541267834,0.109213682280488,0.165929290570647,0.222644898860807,0.324430034064776,0.340921327521214,0.374669256966254,0.428769000815794,0.415141649338644,0.464804528300364,0.454811396588104,0.500698572515768,0.460605149969384,0.470188043242619,0.439816745754403,0.458017870372579,0.4489982984543,0.471418506393459,0.452940755416549,0.476608862000443,0.473926497721534,0.433929420688424,0.406759697754993,0.452185643628736,0.493296196691968,0.446387693480847
"ATG","Antigua and Barbuda",0.676972442481422,0.676972442481422,0.67705382012752,0.677135197773617,0.676947460012379,0.676759722251141,0.676955853545598,0.677151984840054,0.680750703201567,0.723664875253724,0.689974475733791,0.690422827297903,0.691163277420394,0.691072083303043,0.692145897186927,0.718251838850214,0.717299226865531,0.717198666573774,0.716891420029478,0.718872473987792,0.714721331455007,0.683056331126831,0.660408272983349,0.691996975013857,0.714855555939008,0.714777078204602,0.714469219256595,0.744001037339839,0.74408718813251,0.742997379704638
"ARG","Argentina",0.554993330923585,0.554993330923585,0.54058834381036,0.526183356697135,0.532814536129766,0.539445715562396,0.485251121185112,0.431056526807828,0.504574061331007,0.49054037999146,0.564690311405846,0.564375679993268,0.586466919068256,0.551730606057047,0.516420794982151,0.532131453825517,0.571381038093456,0.564200532531858,0.555552365452563,0.547323947081691,0.544139952115794,0.584514846214981,0.592824768315068,0.571396258126867,0.559998326336681,0.559654731830937,0.566310065186412,0.560085882055512,0.545962609655387,0.519128718110067
"ARM","Armenia",0.334160750786777,0.334160750786777,0.361713135980354,0.38926552117393,0.395004041144019,0.400742561114108,0.450994860636008,0.501247160157908,0.560128840374667,0.509806024366607,0.528820078887685,0.516468472412257,0.581486852088581,0.524244810761129,0.576708031775539,0.552787200589521,0.524028488156076,0.559835084723892,0.544627677636162,0.507225481210626,0.524619025452435,0.479528694824317,0.495381467352434,0.549002473606661,0.56201785365756,0.496823263819268,0.459301558610674,0.485648697276814,0.459239579752723,0.419423756206261
"AUS","Australia",0.820559588574218,0.820559588574218,0.805074249266899,0.789588909959579,0.798307872709079,0.807026835458578,0.777026645613428,0.747026455768277,0.717742931366187,0.712991326994547,0.726540344832282,0.731973662605758,0.746405316298231,0.74928984584934,0.728755967423869,0.730327899679338,0.72171224403236,0.727588816009645,0.721957385635588,0.733354488879577,0.69438306197965,0.721550569452597,0.690762765393254,0.70894508561512,0.701978074794378,0.709277494747197,0.703461640796693,0.712086554546835,0.716391608541749,0.692585819194072
"AUT","Austria",0.805287158621855,0.805287158621855,0.790756916937811,0.776226675253767,0.759572617499198,0.742918559744629,0.759136450967753,0.775354342190876,0.732336421745289,0.721666962181477,0.742028430950365,0.74122589389868,0.78709914664785,0.794096129226693,0.782100941711199,0.776683690529205,0.769584490566209,0.784204620506749,0.781542447538436,0.790665479660164,0.754852182675272,0.710942962663619,0.716618378033641,0.701738030551452,0.69160264105945,0.697153972630453,0.685580172903902,0.657867427997354,0.676081755319068,0.638249147155785
"AZE","Azerbaijan",0.36451724251468,0.36451724251468,0.373446935182399,0.382376627850118,0.381039939673191,0.379703251496264,0.383366938686789,0.387030625877313,0.371618063546323,0.347098445625719,0.342622585030995,0.37199344900943,0.443991717996304,0.499110213431339,0.486385833214515,0.493055594080952,0.431348985603686,0.426527765339578,0.462568192053839,0.471610152731324,0.460691931177639,0.458860880104826,0.467634698016165,0.485446910253965,0.488946995594224,0.458063764627173,0.461655944678475,0.452070133481674,0.477581034880138,0.524413437924202
"BHS","Bahamas",0.73305255583807,0.73305255583807,0.733109104116052,0.733165652394034,0.736292693814787,0.739419735235541,0.718846329752885,0.698272924270229,0.684012581510033,0.674095171715479,0.704415477588798,0.689524377017915,0.672926561339472,0.676668690240655,0.701592566658163,0.714973731843401,0.725810809905349,0.729683795070121,0.727475737465555,0.69789552147725,0.683663871632113,0.693338067093942,0.697160456905043,0.678141593213645,0.674481400326649,0.678191197914254,0.683609403725562,0.704475871401849,0.739543044523983,0.738703457047769
"BHR","Bahrain",0.497250163241613,0.497250163241613,0.513997072205928,0.530743981170243,0.551447423376228,0.572150865582213,0.604135279475477,0.636119693368741,0.611378097114692,0.576882134548266,0.540408990576404,0.50010052426801,0.517232157852028,0.510845435571419,0.513497629961614,0.416928715415491,0.337608529645347,0.363200160262449,0.31697998081087,0.361633505486021,0.377070527941712,0.38582982828272,0.368390894118785,0.393412286821368,0.441026351155314,0.442266918967389,0.458902343438451,0.462786928249989,0.459509847919985,0.500014301427844
"BGD","Bangladesh",0.417858452320372,0.417858452320372,0.42437169000297,0.430884927685569,0.417115129304,0.403345330922432,0.364405028540535,0.325464726158637,0.32774328223749,0.310398892399443,0.227087887785738,0.249924260070421,0.267353377763103,0.283800704235449,0.277628287230021,0.289652906147402,0.287730102589149,0.285102656513638,0.2305689525872,0.360396341918105,0.309850737042276,0.308052395532392,0.310334247784161,0.365050502052165,0.370168900223081,0.366849347894516,0.359938732250829,0.352393486243575,0.363110136916899,0.286198282776765
"BRB","Barbados",0.70922019897645,0.70922019897645,0.709275864672613,0.709331530368776,0.709145035426834,0.708958540484893,0.709092719939209,0.709226899393526,0.688083823370378,0.721926693402532,0.7434860058187,0.718468899942095,0.745627023228761,0.758837219707324,0.780236190422395,0.762580033059714,0.761158590010341,0.772104459790401,0.768776892177969,0.790739544485474,0.753066521524586,0.70095156009125,0.701001182803733,0.693848631670364,0.725480039853793,0.742081025622035,0.74505397546192,0.76704568092196,0.779672742984321,0.778854157353027
"BLR","Belarus",0.567497029661882,0.567497029661882,0.578217183644671,0.58893733762746,0.593082085945025,0.59722683426259,0.604047948905069,0.610869063547548,0.680024338364434,0.55272358265105,0.61063008200518,0.581937040863826,0.60798285889217,0.629626701032361,0.61335958335798,0.534344933004115,0.534960849030741,0.550355939844088,0.552891471327294,0.574018732925194,0.570694461485678,0.586226244409745,0.554485504151989,0.597913104668512,0.626400324127272,0.402312259897219,0.438682934318693,0.438591668153847,0.478987365967342,0.48174429940403
"BEL","Belgium",0.777540461333082,0.777540461333082,0.764099406667261,0.75065835200144,0.755764204902212,0.760870057802985,0.757404906492077,0.75393975518117,0.706841136641461,0.671858655350215,0.696868520453527,0.698779490210655,0.703469457949948,0.677868100920962,0.723365373815188,0.714772827402371,0.717256772878844,0.719912713738802,0.720615356938062,0.691382031628418,0.668252029776077,0.637317753158508,0.615403300625452,0.626199960042459,0.617680559849386,0.616102359461814,0.63290306088741,0.594107177710119,0.585621099483686,0.571579042622794
"BLZ","Belize",0.613392599122764,0.613392599122764,0.613455433544723,0.613518267966682,0.590359780335832,0.567201292704982,0.589132118031377,0.611062943357772,0.616096235424702,0.602083718036939,0.561243901449689,0.564849230168909,0.578813043449755,0.575578363070817,0.547808574559756,0.55364416952401,0.566097002730528,0.566019281494824,0.565781830961734,0.555554851091156,0.555381108555907,0.554593377264534,0.55464870974103,0.555037964347009,0.573731389501513,0.658255115570307,0.613983154430997,0.682154062329585,0.691937517818246,0.691046272287803
"BEN","Benin",0.692335994503641,0.692335994503641,0.6770999305246,0.66186386654556,0.661309596157217,0.660755325768875,0.660982806729784,0.661210287690693,0.653698219555088,0.581555279197374,0.633367064769906,0.65887115768005,0.631742069534047,0.635628977877312,0.625358337224499,0.606081957772531,0.611748763466848,0.613180761474302,0.609392233986057,0.574400332484782,0.570868186009054,0.593292464631704,0.606546574058737,0.579422223035558,0.51404382202453,0.498694841608264,0.475734781785788,0.470937085028941,0.493933943109713,0.47711351868224
"BTN","Bhutan",0.63065274742677,0.63065274742677,0.619208822316683,0.607764897206596,0.615015856212796,0.622266815218996,0.633925018586453,0.645583221953909,0.688421888230847,0.706526901490108,0.766320324749763,0.733657700764129,0.632155820288474,0.668270167733054,0.699211108743951,0.684888823149552,0.684204462002259,0.689418124974018,0.689686627977642,0.758159703072098,0.729494400216488,0.749886056885965,0.751037483934309,0.750567932394665,0.759381412452242,0.750615141516051,0.718867754876841,0.787899053965952,0.789669116833876,0.79360469326031
"BOL","Bolivia, Plurinational State of",0.508570878128563,0.508570878128563,0.513021621165191,0.517472364201819,0.50153476475376,0.485597165305702,0.486534016900757,0.487470868495813,0.390365128061181,0.441378573348637,0.391299692148257,0.437652060742091,0.43585919484186,0.453537596868758,0.50484652694688,0.510800117696789,0.496447103845586,0.48103857617434,0.503501256112059,0.49605408475797,0.518123313323102,0.502974678979776,0.509943581047272,0.515235703741563,0.413900595205974,0.480251151084823,0.498195750595491,0.518973293650534,0.497500438228891,0.451351891999652
"BIH","Bosnia and Herzegovina",0.413582829727344,0.413582829727344,0.413383249159044,0.413183668590743,0.413228067859807,0.413272467128871,0.451135218163058,0.488997969197246,0.462580728318045,0.498954752948057,0.442332103938887,0.480093943449777,0.46325194079742,0.471477369197232,0.44353164070231,0.43555099366825,0.429036495154482,0.443322000502459,0.46802613205888,0.538802565582494,0.503754827272254,0.482880974727684,0.493668520136519,0.497555968836,0.4940115382623,0.501246079445476,0.493739973240119,0.505023547643172,0.51369329294735,0.45945260618486
"BWA","Botswana",0.75622955066931,0.75622955066931,0.758163548607167,0.760097546545024,0.758919957249898,0.757742367954773,0.730367804985874,0.702993242016975,0.749540084812871,0.713036068489214,0.754022141492203,0.768838060501596,0.780978333661029,0.774210336034562,0.774750151894132,0.779749455555089,0.771516984512598,0.770324058106881,0.763558672202124,0.756929347992501,0.753575933341081,0.726897718421529,0.732815591625574,0.72888813855425,0.757544021199831,0.744865084940755,0.740128034163193,0.744202950445805,0.732113812996259,0.735638682674948
"BRA","Brazil",0.543845728156298,0.543845728156298,0.537463959141001,0.531082190125703,0.576096987960792,0.62111178579588,0.615642462286558,0.610173138777237,0.569547771560159,0.510109110168042,0.518348821983823,0.503528111815984,0.509624734856211,0.518390537483682,0.570627349243678,0.522803392543646,0.5186903271122,0.53176451593125,0.483844051611079,0.506221553397317,0.460381298401057,0.45488940601379,0.441247572990057,0.433492272509853,0.419636476436542,0.472716514071272,0.479046967257944,0.474810340371821,0.455757884535675,0.455938705737351
"BRN","Brunei Darussalam",0.807609069281088,0.807609069281088,0.797310771395963,0.787012473510838,0.790139514931591,0.793266556352345,0.762930760267507,0.732594964182668,0.73846195384306,0.747716058370864,0.749921216063738,0.75048297038567,0.751410671948805,0.751490644668741,0.786086320968854,0.777261223252637,0.722387166957751,0.712107034047413,0.723242118562367,0.776055868653958,0.766421641540223,0.735820152304083,0.744015644969539,0.75593619127976,0.747484461696778,0.759455621372544,0.759217504400121,0.761519908199963,0.790141370154599,0.766336373329372
"BGR","Bulgaria",0.529742845197382,0.529742845197382,0.586278893117036,0.64281494103669,0.634955739062127,0.627096537087565,0.624889199957953,0.622681862828341,0.584869518023149,0.559081828159086,0.60470929087757,0.607457542591057,0.614095692618871,0.622998403499549,0.618732543342152,0.617004195974087,0.605279997100809,0.620152833631598,0.580407886808774,0.593304676682181,0.582555118315316,0.587042470485563,0.622856451921662,0.65649717469349,0.653958887393583,0.625541572017272,0.62290306665121,0.608597171862024,0.60634484107151,0.556894718363819
"BFA","Burkina Faso",0.524290705015723,0.524290705015723,0.532387213428385,0.540483721841047,0.553448227354229,0.566412732867412,0.538838760443014,0.511264788018617,0.560947642148448,0.52269364619622,0.557391503856739,0.569485270357866,0.614126853160648,0.57799912289379,0.549055176349574,0.493030467516918,0.42655316208172,0.43301339081955,0.406516987754736,0.423650764751743,0.427309696807568,0.386265607558877,0.395581744980253,0.376448740044207,0.334333988989558,0.294659252451038,0.265086061093538,0.221703202071683,0.181843609671742,0.206337146398998
"BDI","Burundi",0.0972577786618806,0.0972577786618806,0.0858138535517938,0.0743699284417071,0.0862753717956967,0.0981808151496862,0.102605630093893,0.1070304450381,0.117249283541694,0.115311512116263,0.279550766574544,0.320836791312916,0.343830281173276,0.289400217569027,0.35927319351172,0.245755718067487,0.217711140408825,0.206052774934503,0.247875409418899,0.358463343639247,0.182900186192342,0.170244305131806,0.173179321965343,0.257248068100445,0.249031609613816,0.280377349477832,0.301435427468237,0.318989907802982,0.318427883302943,0.301795538862311
"KHM","Cambodia",0.313311610533142,0.313311610533142,0.308771843809964,0.304232077086785,0.336820122908704,0.369408168730623,0.375429736292478,0.381451303854332,0.375117230281015,0.415664750179272,0.430846256192392,0.451747991117697,0.441980404089906,0.466816652741087,0.444788239082121,0.479920182902654,0.491416711690347,0.481769786205542,0.48292785963534,0.502366544082656,0.521151289437628,0.535679414726494,0.521991381246311,0.530710947393585,0.514844521865082,0.506440920009052,0.5229213883293,0.536389568877153,0.573954736737371,0.572834578302047
"CMR","Cameroon",0.355210849517062,0.355210849517062,0.383298898833284,0.411386948149507,0.432253965187947,0.453120982226387,0.42416856109552,0.395216139964652,0.433256190879176,0.449463725274831,0.483396150343814,0.501737839625589,0.487804880684665,0.443088548605366,0.46881888866306,0.429829107663671,0.415866591237742,0.405834788032306,0.399964286056511,0.383687946302714,0.354613791922366,0.343934443839806,0.334740210780712,0.285086247696552,0.258401962775509,0.257626353475243,0.265352762909776,0.244386995772901,0.259636316491103,0.269293580791504
"CAN","Canada",0.782476075008071,0.782476075008071,0.771073820368158,0.759671565728246,0.766849171378153,0.77402677702806,0.767156399910575,0.76028602279309,0.74426201138019,0.689534823904754,0.718785890910149,0.728342306728811,0.737432467180745,0.747014603955278,0.798189111418786,0.733006499476611,0.743607441872261,0.746626087836128,0.732583688749632,0.759111594581827,0.762747201261004,0.75905682047342,0.733282765597869,0.71850168155252,0.712563148729158,0.720006807767844,0.686668216168135,0.641103668925043,0.662598030524074,0.657500057818115
"CPV","Cape Verde",0.748107510425453,0.748107510425453,0.748237303988484,0.748367097551516,0.757219591327874,0.766072085104231,0.730253222450317,0.694434359796402,0.713258677238244,0.707242567274169,0.704578791249082,0.721226607889359,0.714306878237499,0.70261688391268,0.73157475363539,0.731811285562914,0.732905560935502,0.701151635986081,0.694697405202247,0.665971708533586,0.701637362188451,0.698809407933135,0.679447219914101,0.700783383225023,0.70088356526743,0.700828538992789,0.699904331733183,0.700275952714652,0.70626075804196,0.688319382656712
"CAF","Central African Republic",0.214128200448813,0.214128200448813,0.214032908630159,0.213937616811505,0.21981943925002,0.225701261688535,0.211254892295118,0.196808522901701,0.228949396937247,0.278205657846588,0.290862349441448,0.238882368990816,0.239501923415962,0.242883238459991,0.309999785298464,0.240489694578419,0.267191324933988,0.212696058346367,0.16259936340274,0.101882273239694,0.209194730186813,0.243783904200463,0.220714404232416,0.208623771797339,0.215969482265977,0.129916602142131,0.159038145762602,0.207072012840593,0.212129692984728,0.219555069971447
"TCD","Chad",0.311133668781669,0.311133668781669,0.295897595796692,0.280661522811714,0.281162027756586,0.281662532701458,0.25911457554695,0.236566618392443,0.281067996769102,0.278778255316583,0.281094384164306,0.231010495662993,0.23957784346428,0.22109733667067,0.356992818233607,0.353419352519245,0.341966484513787,0.338483600513065,0.33551853987393,0.310312831666142,0.34747352488697,0.308036545083396,0.303351890846892,0.30468203170767,0.288148914680131,0.288096067842227,0.245433431608519,0.25265866065291,0.246398417750543,0.229284129601052
"CHL","Chile",0.670391624248103,0.670391624248103,0.629185689306848,0.587979754365592,0.622379974816518,0.656780195267445,0.691015679120052,0.72525116297266,0.69176364919988,0.664113855792471,0.715641936339842,0.706346962870251,0.686054515601993,0.684578640669817,0.70427314776156,0.712149974354694,0.65771825365805,0.656488528994038,0.653148767343003,0.6791151710195,0.671834249261135,0.656643377073608,0.655868578307666,0.671140738081921,0.57955313333477,0.574245916690184,0.576057586986724,0.54890955034942,0.565493568932486,0.571561751223889
"CHN","China",0.528918549802075,0.528918549802075,0.507352690069759,0.485786830337442,0.493741630332514,0.501696430327586,0.484356012107726,0.467015593887865,0.446120181130286,0.468751596302321,0.449011483145965,0.454141859212998,0.45958463322025,0.45005543334299,0.493750438138832,0.438459587082835,0.435751537871802,0.438430948203398,0.448344719599433,0.455346853574201,0.451314499349519,0.459384089016698,0.513087175380103,0.507014364037118,0.524740731684104,0.495188181934047,0.503022140267396,0.504843104690847,0.518281169385607,0.522084394562921
"COL","Colombia",0.188741508932485,0.188741508932485,0.173518737716352,0.15829596650022,0.16414178320289,0.16998759990556,0.145923529292674,0.121859458679789,0.129327775973789,0.191665286356733,0.189469801040121,0.219444819291553,0.258601732468485,0.253533749532502,0.267963115716995,0.310019904561565,0.339700158497285,0.309887175063094,0.315712016938654,0.370425335271219,0.377597555370842,0.392360771637322,0.40921981352235,0.429822983626558,0.38664223584128,0.426874529935122,0.36692170159181,0.403954312377623,0.4057255099936,0.374830697391657
"COM","Comoros",0.540593612283464,0.540593612283464,0.540649277979627,0.54070494367579,0.49283747929445,0.444970014913111,0.482626809175652,0.520283603438193,0.375327536920199,0.455751544356077,0.425077485280156,0.478993994336923,0.370212741124055,0.370105516438969,0.458563846293009,0.46279416902328,0.454654351059923,0.478544922297857,0.50654787451603,0.546943428234534,0.532289598078003,0.502877991240898,0.513679730006334,0.47628207257301,0.46774303943743,0.467518053121051,0.477993074506548,0.482200774323252,0.482275739742256,0.509847505712106
"COG","Congo",0.205046811779449,0.205046811779449,0.191777023016221,0.178507234252993,0.208947220022172,0.239387205791351,0.231649719054394,0.223912232317437,0.325628868365119,0.334022509654905,0.321350309836652,0.391120455991481,0.397878745217938,0.405845649192243,0.480943959800956,0.453816762901707,0.437093656628697,0.429313175548838,0.445668299238898,0.46427757291873,0.413134153949503,0.412667736475911,0.411089446028969,0.425485868496174,0.442283633986331,0.445985668456302,0.456506133799548,0.523659586967559,0.51377659786395,0.50315782371318
"COD","Congo, the Democratic Republic o",0.0683546290119559,0.0683546290119559,0.0651142388690042,0.0618738487260526,0.0761264824042364,0.0903791160824204,0.11643709212562,0.142495068168819,0.17240288411888,0.15058618202526,0.175994956098939,0.179900542755397,0.184536078611887,0.200003433063158,0.273900693911043,0.184080252120124,0.159844411272176,0.150416528185377,0.14881012120334,0.144761448220942,0.187530804807268,0.150031326251017,0.14202629113975,0.208069708545546,0.253083920994734,0.224355954829967,0.255846077874841,0.217283988820246,0.192846739198802,0.167999809506422
"CRI","Costa Rica",0.681780964374459,0.681780964374459,0.692811994294127,0.703843024213794,0.687095061554859,0.670347098895923,0.693808861452882,0.717270624009842,0.657810492464084,0.674468287682479,0.698691304076238,0.705726309720799,0.696178035269122,0.654083529560691,0.67945426255678,0.692685622987128,0.663481602996254,0.667778551647932,0.668425592192588,0.672255330848223,0.684053576534938,0.681750344188898,0.683097434222978,0.664018284789772,0.662480070762168,0.71631689528898,0.73291017197521,0.756130773553065,0.76301109322492,0.761460541063722
"CIV","Cote d'Ivoire",0.542812621107337,0.542812621107337,0.516287074830618,0.489761528553899,0.403578665742345,0.317395802930791,0.227913083774738,0.138430364618685,0.177359247472556,0.152271787216656,0.126666827812898,0.206100182186502,0.203002013799545,0.219825752411808,0.376681219300112,0.216502615720346,0.254396031969779,0.276081319431721,0.332005467972619,0.362919679362708,0.40851628774127,0.393857594378797,0.362174113868041,0.3843056815286,0.367159746516738,0.339481548384252,0.388391008674302,0.420680948977909,0.407868850935389,0.397712999954682
"HRV","Croatia",0.514344836460471,0.514344836460471,0.533835341068881,0.553325845677291,0.582568384060414,0.611810922443537,0.640572922043962,0.669334921644386,0.658946519360279,0.655896766890256,0.64954491559744,0.679218433092337,0.68983156952659,0.683201668937003,0.683609223606823,0.675647471028441,0.672764490498484,0.669500594860146,0.675481401551456,0.663736471011366,0.659827209932641,0.664160074260794,0.662306022025063,0.688200090016141,0.684363002515971,0.666374003736239,0.66433767133705,0.681571432245851,0.672768993466949,0.65442579118777
"CUB","Cuba",0.596317738965152,0.596317738965152,0.594949566032718,0.593581393100285,0.605432620713958,0.61728384832763,0.619213100136725,0.621142351945819,0.602837587005456,0.603602353157658,0.625283804090468,0.638162654137511,0.62566920415544,0.62976735575533,0.632263333163541,0.631551684027351,0.592241651910739,0.592906398127399,0.604480089782707,0.653415271028629,0.655021569939422,0.660343196083095,0.652905318855918,0.651944151231151,0.668445657420067,0.670155434546183,0.639661440173237,0.63931092910793,0.627253402497008,0.606535406696944
"CYP","Cyprus",0.643311042078403,0.643311042078403,0.638680099249748,0.634049156421093,0.655736109981366,0.67742306354164,0.649217243588187,0.621011423634734,0.622711438325219,0.60697887704324,0.651268435783311,0.665442393596476,0.674540803486638,0.693928712461544,0.692042184817244,0.687774757626822,0.690930131725156,0.692595113320984,0.678733427364921,0.676347286363506,0.672749000286965,0.687895383146059,0.671069014800213,0.667879796390896,0.682974251017653,0.6314431264636,0.636011261888107,0.61835283502932,0.620596610179749,0.619204004140426
"CZE","Czech Republic",0.748619299809298,0.748619299809298,0.732268679087703,0.715918058366108,0.687490016918913,0.659061975471718,0.692416102312631,0.725770229153544,0.712826986657452,0.677001117384607,0.737621015476306,0.743079657944429,0.747316482961164,0.752414635785861,0.742679452119144,0.747702171216118,0.753194153662754,0.751949226977205,0.751226464514843,0.752175275994142,0.747937514359966,0.740941954719158,0.733423330261468,0.737683210476743,0.736372216237877,0.713290756385587,0.729260263868188,0.729055829099883,0.742514301247726,0.724760663623717
"DNK","Denmark",0.808897098380783,0.808897098380783,0.808661566112259,0.808426033843735,0.807707450136109,0.806988866428482,0.803424451680735,0.799860036932987,0.767774189172083,0.731322875591339,0.754274920129948,0.746361889670356,0.777254432776192,0.771476475808288,0.767071600008444,0.760499751688307,0.757757227750707,0.737637856578365,0.73349128906154,0.753381315044029,0.733406092898185,0.717588965868436,0.714494417868125,0.73015257209919,0.711539605985216,0.706099821949025,0.701173448365325,0.701298306674919,0.7119169367307,0.688192146779769
"DJI","Djibouti",0.413477604360257,0.413477604360257,0.396907698080359,0.380337791800462,0.416178493851431,0.4520191959024,0.468108275209617,0.484197354516834,0.411850447699534,0.501084783115064,0.421429000111169,0.52499514940237,0.549628422247027,0.60490497187518,0.647096633631209,0.614262824796414,0.570917214329699,0.5708437619081,0.496473905513888,0.480473579715114,0.460872175999351,0.422279808984798,0.413673573547849,0.49625877169251,0.48048770102422,0.466993439283018,0.454714979027334,0.463712288269522,0.46612476263052,0.449492418189889
"DMA","Dominica",0.676972442481422,0.676972442481422,0.67705382012752,0.677135197773617,0.652468332784211,0.627801467794806,0.627997599089262,0.628193730383718,0.642945347003433,0.703916962955988,0.702413439797437,0.724900832026092,0.70360224148404,0.725550070019358,0.726623883903242,0.747615462055358,0.746662850070675,0.746562307790791,0.746255043234621,0.756367503611201,0.750009402198155,0.718344401869978,0.749524810743838,0.750000774510576,0.727427951964206,0.772780877701322,0.772473018753315,0.773002928082262,0.773089096886806,0.771999270447061
"DOM","Dominican Republic",0.514715394741383,0.514715394741383,0.491467108913406,0.46821882308543,0.497021367413912,0.525823911742394,0.523361877710472,0.520899843678549,0.442406294847314,0.468077267768768,0.479235245375397,0.521949431592092,0.535287746529418,0.544601992704038,0.53907070834864,0.53942851422286,0.538935547247199,0.555357873238628,0.547952867681244,0.55960192101678,0.570786484149227,0.577726495171053,0.566251058287649,0.550257180739716,0.558983429292192,0.592232862116296,0.612798513487255,0.638223480235535,0.633560458259536,0.655854366939191
"ECU","Ecuador",0.392062170792479,0.392062170792479,0.430942898901586,0.469823627010693,0.441792711358353,0.413761795706013,0.405038104839625,0.396314413973237,0.356452678160308,0.384377566917174,0.395582411419586,0.411359029745025,0.42843180052527,0.448896459319498,0.455654028071001,0.430651836025952,0.415892636407343,0.43069056155475,0.502268379370122,0.546686398794559,0.516874261918439,0.519571467981409,0.526756314404607,0.537590384483621,0.511908478354735,0.52243636459001,0.513984112662686,0.50762222875613,0.48587665555238,0.419821170191098
"EGY","Egypt",0.407706491904419,0.407706491904419,0.442927018120594,0.478147544336768,0.473778088886868,0.469408633436969,0.453439522215593,0.437470410994217,0.403859696004239,0.391056207637424,0.424554420463276,0.427843100440045,0.468507715530263,0.471963005340232,0.446880462325896,0.369451991619724,0.245510414357394,0.263412235667646,0.224222630939659,0.277880597559045,0.276315924088742,0.272325123257054,0.284721885500247,0.322391576264471,0.334115270805281,0.348460323408239,0.357555905434204,0.377816309578866,0.38771817512628,0.373560806248939
"SLV","El Salvador",0.474446482507985,0.474446482507985,0.488429874695716,0.502413266883448,0.524410330875961,0.546407394868475,0.545682732153421,0.544958069438367,0.49334165866159,0.523241153125928,0.53713120778332,0.511914962629324,0.54797221243377,0.559853745025211,0.521847682516659,0.556431146766296,0.553832591736455,0.585048484001818,0.528542497899635,0.531616224173765,0.524286039940394,0.504474960001032,0.48917653891469,0.474041647631118,0.511192650463809,0.522722519230017,0.509715514700463,0.531712641734535,0.564513290709555,0.55080774968798
"GNQ","Equatorial Guinea",0.513849636012451,0.513849636012451,0.513892720414723,0.513935804816995,0.531402792474466,0.548869780131938,0.503919816036807,0.458969851941676,0.502467896896864,0.463425142976454,0.434309056953761,0.56774375631001,0.568424713213143,0.537711442287831,0.588620040457551,0.572763737602157,0.538799593623307,0.535707891499066,0.514028620002993,0.448899485314307,0.457734147335543,0.47675547865366,0.478548092387656,0.48110120345975,0.488446913928388,0.481146179108777,0.491799932318583,0.486994346360985,0.497923393050861,0.524317668790891
"ERI","Eritrea",0.24437737743226,0.24437737743226,0.238686832088197,0.232996286744133,0.235276058624471,0.237555830504809,0.329962669310714,0.422369508116619,0.372632708424579,0.402005769851625,0.382705758821153,0.390502648718099,0.370783087109817,0.407189551124651,0.429587208197737,0.38920890985439,0.388497711015046,0.385337509734517,0.372554626951397,0.43230449750006,0.40752635515395,0.414830458193973,0.399450947651515,0.382906843380921,0.373829795573157,0.356873237403054,0.364706979593916,0.357038406286346,0.407449264333831,0.422068385609435
"EST","Estonia",0.68395380876563,0.68395380876563,0.68581126524552,0.687668721725411,0.700596501027794,0.713524280330176,0.709232221902251,0.704940163474326,0.71334970924873,0.661049964001469,0.673552131730488,0.680246172602888,0.682684926287847,0.669920919948532,0.669772952404776,0.688972421155364,0.679095502053246,0.676563122647964,0.705161079107213,0.734276588749942,0.710342032516043,0.706973686021194,0.701456090689929,0.693586468846339,0.698046460980193,0.715032378504687,0.709631374032915,0.707174356307863,0.702326964791037,0.67570995421886
"ETH","Ethiopia",0.306656313201414,0.306656313201414,0.330522307237466,0.354388301273519,0.3345643068206,0.31474031236768,0.296357871221298,0.277975430074916,0.273967914224287,0.32734118516545,0.25480601824257,0.245374244591016,0.245866995424192,0.250540644405768,0.313697947215555,0.265824043589311,0.274446615795852,0.259075264632252,0.298393005830876,0.337789296811401,0.322115310143214,0.290393842590488,0.275999671607516,0.332583595087888,0.337347285426888,0.2627002803296,0.186951849145801,0.213609782695388,0.214006620300261,0.210184032358548
"FJI","Fiji",0.693894147675607,0.693894147675607,0.69394981337177,0.694005479067933,0.644708187109939,0.595410895151946,0.605902136229854,0.616393377307762,0.615755414747531,0.582569888051881,0.613184165718462,0.520118038293676,0.548573322700084,0.531199645555141,0.518674962983798,0.517716154914507,0.527770040677295,0.527669480385538,0.527362233841242,0.608703423905921,0.608487695692705,0.67949650040098,0.618505647767144,0.675500079864649,0.673653700687182,0.65785391909196,0.669725887378381,0.690655612755663,0.690724057876329,0.675505249272446
"FIN","Finland",0.830107664895283,0.830107664895283,0.830147696284936,0.830187727674589,0.83955004754054,0.848912367406491,0.848444193775197,0.847976020143903,0.842942367839497,0.796429459413953,0.821162698158531,0.814284161662188,0.820193965546744,0.812230988160939,0.819868076713003,0.812827523411293,0.802813263770996,0.796957153282415,0.78984348978471,0.787130289177753,0.754098727979854,0.740807676199535,0.754825110828861,0.737297720352402,0.72943191702607,0.758147491021621,0.753010936881855,0.745893652997504,0.687471942003495,0.699664521644617
"FRA","France",0.697189311926966,0.697189311926966,0.690558609808993,0.68392790769102,0.690950764326662,0.697973620962305,0.69600682340215,0.694040025841996,0.611568014312667,0.619965762309693,0.632962193869291,0.657266750016013,0.667006490686817,0.664769596072201,0.641280005170128,0.683015408149422,0.65562862412411,0.660519892565657,0.638257036356535,0.619550732712222,0.580965732554077,0.542222299953464,0.591125420063916,0.568498832074075,0.586459480164352,0.572594209845391,0.572065345205128,0.553276277000429,0.546322036598254,0.506228722123113
"GAB","Gabon",0.538117447936499,0.538117447936499,0.556362539538765,0.574607631141031,0.594358272237658,0.614108913334284,0.590212470225472,0.56631602711666,0.519347706472452,0.547738472346694,0.558862821784828,0.558871197306173,0.575144150827685,0.56249093552448,0.52893047366257,0.549535643084777,0.545237667756289,0.561306708853837,0.549477860993436,0.534110904727058,0.529024117394766,0.453415422328369,0.468205836524377,0.478835255692599,0.499166950833997,0.510167144425617,0.498904265665629,0.525840554713841,0.501034133725771,0.499830616338225
"GMB","Gambia",0.619315875888967,0.619315875888967,0.629484362199186,0.639652848509406,0.623076683103342,0.606500517697278,0.621124826392554,0.635749135087829,0.552878304647503,0.532578904795935,0.541431686762274,0.523247637400518,0.546028731244326,0.547538828736835,0.576979182524621,0.562954795311985,0.54656091006938,0.509822811433044,0.506108456841353,0.486597887005463,0.511787870847372,0.469320843563778,0.514228101505987,0.528906734012823,0.561929739570639,0.574269133995589,0.553881169760254,0.573926476107285,0.574198077153213,0.546452856838096
"GEO","Georgia",0.187440637366728,0.187440637366728,0.182399059837822,0.177357482308918,0.216323757812921,0.255290033316923,0.252875586655738,0.250461139994552,0.259351548765383,0.386330486328519,0.409609428365805,0.403367809741009,0.460756611816668,0.402610032195864,0.415843734169814,0.448658648548931,0.437566054044411,0.459530795729284,0.508997327254062,0.545235686450164,0.533384756032411,0.538631542840197,0.52942922244974,0.532617648336607,0.525428370992439,0.526793112662902,0.513360883815272,0.531685029531908,0.527925248994343,0.439333739344986
"DEU","Germany",0.779861921695468,0.779861921695468,0.777938316608828,0.776014711522188,0.784439450312193,0.792864189102197,0.762472691297448,0.732081193492699,0.680919780661487,0.676725517702682,0.728622661545435,0.73639057033734,0.740726586743419,0.731315796924912,0.735259784896439,0.717229665008686,0.71106360619473,0.723842580401223,0.72202431775885,0.741937579058617,0.699407780394623,0.692813561327152,0.67618690863866,0.698103216394725,0.680680510929137,0.672913953027771,0.668636367140492,0.644892286472658,0.64084683761568,0.57208598681257
"GHA","Ghana",0.43991258693521,0.43991258693521,0.440238088513662,0.440563590092115,0.452791860261289,0.465020130430463,0.485582215450398,0.506144300470333,0.51070478084845,0.528494244089566,0.559017345650669,0.535650991989543,0.528786774932918,0.523460934010762,0.574308381868729,0.539904874250823,0.565887074340695,0.555718741131404,0.555167307613194,0.532954308270916,0.545583891995617,0.52661049027384,0.561662119148834,0.543931788889599,0.552116690573226,0.560309535493226,0.520479104317064,0.515886706898468,0.537309057025809,0.551767404315342
"GRC","Greece",0.667401833306159,0.667401833306159,0.674772931511002,0.682144029715845,0.690088166681593,0.69803230364734,0.697430409864513,0.696828516081685,0.658809503035829,0.634795784616318,0.650706195140786,0.641962294951927,0.644438945619487,0.602252399235634,0.5495072383597,0.547769885054705,0.535717077554734,0.520362243279464,0.522261703449195,0.537089870532812,0.528063598197458,0.522005322436678,0.550953177557522,0.612982648873721,0.599944519826138,0.603670708218955,0.590593205215115,0.592381748265619,0.619103605955532,0.574815380094127
"GRD","Grenada",0.674211492396864,0.674211492396864,0.674274326818823,0.674337161240782,0.674192192674023,0.674047224107265,0.674198676948613,0.674350129789961,0.67363003308493,0.664324612728501,0.606699422820309,0.607147792396295,0.607888242518786,0.607797030389562,0.608870844273445,0.629467025770597,0.609230271216312,0.617394351173758,0.617087104629462,0.657241083095763,0.656717531958288,0.7141690693906,0.71423674000069,0.714712703767428,0.714855555939008,0.737492770934427,0.737184893974546,0.76671671205779,0.766802880862334,0.765713054422589
"GTM","Guatemala",0.293257928664766,0.293257928664766,0.307486588538843,0.32171524841292,0.35303305186058,0.38435085530824,0.379062434054027,0.373774012799814,0.383179038818686,0.38097611459817,0.387033525789005,0.391628246739329,0.399469121632239,0.40975220848989,0.405388255667454,0.403601928077435,0.414045518743048,0.420740766410997,0.417544271204641,0.418168472693243,0.425255874878861,0.433863875479449,0.423483218301101,0.426570183302518,0.424625387246282,0.448139888569903,0.446300750165727,0.495569421256158,0.513295284570676,0.511920204084618
"GIN","Guinea",0.373488722729753,0.373488722729753,0.400836033733502,0.428183344737251,0.306542910443594,0.184902476149937,0.20351289358376,0.222123311017582,0.356568944806071,0.33350376768775,0.327774748981122,0.218668327409468,0.145897331022146,0.181063983723606,0.224893753359665,0.24516294729877,0.27256152910146,0.281816390127966,0.296887069081228,0.339172086379471,0.415277458867545,0.445661418703083,0.405534836296923,0.38210036172886,0.395182565831778,0.353782165694398,0.366714979315524,0.403146407787527,0.391816128595557,0.362782645026385
"GNB","Guinea-Bissau",0.228635864248974,0.228635864248974,0.209682338630001,0.190728813011028,0.310322702173017,0.429916591335006,0.437759375486546,0.445602159638085,0.460677539690425,0.458263804498257,0.459293507303058,0.471950865337251,0.48162846504324,0.436715425289521,0.459280917003231,0.447891702959992,0.434734911687422,0.362597969283703,0.376637684600993,0.390930754935992,0.443870912358329,0.458121438647271,0.444867311208364,0.432740258764344,0.466158102609034,0.498570991963606,0.495633903764575,0.484814981671477,0.492174363152375,0.438310610874143
"GUY","Guyana",0.464618051370297,0.464618051370297,0.483017099464377,0.501416147558458,0.459336312521285,0.417256477484113,0.425404148624473,0.433551819764833,0.468776866961346,0.45177526109472,0.470239305035623,0.430275495933531,0.469668706883627,0.46445430542504,0.47763816854402,0.48505136950401,0.466673512379525,0.4637521305345,0.458043933554053,0.510370966790211,0.522648958737175,0.548730458287634,0.548777487290282,0.542305658905686,0.539003614118514,0.548388899123636,0.544633225293311,0.587656513277309,0.585952013630233,0.588698554215704
"HTI","Haiti",0.369204184259164,0.369204184259164,0.353734623353345,0.338265062447527,0.351556780667179,0.36484849888683,0.31544556728865,0.26604263569047,0.289520698993273,0.213458284824355,0.23547297343544,0.299564534130448,0.311951642009252,0.304453208862159,0.317289694981885,0.313973096600634,0.322519046295775,0.347863103706678,0.384821037263469,0.383589205210215,0.382924332910439,0.388553421740894,0.399448101775445,0.411590824549723,0.37841480812347,0.36257471595455,0.331176057205135,0.379130275776919,0.37467437233843,0.333325684290901
"HND","Honduras",0.439314034354984,0.439314034354984,0.469207314722841,0.499100595090698,0.491578260186994,0.484055925283289,0.486430223477642,0.488804521671995,0.444511180438413,0.438002247593668,0.434177750393325,0.432257162295557,0.467170982323651,0.452343067406268,0.456281147483169,0.436115431759386,0.455096308408815,0.457544338208811,0.453170947164474,0.425498656926614,0.430736239666858,0.422756871475842,0.386412980710796,0.394016873379337,0.400720172354901,0.429680473680582,0.404459545439383,0.463577199215576,0.486523425918928,0.447547315931798
"HUN","Hungary",0.737042816313542,0.737042816313542,0.75090800557907,0.764773194844598,0.747672370570817,0.730571546297036,0.751441742431213,0.772311938565389,0.745388221805131,0.695855424596424,0.740462172435161,0.723848650402713,0.690716384818065,0.687699467994089,0.682832695700991,0.689661861651085,0.678733031103696,0.677981557714403,0.696090209372183,0.694851478771242,0.701640874503854,0.662775951814059,0.681622982228837,0.668875510789725,0.681660951258933,0.692697474800128,0.681860829023152,0.670407979029568,0.654919910923359,0.628294146580485
"ISL","Iceland",0.816900584470897,0.816900584470897,0.816951260878001,0.817001937285105,0.823535501367353,0.830069065449602,0.828292527313025,0.826515989176449,0.807907471995319,0.765915399813527,0.795914716082795,0.798093936677312,0.816812938692697,0.794019128465944,0.791112264191249,0.745439159384406,0.771486526433902,0.771551008942319,0.775538801791072,0.778937822507104,0.777064857803821,0.769555203259313,0.774915951193009,0.783109768754197,0.830042840161263,0.789066475558283,0.790746839294387,0.77796532541368,0.766895119668368,0.766854917165914
"IND","India",0.375772502252025,0.375772502252025,0.367644328965118,0.359516155678211,0.366946305811502,0.374376455944794,0.346953999403303,0.319531542861812,0.293767628671243,0.363465691306886,0.39549674694751,0.40206609161718,0.402276452291986,0.411127775296542,0.385082749790648,0.379973807853508,0.339702031732167,0.3412595184648,0.338801420027316,0.402453094738926,0.412467318355476,0.417096441984871,0.446655169807661,0.427476594830751,0.443349126384492,0.41990397077523,0.441343936515205,0.413983017540755,0.398768333655986,0.408172603176156
"IDN","Indonesia",0.317357473663218,0.317357473663218,0.280997390223573,0.244637306783927,0.225588876601589,0.20654044641925,0.212025512306325,0.217510578193399,0.166606284861532,0.251278879067775,0.296890473325387,0.347422209058344,0.394164588756859,0.421587216411151,0.434952296993033,0.409488874894063,0.414417752128229,0.441762910713052,0.438378749792954,0.480355962178811,0.452615226820285,0.46623919206515,0.444943465411042,0.451934486059638,0.445185923245065,0.452448761082076,0.432684385931631,0.412368631298599,0.439156178292479,0.439987876567943
"IRN","Iran, Islamic Republic of",0.5123299201793,0.5123299201793,0.476392854603183,0.440455789027066,0.439117020478708,0.437778251930351,0.446309035627703,0.454839819325055,0.4391254320238,0.430366654027134,0.433969244941527,0.407801828752758,0.420938140524749,0.414970014192636,0.320771065985203,0.275060244314498,0.30538098247279,0.322211979870218,0.337006320654727,0.418829562499509,0.407464070094144,0.43354760498635,0.423720362632336,0.375239891141998,0.323543777823392,0.329719689132349,0.341165766661362,0.343495962782569,0.321058409408884,0.2649014934221
"IRQ","Iraq",0.286742637628548,0.286742637628548,0.295623328993432,0.304504020358317,0.304720631153351,0.304937241948386,0.307769852273095,0.310602462597804,0.104179507631739,0.0377469256793341,0.0800291691490032,0.0690735189214375,0.0827255106420275,0.138970594751354,0.169377555749812,0.155658469799095,0.20511169054909,0.19371177745278,0.170739793769808,0.143746659247696,0.145352958158489,0.148186820308431,0.159255224866357,0.158498708152383,0.14934867623174,0.156778754317536,0.158436909413171,0.148141376350683,0.148993914364203,0.177888328255306
"IRL","Ireland",0.800701317525344,0.800701317525344,0.810220016480144,0.819738715434944,0.821481391248664,0.823224067062385,0.815673984867,0.808123902671615,0.795398441742359,0.740561579966992,0.780381402149451,0.784011245028993,0.794962104098112,0.783472509881854,0.749777877571564,0.744461618966301,0.707088367622057,0.719987895300291,0.710873833091746,0.760078544018102,0.721121256439155,0.709230753934532,0.719339449829474,0.727219734702389,0.719177703202216,0.707951640712397,0.68232391430008,0.694763562814933,0.707603885463791,0.677582036340324
"ISR","Israel",0.373541281377675,0.373541281377675,0.381484787927837,0.389428294477999,0.391673888827689,0.393919483177378,0.365918602324699,0.33791772147202,0.33670368515014,0.379434730480766,0.383371243524641,0.372337151586417,0.4007817729635,0.400571196146208,0.361017877649376,0.413486898487168,0.403846691431312,0.409760980272459,0.39020547081129,0.44299126647465,0.43958021382688,0.485824096904458,0.468623153629829,0.487617034852183,0.471150903983528,0.447424276821463,0.423638192463789,0.386696271462859,0.361962528385813,0.362829692040906
"ITA","Italy",0.75172986036547,0.75172986036547,0.765682875527937,0.779635890690405,0.761766112503749,0.743896334317094,0.721232821985841,0.698569309654588,0.637666769238284,0.615602493938464,0.657238435350305,0.654407022815208,0.641109180558445,0.657985910103602,0.636479336454095,0.650407648331564,0.629966621115839,0.634697079547568,0.618652030266,0.637852579729019,0.620783231204808,0.613076526760277,0.59551633666152,0.616772671347496,0.607761294831824,0.609553746458956,0.628815374186233,0.623996441430105,0.635032406603211,0.605306438531635
"JAM","Jamaica",0.487915131364559,0.487915131364559,0.488704600801759,0.489494070238959,0.492120264489238,0.494746458739516,0.479780915093972,0.464815371448428,0.439224947626874,0.488435476388487,0.490778893225107,0.486693476020036,0.509539664775972,0.497747471078875,0.485799150459162,0.475471069940611,0.528022693231923,0.558315296843246,0.57265921469815,0.555989765797368,0.56064089993662,0.567002495653194,0.572963056998287,0.580221391866832,0.581950351638609,0.577175602009059,0.575336481616757,0.631213042786918,0.635491439208521,0.635587910804913
"JPN","Japan",0.788006188591668,0.788006188591668,0.791711753388916,0.795417318186164,0.792578502770911,0.789739687355657,0.77441039391752,0.759081100479382,0.753136299523917,0.72849061649817,0.763743672158535,0.771984644805487,0.758835634662425,0.740501564403292,0.750721555666813,0.729243999146093,0.727970487616729,0.723611343964614,0.738446841880892,0.767742902547189,0.76992307777102,0.751415102869774,0.760329683575325,0.754653745860961,0.750740756324347,0.753696108563472,0.758650418563527,0.779512815556322,0.777990253847102,0.754015945407595
"JOR","Jordan",0.50477157953975,0.50477157953975,0.503886241903933,0.503000904268115,0.505450338994273,0.507899773720431,0.473054587937679,0.438209402154926,0.487046184533953,0.488578418619436,0.499805471762317,0.416708394174441,0.497600133950704,0.48113522788947,0.471938058894937,0.476264240817889,0.435519616983987,0.442066158621351,0.426102036689034,0.439903490938911,0.43434997993117,0.452785258909519,0.469665644865071,0.491626982305783,0.498435992969029,0.490983436064656,0.479278816098264,0.493602974927544,0.495532929199719,0.486631208972103
"KAZ","Kazakhstan",0.486173004912991,0.486173004912991,0.52395273922056,0.561732473528129,0.563936631562005,0.56614078959588,0.580318683003484,0.594496576411088,0.613099149673845,0.533733249767845,0.564958706338227,0.566631811289165,0.640756796258257,0.634733337449647,0.675713664664875,0.627728879943152,0.472163459484415,0.4790310807852,0.468392889834408,0.555034181853498,0.555865934164584,0.534111985439489,0.539545411284208,0.530135666154385,0.509885384682832,0.498495522212135,0.507816468803831,0.445313285205126,0.51330034590723,0.498773535485157
"KEN","Kenya",0.335140596724735,0.335140596724735,0.325793577945628,0.31644655916652,0.311718307189339,0.306990055212157,0.317299772625309,0.327609490038461,0.328139363343661,0.380095442037682,0.35210028896089,0.362935655894822,0.290373435137405,0.257697500376989,0.270250353519048,0.300646579440685,0.280183271536996,0.280757363992521,0.339552028846664,0.32218319689579,0.328010650493061,0.337316701265075,0.345771042569767,0.348036882265675,0.356045393668596,0.360530728508971,0.349731835619605,0.376386418960653,0.374690420918039,0.305519493782769
"KIR","Kiribati",0.721070895239844,0.721070895239844,0.721070895239844,0.721070895239844,0.721070895239844,0.721070895239844,0.721070895239844,0.721070895239844,0.721070895239844,0.698200642620431,0.788273412752248,0.788897668276472,0.789928577876822,0.789801612177987,0.830123155106802,0.829075692594375,0.828123080609692,0.828022520317934,0.827715273773638,0.780503882891695,0.721884221403971,0.721067220817576,0.721167330812488,0.721871450985404,0.747698694924463,0.761335610706632,0.759490888621561,0.773576264039085,0.773649806520053,0.772719655342073
"PRK","Korea, Democratic People's Repub",0.546349522717764,0.546349522717764,0.557263610546399,0.568177698375034,0.58622461433516,0.604271530295287,0.608434254462964,0.612596978630641,0.598871984785298,0.52420594113734,0.526941872729108,0.53792261349696,0.538544761631942,0.529339127056695,0.512516937465584,0.541218696353885,0.543703074115331,0.501248060751601,0.459089865057203,0.368574705291521,0.368414597744784,0.467657933333444,0.485871612227699,0.500114123232774,0.51601444710788,0.515957781752718,0.513969126783635,0.598097186019356,0.608499907743182,0.607713167104872
"KOR","Korea, Republic of",0.668098568610794,0.668098568610794,0.655990140444344,0.643881712277895,0.63573513986184,0.627588567445786,0.623651469016011,0.619714370586235,0.610216025048897,0.643840789300486,0.668242699625418,0.659424626540006,0.684915336627873,0.656438924293428,0.663344784802417,0.654305093621037,0.647091824460888,0.639624101558726,0.640866272427575,0.657219793060861,0.669965553371956,0.64257954385722,0.662363119665198,0.706498983085626,0.703611391515961,0.70604571427995,0.711906237677627,0.703825894921754,0.717604077830604,0.664861978973227
"KWT","Kuwait",0.609235278517245,0.609235278517245,0.612170610558575,0.615105942599905,0.641533108021602,0.6679602734433,0.626026424643759,0.584092575844218,0.595332111215684,0.583525940304471,0.598598348397624,0.622097251438482,0.670906637757369,0.654530115961164,0.644779261964189,0.653591319083732,0.608536237692757,0.567205543507213,0.569425326841662,0.565115445664553,0.523293351536373,0.545864949275321,0.550037219736143,0.592227764755993,0.594027439144543,0.577694073798106,0.577480128760402,0.568465474083687,0.602063454678847,0.602646661142545
"KGZ","Kyrgyzstan",0.461910650586722,0.461910650586722,0.45941769917332,0.456924747759917,0.446583617638754,0.436242487517591,0.419629703971971,0.403016920426351,0.348496058965976,0.347764146471694,0.325576832061539,0.320923572521172,0.393720722149338,0.45579239528599,0.445071043513589,0.381392332979316,0.37011023554992,0.391928522688441,0.402664139864938,0.422426335578646,0.418332740982842,0.450070563317032,0.496111236433727,0.491387190229092,0.512451140090375,0.458414816048695,0.479880412685172,0.473607129186131,0.457902522332382,0.458828728909987
"LAO","Lao People's Democratic Republic",0.556173000590141,0.556173000590141,0.528356390212982,0.500539779835822,0.470921270603692,0.441302761371562,0.488301035761999,0.535299310152436,0.367915398660767,0.457129164516349,0.481252881449521,0.533430452156392,0.522087690735838,0.552034682511544,0.537962725940045,0.510070654817351,0.53666111588746,0.536588870261409,0.540598817715009,0.617652101088688,0.62258609369503,0.611880304181644,0.599714760363186,0.597461186753376,0.614221829771509,0.647985897855528,0.654727868324268,0.676381580971334,0.682595983654729,0.65014815126487
"LVA","Latvia",0.651242030376233,0.651242030376233,0.622942854880566,0.594643679384899,0.623661123380399,0.6526785673759,0.682014110069697,0.711349652763493,0.719394818329719,0.656023822648462,0.703817915661634,0.712967533309178,0.684049866088923,0.621829018612966,0.660047981470537,0.655886878371508,0.618330644400724,0.636331549029077,0.66187096322386,0.679424128691813,0.678801206046255,0.665596016868624,0.669154784893917,0.669167897538087,0.671832772287478,0.68052087169112,0.695056129682033,0.690171561657562,0.700906134145376,0.661402024087927
"LBN","Lebanon",0.421573437327649,0.421573437327649,0.413709993556792,0.405846549785936,0.419418902006256,0.432991254226576,0.448734559591312,0.464477864956048,0.447050710557617,0.4075476812126,0.370554696549278,0.277949204786576,0.220422810006504,0.278635313085634,0.31473116233576,0.291467710509993,0.287383572147966,0.265253175259207,0.25961511651557,0.28046456297106,0.298384594285783,0.309539167648254,0.308460796760283,0.330930843554411,0.308364091009532,0.306678107568784,0.311373334775244,0.307880165994548,0.319797812393077,0.299395636789267
"LSO","Lesotho",0.532028479942662,0.532028479942662,0.494716784177333,0.457405088412003,0.459517403901069,0.461629719390135,0.475107013946162,0.488584308502188,0.532388735431726,0.559025324910789,0.533425030582361,0.526306431831218,0.496890286001899,0.529195914647638,0.645957886942061,0.654463183837902,0.665403884210165,0.597521670625797,0.608230522157739,0.518688147675463,0.512069378423922,0.500240224361665,0.513290097151004,0.5245240308297,0.497832541159113,0.523551119463177,0.525675277759306,0.526618955854554,0.525256303561459,0.50307648209083
"LBR","Liberia",0.0845632621319157,0.0845632621319157,0.137602538896101,0.190641815660287,0.199183676660063,0.207725537659838,0.207019030913635,0.206312524167432,0.177680957551561,0.285794888849807,0.310508674770617,0.32700256193689,0.340547058794287,0.340601616760207,0.363130922619333,0.478889003124196,0.464473307951961,0.4798665435423,0.484024656670269,0.457768207789012,0.444301756381049,0.468084706672672,0.501039537287929,0.54636056399644,0.503377730681131,0.510058550838118,0.511815068776899,0.499126280022822,0.51835384729663,0.508537195924446
"LBY","Libyan Arab Jamahiriya",0.397460077221947,0.397460077221947,0.415687697306569,0.433915317391192,0.460360026378029,0.486804735364866,0.495972842200927,0.505140949036988,0.529923432244698,0.547636146891298,0.592570170478063,0.58511004858667,0.639742547641226,0.642613370156328,0.643854262182133,0.4634650753008,0.255366637816448,0.266095338433384,0.206892956802555,0.141685686605067,0.151626727978125,0.143057560977578,0.136453993747574,0.138327336700209,0.142822181809982,0.149267154490652,0.15219377779097,0.188750154631937,0.181923132094832,0.208112162532233
"LIE","Liechtenstein",0.774888951394094,0.774888951394094,0.774970329040191,0.775051706686289,0.774863968925051,0.774676231163813,0.774872362458269,0.775068493752726,0.787046155714955,0.75624518497582,0.788273412752248,0.788897668276472,0.789928577876822,0.789801612177987,0.846821837278858,0.845974882946235,0.84520464118438,0.845123335585778,0.844874897809634,0.845733055527797,0.820890628803883,0.820276171739039,0.820351461371771,0.820881028475116,0.845657819930686,0.84559040148683,0.835121738292804,0.835577006416478,0.835651035218041,0.8347147239792
"LTU","Lithuania",0.652008273502091,0.652008273502091,0.656958837032384,0.661909400562677,0.660748841494285,0.659588282425894,0.688294796448894,0.717001310471895,0.72982934902278,0.66252245270136,0.696865116209368,0.691846107558409,0.696373067839273,0.684978540293246,0.662054071933516,0.678665270434237,0.672958460368078,0.678973885880946,0.726936335879084,0.718397320755378,0.719821267455217,0.721639367990724,0.710416511614453,0.7130757666592,0.726673272461365,0.756953393844104,0.731825839156993,0.723326630274516,0.721138836028042,0.718914639784497
"LUX","Luxembourg",0.813599458289291,0.813599458289291,0.813650134696395,0.813700811103499,0.819812275927786,0.825923740752074,0.826028885065729,0.826134029379384,0.792251875450342,0.746894338673518,0.775088847170187,0.794815199254914,0.818916275262644,0.823096687090451,0.817919191961402,0.817684731399372,0.798056580050927,0.795371459955318,0.786831093941072,0.807458273873136,0.804124366081105,0.792094271554071,0.77873171263453,0.784851426897045,0.784858847789075,0.767739894564254,0.755948007069012,0.734218842682348,0.732641614935965,0.742980142341355
"MKD","Macedonia",0.382637439783604,0.382637439783604,0.358897006520226,0.335156573256849,0.344575306311728,0.353994039366607,0.334886953517045,0.315779867667483,0.330276580248338,0.407439591957569,0.377978470479223,0.436687020564445,0.502385114324606,0.516589746358954,0.5332889868991,0.46807667337693,0.427286083240938,0.47773869281203,0.476859299094586,0.590437474553725,0.509999363820615,0.488022374061518,0.504766806393178,0.528369295720602,0.556753577320255,0.565756812468943,0.56606065476908,0.607674567659191,0.58884479261957,0.577767220017849
"MDG","Madagascar",0.572844016523949,0.572844016523949,0.568495499877411,0.564146983230873,0.561776782737824,0.559406582244774,0.532543727606288,0.505680872967801,0.602578756378095,0.545604713721799,0.5418604594195,0.57503478272961,0.568192269980986,0.462973279096939,0.411532376019049,0.339731210967819,0.404973298117478,0.425351139679704,0.441252904504719,0.448396503736779,0.454896268537731,0.465746891528821,0.453336710439603,0.412351502006559,0.454338747006156,0.446193597528137,0.466620719577243,0.455136114650044,0.398234065453565,0.46314558068228
"MWI","Malawi",0.437947815710864,0.437947815710864,0.447389630982094,0.456831446253325,0.432448286289081,0.408065126324836,0.473705356940224,0.539345587555611,0.510658148107028,0.524536134808933,0.543306092415466,0.537027441378015,0.538476082356916,0.511702152339674,0.550424006715403,0.543261152790187,0.51536052602741,0.534189544568329,0.513102485472883,0.544531097968527,0.540290904731381,0.503268506678046,0.493325826224467,0.479514645562707,0.498828399652933,0.535903068164208,0.531179112018942,0.519637013190383,0.506035184538492,0.481220496100321
"MYS","Malaysia",0.617567571364665,0.617567571364665,0.576366193427496,0.535164815490327,0.543885282231294,0.55260574897226,0.584136506804562,0.615667264636863,0.614856856396301,0.577679988512747,0.623423627817624,0.587549810936565,0.578182447745933,0.574025415330396,0.554805791292959,0.581277950375558,0.56020357163931,0.546158470771736,0.541987371082715,0.565550018145162,0.557770113445266,0.546850504977293,0.547569106696793,0.58157775801595,0.578682313269283,0.574932457274214,0.585025879100124,0.594426654316765,0.590803529866172,0.619009223736508
"MDV","Maldives",0.733920475991865,0.733920475991865,0.752159848824181,0.770399221656497,0.762269958651222,0.754140695645946,0.744080379644191,0.734020063642435,0.706691908266535,0.615833874470064,0.670835490855624,0.667463307831642,0.550666932858146,0.52092313303145,0.529032168702381,0.524290759051345,0.49856335492909,0.490906111090177,0.542704711971044,0.636252584974077,0.564490937974095,0.563953787871856,0.54192593258098,0.525207005062705,0.535094461111032,0.586390188485614,0.62950078002221,0.598722918517237,0.56469933535465,0.539894553447102
"MLI","Mali",0.59280065041597,0.59280065041597,0.584183896044686,0.575567141673403,0.546044473622079,0.516521805570756,0.548468394528915,0.580414983487074,0.563487010160786,0.608588400079454,0.581742854851747,0.637021637952258,0.613518376037925,0.604869560531172,0.581633126516195,0.52622971926045,0.410652315862272,0.196046260399966,0.253172737544735,0.263313602646391,0.269871888025512,0.27342228052946,0.240143632445956,0.211388720517895,0.179557830831472,0.178749187754548,0.12967560326989,0.105154904636854,0.0889876808148977,0.101034220182766
"MLT","Malta",0.781912429439385,0.781912429439385,0.784998718995531,0.788085008551678,0.787968102484392,0.787851196417107,0.783594324184766,0.779337451952426,0.770656233084599,0.710650701998374,0.751842290482101,0.741259143817824,0.752334014638466,0.765511303423488,0.765928908718921,0.76901164092998,0.730197295581983,0.732102249373241,0.724768264634485,0.738578508678805,0.72094389351726,0.718452563172505,0.744740766987376,0.750018984515048,0.715295189756172,0.728284722768082,0.717544026243156,0.71751711650361,0.718705702047727,0.694683770213735
"MHL","Marshall Islands",0.721070895239844,0.721070895239844,0.721070895239844,0.721070895239844,0.721070895239844,0.721070895239844,0.721070895239844,0.721070895239844,0.721070895239844,0.720364253404586,0.724524221755563,0.726280775718092,0.72918158800317,0.728824322485166,0.835902733143354,0.792912046651042,0.832178273890427,0.831991022449784,0.831418875276635,0.833395246147747,0.755488956451828,0.70864491773725,0.754772065860345,0.755476204045135,0.756996334151385,0.736929035306371,0.730652779848143,0.780610783363052,0.780684307832146,0.77975417466604
"MRT","Mauritania",0.557264033825435,0.557264033825435,0.554585280927234,0.551906528029033,0.547430613398687,0.542954698768341,0.554135641514142,0.565316584259942,0.497651197613095,0.493303491500881,0.47221407284996,0.573286622300299,0.521102117021992,0.426527206971489,0.448382382427674,0.402836855723377,0.368967544260398,0.351740609851789,0.344466010261148,0.41259423001869,0.409839115781262,0.386415826586866,0.412130748480536,0.414879792716474,0.433447675110177,0.436886592126808,0.455641041509948,0.495796046653059,0.458874767259572,0.448911012913577
"MUS","Mauritius",0.730453298345148,0.730453298345148,0.723460161301374,0.716467024257599,0.693728861715135,0.670990699172672,0.694348659300579,0.717706619428486,0.704317258840642,0.688364736555091,0.736941463499334,0.710275208464024,0.734520685664487,0.736942201986162,0.653023440724688,0.64020831668736,0.634683516606551,0.742448774050625,0.739399814103052,0.695530832617602,0.73429076409467,0.735469821357515,0.732432136842978,0.711663329546757,0.717056048556554,0.71700320171865,0.71657259185029,0.70473778205964,0.700071608005716,0.692060376809842
"MEX","Mexico",0.405319972653653,0.405319972653653,0.443183894459641,0.48104781626563,0.509280194727089,0.537512573188548,0.531107235636305,0.524701898084063,0.533054310194584,0.521986716170981,0.48509290488513,0.442320162066518,0.435575453792951,0.415422832701465,0.407237913005963,0.401482308773519,0.419088753364348,0.405424819771389,0.404806039856819,0.376850656997509,0.388989795408889,0.399499957960286,0.361371828982589,0.382676021217411,0.388059662242782,0.409698064797068,0.417098891599716,0.443605309266396,0.441907005703928,0.420836463496812
"FSM","Micronesia, Federated States of",0.634729266766155,0.634729266766155,0.634729266766155,0.634729266766155,0.634729266766155,0.634729266766155,0.634729266766155,0.634729266766155,0.634729266766155,0.683975657168621,0.74428128408522,0.744729653661205,0.745470085771823,0.745378891654472,0.808084114442259,0.767444283690472,0.744452631041246,0.744352070749488,0.744044824205192,0.743008817244539,0.742773149886961,0.742186341048491,0.742258244448939,0.766900361123661,0.731511946231242,0.751559179848777,0.770684061429712,0.820642046932747,0.820715589413716,0.819785438235735
"MDA","Moldova, Republic of",0.530721106090441,0.530721106090441,0.547197206531278,0.563673306972115,0.52709847696638,0.490523646960644,0.512706647527009,0.534889648093375,0.504908793994812,0.496071556275614,0.483996576158922,0.511642569060947,0.560397379402039,0.506327571286854,0.497290960135905,0.536282470275185,0.576594827148332,0.574666602016047,0.576739732673532,0.535502339994581,0.518822318123843,0.516507972451631,0.516950308049874,0.506779795403845,0.523142700223412,0.522849358845736,0.541567478279301,0.505292554979264,0.501455017182247,0.487563719705559
"MCO","Monaco",0.721070895239844,0.721070895239844,0.721070895239844,0.721070895239844,0.721070895239844,0.721070895239844,0.721070895239844,0.721070895239844,0.721070895239844,0.715114566685108,0.717091892185534,0.717926814586419,0.71930564154224,0.719135825595492,0.721135431783882,0.719184871928012,0.717410972530956,0.717223721090312,0.716651573917164,0.718627944788275,0.766909529167456,0.76632273834086,0.828026032633337,0.828531770027565,0.828683556088579,0.76696877022058,0.766641638567543,0.798020412208218,0.798111948551172,0.772817603912121
"MNG","Mongolia",0.665564874338721,0.665564874338721,0.642338346854367,0.619111819370012,0.638485210774588,0.657858602179163,0.69310968553934,0.728360768899517,0.70458032225836,0.642254735735911,0.705209422976652,0.668108096892066,0.674323814442252,0.625384706607829,0.671685687325541,0.669866325958864,0.651386539640208,0.65864887314475,0.665603437760654,0.709517286823889,0.686744280311444,0.678628274045329,0.678675194976733,0.6846239225207,0.682683485337938,0.684761371130122,0.681880173775677,0.663448371088983,0.665566351312378,0.625421847091727
"MNE","Montenegro",0.561874226975404,0.561874226975404,0.561874226975404,0.561874226975404,0.56130863612434,0.560743045273277,0.622801803896372,0.684860562519466,0.682051106458604,0.681071278532519,0.686839383005422,0.586382155189873,0.578853354023453,0.682472440211926,0.681034534309846,0.641417489803298,0.640203093243941,0.660235413029919,0.655812111083117,0.604518581157145,0.590632723266363,0.600649090295901,0.558824762695363,0.573423350434767,0.584934540887782,0.555030237253123,0.543716024652636,0.55396328589318,0.596908492403997,0.609476691662585
"MAR","Morocco",0.479065483464271,0.479065483464271,0.513593038857448,0.548120594250624,0.514786775797488,0.481452957344352,0.487805763266484,0.494158569188615,0.468222425460202,0.481018168721257,0.44820973861673,0.481289445553456,0.475162886778874,0.457452693794614,0.472698646292404,0.470366360793828,0.458559577478904,0.44595088752788,0.424436766903225,0.475951770830174,0.467809395180729,0.464851845492993,0.458468923717769,0.4728913733427,0.479384888023422,0.475953680088803,0.465291641417022,0.461083293172859,0.453343735070408,0.470306759503227
"MOZ","Mozambique",0.538004747641759,0.538004747641759,0.547269812394806,0.556534877147853,0.533657680951067,0.510780484754282,0.517400676943858,0.524020869133434,0.515640466570935,0.497500888525737,0.53475871978229,0.597192881880365,0.571009777349463,0.582552974902327,0.597948155775043,0.545721034403183,0.533663759958495,0.557073468200001,0.460441259929136,0.438093423699145,0.426449395676415,0.318996932433787,0.357822265024839,0.405961411505538,0.400290625187098,0.307308126892643,0.321397807148019,0.311790561821326,0.294222050236845,0.233018855622079
"MMR","Myanmar",0.280118338731732,0.280118338731732,0.267667153611673,0.255215968491613,0.255223731609246,0.25523149472688,0.265951081335642,0.276670667944405,0.316435463852223,0.354972210200297,0.381391720575605,0.407930289437124,0.361527649703348,0.348067088178137,0.341143648080262,0.353657883764767,0.354346189512435,0.358838927232966,0.320515135269533,0.342432919999254,0.347259237623663,0.36605189019126,0.32611095616897,0.315931905894732,0.304280366920603,0.2737833105291,0.172543538841849,0.146007383571428,0.151877993618465,0.173183212530097
"NAM","Namibia",0.687761302757049,0.687761302757049,0.656149743658614,0.624538184560179,0.57188722578453,0.519236267008883,0.539263723588919,0.559291180168956,0.584961144425473,0.633015725158402,0.654394450527254,0.676476305415961,0.716775963918038,0.741496630374662,0.717080508681255,0.691508060709813,0.678524957936871,0.701606111587305,0.70799645425456,0.664421750764226,0.678939393142505,0.669613835511101,0.66307514705074,0.674751650482037,0.655237406223881,0.642037566572786,0.642213740711006,0.617002628941061,0.624462930951193,0.64817995778449
"NRU","Nauru",0.721070895239844,0.721070895239844,0.721070895239844,0.721070895239844,0.721070895239844,0.721070895239844,0.721070895239844,0.721070895239844,0.721070895239844,0.720364253404586,0.724524221755563,0.726280775718092,0.72918158800317,0.728824322485166,0.835902733143354,0.833952191299357,0.832178273890427,0.831991022449784,0.831418875276635,0.802615133158541,0.732475437387736,0.731658436801342,0.698153793736522,0.695230718775354,0.686517817021408,0.686431251955639,0.686091620062144,0.716788968490965,0.736250167780605,0.748681260655374
"NPL","Nepal",0.461304731150088,0.461304731150088,0.430776928489907,0.400249125829726,0.349560740829813,0.2988723558299,0.252769496718705,0.20666663760751,0.164527066190682,0.169353131648858,0.163206435599302,0.213424044252148,0.221648409951402,0.217039459620729,0.254567667115787,0.261676971740018,0.275824271979872,0.283462099018764,0.328802920776646,0.397755435929495,0.366808370881486,0.383799367754408,0.450592079112761,0.460402696507202,0.476640562898436,0.504618424576323,0.504310115331469,0.482059633279689,0.493333373199614,0.475023510898949
"NLD","Netherlands",0.839098886124106,0.839098886124106,0.841486936384151,0.843874986644195,0.848491447926268,0.85310790920834,0.794480718757342,0.735853528306344,0.755018414259122,0.705429474039594,0.731499139788928,0.723230068618755,0.717293859327121,0.725786565923134,0.73986046777701,0.728457942958989,0.744718720453772,0.752792921160659,0.74007668231082,0.742285118164737,0.713949126398901,0.7083515583477,0.690560275907325,0.692555108949142,0.675524233787494,0.677459411503089,0.681726046171061,0.662318720396134,0.659294508763245,0.626815515831609
"NZL","New Zealand",0.801085961091615,0.801085961091615,0.802495066007394,0.803904170923173,0.805344805624143,0.806785440325113,0.788536205991859,0.770286971658605,0.761889385768444,0.796881323293467,0.791395464883943,0.780708227600632,0.790507533538289,0.766972138440992,0.765767216127284,0.80484905581397,0.800120920913969,0.803463636512316,0.798058489309557,0.819128851397934,0.813777523674267,0.813443043176695,0.818527633060377,0.80995562018376,0.799777470503215,0.812775595178956,0.794121003624493,0.771746131571839,0.781148762011488,0.756957914824442
"NIC","Nicaragua",0.427964014149264,0.427964014149264,0.428988736670943,0.430013459192623,0.460588002665469,0.491162546138315,0.486920281535675,0.482678016933035,0.477129351119362,0.468481976562517,0.479297332304591,0.499464543013904,0.530256453780487,0.512401895627243,0.500040616775553,0.452655123120884,0.467348723494897,0.466343138589193,0.484488066160927,0.523736083395841,0.51796075616152,0.519534957913095,0.517011314266636,0.349416501743946,0.379526158752477,0.455451952858171,0.476298337295105,0.519360296772279,0.537952999528161,0.53719832002532
"NER","Niger",0.471597922668974,0.471597922668974,0.450768847642819,0.429939772616663,0.45547336897619,0.481006965335717,0.466533217894033,0.45205947045235,0.505425320501482,0.462306533562281,0.47591115405462,0.525968673172604,0.485334750315442,0.443193449758724,0.383780383239361,0.354862373793502,0.413042959832152,0.390631955960536,0.381469189645075,0.373067569095169,0.405700221322701,0.379613426281327,0.36214909537525,0.335240202387179,0.335335034903049,0.279078531265695,0.283251864427075,0.315715223052201,0.251898559576038,0.232077915331657
"NGA","Nigeria",0.309295088745583,0.309295088745583,0.329029879393213,0.348764670040843,0.302729715694099,0.256694761347354,0.217347372604358,0.177999983861361,0.215286850258575,0.239081238090099,0.237397938418556,0.220325221673933,0.242166419916003,0.261616595938841,0.282772352321187,0.185043653217249,0.199254499348078,0.173551699445515,0.191391920147167,0.156044698410265,0.249306290690174,0.241688132617537,0.205715016275889,0.210093126431179,0.19429154364857,0.187837781173456,0.187020456373332,0.198000260523744,0.197396196310116,0.189004266148348
"NOR","Norway",0.832666431695768,0.832666431695768,0.829807316898675,0.826948202101582,0.828839295755905,0.830730389410229,0.827330837343917,0.823931285277606,0.761449463761299,0.74102815954745,0.778056789709139,0.771453762835351,0.769164453667805,0.790759465617963,0.80429486647906,0.804563189363945,0.792262466432171,0.78973498625658,0.786082466427848,0.765828834747758,0.760637920772683,0.756016668332165,0.747058210701892,0.749913795171708,0.74362759715911,0.766741964704941,0.742820665210203,0.715371524077589,0.718328623468477,0.712398033881487
"OMN","Oman",0.709648719467442,0.709648719467442,0.705034698794278,0.700420678121114,0.716645657016601,0.732870635912088,0.727782200493338,0.722693765074587,0.730536152964902,0.712867387290519,0.720174462289728,0.701646133971021,0.708960053482297,0.703194614766725,0.701011791797436,0.655355131831426,0.606021167698255,0.61952557012444,0.609854454693041,0.652334954858282,0.660573333795398,0.640948262477383,0.648202220460581,0.646832579560428,0.642782105390644,0.634148942202274,0.619991825491168,0.628948463922181,0.649157083929496,0.662680128645126
"PAK","Pakistan",0.294001386770192,0.294001386770192,0.30287112691577,0.311740867061348,0.323790495465583,0.335840123869818,0.295069283753513,0.254298443637208,0.264590050111195,0.269467233267383,0.237054091746578,0.211944062612732,0.135318164981992,0.112893724252477,0.153779561177438,0.106846705912859,0.0613191010230529,0.0668557168931132,0.0691758083530858,0.106221729913681,0.112024795433745,0.129117019037758,0.150125978648148,0.192027288997562,0.202192470128928,0.263646426051568,0.25257204155152,0.233487812769886,0.200203671064854,0.178040546601293
"PLW","Palau",0.721070895239844,0.721070895239844,0.721070895239844,0.721070895239844,0.721070895239844,0.721070895239844,0.721070895239844,0.721070895239844,0.721070895239844,0.720364253404586,0.724524221755563,0.726280775718092,0.72918158800317,0.728824322485166,0.835902733143354,0.833952191299357,0.832178273890427,0.831991022449784,0.831418875276635,0.833395246147747,0.721884221403971,0.721067220817576,0.754772065860345,0.755476204045135,0.755687519349255,0.755571432822231,0.755115984579819,0.773884014915849,0.773975569270677,0.772817603912121
"PAN","Panama",0.567046534684781,0.567046534684781,0.574281003820463,0.581515472956144,0.574948379770706,0.568381286585268,0.584783097052371,0.601184907519475,0.564550899502173,0.567740892422066,0.539169215286778,0.56510782664191,0.570011901525771,0.562501508494436,0.570563082877747,0.534930643118279,0.542050232522484,0.538644025068782,0.531764876168727,0.600405984034419,0.636756485157171,0.632791765518832,0.632196094838424,0.615322751525552,0.621622404407923,0.610373502862051,0.61343514316882,0.626878809556351,0.616235557269005,0.597377161361822
"PNG","Papua New Guinea",0.42534164742218,0.42534164742218,0.464468904048803,0.503596160675425,0.502566610971551,0.501537061267677,0.449586377129877,0.397635692992077,0.386592613128797,0.410662744737237,0.360919442758733,0.355191738918897,0.382610836245913,0.408516647978747,0.382691223238949,0.380213149633354,0.387263195192588,0.391365111274115,0.407263435831222,0.42917700578246,0.424738159588517,0.413240369969653,0.393181644776596,0.406163919003341,0.405752797982497,0.411243213396108,0.415041863557462,0.426199607009731,0.454094505996621,0.431928013312648
"PRY","Paraguay",0.399623663509954,0.399623663509954,0.380355641567457,0.36108761962496,0.3442036222887,0.32731962495244,0.31666312493187,0.306006624911301,0.382491183367865,0.477787252823956,0.461298733196092,0.452236851386118,0.472165458802414,0.466463313811584,0.463971172932505,0.453635257248825,0.447608358172308,0.446220219077701,0.438331846873423,0.551639898260291,0.564590615684034,0.566720465732302,0.544605432971946,0.543618220177578,0.556102213925873,0.551194842869096,0.539789742353113,0.537831995759573,0.550132520560734,0.53640392434062
"PER","Peru",0.357780027180638,0.357780027180638,0.387754433028359,0.417728838876079,0.366895782505326,0.316062726134573,0.321847428549238,0.327632130963903,0.318252753853406,0.38119027577836,0.385000615645849,0.420998822527782,0.448609296014556,0.425633944111173,0.382311190712386,0.410019252531731,0.428048309718926,0.423875823115618,0.422494510521204,0.476923223234914,0.491821636626584,0.51737371316869,0.509306501068861,0.519273839777754,0.533693209372255,0.496316625831347,0.489513216860872,0.431433371232718,0.419306156681832,0.431829434327015
"PHL","Philippines",0.439389540130203,0.439389540130203,0.442506296770983,0.445623053411762,0.36785731036757,0.290091567323377,0.326951651375426,0.363811735427476,0.266332392705249,0.265203696641715,0.337837820799579,0.284555203619551,0.289777818492618,0.25017159912226,0.256636601006662,0.264643779530918,0.301059879898266,0.338841280304167,0.352575658335791,0.404570318463619,0.382765756372979,0.290752152797176,0.319285446629269,0.357556553861663,0.367874565742727,0.380113670054028,0.352728615168606,0.387768770479951,0.421987080010833,0.410264646301193
"POL","Poland",0.686147420847361,0.686147420847361,0.685145501357987,0.684143581868614,0.659927617123471,0.635711652378327,0.658086128169757,0.680460603961186,0.656780501469301,0.589055261365618,0.642809609522028,0.617628649628923,0.690118048380326,0.729686316732462,0.729282544556152,0.74811869579912,0.739989829055069,0.741293780651256,0.720115779604694,0.739608859911066,0.74130168786388,0.652592146405122,0.658143622071116,0.66321380245571,0.671030253247667,0.649583442995625,0.651505598126419,0.646514093606844,0.640769404569958,0.639520263105926
"PRT","Portugal",0.790726089615701,0.790726089615701,0.798669596165863,0.806613102716025,0.802529315585538,0.79844552845505,0.804085649558244,0.809725770661438,0.792483075863203,0.716088162502838,0.74322391504217,0.724051734280479,0.707228698131297,0.728423990576764,0.709517124717024,0.688970061599888,0.690898268720299,0.701219288584298,0.687205744519725,0.719081663890797,0.729900081651427,0.722402477050531,0.739695641119321,0.746346057233234,0.728763712529629,0.726768177024731,0.722336085283485,0.709457829628279,0.69182216977805,0.646413767469446
"QAT","Qatar",0.604901405524155,0.604901405524155,0.673454435326674,0.742007465129192,0.741906850801813,0.741806236474434,0.725948393603825,0.710090550733217,0.761482965846677,0.7276993008439,0.743433285063913,0.735165925021757,0.733970494965573,0.74190034851535,0.78840581803699,0.761624845377069,0.746191227165537,0.758018021672319,0.750014625641574,0.748859812360944,0.723940348852532,0.69906400577014,0.700233498727965,0.70653587140329,0.70861579253722,0.710100313168848,0.716484369692126,0.714749231847616,0.732472393381054,0.721027630718833
"ROU","Romania",0.637651549204873,0.637651549204873,0.624664384754375,0.611677220303878,0.555391780591168,0.499106340878459,0.556444385493583,0.613782430108706,0.59108595604829,0.555099528931861,0.575432665023167,0.576762733836451,0.585560111278798,0.593357901769436,0.620022787902332,0.58453294814821,0.571446979563656,0.558314738475157,0.575615215364734,0.586829912362147,0.612178256599028,0.608183367071975,0.574602839982585,0.5755592884964,0.66592837196508,0.661031411771394,0.669877511332531,0.648751186352072,0.63946689392368,0.578321283269642
"RUS","Russian Federation",0.297502534811008,0.297502534811008,0.305919528495253,0.314336522179497,0.313969395160555,0.313602268141613,0.354824251662478,0.396046235183343,0.366780254346391,0.331879240760611,0.351623514659828,0.424275020275967,0.437704637401887,0.466476030194529,0.42453493161576,0.421298468061309,0.380287700779259,0.387308531079092,0.400572474989252,0.423681294877935,0.407303296108074,0.411289017591333,0.452687634553201,0.483400761383522,0.477898980477506,0.458401379190796,0.458528939281469,0.416246047384341,0.402291041909812,0.387004652755208
"RWA","Rwanda",0.172868509070023,0.172868509070023,0.161424583959937,0.14998065884985,0.162621238823542,0.175261818797235,0.18630632159855,0.197350824399864,0.328328596090429,0.323038670844749,0.348043384552138,0.4370284716572,0.482793905329447,0.504906974795553,0.510190667932877,0.510282600537056,0.495518249522523,0.503167261935082,0.494045292513912,0.526880236096761,0.567474316688945,0.54145780397937,0.566715908728215,0.578494161234946,0.571606852956033,0.578537515815326,0.570458776116227,0.555008893182599,0.556551682226164,0.541833963953053
"KNA","Saint Kitts and Nevis",0.721070895239844,0.721070895239844,0.721070895239844,0.721070895239844,0.721070895239844,0.721070895239844,0.721070895239844,0.721070895239844,0.721070895239844,0.761063415268867,0.773644907290364,0.774093276866349,0.691163277420394,0.713111123967586,0.789393048843231,0.740290879514757,0.717299226865531,0.717198666573774,0.716891420029478,0.670599769462424,0.669289927983485,0.668737665919078,0.668805336529168,0.669281300295906,0.669424152467486,0.714777078204602,0.714469219256595,0.714999128585543,0.715085297390087,0.713995470950342
"LCA","Saint Lucia",0.722707003801874,0.722707003801874,0.658127591503381,0.593548179204888,0.657896490155826,0.722244801106765,0.657914727178109,0.593584653249454,0.721070895239844,0.742852167977583,0.732321724056219,0.716240795121923,0.655349836340512,0.655258642223161,0.717963865010948,0.698967678268739,0.698015066284056,0.697914524004172,0.697607259448002,0.685813931002851,0.683608593191238,0.7141690693906,0.705839676454871,0.70631564022161,0.706458492393189,0.706380014658784,0.706072155710776,0.737714821315367,0.737800972108037,0.736711163680166
"VCT","Saint Vincent and the Grenadines",0.722707003801874,0.722707003801874,0.72288380835568,0.723060612909485,0.722652707008125,0.722244801106765,0.657914727178109,0.593584653249454,0.656314678387545,0.718058265241846,0.756878392401352,0.749299356118738,0.688408397337326,0.688317203219976,0.726228505260152,0.698967678268739,0.698015066284056,0.706179164253376,0.697607259448002,0.685813931002851,0.714721331455007,0.7141690693906,0.691521011247118,0.691996975013857,0.714855555939008,0.737492770934427,0.737184893974546,0.737714821315367,0.737800972108037,0.736711163680166
"WSM","Samoa",0.787627597015015,0.787627597015015,0.787690431436974,0.787753265858933,0.768705619193107,0.749657972527281,0.730906729257688,0.712155485988095,0.749240781504947,0.703820473347722,0.739166920574049,0.739615290150034,0.723826441762244,0.740264528143301,0.724809061528777,0.694835358144137,0.722808987031667,0.722708426739909,0.722401180195613,0.743008817244539,0.742773149886961,0.742186341048491,0.742258244448939,0.728975982463063,0.756271932608502,0.761397211315232,0.754975672082453,0.772031223511288,0.773685019733449,0.772771619598158
"SMR","San Marino",0.721070895239844,0.721070895239844,0.721070895239844,0.721070895239844,0.721070895239844,0.721070895239844,0.721070895239844,0.721070895239844,0.721070895239844,0.720364253404586,0.724524221755563,0.726280775718092,0.72918158800317,0.728824322485166,0.835902733143354,0.833952191299357,0.832178273890427,0.831991022449784,0.831418875276635,0.833395246147747,0.789093763547181,0.788276762960786,0.788376854943823,0.789080993128614,0.767052147184676,0.76696877022058,0.766641638567543,0.798020412208218,0.798111948551172,0.796953983192616
"STP","Sao Tome and Principe",0.702067053451244,0.702067053451244,0.702099501842002,0.70213195023276,0.707250663611469,0.712369376990177,0.671780934114511,0.631192491238844,0.576455847529632,0.610229029621823,0.638563040081535,0.622733070585724,0.63464785309631,0.615395051187224,0.635722513538265,0.616522180217732,0.601658043422017,0.601584609012292,0.620524760814923,0.636015422630968,0.618007169158081,0.597287930538722,0.588338749023486,0.633746791094613,0.643949256804868,0.635236517157787,0.658723244171916,0.638514912354582,0.661251264703723,0.637783504192768
"SAU","Saudi Arabia",0.495592836692176,0.495592836692176,0.513712709747371,0.531832582802565,0.551356877686336,0.570881172570106,0.554430540918907,0.537979909267707,0.561205806336476,0.395157133065888,0.47222284463253,0.440143373074972,0.45030016067312,0.486159027698876,0.422080615671786,0.496534551493174,0.457312813582221,0.442132910625874,0.430774893148161,0.494113737634578,0.465343911874962,0.458579552647014,0.42947274273936,0.441920550633071,0.450120420183875,0.450128705645851,0.465549319284456,0.484540498725732,0.505536868036294,0.541026653754795
"SEN","Senegal",0.407400578238789,0.407400578238789,0.39728424530933,0.387167912379871,0.415432829291457,0.443697746203043,0.453298345148282,0.462898944093521,0.463701913430179,0.514034942170718,0.502761040143928,0.497131086743527,0.51126023101453,0.51657376982684,0.544782039395138,0.471802303401658,0.489550159214158,0.521417468909524,0.5321854173996,0.533656086900231,0.536265863327486,0.509698493479666,0.524086720544264,0.524108893160985,0.56106353054486,0.544821719553251,0.530960267751548,0.513163869938997,0.522067085152142,0.508535935093276
"SRB","Serbia",0.309218051961086,0.309218051961086,0.25387554285086,0.198533033740635,0.212608214437554,0.226683395134474,0.33351723156346,0.440351067992446,0.427377727655136,0.440051782696396,0.4166668047577,0.442705904357094,0.479886987019131,0.505771454681441,0.51111532548933,0.509726988264112,0.514378500652714,0.529540824020174,0.545483727965084,0.580908076545853,0.599917988335943,0.579044532052598,0.570749974080914,0.570664075454477,0.560884330411831,0.537426836668976,0.541833513656206,0.54023130344078,0.565545839390426,0.519328109553692
"SYC","Seychelles",0.688503968340025,0.688503968340025,0.688199657731168,0.687895347122311,0.709309249680812,0.730723152239312,0.707634271494992,0.684545390750672,0.62980874704146,0.635616585708097,0.687208824550155,0.694260239011802,0.682728082737615,0.676624975422798,0.665336303659444,0.703971322791296,0.689346347656688,0.680421338076172,0.681754576979255,0.632182874123011,0.687448868793081,0.687061595493227,0.696233890089961,0.690208251844614,0.674378606562533,0.680723145034562,0.680507254714482,0.701217037100065,0.715553894300416,0.714771944820552
"SLE","Sierra Leone",0.180499221418741,0.180499221418741,0.156638000529261,0.132776779639781,0.144592244677906,0.15640770971603,0.264103324249825,0.371798938783621,0.367432644417583,0.47637060093303,0.471843406497805,0.506131421980524,0.521732028274607,0.499511247802822,0.500288009863014,0.506929275945006,0.502153391567403,0.503098438565065,0.531340048111877,0.525442636396536,0.545326898579389,0.501004882442623,0.52320811934927,0.512499357876697,0.520684259560324,0.483617534285422,0.507064995414537,0.501894795094401,0.44957642556957,0.468622054905523
"SGP","Singapore",0.760523869587405,0.760523869587405,0.745854360094679,0.731184850601953,0.739918826248315,0.748652801894676,0.752210146981934,0.755767492069192,0.708322162969562,0.736124805138543,0.754707259138198,0.770903572136438,0.755288916580744,0.781916518134751,0.771019514568472,0.764068498291718,0.751232624575703,0.776078365484408,0.771727957591115,0.741805515999479,0.750056953545144,0.780050055717931,0.799344356984389,0.783755350337071,0.776305387142534,0.781255806577835,0.780554874506592,0.759503478921388,0.766572851221273,0.771587428951263
"SVK","Slovakia",0.741918144246723,0.741918144246723,0.758581081855105,0.775244019463487,0.741724597656165,0.708205175848844,0.720104882421009,0.732004588993174,0.718811882044129,0.64533802631506,0.719626433015678,0.705693888347852,0.752685228166853,0.75215991186574,0.716969051205812,0.752615918476242,0.720863722666711,0.732564253937738,0.73665312942259,0.755428706733768,0.719777210411757,0.682171425775986,0.703569874146714,0.678119960953139,0.67119272034988,0.660785567705085,0.655208821380066,0.645071396546317,0.65518560407466,0.663965311868751
"SVN","Slovenia",0.78160042776039,0.78160042776039,0.783321768509524,0.785043109258658,0.76814502663704,0.751246944015422,0.769143415799137,0.787039887582852,0.756099432892549,0.720097407493357,0.751321080888227,0.752676942704878,0.764210972213947,0.769171676429222,0.759881422070583,0.743385031253843,0.750289847074148,0.726674425221292,0.709832260462071,0.739643947041344,0.735120607147126,0.733499466452272,0.720007204029069,0.726943198403024,0.720474251918247,0.684408050212493,0.682205198039472,0.689286458176105,0.704415225422564,0.679553381898629
"SLB","Solomon Islands",0.678363859737071,0.678363859737071,0.661003583426281,0.64364330711549,0.524499489651566,0.405355672187642,0.430412061961134,0.455468451734626,0.54905650922824,0.507310371172126,0.521160529528918,0.537584890862094,0.571992144949762,0.57187966079751,0.608578097287606,0.614047763022531,0.613175790197117,0.613083731509821,0.612802494111378,0.649727970271474,0.658137389962761,0.614653250174193,0.570531670169736,0.618445920393425,0.625275140379141,0.646393161885751,0.62996415348912,0.681462838658352,0.681531301790892,0.684776284961678
"SOM","Somalia",0.0462780155785418,0.0462780155785418,0.0768167604520923,0.107355505325643,0.113765805149134,0.120176104972624,0.132541094270329,0.144906083568034,0.0856924805397914,0.0737387923816691,0.0816657640316282,0.077647837317908,0,0.00705710621378663,0.0308675246130454,0.0223535099702568,0.00637287114961071,0.0271069335411568,0.0361187603536753,0.110756597407169,0.138751642412718,0.140801789919158,0.18536329193076,0.178392390545265,0.176769196496791,0.126288236236245,0.0801405365650765,0.172740210492522,0.158521727327176,0.142080380796951
"ZAF","South Africa",0.448748149550139,0.448748149550139,0.446454013200398,0.444159876850657,0.468212672030507,0.492265467210356,0.488699800637375,0.485134134064394,0.504074574057008,0.546879233916099,0.546859582961718,0.548024176689854,0.5833407061937,0.547335816906564,0.538287912310705,0.540295011438621,0.542024115305388,0.527715608794492,0.503183310514691,0.508147797223477,0.493780590015673,0.48883894236294,0.480747918565869,0.495778629171037,0.488776819409999,0.504862359384003,0.41032581462482,0.426450026092,0.434479323197355,0.438545611792388
"ESP","Spain",0.584202015989789,0.584202015989789,0.585835377741056,0.587468739492323,0.59701607732656,0.606563415160796,0.597731517962197,0.588899620763598,0.565510085820815,0.55638599099853,0.596846351439181,0.572867756173696,0.556721372089795,0.552917588544391,0.547282988080534,0.553540168964345,0.586207241882823,0.575773197510356,0.567355546392715,0.636632311298784,0.628115738969907,0.626431034372203,0.600248254055031,0.609980934071282,0.597803502416077,0.602962967659392,0.61873005770356,0.577977508645159,0.576441329959301,0.549164238245793
"LKA","Sri Lanka",0.209000688269724,0.209000688269724,0.229398973308781,0.249797258347837,0.222529568832484,0.195261879317131,0.278057528195968,0.360853177074804,0.355293776184311,0.340717613227863,0.335920204660997,0.287540941889876,0.244938357243616,0.250755886298389,0.348017339382537,0.409386333296181,0.411475404462031,0.37666861098841,0.395060751528866,0.449989780062772,0.533745587901439,0.52383203264789,0.517440050900115,0.502921724070629,0.518398858969405,0.528914965439177,0.457673645451249,0.41243107846527,0.429021257109197,0.486607127096753
"SDN","Sudan",0.0777102124370836,0.0777102124370836,0.0938940522126759,0.110077891988268,0.10650514674886,0.102932401509453,0.126373144209618,0.149813886909784,0.151924680395509,0.246739598665191,0.169650759852513,0.142673529815019,0.124216618576164,0.115635581750744,0.110332814039002,0.111917282558677,0.127528533870212,0.132621391203995,0.143136002688236,0.149180211175532,0.182880517226088,0.160240618461465,0.198951377522896,0.240538326637839,0.251546823703309,0.29967323578919,0.228614790356558,0.202844914235742,0.178583730681275,0.1850819284492
"SUR","Suriname",0.612048967368465,0.612048967368465,0.618460194803459,0.624871422238454,0.603252400460441,0.581633378682429,0.605758014221167,0.629882649759905,0.627581326672494,0.58432139868973,0.616139950242559,0.556370500787011,0.563524961179008,0.585946087723734,0.595427880348995,0.573260613154446,0.564086355263462,0.561500246438458,0.559963923657609,0.590156885582741,0.603398620852433,0.581390740729667,0.579737106614371,0.576666586453789,0.573506349149512,0.633078118289451,0.614688175197607,0.594131133502352,0.603821953923753,0.635840923597017
"SWZ","Swaziland",0.502500696519162,0.502500696519162,0.512025357404209,0.521550018289257,0.509525453407497,0.497500888525737,0.507344935958062,0.517188983390387,0.506111212658053,0.497430029813974,0.463424728703355,0.506194715705266,0.531847658740986,0.518640272114745,0.558879464756274,0.549406930234177,0.452470609485067,0.454999026278099,0.451114261347823,0.478086339989393,0.469324067689198,0.468936794389345,0.481198107341114,0.451212137870376,0.492377915338861,0.514604711776516,0.472496390960835,0.477505258926811,0.418903681360441,0.417715221899441
"SWE","Sweden",0.829303524786824,0.829303524786824,0.82724605545366,0.825188586120497,0.820504337151154,0.815820088181812,0.807715429396228,0.799610770610645,0.792756478096517,0.76454503843842,0.779673643578014,0.769914468095316,0.781569699503586,0.761081859427699,0.760280997480283,0.745414339022228,0.758167772391587,0.757711747769211,0.738816517579985,0.733113255852976,0.717008046912718,0.715187478750492,0.70584671909755,0.717026076798451,0.719504546665271,0.721859563148657,0.720303355259067,0.719357948023928,0.689980167485931,0.658406883619447
"CHE","Switzerland",0.822940380049098,0.822940380049098,0.825286669779599,0.8276329595101,0.831533908109039,0.835434856707978,0.825752979181948,0.816071101655918,0.774289192018319,0.743462698453926,0.76923709555508,0.764108124414209,0.766795495994051,0.766706715467798,0.786439065506519,0.785797104310292,0.793085951293155,0.798439908750406,0.791562236824008,0.805904947883363,0.779389290125394,0.767014502368309,0.759389553819227,0.775800406247008,0.765869361463942,0.750111925784163,0.734421170061412,0.734405049434308,0.728159702351623,0.72633980062873
"SYR","Syrian Arab Republic",0.473018663255266,0.473018663255266,0.484040471095518,0.495062278935769,0.486219259405062,0.477376239874355,0.519816438471835,0.562256637069315,0.54472926460473,0.481519259052029,0.466134471030531,0.453785188086831,0.448266854268738,0.442563772660468,0.454869502893175,0.348421561855693,0.165372957822748,0.107433352644464,0.105532001227978,0.126474857261303,0.110535195453688,0.0821987173672578,0.109244482584788,0.113120926029341,0.107924788610847,0.125762055365186,0.122006939902951,0.110529089428449,0.110591284428886,0.123169084016241
"TJK","Tajikistan",0.117354959205627,0.117354959205627,0.127605120357863,0.137855281510098,0.176461310530974,0.215067339551849,0.28583137190031,0.356595404248771,0.342852506600811,0.341346966112389,0.332325286804869,0.329552412859815,0.440534410856462,0.422534046584326,0.409097440851348,0.392973337455411,0.369704842304964,0.356882783696199,0.359892964079352,0.438886666623919,0.415586326480488,0.415317517275008,0.432023025947257,0.428569861538403,0.473392895958445,0.490463397242584,0.477930969565481,0.472574544481511,0.497896447287567,0.500053026956642
"TZA","Tanzania, United Republic of",0.37354466760996,0.37354466760996,0.383794432500971,0.394044197391982,0.380677036438669,0.367309875485357,0.402892584461099,0.438475293436841,0.365815574406222,0.428914212542849,0.446127079677974,0.480555749883661,0.486614890214387,0.505464676445865,0.553143007145743,0.53931930823165,0.521046082082415,0.527260322658945,0.473630094325301,0.458402459903227,0.463825510908603,0.452876182848762,0.426532592521773,0.430074033124413,0.450238866266376,0.430295615196632,0.446116830921748,0.462960616749616,0.507066940696914,0.47952959541801
"THA","Thailand",0.632637998151694,0.632637998151694,0.635733446745698,0.638828895339701,0.646132034744472,0.653435174149243,0.627162127326224,0.600889080503206,0.519983039299099,0.441765900684113,0.401699658055382,0.360613114820004,0.363656689217293,0.339915868698627,0.349285915658464,0.327581517598357,0.344606124627902,0.329725705098218,0.30513634520203,0.344939740555528,0.341481568845741,0.346820216210211,0.372341564495513,0.373210385243002,0.443697620119926,0.417615129916404,0.424273020957968,0.447547081777438,0.470472973075203,0.42662241773671
"TLS","Timor-Leste",0.592732367402168,0.592732367402168,0.592732367402168,0.592732367402168,0.592732367402168,0.592732367402168,0.496802892389933,0.400873417377697,0.45702878434333,0.4581261037226,0.404909355965277,0.342062956110179,0.354553614251802,0.408535650505669,0.433052260443339,0.443131200722665,0.443135019239923,0.47394416736979,0.454364251819542,0.484838577226233,0.472745675295051,0.528701308591455,0.562368742972217,0.594502952614434,0.597912492264801,0.597852584772344,0.597617583854099,0.626057612203347,0.628206176588555,0.644447555295192
"TGO","Togo",0.47647854609307,0.47647854609307,0.460375876827026,0.444273207560981,0.457856429947175,0.47143965233337,0.489178844434544,0.506918036535717,0.453197136429065,0.42770979456161,0.215556524034,0.381261927012573,0.448660035463218,0.486262704044811,0.474319570844771,0.481384242045578,0.480355403810722,0.432425032959928,0.458576058343485,0.495643089820244,0.475651476869188,0.499234063075997,0.399145790484586,0.392489610571039,0.396518794705921,0.404256173371635,0.42934188647577,0.412741693229978,0.38424543181054,0.403906652959391
"TON","Tonga",0.634729266766155,0.634729266766155,0.634729266766155,0.634729266766155,0.634729266766155,0.634729266766155,0.634729266766155,0.634729266766155,0.634729266766155,0.657645053402684,0.657706690035032,0.636116018946474,0.609703064893251,0.609611852764027,0.632724725324327,0.685984071163329,0.71218486335436,0.712084303062602,0.711777056518306,0.718872473987792,0.718636806630214,0.718050015803618,0.693985521911697,0.703926563284755,0.73167662879394,0.750656784968414,0.749976458480866,0.796011818094772,0.771332488888655,0.77571272444506
"TTO","Trinidad and Tobago",0.577601420718972,0.577601420718972,0.586725965838104,0.595850510957235,0.568091853784219,0.540333196611203,0.523539753970772,0.506746311330341,0.495814328705026,0.538748908210266,0.538789705104558,0.515573984744519,0.536688439900105,0.554638983329146,0.555797993376386,0.557134168214907,0.575090241289224,0.573587510653123,0.563054166820068,0.581047362366409,0.562651817581794,0.557647218429922,0.563187148484773,0.570525708239489,0.567475019152025,0.560420398576831,0.577836367601596,0.612717388007392,0.610894334206573,0.614548349020835
"TUN","Tunisia",0.574585872797409,0.574585872797409,0.576656499804427,0.578727126811445,0.585200441175634,0.591673755539822,0.577040954246022,0.562408152952222,0.597137981688841,0.543433076126176,0.533478363740859,0.545487690577333,0.551419360876755,0.52951238327135,0.527988182481608,0.503655437752297,0.481601321149333,0.428364364069539,0.389039057883894,0.441390425161637,0.427005188068099,0.400639497171884,0.415822227992426,0.448831652597352,0.448592004615651,0.471780310903675,0.429582939383632,0.416494124923008,0.409924167849627,0.383126191980782
"TUR","Turkey",0.377828251451235,0.377828251451235,0.374417216815338,0.371006182179441,0.412876097832718,0.454746013485994,0.457486646176839,0.460227278867684,0.437224837106016,0.427585926905078,0.48237983036129,0.48867919505368,0.444634525750603,0.440819322677173,0.450224835016639,0.450873604701186,0.424229504270723,0.38405030918102,0.363788518122071,0.405642853504459,0.349888628981552,0.229061250673914,0.242378833944428,0.34722959007929,0.334919825186839,0.362450794262397,0.374608701046339,0.381286080935419,0.390392271955087,0.374860002710427
"TKM","Turkmenistan",0.622006993938572,0.622006993938572,0.609458895931211,0.596910797923851,0.58658787780716,0.576264957690469,0.569846660594984,0.5634283634995,0.543770582618556,0.501464959736617,0.550144228278743,0.496958298837593,0.576260742911985,0.607130699128002,0.607902147685406,0.604180948581648,0.591621881343106,0.591509072977124,0.591910539633579,0.55236316505512,0.52693772999812,0.50011023266802,0.508470606026787,0.525984253443492,0.510260337860966,0.526826218487056,0.509251546841715,0.587651325857637,0.587027268464026,0.593938370428307
"TUV","Tuvalu",0.721070895239844,0.721070895239844,0.721070895239844,0.721070895239844,0.721070895239844,0.721070895239844,0.721070895239844,0.721070895239844,0.721070895239844,0.71653049810108,0.788273412752248,0.788897668276472,0.789928577876822,0.789801612177987,0.830123155106802,0.829075692594375,0.828123080609692,0.828022520317934,0.827715273773638,0.828776605428937,0.789093763547181,0.788276762960786,0.754772065860345,0.789080993128614,0.755687519349255,0.772125119409718,0.781183182702434,0.81511193334915,0.815185475830119,0.814255324652138
"UGA","Uganda",0.245409457804412,0.245409457804412,0.257805355477659,0.270201253150907,0.263819610218727,0.257437967286546,0.255705945496214,0.253973923705881,0.244044806193318,0.341351991425195,0.314356947644454,0.37111944084227,0.418464768018232,0.430828532508514,0.426230911646499,0.414403810937862,0.391745774216262,0.39472601886506,0.388931545008827,0.373831290558687,0.407151510047059,0.403001069977355,0.426228678174141,0.416491621272542,0.410174550908148,0.397896468901815,0.379665534632403,0.353002539746262,0.364209833863519,0.365581311974805
"UKR","Ukraine",0.511489306026276,0.511489306026276,0.505792618633226,0.500095931240176,0.479937726467793,0.45977952169541,0.483062435350882,0.506345349006353,0.482793491056348,0.449250248545847,0.47940648426018,0.516399000614781,0.557823734793746,0.54365602710081,0.508581541157888,0.5406048877165,0.51915126897614,0.505429805458073,0.376565601081808,0.190755902869313,0.224328991054799,0.255940406058243,0.263313638670139,0.289223503074591,0.363816310443436,0.376802925531781,0.371284177440589,0.360442218160825,0.451362284850869,0.47183512103583
"ARE","United Arab Emirates",0.739470024387357,0.739470024387357,0.732043422593216,0.724616820799074,0.726512705611844,0.728408590424614,0.736091663290641,0.743774736156668,0.721030026298056,0.653916955751238,0.693540070259277,0.71356592378254,0.733400689336027,0.68085726144732,0.745226204999765,0.696229134955262,0.69638252407305,0.694334952264572,0.689094109375159,0.711537084322876,0.700687848246072,0.674452833494708,0.679260238651565,0.699861139259667,0.699121121422148,0.698650903443171,0.700927424180278,0.708786905338885,0.690727534167984,0.691757471127146
"GBR","United Kingdom",0.739132337776238,0.739132337776238,0.742433968290312,0.745735598804386,0.746562325802665,0.747389052800944,0.697966902533356,0.648544752265768,0.625282651330541,0.612462556016027,0.621004921348271,0.668592346120779,0.675046612928361,0.666146279615033,0.638472278249157,0.656648384374541,0.627478280742144,0.634073328355812,0.632556818636209,0.647620094709315,0.646447089436086,0.630731045042437,0.629074727157936,0.600603430195667,0.652037560808987,0.641603570472141,0.628300810973813,0.615931228648274,0.616048576006469,0.596121283456966
"USA","United States",0.720449647698554,0.720449647698554,0.720297609471306,0.720145571244058,0.725385225349796,0.730624879455534,0.67434153812613,0.618058196796725,0.597194647044003,0.564072828346194,0.585609211646939,0.625249365387648,0.632478593068037,0.663173635977003,0.665193739677845,0.660719536175516,0.66219512291771,0.661511572304741,0.654086051223032,0.670044607486326,0.669640511096287,0.608766825701907,0.569539522121931,0.602026944610534,0.559544391091673,0.523260461854706,0.526936144953221,0.520414279583044,0.514915668766827,0.532571609987022
"URY","Uruguay",0.664636686454992,0.664636686454992,0.681529563645064,0.698422440835137,0.698314666787899,0.69820689274066,0.69409961812666,0.68999234351266,0.672442294098885,0.641842984299482,0.698086609447026,0.734635313229729,0.741384812661742,0.740067226077043,0.73493166259034,0.709896508816128,0.717028166175819,0.709099213219736,0.715623240014776,0.748144704944973,0.745751845514607,0.75174335125899,0.750175003366419,0.750179848560487,0.757805391501407,0.757059591852379,0.756854058359768,0.784499132656226,0.762436352341936,0.779883662027216
"UZB","Uzbekistan",0.44057187555409,0.44057187555409,0.415521240574296,0.390470605594502,0.361817721925919,0.333164838257335,0.353918677686379,0.374672517115423,0.308378014188025,0.318140197653658,0.223763868512456,0.265481962080971,0.346502378684086,0.370477119408565,0.394272786083133,0.432593732170496,0.439541812511811,0.448612808329959,0.448401565073334,0.502784365520576,0.494704653180288,0.5122304225881,0.511179519807766,0.51152722102075,0.510660741816863,0.484607196694634,0.509852422953669,0.507816108566354,0.504587300058294,0.544887949213432
"VUT","Vanuatu",0.714589394478986,0.714589394478986,0.713744511511857,0.712899628544728,0.712600181141813,0.712300733738898,0.712965542997117,0.713630352255335,0.664605165675737,0.62290031083451,0.777221453035156,0.777774525633886,0.758298880821411,0.745019158509749,0.785913046742326,0.792519423824651,0.791647450999238,0.811874190951656,0.811592935541339,0.761413746215435,0.673072151315879,0.673393429109912,0.703254450211686,0.733650676133323,0.734893045132785,0.71965318064836,0.722369209119513,0.725935488096205,0.723507361416823,0.722656048210726
"VEN","Venezuela, Bolivarian Republic o",0.449878160480465,0.449878160480465,0.454646750049154,0.459415339617844,0.437520727163844,0.415626114709844,0.3616059923487,0.307585869987557,0.332975047142477,0.32037880339629,0.337512904607027,0.322234494712542,0.329960615957094,0.317948605351414,0.321331181226613,0.304520519234772,0.322750102613645,0.330282344047973,0.311219693491222,0.33821677261371,0.334862979712938,0.330858075584019,0.3011276585796,0.285829219481383,0.27735349808242,0.292906589053262,0.317438563119334,0.346743251473209,0.350925050215303,0.236220141986881
"VNM","Viet Nam",0.629438332855538,0.629438332855538,0.613223143413494,0.597007953971449,0.599695334557228,0.602382715143007,0.610745781276917,0.619108847410826,0.574075722494085,0.548570116586537,0.611645699524623,0.603767215839094,0.577274613279665,0.558492083385178,0.584324118482683,0.571293608457742,0.572314179242497,0.568717244056496,0.570492620427208,0.547416690220194,0.561983396942866,0.582574300960977,0.576724188426391,0.539930036838605,0.566215448813028,0.573160845385138,0.57394432587428,0.571820725946241,0.566049199217305,0.550725075186965
"YEM","Yemen",0.213115536876682,0.213115536876682,0.229844478996822,0.246573421116962,0.249004447708036,0.251435474299109,0.246847859033023,0.242260243766937,0.251635460134572,0.255817781221008,0.272384868642646,0.305686085604096,0.260144863737653,0.171383664224665,0.173709159246795,0.114895689996342,0.104540375524515,0.123226001537638,0.11385170377557,0.0953579042190509,0.094877023210749,0.0740989578113643,0.057888469468397,0.0590070248469478,0.0782926263783318,0.0712431211753137,0.0692055639687017,0.0791505679540089,0.0766323278697078,0.0542750173940666
"ZMB","Zambia",0.528326751674546,0.528326751674546,0.54200650869869,0.555686265722835,0.555279134332051,0.554872002941267,0.518912845801861,0.482953688662455,0.528930545710065,0.521388505816358,0.541994575832259,0.597190486301141,0.600890539464988,0.594363792876996,0.61876314551584,0.617078044656911,0.62052283354442,0.631998756748419,0.605989070539037,0.539246468213762,0.564522386705854,0.512372446213483,0.511679727556719,0.49716903776175,0.483227595228237,0.483431003319732,0.52119446389927,0.557922439862496,0.547695478003792,0.531549904454214
"ZWE","Zimbabwe",0.441228012095045,0.441228012095045,0.420139557079376,0.399051102063707,0.352669806400455,0.306288510737202,0.283196009606237,0.260103508475271,0.287503981524717,0.27177731012549,0.270163914536396,0.31536613492493,0.294386444609561,0.254732872022826,0.268110254714554,0.286611024866256,0.32416623216023,0.319894824345685,0.36867816549497,0.373807857110796,0.395428067672483,0.385578868844235,0.39932608934192,0.401196694489728,0.372361485628002,0.361305869500516,0.366266681787034,0.400907045546193,0.36990610698347,0.366479492076685
