"ISO3","Name","1995","1996","1997","1998","1999","2000","2001","2002","2003","2004","2005","2006","2007","2008","2009","2010","2011","2012","2013","2014","2015","2016","2017","2018","2019","2020","2021","2022","2023","2024"
"AFG","Afghanistan","0.997234180033297","0.997234133555698","0.997234426688459","0.996720306182642","0.997234180033297","0.997234411332475","0.989861794007211","0.986441858651768","0.98887915504448","0.987883503557689","0.988860361560047","0.988554108221215","0.990625706872752","0.992142094604939","0.992243250700692","0.992929474752845","0.987482571338881","0.990656357580088","0.981006331846686","0.959862053239722","0.949740248470464","0.947510020300967","0.92357795648213","0.93532954337525","0.967968074855779","0.976931876537028","0.982164334934695","0.986067234231315","0.981049220849946","0.981049220849946"
"ALB","Albania","0.922996144759358","0.950089578585449","0.957055653648851","0.923733770224302","0.945867264099504","0.92295975844779","0.925214387672658","0.925714253970589","0.936225533156087","0.923528353280021","0.913550213032658","0.920885925871425","0.923154256356552","0.924632301529605","0.923749688996506","0.912275726066233","0.912717032332781","0.92683883286235","0.921101851397212","0.920660545130664","0.915806176198624","0.91315833859933","0.910951807266586","0.921543157663761","0.902566988202155","0.924190995263055","0.92198446393031","0.93081058926129","0.930369282994741","0.930369282994741"
"DZA","Algeria","0.974872295804581","0.980622044236014","0.974985139686943","0.976750364753139","0.972778608354198","0.971013383288002","0.969248158221806","0.97002583843625","0.97581585387629","0.964835095556316","0.982894025777616","0.966352648738225","0.962722642380513","0.967797360838314","0.964273422430411","0.96478105805429","0.945797052737719","0.937562364111882","0.936835001628032","0.931876722445377","0.945998522974945","0.94776374804114","0.937613703910514","0.938055010177063","0.938055010177063","0.937613703910514","0.937613703910514","0.938055010177063","0.938055010177063","0.938055010177063"
"AND","Andorra","0.48469387755102","0.48469387755102","0.48469387755102","0.48469387755102","0.48469387755102","0.48469387755102","0.48469387755102","0.48469387755102","0.48469387755102","0.48469387755102","0.48469387755102","0.48469387755102","0.48469387755102","0.48469387755102","0.48469387755102","0.48469387755102","0.48469387755102","0.48469387755102","0.48469387755102","0.48469387755102","0.48469387755102","0.48469387755102","0.48469387755102","0.489795918367347","0.494897959183674","0.494897959183674","0.494897959183674","0.494897959183674","0.494897959183674","0.494897959183674"
"AGO","Angola","0.992443623862608","0.996856686528099","0.996856686528099","0.996470685498762","0.996470685498762","0.99767157759003","0.996813797524839","0.995956017459648","0.997371354567213","0.994456652917125","0.995055348391197","0.994456652917125","0.994456652917125","0.994456652917125","0.994456652917125","0.994456652917125","0.994456652917125","0.994456652917125","0.994456652917125","0.994456652917125","0.994456652917125","0.994456652917125","0.994456652917125","0.994456652917125","0.994456652917125","0.994456652917125","0.994456652917125","0.994456652917125","0.994456652917125","0.994456652917125"
"ATG","Antigua and Barbuda","0.971014036082781","0.971014036082781","0.971014036082781","0.971014036082781","0.971014036082781","0.971014036082781","0.965911995266455","0.965911995266455","0.946183053767055","0.969387755102041","0.954805493993789","0.96166773451532","0.962570154155332","0.956565693698993","0.944556772786315","0.955752553208623","0.955752553208623","0.93628094572878","0.926289558540863","0.93641136331012","0.947476726151088","0.901628381666614","0.94636161206634","0.94636161206634","0.930921570892897","0.952108738503121","0.95017873335644","0.940528707623039","0.954081632653061","0.954081632653061"
"ARG","Argentina","0.930487199430164","0.930897771607347","0.931306522970573","0.931707929841131","0.932108985775459","0.932508272175857","0.932901817825967","0.933287587003883","0.933287587003883","0.928185546187557","0.928185546187557","0.928185546187557","0.92308350537123","0.92308350537123","0.92308350537123","0.917981464554903","0.917981464554903","0.917981464554903","0.917981464554903","0.917981464554903","0.917981464554903","0.917981464554903","0.917981464554903","0.917981464554903","0.917981464554903","0.917981464554903","0.917981464554903","0.917981464554903","0.917981464554903","0.917981464554903"
"ARM","Armenia","0.937019751048452","0.929544648247335","0.927589810632748","0.9119104919751","0.940578402687842","0.932318881594099","0.949449650430018","0.860415829623732","0.900463632775042","0.869923255560769","0.893517847654929","0.847180226929837","0.844672933395917","0.846263201687367","0.848028426753563","0.84096752648878","0.836995770089838","0.833465319957446","0.829934869825054","0.826404419692663","0.822432663293722","0.81890221316133","0.814930456762389","0.811400006629998","0.819343519427879","0.809193475297252","0.785362936903607","0.787128161969803","0.778984865367899","0.778984865367899"
"AUS","Australia","0.918497937568673","0.913643568636634","0.913643568636634","0.908789199704595","0.91982185636832","0.922469693967614","0.926000144100006","0.935708881964083","0.923793612767261","0.923352306500711","0.92820667543275","0.920263162634869","0.923793612767261","0.907023974638399","0.923793612767261","0.913202262370085","0.91938055010177","0.917615325035575","0.921587081434516","0.916732712502477","0.913202262370085","0.892460867842283","0.899963074373616","0.87171947331448","0.8412693409226","0.812584433596917","0.787429976403624","0.759186375344489","0.72829493668606","0.72829493668606"
"AUT","Austria","0.84325972224724","0.837964047048652","0.83399229064971","0.844142334780338","0.841494497181043","0.837081434515554","0.848996703712376","0.845659887962245","0.830849109281842","0.82795359979826","0.824864455932417","0.824423149665868","0.820892699533476","0.797944773672929","0.820010087000378","0.81471441180179","0.821775312066574","0.818244861934182","0.83236666246375","0.828642577949096","0.820505430768953","0.802411873840445","0.792703135976367","0.76641839436569","0.776568438496317","0.757150962768161","0.755192103319704","0.745924671722175","0.771520435182016","0.771520435182016"
"AZE","Azerbaijan","0.928493359086167","0.96212787449065","0.95530852297238","0.969847895077372","0.968218112953508","0.992536177801681","0.976324134569566","0.96418654664711","0.970748564145823","0.956080525031052","0.96237781657262","0.956057281737098","0.962299430503688","0.946465162471931","0.954051190012745","0.96690547475666","0.944614473664486","0.942073012786834","0.942514319053382","0.941631706520284","0.942073012786834","0.942073012786834","0.942514319053382","0.942514319053382","0.942514319053382","0.942514319053382","0.942514319053382","0.959956320597457","0.942514319053382","0.942514319053382"
"BHS","Bahamas","0.941286705109218","0.92762342150691","0.941286705109218","0.941286705109218","0.941286705109218","0.947248276562298","0.92762342150691","0.92762342150691","0.92762342150691","0.92762342150691","0.92762342150691","0.92762342150691","0.92762342150691","0.92762342150691","0.92762342150691","0.92762342150691","0.92762342150691","0.92762342150691","0.92762342150691","0.92762342150691","0.92762342150691","0.92762342150691","0.92762342150691","0.92762342150691","0.92762342150691","0.92762342150691","0.92762342150691","0.92762342150691","0.92762342150691","0.92762342150691"
"BHR","Bahrain","0.879398244418144","0.885725970631335","0.908086656332811","0.897349372043114","0.88351943929859","0.904257329237409","0.894840459158375","0.960007852715102","0.920862215560226","0.865909992284458","0.867974094313665","0.875800243791869","0.846308284917841","0.893969361705132","0.87322796717733","0.895734586771328","0.900147649436818","0.891321524105838","0.88205409250831","0.872345354644232","0.862195310513605","0.85160396011643","0.870248563135361","0.855666302027109","0.827445337882316","0.823242215562878","0.823242215562878","0.918970470838226","0.918970470838226","0.918970470838226"
"BGD","Bangladesh","0.99089339633053","0.989639174155407","0.989249703727886","0.989303286362562","0.987154129818641","0.98365773015476","0.982821958804516","0.978456125477857","0.971885405123696","0.964506064451622","0.958186759958671","0.950808252413656","0.942864739615774","0.935362533084441","0.928301632819657","0.930949470418951","0.921682038821423","0.929625551619304","0.919034201222128","0.915945057356286","0.929625551619304","0.924771182687266","0.920799426288325","0.920358120021775","0.921240732554873","0.920799426288325","0.920799426288325","0.920799426288325","0.920799426288325","0.920799426288325"
"BRB","Barbados","0","0","0.062665489849956","0.119589380001414","0.0757511405143682","0.0872251034446417","0.0986990663749152","0.397929963961124","0.385668251553505","0.06090026478376","0.196716224096064","0.219776993838974","0.255361352533677","0.14682624404229","0.497087219652415","0.46858518679694","0.312597844087533","0.115637951400135","0.0740040098378969","0.281757205996072","0.348065800588923","0.356790249077224","0.240318441574881","0.43044770214121","0.497571301359109","0.505808299101625","0.564868765706726","0.523823989587322","0.547155607360525","0.547155607360525"
"BLR","Belarus","0.954824648305925","0.954824648305925","0.954824648305925","0.956148567105572","0.95658987337212","0.95658987337212","0.954824648305925","0.95703117963867","0.954383342039375","0.951294198173533","0.946246194859232","0.944039663526487","0.94649386674352","0.954243745159141","0.95468505142569","0.963317542374408","0.965965379973702","0.97081974890574","0.972584973971937","0.97523281157123","0.978763261703622","0.981411099302916","0.984500243168759","0.983617630635661","0.95802186717582","0.959593457859754","0.963123907992147","0.962241295459048","0.959180594124083","0.959180594124083"
"BEL","Belgium","0.50326026262226","0.510321162887044","0.536799538879983","0.499288506223319","0.512527694219788","0.488749281511165","0.519394960102311","0.483699499224087","0.50974025974026","0.495793230403228","0.49474425658266","0.537736188915107","0.619625520110957","0.631982095574329","0.682732316227462","0.724656411549615","0.63595385197327","0.617418988778213","0.630658176774682","0.586968856386332","0.62334960462561","0.626880054758002","0.637030098888628","0.637912711421726","0.661301943548823","0.677188969144586","0.667921537547058","0.701019507538232","0.719995676999837","0.719995676999837"
"BLZ","Belize","0.936826248770223","0.950679396823063","0.937984251858232","0.910063510736256","0.896467696702973","0.871849408831983","0.91259396192857","0.494897959183674","0.494897959183674","0.880729183078275","0.817039013237822","0.86949226422427","0.880729183078275","0.91967239803796","0.750518169182238","0.898399452421216","0.761283309000389","0.752105062302842","0.574085415278203","0.636750905128159","0.597474647405299","0.526865644757462","0.54937226435146","0.489795918367347","0.611596447934867","0.536574382621539","0.614244285534161","0.770289999684897","0.489795918367347","0.489795918367347"
"BEN","Benin","0.994540268123543","0.994566420384706","0.994586950879012","0.994602912332311","0.994602912332311","0.994602912332311","0.994602912332311","0.994602912332311","0.997774948001957","0.99949050813234","0.999104507103004","0.999704953148637","0.998847173083446","0.999190285109522","0.991899154555397","0.989500871515985","0.993914937708597","0.987781810242478","0.993400269669481","0.984398830699658","0.99949050813234","0.981434237760063","0.999662064145378","0.979296789883332","0.984398830699658","0.989500871515985","0.989500871515985","0.989500871515985","0.989500871515985","0.989500871515985"
"BTN","Bhutan","0.994599346605344","0.994614836610296","0.997071131544397","0.996580183360727","0.996499375618127","0.994606833442685","0.99525304358585","0.99525304358585","0.994259047407446","0.995064814993198","0.996487601236184","0.995200618342284","0.993840601496317","0.992226955653305","0.992226955653305","0.991785649386756","0.990903036853658","0.991344343120207","0.992226955653305","0.993109568186403","0.99002042432056","0.986931280454717","0.960551174410994","0.948515119639111","0.960036506371879","0.948515119639111","0.96681296888689","0.968614307023792","0.970244089147656","0.970244089147656"
"BOL","Bolivia, Plurinational State of","0.986945721445469","0.985411523405961","0.984996819823082","0.990338247990997","0.99118569002564","0.988013202979444","0.985268306770831","0.984710749728458","0.985010972751274","0.985053861754534","0.981969354662968","0.983166745611113","0.980293182392722","0.979092290301455","0.979092290301455","0.976867313846642","0.976867313846642","0.976867313846642","0.976867313846642","0.97261605080926","0.973173607851634","0.975360947017873","0.974417388946162","0.976990729141735","0.980807850431837","0.97467472296572","0.971972715760366","0.97956406933731","0.977676953193889","0.977676953193889"
"BIH","Bosnia and Herzegovina","0.972895900511517","0.982288592225361","0.982202814218843","0.90487148080768","0.903106255741485","0.907078012140425","0.922844433707605","0.921900875635895","0.953381404028416","0.910167156006269","0.908843237206622","0.910167156006269","0.913880632026356","0.906636705873876","0.90972584973972","0.90972584973972","0.903988868274582","0.904430174541132","0.90531278707423","0.904430174541132","0.90531278707423","0.902223643208387","0.903988868274582","0.899134499342544","0.896045355476701","0.88766053641227","0.887219230145721","0.862142213957461","0.862142213957461","0.862142213957461"
"BWA","Botswana","0.97793468667255","0.977493380406002","0.971756398940865","0.956751985878199","0.947484554280671","0.968387535341629","0.934820403040393","0.947337481172935","0.937544090186621","0.944092179748242","0.950017309162039","0.942300576777849","0.935842776373054","0.950244233361807","0.950244233361807","0.950244233361807","0.950244233361807","0.950244233361807","0.950244233361807","0.950244233361807","0.950244233361807","0.950244233361807","0.950244233361807","0.950244233361807","0.950244233361807","0.950244233361807","0.950244233361807","0.950244233361807","0.950244233361807","0.950244233361807"
"BRA","Brazil","0.897914917902946","0.897746063069947","0.898907382364365","0.900038445535662","0.901140419871075","0.902214413230211","0.903261388489042","0.904282526040206","0.90527868651283","0.906250775292217","0.902097613592374","0.903029534651315","0.903029534651315","0.903029534651315","0.897927493834989","0.897927493834989","0.897927493834989","0.892825453018661","0.892825453018661","0.892825453018661","0.887723412202335","0.887723412202335","0.887723412202335","0.882621371386008","0.882621371386008","0.877519330569682","0.877519330569682","0.877519330569682","0.877519330569682","0.877519330569682"
"BRN","Brunei Darussalam","0.980746338679579","0.980746338679579","0.980746338679579","0.980746338679579","0.980746338679579","0.980746338679579","0.980746338679579","0.980746338679579","0.952611152541305","0.941674456710116","0.847318649539075","0.950724036397884","0.779168023359627","0.929751313803957","0.916026832760896","0.730746338679579","0.876997839794693","0.864131138816824","0.959773616085652","0.885575640446606","0.885575640446606","0.885575640446606","0.885575640446606","0.885575640446606","0.885575640446606","0.885575640446606","0.885575640446606","0.885575640446606","0.885575640446606","0.885575640446606"
"BGR","Bulgaria","0.923488404562316","0.927963886743407","0.930043736721995","0.917231346596515","0.918509484095563","0.92593109670952","0.928627914382941","0.928427770954531","0.929949014386622","0.931955719454965","0.92382682997925","0.921177297044149","0.917399175027469","0.914062359277338","0.915827584343535","0.918034115676279","0.924901381558801","0.927107912891546","0.929314444224292","0.92641893474071","0.910637047245155","0.883717364985666","0.888130427651157","0.867830339389903","0.847971557395199","0.87798038352053","0.874891239654687","0.875332545921236","0.887247815118059","0.887247815118059"
"BFA","Burkina Faso","0.992827058563736","0.992579386679449","0.992579386679449","0.992579386679449","0.992579386679449","0.992579386679449","0.996952314440363","0.996094534375171","0.992579386679449","0.992579386679449","0.992579386679449","0.987477345863123","0.987477345863123","0.987477345863123","0.989737914697894","0.990620527230991","0.990620527230991","0.989737914697894","0.987972689631698","0.987477345863123","0.987477345863123","0.987477345863123","0.987477345863123","0.987477345863123","0.987477345863123","0.987477345863123","0.987477345863123","0.987477345863123","0.987477345863123","0.987477345863123"
"BDI","Burundi","0.991886066820234","0.989679535487489","0.992768679353332","0.991923315522094","0.989226948618141","0.991580203496017","0.992989900302184","0.995281074010294","0.99027320560057","0.982342109036641","0.98633305760209","0.989061032906502","0.983746165541407","0.981821800696127","0.990917676280617","0.984997858199643","0.988903028758572","0.987046385384457","0.957939363958731","0.980980979389506","0.984197654633973","0.97530157442389","0.969897560013186","0.961191092351494","0.979804919766144","0.980148031792221","0.980448254815038","0.980705588834595","0.981005811857413","0.981005811857413"
"KHM","Cambodia","0.992975865177941","0.993909278278007","0.992934653229137","0.994720327610291","0.993007743273469","0.992330067065149","0.992285740637834","0.991516079647821","0.991497144428078","0.990887875889448","0.990102394156555","0.989129560870223","0.986669074828489","0.98607628680317","0.983869755470425","0.98122191787113","0.975926242672542","0.96842403614121","0.959156604543681","0.948123947879956","0.940621741348624","0.94680002908031","0.940180435082075","0.918371799889251","0.918371799889251","0.918371799889251","0.918371799889251","0.918371799889251","0.918371799889251","0.918371799889251"
"CMR","Cameroon","0.994456652917125","0.993574040384027","0.990926202784733","0.993132734117478","0.990926202784733","0.991367509051281","0.990484896518183","0.9824601482384","0.983275039300332","0.979452239854459","0.981345034153651","0.979801030036307","0.981645257176468","0.98138792315691","0.980776158654106","0.980701699104757","0.974439904628862","0.979329251000452","0.974354126622342","0.98048725408846","0.971309007390913","0.972895900511517","0.969250335234454","0.971780786426768","0.971823675430028","0.968006554139927","0.969936559286607","0.977485023860291","0.973067456524556","0.973067456524556"
"CAN","Canada","0.960476070392853","0.956945620260461","0.953856476394618","0.950767332528775","0.947236882396383","0.952091251328422","0.953415170128069","0.957828232793559","0.956063007727363","0.955180395194265","0.954739088927716","0.953856476394618","0.943706432263991","0.933556388133365","0.931791163067168","0.923847650269287","0.921641118936542","0.918017861065728","0.918017861065728","0.918017861065728","0.918017861065728","0.918017861065728","0.918017861065728","0.918017861065728","0.918017861065728","0.918017861065728","0.918017861065728","0.918017861065728","0.918017861065728","0.918017861065728"
"CPV","Cape Verde","0.995328875672684","0.995573934564053","0.994245555596712","0.989203859623642","0.985579745974237","0.98892286906436","0.991145689704233","0.9910656294891","0.990890259496203","0.99081718866274","0.99081718866274","0.99081718866274","0.99081718866274","0.991258494929289","0.991258494929289","0.991258494929289","0.991258494929289","0.991258494929289","0.991258494929289","0.991258494929289","0.991258494929289","0.991258494929289","0.991258494929289","0.991258494929289","0.991258494929289","0.991258494929289","0.991258494929289","0.991258494929289","0.991258494929289","0.991258494929289"
"CAF","Central African Republic","0.997137717384408","0.997137717384408","0.997579023650957","0.997805884901209","0.997805884901209","0.998688497434306","0.999129803700856","0.999558693733451","0.999117387466902","0.999074498463642","0.998602719427787","0.998915358684557","0.99834538540823","0.998731386437566","0.998247191167758","0.998645608431047","0.997775412131902","0.998602719427787","0.999301359713894","0.999558693733451","0.999086914697596","0.998645608431047","0.998945831453864","0.998247191167758","0.998774275440826","0.998731386437566","0.996083548838272","0.996426660864349","0.995458270324731","0.995458270324731"
"TCD","Chad","0.999117387466902","0.999117387466902","0.999558693733451","0.999558693733451","0.999558693733451","0.999558693733451","0.999558693733451","0.999558693733451","0.999558693733451","0.999558693733451","0.999558693733451","0.999558693733451","0.999558693733451","0.999558693733451","0.999558693733451","0.999558693733451","0.999558693733451","0.999558693733451","0.999558693733451","0.999558693733451","0.999558693733451","0.999558693733451","0.999558693733451","0.999558693733451","0.999558693733451","0.999558693733451","0.999558693733451","0.999558693733451","0.999558693733451","0.999558693733451"
"CHL","Chile","0.855949528973107","0.836973359511501","0.829471152980168","0.829029846713619","0.82858854044707","0.822851558981934","0.818438496316443","0.802992776987229","0.796373182988995","0.788429670191112","0.772983950861898","0.762833906731271","0.755773006466487","0.762833906731271","0.75489039393339","0.756655618999585","0.760186069131978","0.7504773312679","0.747442547645403","0.747442547645403","0.747442547645403","0.747442547645403","0.747442547645403","0.747442547645403","0.747442547645403","0.747442547645403","0.747442547645403","0.747442547645403","0.747442547645403","0.747442547645403"
"CHN","China","0.904177791128222","0.900631296982223","0.896392127195806","0.893405347998938","0.884719361773086","0.881683712384291","0.882566324917389","0.879918487318095","0.879477181051546","0.875946730919154","0.871974974520213","0.867561911854724","0.862707542922684","0.86050101158994","0.858735786523743","0.855205336391352","0.852557498792058","0.850350967459313","0.849909661192764","0.849468354926215","0.849909661192764","0.852116192525509","0.856529255190999","0.865355380521978","0.872416280786762","0.877270649718801","0.88212501865084","0.885214162516683","0.887420693849428","0.887420693849428"
"COL","Colombia","0.919710738203661","0.923650636339036","0.925135694634264","0.925135694634264","0.925135694634264","0.925135694634264","0.920033653817938","0.920033653817938","0.920033653817938","0.920033653817938","0.920033653817938","0.920033653817938","0.920033653817938","0.920033653817938","0.914931613001612","0.914931613001612","0.914931613001612","0.914931613001612","0.914931613001612","0.914931613001612","0.914931613001612","0.914931613001612","0.914931613001612","0.914931613001612","0.914931613001612","0.914931613001612","0.914931613001612","0.914931613001612","0.914931613001612","0.914931613001612"
"COM","Comoros","0.990909281880534","0.990952170883794","0.991037948890312","0.991037948890312","0.99132850977786","0.991812705047668","0.991855594050928","0.995967298062447","0.997450356641179","0.998731386437566","0.998602719427787","0.998148996927285","0.996867967130898","0.994554847157597","0.994597736160856","0.994683514167376","0.994769292173895","0.994683514167376","0.994769292173895","0.996426660864349","0.994855070180414","0.994168846128261","0.994812181177155","0.994640625164116","0.993482622076108","0.98932238875993","0.991981506962023","0.99129528290987","0.991037948890312","0.991037948890312"
"COG","Congo","0.991722422370904","0.983573511751587","0.983959512780923","0.984002401784183","0.98421684680048","0.984131068793961","0.978984388402814","0.984059587121862","0.98913478584091","0.994209984559959","0.999914221993481","0.999828443986962","0.999485331960885","0.99802710585006","0.99305198147195","0.999185108938069","0.9979842168468","0.99515354263167","0.995668210670784","0.99802710585006","0.995625321667524","0.997812660833762","0.997726882827243","0.996568879739235","0.994638874592555","0.979413278435409","0.986146851947161","0.9822868416538","0.990307085263338","0.990307085263338"
"COD","Congo, the Democratic Republic o","0.992149041141191","0.992706598183565","0.992329625421906","0.992393958926795","0.993208849988727","0.993208849988727","0.992651292946352","0.992715626451242","0.992779959956131","0.99290862696591","0.993165960985467","0.992436847930054","0.991664845871383","0.99089284381271","0.992804792424038","0.993172736918021","0.994257378233463","0.994870240513051","0.994153543691591","0.991837537515575","0.990979757450384","0.993124207613362","0.992364621788643","0.991421063716933","0.989846586830282","0.990875922908512","0.990875922908512","0.990765312434086","0.987395137711933","0.987395137711933"
"CRI","Costa Rica","0.767773835041519","0.653034205738783","0.52814453230542","0.39795918367347","0.39795918367347","0.39795918367347","0.432098830268083","0.417259235140273","0.39795918367347","0.39795918367347","0.39795918367347","0.39795918367347","0.39795918367347","0.39795918367347","0.53078642676834","0.411855220729568","0.392857142857143","0.387755102040816","0.372448979591837","0.362244897959184","0.35204081632653","0.341836734693877","0.341836734693877","0.341836734693877","0.341836734693877","0.341836734693877","0.341836734693877","0.341836734693877","0.341836734693877","0.341836734693877"
"CIV","Cote d'Ivoire","0.991833709918059","0.990981996312181","0.989492208047406","0.989354612100798","0.989354612100798","0.989354612100798","0.989354612100798","0.989354612100798","0.989354612100798","0.989354612100798","0.989908668000049","0.993254010254295","0.989354612100798","0.98978000099027","0.989354612100798","0.989354612100798","0.989354612100798","0.989795918367347","0.989795918367347","0.989795918367347","0.989795918367347","0.989795918367347","0.989795918367347","0.989795918367347","0.989354612100798","0.989354612100798","0.989795918367347","0.989795918367347","0.989795918367347","0.989795918367347"
"HRV","Croatia","0.981967605133961","0.98217979374592","0.982421757760102","0.984907651891668","0.985964568869636","0.983678850512041","0.983408520931676","0.969458812345751","0.969458812345751","0.969458812345751","0.969458812345751","0.964356771529425","0.964356771529425","0.959254730713098","0.959254730713098","0.959254730713098","0.959254730713098","0.954152689896771","0.954152689896771","0.954152689896771","0.954152689896771","0.949050649080445","0.949050649080445","0.943948608264119","0.938846567447791","0.933744526631465","0.938846567447791","0.938846567447791","0.938846567447791","0.938846567447791"
"CUB","Cuba","0.870558455328489","0.864016599352913","0.869426205582762","0.86733148843558","0.884417429545822","0.87776399373919","0.880737730672588","0.902752497366471","0.94623630637027","0.925514141863347","0.931467801752718","0.912963449181339","0.922466751369609","0.923115726719902","0.94293608652722","0.892504258995372","0.89066567215661","0.88081248200971","0.868636123915904","0.866870898849707","0.874047300097498","0.894641933225796","0.898044851979565","0.922225240477468","0.927520915676056","0.935464428473938","0.939877491139427","0.972106324753867","0.983943689653507","0.983943689653507"
"CYP","Cyprus","0.371756628539218","0.349540124850763","0.438234583591542","0.440893701793636","0.439092363656734","0.530972494911468","0.511106501272665","0.483745067764625","0.514977394311652","0.568535037325168","0.632852794795842","0.573906231995514","0.650474572688495","0.63582905692495","0.530957107495597","0.53259812309743","0.501662167697753","0.455854961644977","0.506035095458667","0.535928730730584","0.517913598790005","0.474424149484807","0.505475787844732","0.536055647168801","0.507748905017488","0.514696923545538","0.570790488094363","0.601113013398875","0.519273375722752","0.519273375722752"
"CZE","Czech Republic","0.92550480033143","0.926387412864528","0.920209125132842","0.917119981267","0.918443900066646","0.914030837401157","0.907604877785183","0.89127654592287","0.897013527388008","0.884656951924636","0.88289172685844","0.880491561143433","0.87720878289533","0.888682745825603","0.899274096222779","0.894861033557289","0.87152069445287","0.87152069445287","0.87235441396329","0.876078498477944","0.866418653636543","0.866122088729579","0.87847866419295","0.879361276726048","0.88622854260857","0.898585118071942","0.896378586739197","0.87784372354414","0.895937280472648","0.895937280472648"
"DNK","Denmark","0.635784070587329","0.68250954982321","0.685421892193542","0.706079174075676","0.712447901391267","0.716067300208531","0.718464256230713","0.728433134868328","0.729288449127752","0.734463530579933","0.738288618403375","0.739171230936473","0.73608208707063","0.723725511607258","0.748438662534001","0.728579880539297","0.719312448941769","0.691068847882633","0.723284205340709","0.766973525729059","0.751527806399844","0.751969112666393","0.749762581333648","0.751527806399844","0.751086500133295","0.741377762269217","0.74446690613506","0.739612537203022","0.738729924669923","0.738729924669923"
"DJI","Djibouti","0.980785726539715","0.980785726539715","0.980785726539715","0.980785726539715","0.980785726539715","0.980785726539715","0.980785726539715","0.980785726539715","0.97542460113227","0.975311142740779","0.975311142740779","0.981017412576829","0.981017412576829","0.981017412576829","0.981017412576829","0.981017412576829","0.981017412576829","0.981017412576829","0.981017412576829","0.981017412576829","0.981017412576829","0.981017412576829","0.981017412576829","0.981017412576829","0.981017412576829","0.981017412576829","0.981017412576829","0.981017412576829","0.981017412576829","0.981017412576829"
"DMA","Dominica","0.676750834147349","0.719082280364539","0.698752892819505","0.698752892819505","0.732420760378264","0.758969053395934","0.770248861253199","0.951026009992262","0.931725958525458","0.910281456895677","0.897200310901509","0.950811564975965","0.852595747511563","0.941161539242563","0.959989811673511","0.963420931934277","0.949996673914033","0.962477373862566","0.930096176401595","0.974228960755687","0.925978832088677","0.967280942227637","0.965393826084217","0.975344074840436","0.942362431333831","0.960290034696329","0.970840729498181","0.978260527062086","0.98469387755102","0.98469387755102"
"DOM","Dominican Republic","0.879523208930056","0.877586826648735","0.864681851917862","0.846494001924429","0.833721198456626","0.833633960387155","0.796148971538297","0.856867081084911","0.959691441190825","0.849364874553579","0.859514918684205","0.834360461490913","0.830159951123131","0.829087726041642","0.82728638790474","0.793404075329684","0.829087726041642","0.868545609040441","0.869746501131708","0.846586439371544","0.819356048428248","0.802145104032838","0.775666728039899","0.7747841155068","0.821562579760993","0.861280143750401","0.909382526804241","0.932771758931337","0.933654371464435","0.933654371464435"
"ECU","Ecuador","0.923582278375908","0.928061074674283","0.851248407215469","0.836814537428089","0.862219940146026","0.859609856876876","0.847049889873774","0.940606818382159","0.763692539872874","0.743284376607568","0.763967379608048","0.819247595081189","0.752816238760561","0.694401416321034","0.795417056687543","0.697961203591578","0.660561992749238","0.762760392962919","0.855434708938205","0.651040634025615","0.729613287997137","0.613812979196313","0.613512756173496","0.610631315383078","0.610631315383078","0.610631315383078","0.610631315383078","0.665194005101271","0.814490625447814","0.814490625447814"
"EGY","Egypt","0.810581639379655","0.803570755562594","0.809833073022755","0.809180267071307","0.820760371968463","0.80693281672429","0.80058508129541","0.802823186040314","0.798085841153253","0.798273833249224","0.773974007207873","0.719091713495563","0.721736230393589","0.72036634444443","0.731399001108154","0.699624949916627","0.681090086721571","0.671822655124041","0.677559636589179","0.704038012582118","0.745520801637722","0.70271409378247","0.745962107904271","0.710216300313804","0.693887968451491","0.708451075247607","0.723455488310273","0.736253370040193","0.712422831646548","0.712422831646548"
"SLV","El Salvador","0.708584757821928","0.70814345155538","0.71652827061981","0.731532683682476","0.744771871678946","0.751832771943729","0.759334978475062","0.765954572473296","0.77301547273808","0.784930741934903","0.791356701550876","0.773704450888917","0.79400453915017","0.694710629176648","0.723836842768882","0.705495613956086","0.724471783417692","0.751585100059442","0.569712880739234","0.624509402319857","0.774424950915936","0.780990507412144","0.705139867067745","0.724611380297927","0.765264108731501","0.732415296215574","0.695786876092008","0.827300482098138","0.748302321811337","0.748302321811337"
"GNQ","Equatorial Guinea","0.984819043417676","0.984819043417676","0.984819043417676","0.984819043417676","0.984819043417676","0.98739575265234","0.989602283985086","0.990926202784733","0.9903088358349","0.98734949460999","0.989150832746892","0.987821273645846","0.98837883068822","0.987521050623029","0.98734949460999","0.986663270557837","0.986663270557837","0.987692606636067","0.986148602518722","0.985676823482867","0.98348948431663","0.985505267469829","0.983189261293812","0.983703929332927","0.982803260264477","0.982545926244919","0.983532373319889","0.981302145150391","0.981259256147132","0.981259256147132"
"ERI","Eritrea","0.996774269537628","0.995900215769257","0.991870200133408","0.993200210527207","0.993638811589558","0.994865741904262","0.994424435637713","0.994424435637713","0.994424435637713","0.997750579663995","0.994865741904262","0.998191885930545","0.994865741904262","0.994865741904262","0.994889432679558","0.996519214803422","0.994865741904262","0.994865741904262","0.994865741904262","0.994865741904262","0.994865741904262","0.994865741904262","0.994865741904262","0.994865741904262","0.994865741904262","0.994865741904262","0.994865741904262","0.994865741904262","0.994865741904262","0.994865741904262"
"EST","Estonia","0.992497793468667","0.993380406001765","0.990291262135923","0.990291262135923","0.990732568402471","0.983671668137688","0.979258605472197","0.977052074139453","0.974404236540159","0.970873786407767","0.971756398940865","0.964695498676081","0.966460723742277","0.959841129744043","0.970432480141218","0.96513680494263","0.968225948808473","0.96116504854369","0.96072374227714","0.954739088927716","0.956063007727363","0.949884719995677","0.949884719995677","0.954297782661167","0.947678188662932","0.951456310679611","0.944395410414828","0.95189761694616","0.95631067961165","0.95631067961165"
"ETH","Ethiopia","0.983811265017922","0.982928652484825","0.982928652484825","0.982928652484825","0.982487346218275","0.982046039951727","0.982046039951727","0.976061386602302","0.983418876642747","0.975620080335753","0.975178774069204","0.966546283120486","0.966987589387035","0.967428895653583","0.958355098438316","0.957913792171768","0.958355098438316","0.95325305762199","0.95325305762199","0.953694363888539","0.948592323072212","0.948592323072212","0.948592323072212","0.949033629338761","0.949033629338761","0.94947493560531","0.94947493560531","0.94947493560531","0.94947493560531","0.94947493560531"
"FJI","Fiji","0.954932723309977","0.94963704811139","0.943900066646252","0.938163085181116","0.93198479744943","0.935841552266815","0.91874560945296","0.911243402921627","0.91465438465659","0.894915071059315","0.886088945728335","0.879442512980488","0.880686294075016","0.855638813336455","0.909550593268702","0.918299949933653","0.885575640446606","0.8723229384394","0.879356734973969","0.906333918024235","0.843934177331687","0.862244022673403","0.843934177331687","0.898142118401658","0.859284681448493","0.843934177331687","0.896212113254978","0.889264094726928","0.845688867415211","0.845688867415211"
"FIN","Finland","0.936150188230632","0.93306104436479","0.91982185636832","0.90216960570636","0.899963074373616","0.911878343570438","0.90261091197291","0.890254336509537","0.890254336509537","0.890254336509537","0.887165192643695","0.882310823711656","0.905258749572203","0.915656465587118","0.896238989858962","0.910113118504242","0.925558837833456","0.922911000234163","0.91982185636832","0.920510834519156","0.910802096655078","0.899769439991354","0.904182502656844","0.893591152259668","0.910802096655078","0.89314984599312","0.909478177855432","0.924482590918097","0.925806509717744","0.925806509717744"
"FRA","France","0.55847308031774","0.527140335392763","0.500661959399823","0.505516328331862","0.490511915269197","0.52846425419241","0.518949150710593","0.558225408433453","0.575877659095412","0.57234720896302","0.567492840030981","0.582497253093647","0.568816758830629","0.565286308698236","0.594164850406182","0.598136606805123","0.595888455600974","0.590151474135837","0.587103950141398","0.56901039321289","0.59397121602392","0.580290721760902","0.585145090692941","0.546062467352343","0.610010256130541","0.577353592405917","0.564555710675996","0.569851385874584","0.575147061073171","0.575147061073171"
"GAB","Gabon","0.999142219934809","0.999142219934809","0.999142219934809","0.999142219934809","0.999142219934809","0.999142219934809","0.999142219934809","0.995196431634929","0.998370217876136","0.99412420655344","0.994981986618631","0.99309487047521","0.992279979413279","0.992880425458913","0.992365757419797","0.994853319608852","0.996697546749014","0.988720192142734","0.988934637159033","0.983959512780923","0.961700120089209","0.968262137587923","0.932878709898782","0.945445187853835","0.949648310173272","0.976711271230057","0.967961914565105","0.946088522902727","0.952007205352547","0.952007205352547"
"GMB","Gambia","0.982033008777366","0.985292573025093","0.983662790901229","0.944976909961103","0.971139201949436","0.979030778549197","0.979459668581792","0.97077464542173","0.962089622261668","0.971267868959215","0.9649202964768","0.960718924728924","0.963592487947315","0.97015625601759","0.961022648894865","0.958075942532219","0.950184365932458","0.97024378459567","0.973975127879253","0.97423246189881","0.973160236817321","0.9732889038271","0.974146683892291","0.955232633454823","0.968056445429433","0.974275350902069","0.969943561572854","0.969943561572854","0.921779210912363","0.921779210912363"
"GEO","Georgia","0.807858732623954","0.802990396413497","0.80995903797302","0.789168039751452","0.776950690345489","0.782676858219508","0.802661527936735","0.80103593561656","0.860197223436509","0.752859182835651","0.66738024094972","0.66277073916898","0.627183421238755","0.633193521996494","0.605343871384776","0.614711654795366","0.629251026900359","0.60261695587617","0.577612666975843","0.595497381335081","0.71925168872138","0.76939946322748","0.769932007800547","0.75599483231275","0.77568088480889","0.653218102150428","0.653218102150428","0.653218102150428","0.653218102150428","0.653218102150428"
"DEU","Germany","0.818686168200731","0.812507880469046","0.817362249401084","0.806770899003908","0.818686168200731","0.799268692472576","0.805888286470811","0.80191653007187","0.798386079939478","0.795931876722445","0.790636201523857","0.77759064790965","0.764545094295441","0.750175621881586","0.760077994127925","0.75345840012969","0.737765008916188","0.731145414917953","0.739088927715835","0.729380189851757","0.727862636669849","0.730069168002594","0.71967145198768","0.726484680368175","0.720500027018751","0.709467370355026","0.701276185672857","0.703482717005602","0.732167624331286","0.732167624331286"
"GHA","Ghana","0.997008895371988","0.992520220708469","0.993928113392061","0.995373257982725","0.997066200164015","0.997568751871584","0.997631825144133","0.997255277646306","0.997264972090041","0.997185768337506","0.996852643436569","0.992439580771078","0.997293949703117","0.995528724636922","0.995528724636922","0.988909130638687","0.991185654704906","0.987972480603562","0.972666358154583","0.974330276423898","0.971714047225064","0.972057159251141","0.948939986494235","0.959533570299348","0.95340044283323","0.95142754868329","0.953743554859307","0.953228886820192","0.952542662768039","0.952542662768039"
"GRC","Greece","0.57951507968941","0.565342538181802","0.556501511070814","0.555588387914038","0.567632324120639","0.561035291328002","0.586700971812575","0.571362456064324","0.582735953491816","0.554755364608009","0.582213336034621","0.668876377766644","0.63911818543706","0.705299362214402","0.755762836001082","0.68670809600535","0.718223601837421","0.722475253461518","0.648256836461695","0.716594993199084","0.729037308814602","0.707841094009515","0.696580478318757","0.694857006624666","0.680360523522934","0.613596995089682","0.611723430811369","0.691158407372699","0.677205929448233","0.677205929448233"
"GRD","Grenada","0.885238288781735","0.889359483662182","0.889359483662182","0.889359483662182","0.889359483662182","0.889359483662182","0.874053361213202","0.874053361213202","0.90143317572264","0.888094695708916","0.901218730706342","0.883076682327546","0.892941153077246","0.8916115939762","0.905764965051856","0.873255100581106","0.878916449011368","0.875571106757122","0.869223534274707","0.856013721270761","0.86008817658042","0.866521527069354","0.857772170404403","0.828135869152044","0.829808540279168","0.834268996618162","0.849108591745972","0.866607305075873","0.866607305075873","0.866607305075873"
"GTM","Guatemala","0.639724495047633","0.650961413901639","0.644399396402926","0.691362854972148","0.66715600626835","0.679953887998271","0.671460993929787","0.716164952857107","0.667133490642505","0.629181151719293","0.59539477139286","0.581670290349799","0.619283946208437","0.691768112288662","0.634253958917587","0.595053409938345","0.559842030369076","0.510478046082046","0.513222942290658","0.63285119873192","0.669920925122034","0.647414305528037","0.650944755660429","0.643442549129095","0.658446962191761","0.607255435272079","0.623583767134391","0.608138047805177","0.627555523533332","0.627555523533332"
"GIN","Guinea","0.994190792393451","0.994662571429307","0.996935688602063","0.99593682529314","0.99562418603637","0.99562418603637","0.995182879769821","0.993755126428302","0.99392668244134","0.993485376174791","0.993142264148715","0.992743846885425","0.99137139878112","0.991971844826753","0.993246098690587","0.991775456345809","0.988405281623655","0.988178420373405","0.989697592022842","0.991904123355587","0.994582433724187","0.996960521069971","0.988627638203662","0.994056485082274","0.994056485082274","0.994313819101831","0.994571153121388","0.98882298752414","0.989081360704164","0.989081360704164"
"GNB","Guinea-Bissau","0.998686434432047","0.998718965935","0.998865689480132","0.999306995746681","0.99974830201323","0.996217851880838","0.993128708014995","0.992687401748446","0.992687401748446","0.993128708014995","0.993128708014995","0.993128708014995","0.993128708014995","0.993128708014995","0.993128708014995","0.993128708014995","0.993128708014995","0.993128708014995","0.993128708014995","0.993128708014995","0.993128708014995","0.993128708014995","0.993128708014995","0.993570014281544","0.994011320548093","0.994011320548093","0.994011320548093","0.994011320548093","0.994011320548093","0.994011320548093"
"GUY","Guyana","0.88857467082155","0.88857467082155","0.889457283354648","0.889015977088099","0.89298773348704","0.89298773348704","0.894752958553235","0.895635571086334","0.892546427220491","0.897207161770269","0.891028874038583","0.889263648972387","0.87955491110831","0.875583154709369","0.88352666750725","0.862785272979448","0.863226579245997","0.858372210313958","0.85351784138192","0.849987391249527","0.85307653511537","0.848222166183332","0.846898247383685","0.84910477871643","0.834100365653764","0.825274240322784","0.817772033791452","0.80541545832808","0.804091539528433","0.804091539528433"
"HTI","Haiti","0.992256202654595","0.989192816256756","0.989706815821936","0.984806655835716","0.986130574635363","0.985689268368814","0.987895799701558","0.984806655835716","0.982158818236422","0.998983761602496","0.994308860247204","0.989462402878873","0.994566194266761","0.980455712194364","0.999155317615534","0.99851198256664","0.994823528286318","0.983629498435572","0.987232174709376","0.988337105968108","0.988337105968108","0.993451080182012","0.981276205703324","0.980393593170225","0.975539224238187","0.994008637224387","0.998040203530786","0.997868647517747","0.998254648547084","0.998254648547084"
"HND","Honduras","0.951483928509781","0.951342262435765","0.950496332959872","0.950347210778867","0.949725788314792","0.944258283444247","0.944668067834614","0.944258283444247","0.944258283444247","0.93915624262792","0.93915624262792","0.93915624262792","0.93915624262792","0.93915624262792","0.93915624262792","0.93915624262792","0.93915624262792","0.93915624262792","0.93915624262792","0.93915624262792","0.93915624262792","0.93915624262792","0.93915624262792","0.93915624262792","0.93915624262792","0.93915624262792","0.93915624262792","0.93915624262792","0.93915624262792","0.93915624262792"
"HUN","Hungary","0.853455996326517","0.86014490944082","0.882327794647324","0.8747921165542","0.880879174383904","0.860617892468154","0.847066371026795","0.820186648683772","0.81428360613031","0.821914908946809","0.829664787362429","0.812453842967019","0.810440946016535","0.805390295914663","0.800236864383882","0.803767314516274","0.810774177279032","0.815187239944521","0.81577900567924","0.803863736482417","0.799009367550378","0.796361529951085","0.796361529951085","0.809008952212836","0.815337699412691","0.800774592616575","0.800774592616575","0.804305042748966","0.825929049809867","0.825929049809867"
"ISL","Iceland","0.67946564617337","0.691603842747394","0.704784636595443","0.716219820214024","0.710001165659687","0.710582171319995","0.710140865053446","0.65048939945381","0.654749164061908","0.669006369679435","0.673221908232826","0.642252964878913","0.622321205183418","0.617857612713554","0.737598302125432","0.734449348352131","0.694378603073744","0.664999635840943","0.69421946329466","0.618766813588755","0.618325507322206","0.618766813588755","0.619208119855303","0.619208119855303","0.63161393476965","0.619649426121853","0.619649426121853","0.619208119855303","0.691058093287406","0.691058093287406"
"IND","India","0.949665312153407","0.94703375383558","0.944279046250153","0.941358309697965","0.938353806315604","0.935016729036062","0.93103599016439","0.927739512753788","0.924123808700469","0.925447727500116","0.925447727500116","0.925006421233567","0.92765425883286","0.930743402698704","0.927212952566312","0.924123808700469","0.924123808700469","0.924123808700469","0.924123808700469","0.924123808700469","0.924123808700469","0.924123808700469","0.924123808700469","0.924123808700469","0.924123808700469","0.924123808700469","0.924123808700469","0.924123808700469","0.924123808700469","0.924123808700469"
"IDN","Indonesia","0.840419724525852","0.840694576259154","0.840876380952622","0.840848935307609","0.840968279244825","0.84106829769009","0.836008340632908","0.830830143640268","0.820626062007614","0.820626062007614","0.815524021191288","0.815524021191288","0.815524021191288","0.815524021191288","0.815524021191288","0.815524021191288","0.815524021191288","0.815524021191288","0.815524021191288","0.815524021191288","0.815524021191288","0.815524021191288","0.815524021191288","0.815524021191288","0.815524021191288","0.815524021191288","0.815524021191288","0.815524021191288","0.815524021191288","0.815524021191288"
"IRN","Iran, Islamic Republic of","0.9251155769333","0.93208868503687","0.911726942991093","0.926088928690429","0.921781312881989","0.911481383148089","0.913574980699952","0.909687482144883","0.909467360343326","0.91245912221414","0.909430426187525","0.906644048656287","0.91056722182332","0.916745509555005","0.914097671955711","0.913215059422614","0.912332446889516","0.90615415915783","0.907478077957476","0.907036771690928","0.906595465424379","0.906595465424379","0.906595465424379","0.91012591555677","0.912332446889516","0.91012591555677","0.91012591555677","0.91012591555677","0.91012591555677","0.91012591555677"
"IRQ","Iraq","0.950357388022986","0.952122613089182","0.945637693311783","0.949017999686841","0.950258390113498","0.948426437366452","0.921904665670175","0.921904665670175","0.950668599056639","0.922345971936724","0.922345971936724","0.922787278203272","0.921022053137077","0.920139440603979","0.920580746870528","0.922345971936724","0.92411119700292","0.924993809536018","0.926317728335665","0.932448684235032","0.946810860025586","0.928965565934958","0.92852425966841","0.92808295340186","0.927200340868762","0.926759034602213","0.926317728335665","0.925435115802566","0.925876422069115","0.925876422069115"
"IRL","Ireland","0.262135922330097","0.328773168578994","0.273168578993822","0.278022947925861","0.318623124448367","0.325242718446602","0.298323036187114","0.278022947925861","0.274933804060017","0.248896734333627","0.264342453662842","0.240070609002648","0.209620476610768","0.24801412180053","0.285083848190644","0.246690203000883","0.146072374227714","0.246248896734334","0.229479258605472","0.18270079435128","0.159311562224183","0.202559576345984","0.218887908208297","0.240953221535746","0.204766107678729","0.211385701676964","0.187996469549868","0.231685789938217","0.272285966460724","0.272285966460724"
"ISR","Israel","0.445755303969716","0.435485434762182","0.438858436520527","0.441411666101067","0.391466027308682","0.353399618365715","0.311460764534404","0.286288190100115","0.220315294227525","0.203272526349141","0.206982926870545","0.202849836325923","0.209479248519458","0.207415599128365","0.302757853374377","0.358213334588994","0.207415599128365","0.207415599128365","0.207415599128365","0.207415599128365","0.216336511806355","0.207415599128365","0.277624897464272","0.261927522271271","0.336211275916837","0.330249704463758","0.30052762520488","0.364132017038813","0.369922032478854","0.369922032478854"
"ITA","Italy","0.31678192565795","0.359440774336916","0.324722031562369","0.341414901025202","0.358993789914597","0.374600882430832","0.401293665585697","0.285580081150688","0.294839639038881","0.295786604004054","0.306266170441277","0.324119352108798","0.2750045917353","0.363760033869064","0.426717721615012","0.449588878809532","0.424416402935259","0.450217639925279","0.447349754862659","0.44369173549727","0.405524989412132","0.428391641936406","0.451099154681594","0.461151004571749","0.495786202747713","0.472208455849008","0.501365142210547","0.534664005352911","0.55846971127865","0.55846971127865"
"JAM","Jamaica","0.74794045255776","0.746439337443675","0.772078822702956","0.727739732022505","0.721435048543349","0.707710567500289","0.727655704587548","0.728727929669037","0.696648705802444","0.693860920590573","0.751718185987725","0.77496577632597","0.780627124756233","0.776424002436796","0.763003245559675","0.729083295696044","0.715535622380707","0.658028471295878","0.682307148283915","0.675789770360022","0.725541014141117","0.714218317280592","0.699979168198416","0.644437908977281","0.676690439428473","0.697019826973506","0.697019826973506","0.700493836237531","0.704739847560228","0.704739847560228"
"JPN","Japan","0.27341476992238","0.281091901505842","0.289326590131678","0.299662839917233","0.294559048529345","0.286410137910028","0.28619569289373","0.2968733041338","0.280189481865829","0.297429110604613","0.298458446682842","0.314797406353174","0.29463957482118","0.38114669439572","0.392510529687943","0.347219742245844","0.361930670363874","0.353910426754335","0.380671414216742","0.357597130463096","0.384102534477507","0.371491416947633","0.365615623501073","0.376509430329003","0.384358117925503","0.384744118954839","0.387917905196047","0.39542348076647","0.393707920636088","0.393707920636088"
"JOR","Jordan","0.874393864596791","0.871606079384919","0.848930302090929","0.850005547716341","0.870233442008754","0.866261685609813","0.830269452710173","0.828159321680808","0.810949168876","0.885759450460575","0.83115240012672","0.877483623403041","0.823014589263395","0.798741163990042","0.819585219574191","0.792768628750554","0.792768628750554","0.840611884647946","0.797116198641858","0.840364212763658","0.845218581695697","0.80398346452438","0.79787066956688","0.842624781598429","0.849685681863213","0.877929282922348","0.88587279572023","0.871750995190662","0.849244375596664","0.849244375596664"
"KAZ","Kazakhstan","0.97489747900483","0.974125476946158","0.986994449186335","0.990131018075312","0.989391728698626","0.991340926011813","0.989496698871652","0.992774319654732","0.991303677309953","0.990531675251281","0.991217899303434","0.989661478952137","0.988674316963597","0.991805214201545","0.989832320051605","0.988202537927741","0.98730186885929","0.981452005657419","0.986143865771282","0.982584078500738","0.981040074383394","0.982712745510517","0.979238736246492","0.982626967503998","0.98631542178432","0.98348474756919","0.982584078500738","0.983956526605045","0.984128082618083","0.984128082618083"
"KEN","Kenya","0.981346296838705","0.979776079750884","0.979903640318333","0.979438740951212","0.980129689856305","0.97955441490463","0.979733766808383","0.979436935744217","0.979436935744217","0.979436935744217","0.979436935744217","0.979436935744217","0.979436935744217","0.974334894927891","0.974334894927891","0.974334894927891","0.974334894927891","0.974334894927891","0.974334894927891","0.969232854111564","0.969232854111564","0.969232854111564","0.969232854111564","0.969232854111564","0.969232854111564","0.964130813295238","0.964130813295238","0.964130813295238","0.964130813295238","0.964130813295238"
"KIR","Kiribati","0.987643424536629","0.987202118270079","0.994704324801412","0.995145631067961","0.995145631067961","0.994704324801412","0.994263018534863","0.993821712268314","0.993380406001765","0.99117387466902","0.990518123386174","0.985193111049434","0.98431727444889","0.988967343336276","0.985486558139697","0.985443669136437","0.98676081200353","0.985976393710905","0.973738340285667","0.973521624007061","0.969108561341571","0.972197705207414","0.975286849073257","0.973037428737253","0.967343336275375","0.959841129744043","0.957591709408038","0.956751985878199","0.956751985878199","0.956751985878199"
"PRK","Korea, Democratic People's Repub","0.359881626351004","0.374506776462515","0.241250643335049","0.277663407102419","0.236790186996054","0.2145736833076","0.177946474523932","0.374764110482072","0.412034654314633","0.328915765997598","0.3504460456339","0.301852804940813","0.362369188540059","0.3641276376737","0.319394407273975","0.276290958998113","0.213844570252188","0.29040144107051","0.277020072053526","0.314076170869789","0.34444158517756","0.284868759650026","0.29923657574198","0.19883341911134","0.384071024189398","0.44973408817979","0.467361468519472","0.492880425458912","0.463458569222852","0.463458569222852"
"KOR","Korea, Republic of","0.303662064729994","0.268200847334365","0.221378662116344","0.15478818480988","0.108482442553776","0.076061855104525","0.0450912849346702","0.0357142857142857","0.0408163265306123","0.0459183673469388","0.0459183673469388","0.056122448979592","0.0612244897959185","0.076530612244898","0.086734693877551","0.0918367346938775","0.0944845722931714","0.152102058828827","0.124795107804816","0.112244897959184","0.122448979591836","0.127551020408163","0.127551020408163","0.127551020408163","0.160207684132788","0.144320658537025","0.127551020408163","0.127551020408163","0.127551020408163","0.127551020408163"
"KWT","Kuwait","0.915339508623187","0.927428346925427","0.928115212752572","0.92330715204498","0.928409583809573","0.942951514322178","0.950464769603906","0.945630290994468","0.943569693554245","0.935189429539437","0.935189429539437","0.92933808056228","0.924570907551358","0.924570907551358","0.91946886673503","0.91946886673503","0.914366825918704","0.909264785102378","0.909264785102378","0.909264785102378","0.909264785102378","0.909264785102378","0.909264785102378","0.909264785102378","0.909264785102378","0.909264785102378","0.909264785102378","0.909264785102378","0.909264785102378","0.909264785102378"
"KGZ","Kyrgyzstan","0.879014512911899","0.892198343644198","0.892232258273218","0.887377356616118","0.894120093813131","0.901318794283254","0.903461637453344","0.949002666007698","0.890444917630447","0.887191503669997","0.888665026671656","0.895246835797654","0.887665085259695","0.906965802511925","0.912476267296332","0.909828429697038","0.918568432451978","0.909387123430488","0.910269735963587","0.908063204630841","0.94278603179737","0.93848471523746","0.952613253845209","0.901740120046812","0.900048256753182","0.898795773033313","0.908516582561823","0.90889694328976","0.9088540542865","0.9088540542865"
"LAO","Lao People's Democratic Republic","0.988682943440874","0.989596028743279","0.976925716246354","0.986961743009092","0.979756390461485","0.98618974095042","0.974609710070338","0.97542460113227","0.989792417224224","0.983702178761366","0.981386172585349","0.983530622748327","0.98232973065706","0.98224395265054","0.974970878631767","0.97542460113227","0.971784676156606","0.918559423111487","0.942558072770336","0.929962257677131","0.929539007945936","0.93589222072975","0.932123628744308","0.906922951363037","0.897765549291208","0.897765549291208","0.897765549291208","0.897765549291208","0.897765549291208","0.897765549291208"
"LVA","Latvia","0.984554280670785","0.984995586937335","0.986319505736982","0.984995586937335","0.985436893203884","0.987202118270079","0.983230361871138","0.984995586937335","0.9783759929391","0.974404236540159","0.971315092674316","0.973080317740512","0.958958517210944","0.96116504854369","0.966902030008826","0.961606354810238","0.959399823477493","0.95189761694616","0.954545454545454","0.948367166813769","0.946160635481024","0.941306266548985","0.949691085613416","0.946160635481024","0.945278022947926","0.937334510150044","0.936010591350397","0.941306266548985","0.946160635481024","0.946160635481024"
"LBN","Lebanon","0.722692464725448","0.717975752657517","0.62616912754925","0.63059487514228","0.433987047088833","0.43928272228742","0.431780515756088","0.440606641087067","0.446784928818754","0.4481088476184","0.514931693852277","0.590973896631484","0.512744354686039","0.575448077451521","0.48302227542716","0.421648111762724","0.42203411279206","0.426280124114757","0.428250065623696","0.430456596956441","0.433987047088833","0.440606641087067","0.443254478686361","0.468954682358024","0.456774205432308","0.467710901263496","0.593418569817279","0.61893752675672","0.492243411127967","0.492243411127967"
"LSO","Lesotho","0.994015346650575","0.994015346650575","0.994015346650575","0.994456652917125","0.994456652917125","0.994015346650575","0.993574040384027","0.990484896518183","0.990926202784733","0.990926202784733","0.996304769787123","0.99180881531783","0.99180881531783","0.993761902360856","0.993132734117478","0.995772045212656","0.992691427850928","0.992691427850928","0.990926202784733","0.99225012158438","0.983865302519949","0.985630527586145","0.986071833852694","0.98783705891889","0.969178803204341","0.969178803204341","0.969178803204341","0.969178803204341","0.969293224237713","0.969293224237713"
"LBR","Liberia","0.986790186996054","0.986790186996054","0.986790186996054","0.986790186996054","0.986790186996054","0.986790186996054","0.986790186996054","0.986790186996054","0.986275518956939","0.987819523074283","0.984517069823297","0.983530622748327","0.991593755361125","0.988334191113398","0.988419969119917","0.979113055412592","0.987090410018871","0.982072396637502","0.978641276376737","0.979027277406073","0.98224395265054","0.974909933093155","0.969119917653114","0.969034139646594","0.968176359581403","0.963973237261966","0.973580373992109","0.982115285640762","0.982115285640762","0.982115285640762"
"LBY","Libyan Arab Jamahiriya","0.943211088495416","0.954585797262806","0.955567663958788","0.961745951690473","0.970572077021453","0.970572077021453","0.967041626889061","0.959980726624277","0.937215750942683","0.928893533738766","0.923961298363916","0.93639786011492","0.947871823045193","0.945665291712449","0.942134841580057","0.939928310247311","0.948313129311742","0.953167498243781","0.957580560909271","0.96243492984131","0.967289298773349","0.971702361438838","0.973467586505035","0.967289298773349","0.959787092242016","0.961146064189958","0.961146064189958","0.961146064189958","0.961146064189958","0.961146064189958"
"LIE","Liechtenstein",,,,,,,,,,,,,,,,,,,,,,,,,,,,,,
"LTU","Lithuania","0.983865302519949","0.979893546121008","0.980776158654106","0.982541383720302","0.984747915053047","0.984306608786498","0.975921789722067","0.974156564655871","0.971067420790029","0.967536970657636","0.971067420790029","0.967095664391088","0.930467244267521","0.93134985680062","0.936645531999208","0.957828232793559","0.941058594664698","0.942823819730894","0.94414773853054","0.945030351063638","0.939293369598502","0.926495487868581","0.931791163067168","0.952091251328422","0.94856080119603","0.945030351063638","0.945030351063638","0.926495487868581","0.937969450798855","0.937969450798855"
"LUX","Luxembourg","0.540447471986629","0.540447471986629","0.540447471986629","0.540447471986629","0.540447471986629","0.540447471986629","0.540447471986629","0.540447471986629","0.540447471986629","0.446520554848184","0.496350800703243","0.501797704117208","0.529382109145662","0.536336903606265","0.529780526408951","0.520571806942098","0.465335199705281","0.494262715699889","0.53349945345858","0.561209156457722","0.55880286760494","0.486793253200171","0.502261533734984","0.563735065125418","0.557796092732309","0.574803834859849","0.570004809019395","0.713018209315597","0.670545679854676","0.670545679854676"
"MKD","Macedonia","0.813647171136769","0.814971089936416","0.81761892753571","0.815412396202964","0.823355909000846","0.840916737492196","0.898893660558636","0.909729890887044","0.88171773145715","0.850842153780509","0.8269868586277","0.81605012494214","0.815438436148078","0.845890764093523","0.82615504666157","0.80453898901875","0.816976799964024","0.830744170010344","0.806211660145872","0.795575187337501","0.806983662204545","0.778903781303483","0.793700487428034","0.823336788680392","0.82646768591834","0.770797759687426","0.854216871027279","0.857176212252188","0.836160600655002","0.836160600655002"
"MDG","Madagascar","0.997657858316413","0.996854827477857","0.996934409171986","0.997455297132664","0.998417491359892","0.997173154254787","0.99815264256695","0.996024344085977","0.997426495737809","0.998387341122679","0.99794603485613","0.99794603485613","0.99794603485613","0.99794603485613","0.997504728589581","0.996180809789934","0.995298197256836","0.994856890990287","0.993091665924091","0.99353297219064","0.994415584723738","0.993091665924091","0.991326440857895","0.990443828324797","0.990002522058248","0.990002522058248","0.990885134591347","0.98911990952515","0.990443828324797","0.990443828324797"
"MWI","Malawi","0.966298611236198","0.966298611236198","0.966298611236198","0.967181223769296","0.967622530035845","0.966298611236198","0.973205653565572","0.962520489219518","0.962961795486068","0.958301060936289","0.955211917070447","0.956535835870093","0.947462038654826","0.946579426121728","0.945255507322082","0.94191869157195","0.9423599978385","0.93461011942288","0.920681953275573","0.911414521678044","0.908077705927914","0.907216360598929","0.906947421510528","0.903610605760398","0.901661117972847","0.902039015076463","0.898260893059784","0.914054904283707","0.892082605328097","0.892082605328097"
"MYS","Malaysia","0.761618062935677","0.780041558568872","0.754557162670894","0.763824594268422","0.750144100005403","0.745883529701183","0.745883529701183","0.745883529701183","0.745883529701183","0.745883529701183","0.740781488884857","0.740781488884857","0.740781488884857","0.740781488884857","0.740781488884857","0.73567944806853","0.73567944806853","0.73567944806853","0.730577407252204","0.730577407252204","0.73567944806853","0.73567944806853","0.73567944806853","0.73567944806853","0.789266195412802","0.761602788310384","0.73567944806853","0.797309833024118","0.772596682097376","0.772596682097376"
"MDV","Maldives","0.753323348864225","0.736995017001913","0.496483101732716","0.496483101732716","0.496483101732716","0.58606827384216","0.619166243833334","0.776712580991321","0.755695795908608","0.724431908085951","0.481772173614685","0.414951106536284","0.31699262309144","0.454237433522045","0.437604487529786","0.407659975982158","0.449133642134157","0.259478469720363","0.29627723451707","0.33865156973752","0.320252187339166","0.231000171556013","0.222036369874764","0.177474695488077","0.315277062961057","0.306184594270029","0.276333848001373","0.347658260422028","0.291731000171556","0.291731000171556"
"MLI","Mali","0.99603282961239","0.996977094267354","0.997552311494228","0.997641030261915","0.997773468199214","0.997858319017798","0.997994318858911","0.9981571107293","0.999126765075598","0.999020269168245","0.999491810542707","0.999130879647257","0.99911586826579","0.99911586826579","0.99911586826579","0.99911586826579","0.99911586826579","0.99911586826579","0.99911586826579","0.99911586826579","0.99911586826579","0.99911586826579","0.99911586826579","0.99911586826579","0.99911586826579","0.99911586826579","0.99911586826579","0.99911586826579","0.99911586826579","0.99911586826579"
"MLT","Malta","0.468428801692119","0.567114436586357","0.464005761204288","0.300490110313928","0.463654633237752","0.318904247236723","0.405627562399123","0.365020429170124","0.37588885271041","0.319893320169035","0.237687354921382","0.185838051123692","0.227097272259392","0.312231943729627","0.297092125579001","0.299970269176381","0.348642549797805","0.271701835649339","0.260422027792074","0.275883570248705","0.240993309315492","0.27625825282087","0.300428534201501","0.37492351524176","0.436620614552099","0.259797960618431","0.212686567164179","0.212686567164179","0.196774746954881","0.196774746954881"
"MHL","Marshall Islands",,,,,,,,,,,,,,,,,,,,,,,,,,,,,,
"MRT","Mauritania","0.998234774933804","0.998676081200353","0.998234774933804","0.997793468667255","0.997793468667255","0.997352162400706","0.997793468667255","0.997793468667255","0.996123176887034","0.996123176887034","0.996123176887034","0.996910856134157","0.996028243601059","0.996020147015022","0.996020147015022","0.996020147015022","0.996020147015022","0.996020147015022","0.996020147015022","0.996020147015022","0.996020147015022","0.996020147015022","0.996020147015022","0.996020147015022","0.996020147015022","0.996020147015022","0.996020147015022","0.996020147015022","0.996020147015022","0.996020147015022"
"MUS","Mauritius","0.19991173874669","0.211385701676964","0.167255075022065","0.203883495145631","0.20873786407767","0.200794351279788","0.294716688039245","0.14342453662842","0.0988526037069725","0.121694423763339","0.116956267752754","0.135373630977717","0.16773124516505","0.185988295125401","0.195230856400652","0.278051755102807","0.14080921593451","0.0938586378946992","0.135767505716389","0.0726759371003476","0.16672428102056","0.034723598177135","0.10650369148263","0.201493900070818","0.191670084916441","0.334702715233522","0.309840645208083","0.25358022863132","0.414247242346868","0.414247242346868"
"MEX","Mexico","0.898437036771674","0.900144018858497","0.901189721615985","0.902621334321467","0.90369727486276","0.904551609359007","0.912125311917303","0.933365287507201","0.927202745697525","0.923252092453936","0.889415235813246","0.891730530337049","0.872133810133299","0.873016422666397","0.872133810133299","0.868162053734358","0.865514216135064","0.872133810133299","0.874340341466044","0.881842547997376","0.872133810133299","0.872133810133299","0.860218540936476","0.85448155947134","0.878753404131533","0.891992592128003","0.88890344826216","0.884049079330121","0.890668673328356","0.890668673328356"
"FSM","Micronesia, Federated States of","0.62795065364658","0.62795065364658","0.62795065364658","0.62795065364658","0.62795065364658","0.62795065364658","0.62795065364658","0.62795065364658","0.62086158972917","0.69250208615443","0.685754998631943","0.670547496864523","0.718173482649146","0.765642675625737","0.706744717838812","0.740184626370537","0.6853385248333","0.674697509500312","0.694716529050883","0.7266914733936","0.726820140403379","0.726905918409898","0.727849476481608","0.719228786826436","0.727206141432715","0.728492811530502","0.728835923556578","0.723989466188248","0.719185897823177","0.719185897823177"
"MDA","Moldova, Republic of","0.831380946714899","0.835500931708288","0.926621306530016","0.930615624134554","0.936981253152323","0.931398906796026","0.878804572565846","0.916738779244963","0.91732003312409","0.911504049584988","0.920851618887635","0.9229464041148","0.912431822383654","0.898869850158769","0.92238998270358","0.915171078290866","0.909779480114114","0.896772831523667","0.880596901362257","0.862555251678507","0.864803565336721","0.851963901281331","0.848874757415488","0.841372550884155","0.840931244617606","0.848874757415488","0.811805031025373","0.823644894313553","0.780198334011614","0.780198334011614"
"MCO","Monaco",,,,,,,,,,,,,,,,,,,,,,,,,,,,,,
"MNG","Mongolia","0.990926202784733","0.990926202784733","0.990926202784733","0.990926202784733","0.990484896518183","0.990484896518183","0.990484896518183","0.990484896518183","0.990484896518183","0.990484896518183","0.990484896518183","0.990484896518183","0.990484896518183","0.990484896518183","0.990926202784733","0.990926202784733","0.990926202784733","0.983808700737063","0.983808700737063","0.983808700737063","0.983808700737063","0.983808700737063","0.983808700737063","0.983808700737063","0.994897959183674","0.983808700737063","0.983808700737063","0.983808700737063","0.983808700737063","0.983808700737063"
"MNE","Montenegro","0.989795918367347","0.989795918367347","0.989795918367347","0.989795918367347","0.989795918367347","0.989795918367347","0.989795918367347","0.989795918367347","0.989795918367347","0.989795918367347","0.989795918367347","0.989795918367347","0.989795918367347","0.989795918367347","0.989795918367347","0.974350199038132","0.972143667705387","0.973026280238485","0.700299007511213","0.700299007511213","0.746194859232308","0.713538195507682","0.691472882180233","0.71044905164184","0.689707657114037","0.632779148729218","0.650431399391177","0.693679413512978","0.724129545904858","0.724129545904858"
"MAR","Morocco","0.929464890326864","0.933254886111314","0.925919916304927","0.924271086611435","0.920701098355962","0.918494567023217","0.914522810624276","0.911874973024983","0.914522810624276","0.906137991559846","0.911433666758434","0.912316279291532","0.912316279291532","0.912316279291532","0.912757585558081","0.912757585558081","0.913640198091179","0.915405423157374","0.916729341957021","0.91319889182463","0.91319889182463","0.93523157468358","0.919818485822864","0.916288035690473","0.909668441692238","0.911874973024983","0.911874973024983","0.907461910359493","0.910992360491885","0.910992360491885"
"MOZ","Mozambique","0.993584706046418","0.991568922893219","0.998014689616107","0.995257377173541","0.990484281577776","0.988640054437615","0.988030693301151","0.988030693301151","0.996120797540132","0.994791238439086","0.992561010269588","0.987148080768053","0.988345471716197","0.987148080768053","0.987148080768053","0.986706774501504","0.986706774501504","0.986706774501504","0.986265468234955","0.986265468234955","0.986249550857879","0.985824161968406","0.985824161968406","0.984500243168759","0.983617630635661","0.982293711836014","0.981852405569466","0.974791505304682","0.965965379973702","0.965965379973702"
"MMR","Myanmar","0.995337086979206","0.99612661677468","0.99584615363232","0.99448667520233","0.993931159345934","0.993420700570862","0.992698438224646","0.99238915601497","0.992533508894933","0.991336495805644","0.98993185611799","0.980565416856352","0.982769341018185","0.987643338401929","0.991615094800869","0.983671582002988","0.978817213070948","0.984554194536086","0.984995500802635","0.976169375471654","0.968225862673773","0.952780143344559","0.935127892682599","0.941747486680834","0.934245280149501","0.954104062144206","0.954104062144206","0.962304984670388","0.961275648592159","0.961275648592159"
"NAM","Namibia","0.999485331960885","0.999485331960885","0.999485331960885","0.999485331960885","0.999485331960885","0.999485331960885","0.999485331960885","0.984731514839595","0.995796877680563","0.989663750214445","0.994767541602333","0.99009264024704","0.992923314462172","0.998884885915251","0.993266426488248","0.984903070852634","0.974223709041002","0.966460723742277","0.959041001887116","0.979456167438668","0.949249779346866","0.95631067961165","0.953221535745807","0.954545454545454","0.950573698146513","0.985589294904786","0.985589294904786","0.938239835306228","0.935569285083848","0.935569285083848"
"NRU","Nauru","0.5","0.627978817299205","0.70873786407767","0.714474845542806","0.593998234774934","0.5","0.5","0.5","0.5","0.823477493380406","0.919240953221536","0.974845542806708","0.950132391879964","0.93468667255075","0.941306266548985","0.962930273609885","0.953221535745807","0.917034421888791","0.800970873786408","0.681818181818182","0.603664083635752","0.711385701676964","0.727714033539276","0.559270482659896","0.5","0.5","0.49515354263167","0.498370217876137","0.5","0.5"
"NPL","Nepal","0.972793819570272","0.968780484672297","0.964690534132172","0.960170778191566","0.956191451010474","0.951787844675116","0.947133208758408","0.959622255766243","0.987745025670564","0.983027235312012","0.992732566282627","0.982053204470995","0.99030481400103","0.988319503617137","0.944261216666765","0.940078431101946","0.939637124835397","0.93831320603575","0.937430593502653","0.935665368436456","0.934782755903359","0.933458837103711","0.932134918304064","0.930369693237868","0.928604468171673","0.931252305770967","0.928604468171673","0.919778342840693","0.919778342840693","0.919778342840693"
"NLD","Netherlands","0.027360988526037","0.090467784642542","0.11297440423654","0.0154457193292144","0.091791703442189","0.0251544571932922","0.100617828773168","0.091791703442189","0.124889673433363","0.093998234774934","0.086496028243601","0.081200353045013","0.039817953783446","0.118582605128782","0.160074403524878","0.159247096228993","0.10117072972781","0.0497106638945152","0.158184940410405","0.126982073835104","0.113873899819465","0.103517246527505","0.119531803501893","0.187085466237913","0.185413930741944","0.14620202545116","0.177892532044104","0.251046559817402","0.304889331229842","0.304889331229842"
"NZL","New Zealand","0.804840155310709","0.816162852171234","0.816977743233166","0.806298381421534","0.78695544095147","0.749942231138466","0.706672478564251","0.699381348010125","0.662155443752386","0.655849009701667","0.648345184702805","0.662628973359802","0.663449116136418","0.656845960206007","0.679321548485581","0.656978128358909","0.629915167302124","0.642569173835257","0.651704531529544","0.645614293066686","0.587070803617381","0.613361762615494","0.584754797441364","0.590330367865108","0.607014190133078","0.583727211934697","0.632749342660379","0.61383529222291","0.638196246074343","0.638196246074343"
"NIC","Nicaragua","0.972553144056423","0.952478212053613","0.952863570533853","0.952863570533853","0.952863570533853","0.965373154913153","0.970005167265186","0.9426594889012","0.937557448084874","0.932455407268547","0.92735336645222","0.922251325635894","0.922251325635894","0.920768591523206","0.912047244003241","0.912047244003241","0.917149284819567","0.922251325635894","0.932455407268547","0.937557448084874","0.947761529717527","0.952863570533853","0.952863570533853","0.952863570533853","0.952863570533853","0.952863570533853","0.952863570533853","0.952863570533853","0.952863570533853","0.952863570533853"
"NER","Niger","0.999995582437632","0.999997055871541","0.99999852930545","1","1","1","1","1","1","1","1","1","1","1","1","1","1","1","1","1","1","1","1","1","1","1","1","1","1","1"
"NGA","Nigeria","0.995304824127341","0.993042415842512","0.989214272695827","0.987228789087761","0.988992628878177","0.993340929909889","0.992685499916496","0.989990661595475","0.98729780253929","0.985406955338896","0.982099203956369","0.983228887691411","0.990113534072634","0.985360728420159","0.987411526867282","0.976867834351675","0.983208404547844","0.97780439013714","0.976867834351675","0.976867834351675","0.977332611101284","0.976867834351675","0.976867834351675","0.976867834351675","0.976867834351675","0.976867834351675","0.976867834351675","0.985395743714082","0.988741085968328","0.988741085968328"
"NOR","Norway","0.938991660212187","0.948700398076265","0.943404722877677","0.934137291280148","0.939874272745286","0.962380892339284","0.953996073274853","0.944535007295063","0.951154601293297","0.942769782228867","0.958215501558082","0.948948069960552","0.947624151160905","0.943211088495416","0.956450276491886","0.947624151160905","0.945665291712449","0.945665291712449","0.948313129311742","0.943017454113154","0.955374029576526","0.952726191977232","0.953167498243781","0.956256642109624","0.956697948376173","0.952284885710683","0.950960966911036","0.948313129311742","0.955374029576526","0.955374029576526"
"OMN","Oman","0.96643173088936","0.965842988767114","0.966101832284743","0.967101187664244","0.966436478810831","0.965904711729749","0.965372944648667","0.964841177567585","0.964176468714172","0.961270086563267","0.961270086563267","0.961270086563267","0.961270086563267","0.961270086563267","0.961270086563267","0.961270086563267","0.961270086563267","0.961270086563267","0.961270086563267","0.95616804574694","0.95616804574694","0.95616804574694","0.95616804574694","0.95616804574694","0.951066004930614","0.951066004930614","0.951066004930614","0.951066004930614","0.951066004930614","0.951066004930614"
"PAK","Pakistan","0.935384094033775","0.933424827832668","0.93314336602954","0.930475701018646","0.926409105032216","0.919606419349029","0.918348553481537","0.916612007490513","0.914943650295438","0.907472594696809","0.904618458050247","0.90231491909787","0.90231491909787","0.901432306564772","0.901432306564772","0.901432306564772","0.90231491909787","0.90231491909787","0.902756225364419","0.902756225364419","0.90231491909787","0.903197531630967","0.903638837897517","0.903197531630967","0.902756225364419","0.903197531630967","0.90231491909787","0.90231491909787","0.90231491909787","0.90231491909787"
"PLW","Palau","0.849329493083022","0.849329493083022","0.849329493083022","0.849329493083022","0.849329493083022","0.849329493083022","0.849329493083022","0.849329493083022","0.834404119948694","0.835219011010625","0.850873497200366","0.834575675961732","0.836989914232593","0.870724405485734","0.866909593312313","0.88253697577184","0.862819314875239","0.8580743829321","0.760321183745575","0.679733692980149","0.535273044340945","0.433822267970493","0.48627551895694","0.485031737862412","0.508420969989508","0.508420969989508","0.508420969989508","0.508420969989508","0.508420969989508","0.508420969989508"
"PAN","Panama","0.923260443629071","0.920952574496021","0.919336419652258","0.917980558941387","0.916209312448258","0.913868330750702","0.913868330750702","0.913868330750702","0.913868330750702","0.913868330750702","0.918970371567029","0.918970371567029","0.918970371567029","0.918970371567029","0.918970371567029","0.918970371567029","0.918970371567029","0.918970371567029","0.913868330750702","0.913868330750702","0.913868330750702","0.916332307498398","0.913868330750702","0.913868330750702","0.912459246717222","0.908766289934376","0.908766289934376","0.908766289934376","0.908766289934376","0.908766289934376"
"PNG","Papua New Guinea","0.939633867424823","0.943518471938904","0.950175614242603","0.966466401898048","0.973452804759112","0.966309533381273","0.966849033888293","0.964483362776464","0.960766964639779","0.959001739573583","0.959001739573583","0.958560433307034","0.959001739573583","0.959001739573583","0.958560433307034","0.957677820773936","0.9519408393088","0.945762551577114","0.939584263845427","0.939584263845427","0.939584263845427","0.939142957578879","0.940908182645074","0.940025570111976","0.938260345045781","0.935612507446487","0.932964669847193","0.931640751047546","0.931640751047546","0.931640751047546"
"PRY","Paraguay","0.973884098158049","0.967536525675633","0.965949632555029","0.960956945561273","0.963719404385532","0.964577184450723","0.961005775382209","0.961204122656193","0.961080100868121","0.961132615008432","0.961182397196292","0.961229655222348","0.961274576308363","0.961508008567208","0.961508008567208","0.956405967750881","0.956405967750881","0.951303926934555","0.951303926934555","0.951303926934555","0.951303926934555","0.951303926934555","0.951303926934555","0.951303926934555","0.951303926934555","0.956405967750881","0.956405967750881","0.956405967750881","0.956405967750881","0.956405967750881"
"PER","Peru","0.974028872709699","0.971381035110405","0.969615810044209","0.968733197511111","0.970057116310758","0.966085359911817","0.959465765913582","0.96078968471323","0.961230990979778","0.958583153380484","0.955052703248092","0.949315721782956","0.96078968471323","0.94313743405127","0.945785271650564","0.932987389920644","0.934752614986839","0.924161264589664","0.926809102188958","0.918424283124527","0.919306895657625","0.911804689126292","0.9082742389939","0.92151342699037","0.903419870061861","0.890180682065391","0.910039464060096","0.918424283124527","0.910039464060096","0.910039464060096"
"PHL","Philippines","0.885872469501356","0.883936770802385","0.883208175226175","0.880233077218983","0.875010297748165","0.872906576330772","0.86980458079869","0.864943126287806","0.864501820021256","0.867590963887099","0.865384432554354","0.864943126287806","0.864060513754707","0.863177901221609","0.864501820021256","0.85876483855612","0.860530063622315","0.860088757355767","0.857440919756473","0.85876483855612","0.85435177589063","0.860971369888865","0.861853982421962","0.86273659495506","0.849056100692042","0.810221149235731","0.798747186305457","0.798305880038908","0.799188492572007","0.799188492572007"
"POL","Poland","0.96306987049012","0.95468505142569","0.955567663958788","0.958215501558082","0.95865680782463","0.957332889024983","0.956450276491886","0.9502719887602","0.954878685807951","0.950024316875912","0.923104634616424","0.92045679701713","0.917174018769026","0.911437037303889","0.918939243835222","0.908347893438046","0.901286993173263","0.899521768107067","0.887111155141668","0.872494010843526","0.860083397878127","0.842570744096403","0.830601437397554","0.823238827746456","0.809062989714862","0.803960948898536","0.809558333483438","0.828093196678495","0.836919322009474","0.836919322009474"
"PRT","Portugal","0.635536745465841","0.59139601169367","0.582499893629216","0.522680938976179","0.50764151061959","0.540388419166607","0.532975359680884","0.500219366084633","0.499880758728801","0.497248706402552","0.48793506079735","0.484457550390202","0.425781892787995","0.461848043386165","0.480631676242293","0.462920268467654","0.473299407256469","0.457369920643609","0.511217196726294","0.392067635082854","0.480188119571967","0.48561469518827","0.541306160556744","0.546845617909782","0.518423684905055","0.527081623262087","0.547074674713597","0.616300932867997","0.596417431968501","0.596417431968501"
"QAT","Qatar","0.922041828677151","0.924894963597237","0.92140779869491","0.920139738734548","0.918554663778945","0.917920633796705","0.91850699235171","0.914529951720809","0.914783278545153","0.922599337800603","0.917980757331848","0.917980757331848","0.912878716515521","0.907776675699195","0.902674634882868","0.897572594066542","0.892470553250216","0.892470553250216","0.887368512433889","0.882266471617563","0.877164430801236","0.877164430801236","0.87206238998491","0.87206238998491","0.866960349168583","0.866960349168583","0.866960349168583","0.866960349168583","0.866960349168583","0.866960349168583"
"ROU","Romania","0.838344367537847","0.849416153468179","0.859752606738975","0.864558711332317","0.876914132879304","0.887800859483219","0.892512410147272","0.890344836543668","0.894793520880743","0.888398769083705","0.885363312559325","0.887784549230226","0.886925323975043","0.883017678449716","0.885784162635083","0.884018937568887","0.863718849307634","0.861953624241438","0.866366686906928","0.869014524506222","0.861953624241438","0.864160155574183","0.860188399175242","0.863277543041085","0.874751505971358","0.87386889343826","0.876075424771005","0.876516731037554","0.871221055838966","0.871221055838966"
"RUS","Russian Federation","0.975867752220041","0.975867752220041","0.975867752220041","0.975426445953492","0.974543833420394","0.974102527153845","0.973661220887296","0.973219914620747","0.972337302087649","0.9718959958211","0.971454689554551","0.971455969756678","0.972165149881745","0.972690336073269","0.973553208352211","0.973553208352211","0.973553208352211","0.973553208352211","0.973553208352211","0.973553208352211","0.973553208352211","0.973553208352211","0.973553208352211","0.973553208352211","0.973553208352211","0.973553208352211","0.973553208352211","0.973553208352211","0.973553208352211","0.973553208352211"
"RWA","Rwanda","0.999210754399964","0.999256676285599","0.999296857935683","0.999320605064629","0.99935250120489","0.99942045367188","0.999503180892455","0.997172395511826","0.997172395511826","0.997687063550941","0.996185948436856","0.998073064580277","0.992154382130457","0.991511047081563","0.998287509596574","0.999574179694361","0.999617068697621","0.993441052228244","0.984525391264939","0.984525391264939","0.984525391264939","0.990524600006593","0.984525391264939","0.984525391264939","0.984525391264939","0.984525391264939","0.984525391264939","0.984525391264939","0.984525391264939","0.984525391264939"
"KNA","Saint Kitts and Nevis","0.947836901138999","0.891906399195971","0.891906399195971","0.891906399195971","0.903681241723306","0.909568662986975","0.9119236314842","0.978600137945039","0.978600137945039","0.978428581932001","0.965947881983467","0.94999317277091","0.972212890914573","0.972269699364676","0.972269699364676","0.973453457553892","0.974697238648419","0.974697238648419","0.994897959183674","0.972269699364676","0.987992829658884","0.980959033124315","0.984089930362263","0.984261486375302","0.984261486375302","0.984261486375302","0.984261486375302","0.984261486375302","0.984261486375302","0.984261486375302"
"LCA","Saint Lucia","0.701278092297135","0.689783839423572","0.727611940298508","0.463201235203294","0.514968262137588","0.471857657593325","0.565577285983873","0.68907644935622","0.590022104664268","0.715629985464733","0.713644433326616","0.761769674167712","0.95635484506268","0.969264435043809","0.93478167642312","0.863071262973128","0.906517823275067","0.834164074776182","0.884086874570315","0.796378862904505","0.783812384949453","0.84904655890725","0.919641858272493","0.890262891039691","0.85204878913542","0.837552306033687","0.836737414971755","0.836737414971755","0.836737414971755","0.836737414971755"
"VCT","Saint Vincent and the Grenadines","0.775705495475352","0.766820418478254","0.755305076630161","0.744511470986972","0.730609832760591","0.719409647627999","0.715288452747553","0.841547890386211","0.884522671652294","0.87118419163857","0.884308226635997","0.866166178257201","0.8760306490069","0.874701089905854","0.88885446098151","0.85634459651076","0.862005944941023","0.858660602686777","0.852313030204362","0.839103217200416","0.843177672510074","0.849611022999009","0.840861666334058","0.811225365081699","0.818000077025149","0.822460533364143","0.837300128491953","0.854798841821855","0.854798841821855","0.854798841821855"
"WSM","Samoa","0.981228145647455","0.981228145647455","0.981228145647455","0.98858134230694","0.990346567373136","0.992994404972429","0.987257423507293","0.981520442042155","0.974557736017845","0.968737787772886","0.968866454782665","0.969166677805482","0.968266008737031","0.967837118704435","0.968652009766367","0.969509789831559","0.969810012854376","0.970196013883712","0.969509789831559","0.969724234847856","0.968716343271256","0.967708451694657","0.969552678834818","0.96839467574681","0.967622673688137","0.969123788802222","0.969080899798963","0.969080899798963","0.969166677805482","0.969166677805482"
"SMR","San Marino",,,,,,,,,,,,,,,,,,,,,,,,,,,,,,
"STP","Sao Tome and Principe","0.983550912691617","0.983550912691617","0.983109606425068","0.984433525224715","0.985757444024362","0.988405281623655","0.989729200423302","0.990170506689852","0.988349976386443","0.985390635161532","0.985426748232239","0.984538495397742","0.978476458441881","0.975412147043945","0.971710140898514","0.966169547914323","0.965728241647773","0.962785821327062","0.966096186141757","0.967830938438647","0.968732743138252","0.970748526291451","0.967549907582336","0.968064575621451","0.965398681486805","0.961169591068306","0.962597344409825","0.963014953839622","0.966986710238563","0.966986710238563"
"SAU","Saudi Arabia","0.97788757910231","0.9778261836057","0.96004002619775","0.957609955258351","0.955844730192155","0.95363819885941","0.951872973793213","0.949666442460469","0.948126373652716","0.945694686061528","0.943488154728783","0.941722929662587","0.939516398329842","0.937309866997098","0.934662029397804","0.93201419179851","0.929807660465765","0.927159822866471","0.924511985267177","0.912596716070354","0.91241208793843","0.91241208793843","0.91241208793843","0.91241208793843","0.91241208793843","0.91241208793843","0.91241208793843","0.91241208793843","0.950107748727018","0.950107748727018"
"SEN","Senegal","0.993123379122863","0.99358393263059","0.992619166942192","0.992087172268584","0.993134248850603","0.992663206983093","0.995244710372353","0.99433673352088","0.993407374233453","0.99297011110182","0.992528804835271","0.99674661465097","0.997003948670528","0.997003948670528","0.991204886035624","0.990763579769075","0.989439660969428","0.98899835470288","0.989880967235977","0.991204886035624","0.990763579769075","0.98899835470288","0.99738317376731","0.995617948701114","0.993852723634918","0.992528804835271","0.992528804835271","0.992528804835271","0.992528804835271","0.992528804835271"
"SRB","Serbia","0.953948559390126","0.953948559390126","0.953948559390126","0.953948559390126","0.953948559390126","0.953948559390126","0.953948559390126","0.953948559390126","0.953948559390126","0.953948559390126","0.953948559390126","0.953948559390126","0.952197184253871","0.955681278138737","0.960535647070776","0.960976953337325","0.950826909206699","0.939965371299391","0.945067412115717","0.945067412115717","0.945067412115717","0.950169452932044","0.95479866560564","0.952150828006346","0.955271493748371","0.951268215473248","0.955681278138737","0.95479866560564","0.955681278138737","0.955681278138737"
"SYC","Seychelles","0.95866550428715","0.95866550428715","0.95866550428715","0.95866550428715","0.95866550428715","0.953304378879704","0.960809954450128","0.960809954450128","0.960809954450128","0.966171079857574","0.95866550428715","0.965098854776084","0.933661215386824","0.949358590579825","0.933875660403122","0.951503040742802","0.881422409416674","0.858047902640212","0.897119784609675","0.867655039370354","0.81005510799276","0.838104516124515","0.82969827148564","0.840034521271195","0.79139839157485","0.842221860437433","0.842221860437433","0.88776998189909","0.857404567591319","0.857404567591319"
"SLE","Sierra Leone","0.992154784585747","0.99223975767606","0.992314811387","0.998662383869415","0.99913416290527","0.999005495895491","0.998833939882453","0.995818157789176","0.9981477158303","0.997976159817262","0.997675936794445","0.998405049849858","0.996946823739032","0.998447938853117","0.995660153641245","0.99810482682704","0.99819060483356","0.995317041615169","0.994673706566275","0.998533716859636","0.998919717888972","0.996389266696658","0.992143255373961","0.99325836945871","0.99325836945871","0.99325836945871","0.99325836945871","0.99325836945871","0.99325836945871","0.99325836945871"
"SGP","Singapore","0","0","0","0","0","0.15259907359753","0.347744038428547","0.542889003259564","0.494338651569737","0.469806141705267","0.497340881797907","0.518099159375536","0.486275518956939","0.521015611597186","0.43309315491508","0.44098473151484","0.452135872362326","0.434551381025905","0.420655343969806","0.429318922628238","0.459941670955567","0.439526505404014","0.415680219591697","0.43206381883685","0.467147023503174","0.395436610053182","0.394407273974953","0.47143592382913","0.47143592382913","0.47143592382913"
"SVK","Slovakia","0.757577630967308","0.821638498896151","0.842051940260171","0.833966126632145","0.857450622307381","0.895671217571391","0.887676296797053","0.885292615851465","0.887741619549234","0.885809446604485","0.88723820602372","0.882138090608227","0.886334227004252","0.88908614136451","0.884231772432472","0.877612178434237","0.879818709766982","0.872757809502198","0.872757809502198","0.869979381273007","0.869979381273007","0.869979381273007","0.869979381273007","0.869979381273007","0.869979381273007","0.869979381273007","0.869979381273007","0.870992584436002","0.876729565901139","0.876729565901139"
"SVN","Slovenia","0.799592917484734","0.802240755084028","0.721923014572113","0.752814453230542","0.741781796566817","0.672055406452078","0.683281697498064","0.725205792820217","0.687253453897005","0.649301114973792","0.685488228830809","0.705099338941226","0.720738692652701","0.749229965596124","0.761145234792947","0.767764828791181","0.775514707206801","0.794490876668408","0.813908352396564","0.796697408001153","0.790077814002918","0.770219032008214","0.783016913738134","0.765364663076175","0.801551776933191","0.802875695732838","0.813025739863465","0.828030152926131","0.853184610119423","0.853184610119423"
"SLB","Solomon Islands","0.961306131787421","0.963071356853617","0.967043113252558","0.972780094717695","0.978517076182831","0.984254057647968","0.989549732846557","0.990873651646204","0.98679806070539","0.982611859290151","0.958379572448498","0.982458359812467","0.965785818147295","0.982403054575254","0.978572381420044","0.972197705207414","0.94812906281509","0.956362615809772","0.953158356799258","0.967877196480997","0.962222623983289","0.925729722510799","0.934509551945056","0.912785155090118","0.973457309429357","0.973028419396762","0.980901939461168","0.981532858276109","0.98278905560459","0.98278905560459"
"SOM","Somalia","0.993538013182151","0.994197572827529","0.995494329175476","0.996087022588513","0.995645716321964","0.995204410055415","0.994770666065666","0.995549653969969","0.99438267899012","0.993452443760443","0.992322559532869","0.99022766398498","0.99022766398498","0.989786357718432","0.99022766398498","0.99022766398498","0.987579826385687","0.984490682519844","0.982284151187099","0.980518926120903","0.980960232387452","0.983166763720197","0.982725457453648","0.97977591046804","0.97977591046804","0.97977591046804","0.97977591046804","0.97977591046804","0.97977591046804","0.97977591046804"
"ZAF","South Africa","0.902923999218454","0.904093132758199","0.908732107771695","0.912341913507386","0.916201161363187","0.917241103588653","0.917726012836428","0.913331419869264","0.913870955324393","0.914128359123196","0.914128359123196","0.914128359123196","0.914128359123196","0.914128359123196","0.914128359123196","0.914128359123196","0.90902631830687","0.90902631830687","0.90902631830687","0.90902631830687","0.90902631830687","0.903924277490543","0.898822236674217","0.89372019585789","0.888618155041564","0.888618155041564","0.883516114225237","0.883516114225237","0.883516114225237","0.883516114225237"
"ESP","Spain","0.725504587419902","0.688354606813206","0.686531997467694","0.656981694056234","0.649294930603636","0.655656419791053","0.648596655157423","0.653242181520192","0.61216015669893","0.627233351155172","0.67646318881897","0.663646152776914","0.657212802287979","0.712158120133726","0.715386113835364","0.665435074679862","0.596522402141528","0.633993914834023","0.575282200556399","0.52247902375695","0.535341220064574","0.553231574725211","0.540369416271959","0.543265540695948","0.543061240651295","0.526260031976345","0.531528603444718","0.661508364983374","0.659574990797603","0.659574990797603"
"LKA","Sri Lanka","0.695761120440952","0.693966558236604","0.683783807928734","0.641342886868273","0.590198867185211","0.607103910402033","0.605131016252094","0.539167729238883","0.628677079041594","0.579764423159184","0.583092844509231","0.583484485839966","0.6105068291558","0.560372991238833","0.616931170304245","0.643661164306598","0.583152692271061","0.67250403792584","0.737963937502735","0.557047976782248","0.671648453414215","0.744680552255916","0.772906058925326","0.833612017218591","0.711891928191165","0.519674658330226","0.73276414742794","0.744679416624762","0.769889141200895","0.769889141200895"
"SDN","Sudan","0.988106194231993","0.976869275377987","0.979197697787957","0.991017006152244","0.991458312418793","0.99049669781173","0.980491143818298","0.983768764601378","0.983799237370684","0.984177587610873","0.984555937851062","0.98581690062435","0.987519169664186","0.987456213637826","0.98606933881182","0.98600638278546","0.986826039292199","0.988528308332035","0.984484325791682","0.985115244606622","0.97712547376639","0.955711444905915","0.961520652512462","0.964165083218294","0.967254227084137","0.941134824099062","0.967254227084137","0.967254227084137","0.967254227084137","0.967254227084137"
"SUR","Suriname","0.911490603384641","0.912864334997719","0.914238066610797","0.915611798265088","0.916985529878166","0.918359261491243","0.919732993145534","0.90413993411632","0.920216757010222","0.907906896347769","0.911644059949938","0.920979827934326","0.905443983742121","0.895907287148609","0.890805246332283","0.890805246332283","0.890805246332283","0.890805246332283","0.890805246332283","0.890805246332283","0.890805246332283","0.890805246332283","0.890805246332283","0.890805246332283","0.890805246332283","0.890805246332283","0.890805246332283","0.890805246332283","0.890805246332283","0.890805246332283"
"SWZ","Swaziland","0.893868874888885","0.89661606044309","0.891883805763684","0.887527407355526","0.873770770375906","0.864536696570904","0.923119300551108","0.830838849278964","0.858881788370985","0.854850222064586","0.874475539651956","0.848227469657103","0.86265106136309","0.918255650948262","0.921786101080655","0.852942323499013","0.843418958493684","0.837071386011268","0.85867930496415","0.846592744734892","0.855856769438957","0.862933454976786","0.825491355131186","0.816192318995888","0.816192318995888","0.816192318995888","0.816192318995888","0.816192318995888","0.816192318995888","0.816192318995888"
"SWE","Sweden","0.960174361006539","0.955761298341049","0.9553199920745","0.954878685807951","0.953996073274853","0.950465623142461","0.950024316875912","0.942963416611128","0.937226435145992","0.957085217140696","0.944728641677324","0.942522110344579","0.943404722877677","0.939874272745286","0.946935173010069","0.946052560476971","0.938550353945639","0.938991660212187","0.942522110344579","0.937226435145992","0.939874272745286","0.946052560476971","0.943846029144226","0.947376479276618","0.948259091809716","0.943846029144226","0.942522110344579","0.938991660212187","0.944287335410775","0.944287335410775"
"CHE","Switzerland","0.76804402255165","0.775104922816435","0.783048435614316","0.790550642145649","0.793198479744943","0.787902804546355","0.784565988796224","0.787655132662068","0.78696615451123","0.790690239025884","0.790690239025884","0.789118648341949","0.712772664228975","0.693107516616532","0.694872741682728","0.701933641947512","0.688694453951042","0.699092169965956","0.69335518850082","0.696885638633212","0.703311598249185","0.710813804780517","0.724494299043536","0.723170380243889","0.733761730641065","0.738174793306555","0.700663760649891","0.706842048381576","0.773479294630473","0.773479294630473"
"SYR","Syrian Arab Republic","0.915913721506257","0.916297979377524","0.912149243828056","0.904239137387381","0.902505835376725","0.902158839034418","0.902871596914455","0.898221950976874","0.89622641597962","0.897076959548698","0.894123119699844","0.893303856041122","0.895538488560551","0.894393330866398","0.892628105800203","0.89791962971762","0.88909765566781","0.901846225850993","0.966651509776195","0.963777946557804","0.983635555066982","0.972141302193418","0.97986132278014","0.96999685203044","0.966994621802271","0.967466400838126","0.975045338181115","0.970186464578832","0.93789104512438","0.93789104512438"
"TJK","Tajikistan","0.840296685676993","0.844010423882656","0.848540899767223","0.856693152613534","0.942085158103326","0.950276957725903","0.934622471536162","0.919868654414872","0.967561226039507","0.962586101661398","0.985531718405265","0.92788889802441","0.940412486976203","0.954780303068157","0.96461430104855","0.964485634038772","0.973234990703723","0.963456297960543","0.960496956735633","0.937606645228978","0.921480380003383","0.959369426416931","0.953779168496925","0.950818691640862","0.891465387600132","0.89278930639978","0.887052324934643","0.885728406134996","0.882639262269153","0.882639262269153"
"TZA","Tanzania, United Republic of","0.993905980999873","0.996155230625084","0.99521066624798","0.994185979119909","0.994638874592555","0.993952650540401","0.997169325784869","0.990650197289415","0.98987573297168","0.98987573297168","0.98987573297168","0.98987573297168","0.98987573297168","0.98987573297168","0.98987573297168","0.98987573297168","0.98987573297168","0.98987573297168","0.98987573297168","0.98987573297168","0.98987573297168","0.98987573297168","0.98987573297168","0.98987573297168","0.98987573297168","0.98987573297168","0.98987573297168","0.98987573297168","0.98987573297168","0.98987573297168"
"THA","Thailand","0.911977973215156","0.90402028793449","0.893913309519444","0.886477310451719","0.861166286258844","0.842061731262781","0.78958669555375","0.728393954096522","0.707211253302171","0.678085039709937","0.723539585164483","0.72927656662962","0.677643733443388","0.680732877309232","0.676319814643741","0.674995895844094","0.638367475720529","0.673230670777899","0.796796425411615","0.769435436885578","0.760609311554598","0.751783186223618","0.745163592225384","0.743398367159188","0.757078861422206","0.775613724617264","0.795472506611967","0.801209488077105","0.806505163275692","0.806505163275692"
"TLS","Timor-Leste","0.996302564573159","0.996302564573159","0.996235167685412","0.996235167685412","0.996235167685412","0.996235167685412","0.996235167685412","0.996235167685412","0.996235167685412","0.996676473951962","0.996235167685412","0.995793861418864","0.994911248885765","0.994469942619217","0.993587330086118","0.99270471755302","0.992263411286471","0.991380798753373","0.990056879953726","0.98873296115408","0.986526429821335","0.984761204755139","0.983437285955492","0.981230754622747","0.976817691957257","0.969756791692473","0.965343729026984","0.96225458516114","0.96225458516114","0.96225458516114"
"TGO","Togo","0.995907327640649","0.995917834244137","0.995483749104761","0.995047139942053","0.994804918382092","0.994804392970956","0.994795975211165","0.994783570091474","0.994771423411913","0.99476610574102","0.998839917783325","0.999793002804481","0.999808167374471","0.999811117946831","0.999811117946831","0.99583936154789","0.997604586614086","0.994709077130504","0.994709077130504","0.997151999744738","0.998310002832746","0.994709077130504","0.994709077130504","0.994709077130504","0.994709077130504","0.994709077130504","0.998224224826227","0.994709077130504","0.994709077130504","0.994709077130504"
"TON","Tonga","0.98278905560459","0.98278905560459","0.981465136804943","0.981465136804943","0.981465136804943","0.981023830538393","0.981023830538393","0.981023830538393","0.981023830538393","0.981023830538393","0.981023830538393","0.981465136804943","0.981465136804943","0.964438202510896","0.965921261089628","0.980889523227215","0.981232635253292","0.97481170099831","0.972066804789699","0.971372669173837","0.975111924021127","0.97442119529873","0.950364931285987","0.959875009406811","0.957314085445191","0.958368253991327","0.957051111124234","0.962810653794969","0.96200817896699","0.96200817896699"
"TTO","Trinidad and Tobago","0.769809247617847","0.779517985481925","0.77731145414918","0.773339697750238","0.783489741880865","0.793198479744943","0.893225638170863","0.787848767044328","0.794661995424824","0.790442567141596","0.801033917538772","0.813831799268693","0.827070987265162","0.84119278779473","0.853549363258101","0.81074265540285","0.7670533350145","0.444458454167192","0.428571428571428","0.428571428571428","0.428571428571428","0.428571428571428","0.835759625517732","0.806123324265372","0.804493542141509","0.808739553464206","0.825166041712619","0.843951425140308","0.843951425140308","0.843951425140308"
"TUN","Tunisia","0.956446198262727","0.946808588763278","0.947151700789355","0.942065387958125","0.942837366721327","0.940627591083365","0.939607740885916","0.941418904524467","0.939304991799408","0.934262036651456","0.93068596104205","0.930566324577692","0.926388575812624","0.925808508529001","0.928015039861746","0.922719364663158","0.923160670929707","0.914775851865276","0.929580723463668","0.91888780978693","0.916099770664923","0.91301062679908","0.91786499573112","0.912569320532531","0.909921482933237","0.910804095466335","0.911686707999434","0.912128014265982","0.915430721427104","0.915430721427104"
"TUR","Turkey","0.825604944100258","0.814891483492703","0.795136700106545","0.798419532756036","0.78883498574574","0.781082755274905","0.794877027092246","0.790289267351528","0.770549217675858","0.780758153341936","0.758946758920715","0.769886132945577","0.718701025097207","0.733720083879231","0.730312937458853","0.728989018659206","0.725017262260265","0.719721587061677","0.725458568526814","0.725458568526814","0.726782487326461","0.70559978653211","0.69677366120113","0.684417085737759","0.700745417600071","0.69677366120113","0.699421498800424","0.69677366120113","0.692801904802189","0.692801904802189"
"TKM","Turkmenistan","0.768116072554353","0.769439991354","0.771205216420196","0.812412471228785","0.778297657102079","0.771646522686745","0.768309706936614","0.769192319469712","0.765414197453032","0.765855503719581","0.767620728785777","0.768062035052326","0.76629680998613","0.76629680998613","0.765855503719581","0.765855503719581","0.765414197453032","0.765855503719581","0.76629680998613","0.764531584919934","0.764972891186483","0.765855503719581","0.765855503719581","0.764090278653385","0.750409784390367","0.752175009456562","0.741142352792838","0.741583659059387","0.741142352792838","0.741142352792838"
"TUV","Tuvalu","0.941729554134553","0.941729554134553","0.942170860401102","0.943936085467298","0.950114373198983","0.961147029862708","0.952762210798277","0.943494779200749","0.931486956064854","0.926094222256947","0.932743153393334","0.9314688995295","0.936151712448501","0.91900061581492","0.925886553173203","0.928374115362258","0.93021834250242","0.933349239740368","0.933263461733848","0.935836801929423","0.931719457616504","0.931290567583908","0.926958778254693","0.933349239740368","0.926358332209058","0.929789452469824","0.941712595375983","0.943685489525923","0.943685489525923","0.943685489525923"
"UGA","Uganda","0.994673852032106","0.995016964058183","0.994769292173895","0.993782845098925","0.993654178089146","0.992925065033734","0.992710620017436","0.992882176030474","0.992581953007657","0.992839287027214","0.993525511079367","0.992624842010916","0.992882176030474","0.989622611782747","0.991466838922909","0.991852839952244","0.99129528290987","0.991123726896832","0.99039461384142","0.991767061945726","0.993911512108704","0.990866392877275","0.99129528290987","0.989622611782747","0.98927949975667","0.99125239390661","0.99125239390661","0.990437502844679","0.98940816676645","0.98940816676645"
"UKR","Ukraine","0.875296130416626","0.898447195152438","0.897504712163073","0.904565077267516","0.915903598239741","0.923492242038382","0.921710572438353","0.925897228561493","0.937038905360588","0.935352682368357","0.924854445526347","0.918358705834219","0.910017275776152","0.8872965684099","0.910496415536549","0.876074526745728","0.85356790715173","0.838563494089064","0.8451830880873","0.856215744751024","0.873426689146434","0.890637633541845","0.907407271670706","0.924618216066116","0.925942134865763","0.925500828599214","0.922411684733371","0.93212042259745","0.932561728863998","0.932561728863998"
"ARE","United Arab Emirates","0.815901934798011","0.816520739083463","0.816964713219579","0.810393696935689","0.815518567831621","0.815774145809214","0.815774145809214","0.810672104992888","0.810672104992888","0.810672104992888","0.810672104992888","0.810672104992888","0.841284349890847","0.871896594788806","0.907610880503092","0.912712921319419","0.912712921319419","0.917814962135745","0.912712921319419","0.912712921319419","0.912712921319419","0.912712921319419","0.912712921319419","0.907610880503092","0.907610880503092","0.907610880503092","0.907610880503092","0.907610880503092","0.907610880503092","0.907610880503092"
"GBR","United Kingdom","0.700524163769656","0.693904569771421","0.705378532701695","0.700965470036205","0.686402363240089","0.70317200136895","0.69434587603797","0.71974800511555","0.716217554983158","0.719306698849001","0.71911306446674","0.801885008195688","0.798548192445557","0.806739377127727","0.814930561809896","0.856467388367527","0.797967289298773","0.831947871823046","0.853324206999658","0.80875227407821","0.808063295927374","0.826350487238143","0.825909180971594","0.822572365221463","0.817276690022876","0.844196372282364","0.846402903615109","0.830957184285894","0.830957184285894","0.830957184285894"
"USA","United States","0.800083085052498","0.794252294981014","0.792709027402028","0.792531802944646","0.787568013454601","0.787847110360954","0.791234850566726","0.786913480710369","0.78645300509977","0.790280454635517","0.782426027208208","0.784575663737756","0.780974515519306","0.785828884451345","0.790241947116835","0.784946271918248","0.77965059671966","0.773913615254523","0.771265777655229","0.773472308987974","0.77082447138868","0.763763571123896","0.764646183656994","0.761557039791152","0.764204877390445","0.764646183656994","0.764204877390445","0.76641140872319","0.765528796190092","0.765528796190092"
"URY","Uruguay","0.883875835460277","0.84080787893524","0.839213398073531","0.837652061550741","0.836119818561998","0.845018398507112","0.829678476325526","0.868265988845358","0.830308860970775","0.82551928947998","0.825752462936028","0.826061801966776","0.83189648920378","0.851412016170257","0.851412016170257","0.84630997535393","0.84630997535393","0.84630997535393","0.841207934537604","0.841207934537604","0.841207934537604","0.841207934537604","0.841207934537604","0.836105893721278","0.831003852904951","0.825901812088625","0.825901812088625","0.825901812088625","0.825901812088625","0.825901812088625"
"UZB","Uzbekistan","0.0102040816326531","0.0102040816326531","0.0102040816326531","0.0102040816326531","0.0102040816326531","0.0102040816326531","0.0133349788706013","0.0135065348836395","0.0102040816326531","0.0833727211934696","0.029462994667759","0.0101200541976956","0.0051020408163266","0.0051020408163266","0","0","0","0","0","0","0","0","0","0","0","0","0","0","0","0"
"VUT","Vanuatu","0.968495699061984","0.972467455460925","0.975115293060218","0.976439211859865","0.977321824392964","0.978204436926061","0.97864574319261","0.97864574319261","0.97864574319261","0.978431298176312","0.97868863219587","0.977450491402742","0.975556599326768","0.973791374260571","0.978204436926061","0.985436893203884","0.992810432725437","0.995059853061442","0.995145631067961","0.995145631067961","0.995145631067961","0.995059853061442","0.994931186051663","0.995016964058183","0.994888297048403","0.995145631067961","0.995145631067961","0.995145631067961","0.995145631067961","0.995145631067961"
"VEN","Venezuela, Bolivarian Republic o","0.913094187366032","0.913094187366032","0.913094187366032","0.913094187366032","0.913094187366032","0.913094187366032","0.907992146549705","0.902890105733378","0.896464146117406","0.892244717834177","0.892244717834177","0.88714267701785","0.88714267701785","0.887583983284399","0.886260064484752","0.886260064484752","0.886260064484752","0.886260064484752","0.886260064484752","0.886260064484752","0.886260064484752","0.886260064484752","0.886260064484752","0.886260064484752","0.886260064484752","0.886260064484752","0.886260064484752","0.886260064484752","0.886260064484752","0.886260064484752"
"VNM","Viet Nam","0.762585357666267","0.712254735725637","0.713949605621913","0.788102415443229","0.804978085843644","0.802274433132385","0.796096145400699","0.77403083207325","0.753730743811996","0.736519799416586","0.720191467554274","0.697684847960275","0.674295615833179","0.655319446371573","0.638108501976162","0.642962870908201","0.593977875321263","0.557790761464247","0.531312385471308","0.45231856375904","0.499097028013232","0.497331802947036","0.576325624659304","0.391859605241829","0.391859605241829","0.555584230131502","0.391859605241829","0.391859605241829","0.391859605241829","0.391859605241829"
"YEM","Yemen","0.970017910265319","0.969262938197275","0.96800973827584","0.96229453991206","0.959463755589627","0.959296203697842","0.961502735030586","0.958413591164744","0.96901626001909","0.948704853300666","0.97201849024726","0.959623568305246","0.956648366098548","0.961944041297135","0.965033185162979","0.963709266363332","0.958413591164744","0.954883141032352","0.938996115436588","0.93811350290349","0.980338956879615","0.96017881623094","0.965474491429527","0.979352509804645","0.955634891002106","0.961768018468224","0.976221612566697","0.967429366898486","0.963612245608386","0.963612245608386"
"ZMB","Zambia","0.978763261703622","0.964200154907506","0.961993623574761","0.970109865871207","0.973926987161308","0.977872775461188","0.969552308828832","0.948754435578292","0.950960966911036","0.948754435578292","0.94478267917935","0.946989210512096","0.944341372912801","0.943900066646252","0.948754435578292","0.9452239854459","0.946106597978998","0.946989210512096","0.944341372912801","0.943017454113154","0.941693535313507","0.939928310247311","0.939928310247311","0.941693535313507","0.941693535313507","0.941693535313507","0.941693535313507","0.941693535313507","0.941693535313507","0.941693535313507"
"ZWE","Zimbabwe","0.95246471626804","0.954092073776453","0.953141463036911","0.953141463036911","0.953141463036911","0.953141463036911","0.953141463036911","0.953141463036911","0.953141463036911","0.953141463036911","0.953141463036911","0.953141463036911","0.953141463036911","0.953141463036911","0.953141463036911","0.953141463036911","0.953141463036911","0.953141463036911","0.953141463036911","0.956202604607598","0.955761298341049","0.955761298341049","0.950659257524722","0.950659257524722","0.950659257524722","0.949719087908572","0.949719087908572","0.949719087908572","0.949719087908572","0.949719087908572"
