"ISO3","Name","1995","1996","1997","1998","1999","2000","2001","2002","2003","2004","2005","2006","2007","2008","2009","2010","2011","2012","2013","2014","2015","2016","2017","2018","2019","2020","2021","2022","2023","2024"
"AFG","Afghanistan",0.025522949298253,0.025522949298253,0.0357163412498832,0.0459097332015135,0.044972240631272,0.0440347480610307,0.0548968731601781,0.0657589982593253,0.065306206099152,0.0741016077437279,0.0592726356165891,0.0706834740196028,0.0596837922472102,0.0497842403882981,0.0612127542519706,0.0401723017768135,0.0543840653018854,0.0444920919411382,0.055911155787282,0.0617453979050028,0.0712810432209375,0.0607718612581235,0.0657376721806479,0.0665869029734815,0.0754778445263247,0.0986924479780578,0.140019546517919,0.151579343999191,0.145396259914114,0.119988882712875
"ALB","Albania",0.228852807381864,0.228852807381864,0.2605493560899,0.292245904797936,0.243772837012867,0.195299769227799,0.193269759900008,0.191239750572217,0.189476964172858,0.247826409323974,0.218345288991818,0.261850212231451,0.266364432463024,0.273616454472184,0.289637769275535,0.305938425672828,0.26307730509437,0.232301231993471,0.233940451904459,0.266211314452845,0.286853271934559,0.305412505626399,0.291512246102116,0.286718014226458,0.297950688607066,0.270007957192021,0.28327046761159,0.306739320434683,0.315152285184061,0.325153199455928
"DZA","Algeria",0.276640968395283,0.276640968395283,0.235252987713152,0.193865007031021,0.187462966732958,0.181060926434894,0.186870561538757,0.192680196642619,0.233760439467866,0.228510481074515,0.278764657664566,0.319863130474728,0.311616361265898,0.287905897603446,0.28023712751075,0.331831450596406,0.327761057716202,0.317532418816551,0.328609456722651,0.278644764899391,0.276818901365916,0.274201500667405,0.297494430670293,0.297946044466422,0.278992312976817,0.275506065189918,0.271956971320675,0.273786508577346,0.274556303770513,0.285265553463844
"AND","Andorra",0.737206634429861,0.737206634429861,0.736690453215678,0.736174272001495,0.734665111133708,0.733155950265921,0.732087555313506,0.73101916036109,0.730290261331801,0.636893958996582,0.729003926794203,0.730894762086336,0.72954033659114,0.729900361464326,0.72988767672197,0.730105027125132,0.729560622936838,0.728429393454668,0.728515344714343,0.691460277937261,0.692358884494053,0.693083023856812,0.692564936465499,0.69344614482376,0.694660183261487,0.6949652409178,0.694371206808597,0.694167211197933,0.693466500484989,0.69414161066145
"AGO","Angola",0.164499389480347,0.164499389480347,0.14593977455308,0.127380159625814,0.126952586766699,0.126525013907584,0.12378536371581,0.121045713524036,0.116654459046223,0.139825116450671,0.123370279205042,0.122743597480269,0.126528017580637,0.128951935524171,0.12836099750873,0.115757862639859,0.106115147932169,0.0897835074920731,0.0848268462197722,0.0789261074016904,0.079081951822794,0.0785206577498704,0.0940900583897867,0.149317739926414,0.199452093066822,0.216311132284696,0.274116057721631,0.283010834733911,0.278136081315252,0.278522515406128
"ATG","Antigua and Barbuda",0.629066317704552,0.629066317704552,0.628550148042958,0.628033978381364,0.626524805960988,0.625015633540612,0.623947250140786,0.622878866740959,0.62214996771167,0.565426526310108,0.580078096885692,0.665266955023901,0.664218326550693,0.664497067410025,0.664487247709659,0.730105027125132,0.729560622936838,0.728429393454668,0.728515344714343,0.547273250583989,0.569466651408008,0.569767873604883,0.467594214768584,0.474638798495659,0.473055539324168,0.473182432958075,0.464303921990637,0.477113755775919,0.484443249444673,0.488078825992668
"ARG","Argentina",0.370420678043148,0.370420678043148,0.348165436212,0.325910194380853,0.338891630318179,0.351873066255505,0.322180094552393,0.292487122849281,0.295702485537141,0.328682931186567,0.332472965845026,0.348237189340205,0.328959430843697,0.326766818830433,0.330641487753459,0.337505920412877,0.343897205250892,0.302959729316378,0.30284887067554,0.268477631981798,0.273310749870906,0.371686402762566,0.381210634120899,0.421045392362071,0.402799233823078,0.391301104060104,0.346740435952645,0.343759244237043,0.340560124488847,0.347115178823791
"ARM","Armenia",0.290135385479732,0.290135385479732,0.281859526852641,0.27358366822555,0.25270794411218,0.231832219998811,0.218502265566611,0.20517231113441,0.204855423627303,0.26706625222448,0.284022240766438,0.27708904709928,0.259337709038027,0.246859873545827,0.252456548230221,0.267248852440934,0.265857712818958,0.279496953154923,0.298961216642853,0.274722822783544,0.278380233724118,0.28820427786351,0.292033314061305,0.384422831399465,0.41027526052647,0.446771459274248,0.435272451514536,0.435654703568315,0.446541308602845,0.455799345213137
"AUS","Australia",0.919208819578902,0.919208819578902,0.919240566092556,0.91927231260621,0.90873659434723,0.898200876088251,0.893168083256642,0.888135290425032,0.891284849567851,0.832122957066214,0.833593578498211,0.826015496226543,0.853565370311414,0.881564362833261,0.878099556650926,0.883012387401828,0.877293093541334,0.87605763660422,0.822108526265607,0.852845112618447,0.850843187633702,0.836969822535833,0.836945331047862,0.831019569322729,0.835130996997875,0.792936876678634,0.809857352563033,0.821816476824132,0.839596996724356,0.850282979504113
"AUT","Austria",0.868328839260816,0.868328839260816,0.849524910188443,0.830720981116069,0.821831506741987,0.812942032367904,0.833644271257277,0.85434651014665,0.880294571602633,0.868226991639137,0.873188551209033,0.871405478463976,0.876487901216495,0.850418375843278,0.839359452396207,0.807648821082587,0.786926896582127,0.739394371250708,0.756629909333205,0.75072538126604,0.766979642467251,0.773102375829138,0.784485672860772,0.80009610829563,0.793835044237057,0.793421715719767,0.736628034579116,0.738411107324173,0.727379286250111,0.72145481841491
"AZE","Azerbaijan",0.080415120554844,0.080415120554844,0.100092864328732,0.119770608102621,0.111473169239902,0.103175730377183,0.101985721323881,0.10079571227058,0.130134366079308,0.134573240327601,0.154907367531722,0.158496202305975,0.152937073534745,0.150933900870425,0.158548766584405,0.137311642839799,0.153635566150666,0.151221121329838,0.190694214230234,0.16318498215229,0.205925701651671,0.248548792693256,0.223990969757333,0.212921117561383,0.247905983554705,0.2468157657623,0.24311752797338,0.230546486195823,0.21859232954785,0.243287466552656
"BHS","Bahamas",0.732805906829343,0.732805906829343,0.732474786533,0.732143666236656,0.731175524648684,0.730207383060712,0.729522002632927,0.728836622205143,0.728369042731477,0.690878212309916,0.727543841323069,0.728756816922639,0.727887946729073,0.728118906081682,0.765223163781304,0.765297608662667,0.765111149881599,0.764723722268097,0.764753158264018,0.724938848104785,0.673938767074928,0.67410623340023,0.671195281423717,0.67717004922997,0.702532463756121,0.702602472443437,0.706162148483897,0.70727715813158,0.704246613757197,0.707046984354999
"BHR","Bahrain",0.447251030334949,0.447251030334949,0.447074241070594,0.446897451806239,0.446380577436736,0.445863703067233,0.498836642768751,0.551809582470268,0.508489385123403,0.474153682192398,0.45695176214292,0.447275637348807,0.446454617977496,0.42755458292001,0.440465617382006,0.457495057282702,0.467756112746149,0.460796995070025,0.467891462874959,0.417646805617968,0.431287362949041,0.402099123844744,0.389278869624485,0.389801277683959,0.403067461826723,0.400994442211329,0.470913851121744,0.455834719239633,0.477370408085722,0.481073012753157
"BGD","Bangladesh",0.220872718129799,0.220872718129799,0.220726473909876,0.220580229689954,0.189780184967573,0.158980140245192,0.123241386973296,0.0875026337014011,0.0843234537212424,0.0721669881405514,0.0842869244358806,0.0919878338302448,0.157229137486272,0.203239747892016,0.211847882074317,0.186271097712881,0.179216879126859,0.163284611676945,0.160680912348592,0.148676732991696,0.172878066146564,0.175886290919644,0.176950838860034,0.169027218661368,0.168064564553012,0.173745503819136,0.169856047582617,0.150111033084927,0.145404115674407,0.167715260482108
"BRB","Barbados",0.759468172421831,0.759468172421831,0.759147530323408,0.758826888224985,0.757889395654743,0.756951903084502,0.756288229970821,0.75562455685714,0.755171764696966,0.690065903590459,0.734481286342855,0.74319295482478,0.731916611659016,0.730948735780583,0.711963026725551,0.732033708697734,0.772207211943769,0.756297356515867,0.750983258150242,0.646663359391583,0.701305047420719,0.68715984991154,0.678791524364768,0.684636903177962,0.686953982781513,0.692592847519716,0.698404169301523,0.697942343017014,0.701701601579267,0.705587453408121
"BLR","Belarus",0.29052491566437,0.29052491566437,0.358930496461176,0.427336077257983,0.383330811403228,0.339325545548472,0.32103746266521,0.302749379781948,0.302432492274842,0.342113092772855,0.355115623737085,0.307253433735495,0.306642740793436,0.312810644777006,0.313171871119413,0.292854102380843,0.316206759267134,0.350609836895239,0.357946955272512,0.387191848271628,0.366786487805792,0.388583681048923,0.396489810628349,0.392980272822699,0.426307088185507,0.398937734851131,0.374710685633892,0.326481030892015,0.298907196738251,0.288792743624975
"BEL","Belgium",0.769151159453612,0.769151159453612,0.738836335007789,0.708521510561966,0.733007672790394,0.757493835018821,0.77008642237424,0.782679009729659,0.758802650893964,0.746542142699747,0.762376883196143,0.747437814899018,0.742759617223921,0.746930610046228,0.782366350470004,0.767938877009362,0.78430938035773,0.765760567100866,0.76902188598644,0.772424585452107,0.774596449016127,0.779354844761743,0.755670651685917,0.758403093062363,0.768344188030118,0.784257902022634,0.780550514583491,0.786838704120252,0.761327214989955,0.761735067580218
"BLZ","Belize",0.412785707359112,0.412785707359112,0.412269537697518,0.411753368035923,0.410244195615548,0.408735023195172,0.407666639795345,0.406598256395519,0.40586935736623,0.399106240909412,0.388386593886282,0.359732223009416,0.358213196230908,0.425835349779922,0.479986399368415,0.464479960336728,0.40666752571716,0.404972576118447,0.404998869810251,0.356013329191961,0.360697210740682,0.393840825152425,0.376361296397304,0.397363348067736,0.404891037947643,0.404966245299858,0.401596586237775,0.411762009372245,0.395571680196712,0.385306881694537
"BEN","Benin",0.244676827075978,0.244676827075978,0.237978809456293,0.231280791836608,0.230343310818955,0.229405829801303,0.228742156687621,0.22807848357394,0.227625691413767,0.304671337747947,0.25954794304657,0.323504529527412,0.344225206348295,0.339830901987075,0.318872172524141,0.3070297987241,0.307873438064019,0.265857943870731,0.289779149855628,0.281987275378109,0.305170779261153,0.322193819027728,0.329456792890944,0.354870593331481,0.366942008754413,0.414222410390786,0.38441654679123,0.396767534859878,0.398163942462286,0.366752846667597
"BTN","Bhutan",0.598572381924053,0.598572381924053,0.596700492877332,0.594828603830612,0.559613633376242,0.524398662921872,0.528561095275978,0.532723527630084,0.669035963970988,0.594525255957422,0.650814943864932,0.610596708995583,0.617422787060629,0.623560307736008,0.600707230993987,0.60075284061404,0.587366971652697,0.610345902295645,0.603794267526946,0.674309974853942,0.671641881396365,0.69249365699343,0.757670266152928,0.75784170656873,0.760637132658584,0.732470720021789,0.727328732122109,0.73592076199581,0.735767690195986,0.762533975296822
"BOL","Bolivia, Plurinational State of",0.289512816476524,0.289512816476524,0.31046546927782,0.331418122079116,0.324630167556666,0.317842213034217,0.273450593956707,0.229058974879196,0.227043695101954,0.277982893989542,0.24636563069752,0.317844985655497,0.311463682254089,0.296263687189355,0.29557242649394,0.32735336686218,0.288782253874467,0.260885940760682,0.287024435088234,0.274278071225082,0.247996024430768,0.242526058538861,0.23421383236265,0.232042638848772,0.232165211814518,0.236474558438689,0.203125192422805,0.195377079151152,0.201565985740917,0.191877314835513
"BIH","Bosnia and Herzegovina",0.301496178068644,0.301496178068644,0.305349440044872,0.3092027020211,0.295994061322481,0.282785420623861,0.309668144265862,0.336550867907863,0.337387968482597,0.321029687773038,0.326015161201472,0.342786793533499,0.322706985016269,0.318660505994603,0.324143711153121,0.315237635709125,0.306521877610813,0.328577640893465,0.34772101967861,0.34051298992709,0.308602267777776,0.314145130504164,0.289058430059115,0.274396092470894,0.274785507129645,0.27804188150727,0.267795636462493,0.265241220477389,0.284105419404832,0.303871459613895
"BWA","Botswana",0.651469675274986,0.651469675274986,0.651323442607652,0.651177209940319,0.650120737259407,0.649064264578495,0.626253978624892,0.60344369267129,0.708800990786972,0.640575468637113,0.692855715122221,0.637148000421346,0.636297568159291,0.660241347902442,0.638542929292404,0.65618391702672,0.654616230744752,0.661688956577816,0.648949085269495,0.612194894111629,0.606227127174108,0.62059822400206,0.602378567101467,0.619050847170966,0.6123679981002,0.589152724598324,0.584545228765863,0.572707221844337,0.562546697007461,0.568196906387733
"BRA","Brazil",0.449961475582576,0.449961475582576,0.455547129097383,0.46113278261219,0.454529218957437,0.447925655302686,0.44644323867766,0.444960822052635,0.434801290738384,0.398302065212376,0.365263440726429,0.373093554272433,0.355888260867064,0.401129399552125,0.413081661575556,0.418882470501678,0.470833976523707,0.419739533949627,0.408307923992192,0.368032111020932,0.34120940307705,0.337616686633006,0.313922073122202,0.32818739444833,0.33624278347332,0.344452607503596,0.328889560787446,0.316946540834947,0.318049281633466,0.327895714689692
"BRN","Brunei Darussalam",0.594060680156809,0.594060680156809,0.552036775678973,0.510012871201136,0.509044729613164,0.508076588025192,0.486544838611838,0.465013089198484,0.464545486619642,0.470500152921616,0.46372030831641,0.46493328391598,0.464064413722414,0.486888932465253,0.636471064935876,0.636899250082191,0.640788198004808,0.645825519451174,0.652572670230455,0.700483612156216,0.700747542596878,0.67318699392008,0.703491120668799,0.703323307765837,0.695743469500692,0.695833048273208,0.695658581079175,0.695598669354353,0.695392871539858,0.69643895844356
"BGR","Bulgaria",0.378065903960142,0.378065903960142,0.405280198449444,0.432494492938746,0.41020416589582,0.387913838852894,0.405049828278856,0.422185817704818,0.409393335907712,0.453372978120806,0.427810241707188,0.447063739767497,0.408171048921678,0.396567490234539,0.364920883367306,0.348289268409911,0.340159134136252,0.339824478747777,0.341949808484651,0.332163379573956,0.321006236018046,0.342795689026771,0.351119444686471,0.378610654726096,0.393421581709738,0.36266316096432,0.370138748669344,0.390731469018164,0.387682879500285,0.366913982174309
"BFA","Burkina Faso",0.473700751401161,0.473700751401161,0.44349364329206,0.413286535182958,0.41553337504742,0.417780214911883,0.417287566320812,0.416794917729742,0.413899885220411,0.354905921147621,0.352729089970475,0.346179188090076,0.338449489644756,0.344006215477544,0.332540848856027,0.334172051270481,0.342041859511141,0.335679248198195,0.31793364022092,0.319550009111527,0.346395244603306,0.37124255230602,0.387127893140773,0.385971525225666,0.375958018632154,0.375737988028422,0.375588335794843,0.368256600923888,0.365076219474508,0.364016847093841
"BDI","Burundi",0.221625230650321,0.221625230650321,0.221304576999309,0.220983923348297,0.216599219188258,0.21221451502822,0.236348450380811,0.260482385733403,0.26002959357323,0.200974678042639,0.177594110102131,0.175807640896007,0.159457008000145,0.157061740476502,0.149367808845692,0.135662788069863,0.13240865489444,0.0993602800236587,0.11118897555872,0.12972646727869,0.131555519326637,0.12418665443571,0.119082651447564,0.0839623197995449,0.0825757781078583,0.109764125483017,0.10106581179359,0.116568785048677,0.123839083253106,0.0844600053192739
"KHM","Cambodia",0.213440545052982,0.213440545052982,0.213266794119446,0.21309304318591,0.212585041204502,0.212077039223095,0.211717407137924,0.211357775052753,0.204236459031759,0.190073493641213,0.152805004341116,0.159786095040883,0.17946073116842,0.15461693545266,0.146696711715062,0.146543270232401,0.121824288684588,0.159562552450197,0.159577432184398,0.131095633877023,0.126647217190492,0.114535691179712,0.114959578763043,0.0922866299835008,0.113014330778293,0.164167760870102,0.170118892079945,0.165220224802747,0.163214071570551,0.13751626229025
"CMR","Cameroon",0.146890425521812,0.146890425521812,0.151159153244234,0.155427880966655,0.15500030810754,0.154572735248424,0.131441691670512,0.108310648092599,0.176462695778543,0.155237263253667,0.137696621304503,0.225540356738855,0.231185205717986,0.244980637052715,0.240584599803195,0.208900192865847,0.180292979655914,0.137236412382406,0.152160970628167,0.149715287607587,0.169303002058001,0.161127743373013,0.154813930194592,0.164456113483204,0.160428534496596,0.177985719752729,0.164598348954859,0.165834591468002,0.162107818785078,0.139497253984332
"CAN","Canada",0.925953128421371,0.925953128421371,0.926353344750526,0.92675356107968,0.912857217882954,0.898960874686229,0.879443989156925,0.859927103627621,0.875605144811352,0.820743934492386,0.865122972800839,0.878973556193859,0.869330610434395,0.871186256541451,0.877024126172013,0.871042380602206,0.858883766240023,0.847676900342495,0.845011926083858,0.842389396035979,0.85396929502153,0.870780275470552,0.857700388372615,0.839962589945278,0.837225712374784,0.801806861835638,0.795660861560178,0.804066709914938,0.798143559074844,0.79942601194265
"CPV","Cape Verde",0.619199921775112,0.619199921775112,0.618535844320827,0.617871766866543,0.626282432650776,0.63469309843501,0.563012220120344,0.491331341805678,0.490931737763723,0.474259596325288,0.554499556530779,0.586043576410658,0.60611167060298,0.627528113628859,0.627017743366775,0.617883920189819,0.63547610978961,0.626195222158937,0.61307263669329,0.627498169319037,0.627764964801688,0.620231845205108,0.609076388327144,0.623953673380084,0.62787476060437,0.607273052341568,0.629761783542242,0.62021303759076,0.621521090995051,0.639736565858547
"CAF","Central African Republic",0.137168205898923,0.137168205898923,0.136847563800499,0.136526921702076,0.13386582911323,0.131204736524385,0.164129094355837,0.19705345218729,0.15833647621508,0.118894529093727,0.126473165889651,0.163436019904001,0.179923805132505,0.157353142973012,0.169061391218642,0.195976889554688,0.195869427374917,0.202617225099163,0.160106402114235,0.133317612570677,0.106701788384625,0.120112033308054,0.149548837910088,0.140281767175459,0.144779236153466,0.133000216749669,0.118243355880983,0.117983399530822,0.103141534714732,0.119699490366793
"TCD","Chad",0.123679241636324,0.123679241636324,0.123358587985312,0.1230379343343,0.122100453316648,0.121162972298995,0.120499299185314,0.119835626071632,0.0791710684917631,0.120393477473134,0.088697956945489,0.123306370284542,0.104991520053341,0.0667528212519017,0.0767864293496934,0.0999459962690221,0.106859342588851,0.104335425437825,0.0916534325987203,0.0809388225042486,0.0717344592208985,0.0751163640269671,0.0856677822539437,0.0849383749107533,0.0808748442682166,0.0799056744998531,0.0776227674535758,0.0835659966927711,0.0783848455175135,0.100997628415283
"CHL","Chile",0.789903628998504,0.789903628998504,0.764568074241001,0.739232519483499,0.758428416336719,0.777624313189939,0.779433494785381,0.781242676380823,0.694065733259092,0.715336706088489,0.769427543584856,0.76232399544523,0.745000103164617,0.744639893450013,0.750584809367153,0.770659557850547,0.77916046090485,0.764255311008048,0.753041790819449,0.742623643255323,0.686658791035921,0.677370209381196,0.67938426458404,0.679328534896315,0.689705948032805,0.703243294536737,0.687225353089277,0.686993492634751,0.660777665278669,0.677866878273123
"CHN","China",0.34594291454668,0.34594291454668,0.334074143081537,0.322205371616394,0.313322736374802,0.30444010113321,0.295730188644762,0.287020276156314,0.301873069721282,0.274707134368136,0.268167537396827,0.263733746287547,0.280463650669312,0.305261443977003,0.288465320157005,0.286244288775623,0.320680868910859,0.30526883763375,0.316544141066535,0.352722227732807,0.381917698757609,0.400890145440853,0.410991451708227,0.406162007542315,0.410906748128128,0.434643274430612,0.435236730910381,0.432359674229014,0.448669457171354,0.442860492117634
"COL","Colombia",0.303436111862607,0.303436111862607,0.294528858054568,0.285621604246528,0.282264190928431,0.278906777610335,0.323674918657646,0.368443059704957,0.381187644469453,0.405300092007127,0.399223453474017,0.375570683439362,0.361310630093666,0.369204490823929,0.35546578269955,0.335470030817454,0.374617964557259,0.32764243573578,0.320422645448997,0.336576029445977,0.349049313218243,0.336999501136116,0.327439941961643,0.348758881139181,0.359460945122362,0.363114127815484,0.360045436793327,0.363128822708267,0.350974436593536,0.35450610915907
"COM","Comoros",0.212617631057129,0.212617631057129,0.20419601341884,0.195774395780551,0.196905244027294,0.198036092274038,0.235097120186871,0.272158148099704,0.271705355939531,0.243798483759706,0.228505143778551,0.276293766895516,0.275804491660336,0.242217234738643,0.236321140061205,0.238666130718973,0.238782788759322,0.242193690562942,0.232431198615963,0.236127102781972,0.226735171669041,0.222846454798198,0.204180313450843,0.185880989898809,0.128992277163792,0.116825136991174,0.0968645049786228,0.113406494953148,0.156005625925839,0.158790724001425
"COG","Congo",0.250184639248353,0.250184639248353,0.257909046608064,0.265633453967775,0.286671688345908,0.307709922724041,0.247279093883336,0.186848265042631,0.186512154027984,0.200063294322783,0.166447479401908,0.159038527028309,0.167464107204511,0.143160857112431,0.143158569699875,0.151397575569121,0.162966915488632,0.13963842661783,0.146845000743178,0.127702407534062,0.126191375146911,0.128989758699463,0.120969443333663,0.105975338504133,0.0770135763480432,0.105770118319071,0.112030027118778,0.107250235978952,0.0978823111452697,0.0934524248109585
"COD","Congo, the Democratic Republic o",0,0,0.0267883158874224,0.0535766317748451,0.0528807269387859,0.0521848221027268,0.0516921735116562,0.0511995249205857,0.0511193037448893,0.0689995224853,0.0681905178062011,0.073564735843244,0.0992787187476771,0.117389642683747,0.100364084452843,0.0944870053363486,0.0999703722311072,0.105113446074122,0.105691306559192,0.090310074483467,0.100449550503793,0.0945148932853882,0.0910742782237192,0.0685010051791872,0.0626166479318336,0.0856582167105283,0.0748288663054264,0.0734225696871209,0.0783119717882087,0.0722486649424197
"CRI","Costa Rica",0.644098291919729,0.644098291919729,0.643969723160466,0.643841154401202,0.65146158846292,0.659082022524637,0.593737473383702,0.528392924242768,0.533871369734755,0.509958389192988,0.511345462303753,0.5146018135762,0.527852840722635,0.535057843695924,0.565312409839266,0.583951032920418,0.5743811226265,0.577291473868403,0.575632221768668,0.602819644936733,0.600273361974049,0.60800599477689,0.557617207423703,0.572483633043296,0.589875269703847,0.597132351746843,0.558911998456204,0.553372416664997,0.578922630072502,0.579309526266924
"CIV","Cote d'Ivoire",0.438274645836333,0.438274645836333,0.374058310951926,0.309841976067519,0.27989134697939,0.249940717891261,0.24806580206631,0.246190886241359,0.21864801302522,0.152512723847868,0.128875873280394,0.158268685624788,0.17846217161449,0.210444843286015,0.210882478449859,0.190001082015454,0.212716659847173,0.229430321289274,0.247710097861285,0.324151566913414,0.322845292607778,0.313448440092076,0.3149487978873,0.310733512440047,0.299889929245708,0.3100052834609,0.319118843397336,0.336810708732137,0.338804662430702,0.356509905663178
"HRV","Croatia",0.254251312195007,0.254251312195007,0.257979147716089,0.261706983237171,0.353568697456949,0.445430411676728,0.485999637294926,0.526568862913124,0.513859652175123,0.483869039577621,0.467870991687843,0.453979465920591,0.445496007275173,0.437560765172309,0.433945567390721,0.448737917811788,0.447476167182871,0.444199529564726,0.448618949253706,0.449029574465248,0.462171660700563,0.447453200636603,0.432911957282778,0.428128053421388,0.428141107846581,0.453722559453838,0.444435618266704,0.447041928480095,0.448643001743309,0.456723644727122
"CUB","Cuba",0.414526220367523,0.414526220367523,0.395966593887669,0.377406967407814,0.376979394548698,0.376551821689583,0.385455829220207,0.394359836750832,0.394153322675839,0.374255444324921,0.389052138519327,0.527184153785472,0.526894761439391,0.544877682693041,0.544874979387294,0.535335383086035,0.53521133138894,0.52802971085511,0.495394618291264,0.489979504090344,0.489460076598746,0.423596481201639,0.431680867224181,0.41979614163409,0.389247978002392,0.389313157707646,0.371280236850249,0.370643804740642,0.384744201310974,0.370088864591484
"CYP","Cyprus",0.77856631126976,0.77856631126976,0.737178342140218,0.695790373010676,0.695362800151561,0.694935227292445,0.694632537916809,0.694329848541173,0.679104668833147,0.633501818596955,0.643163017446511,0.685598771710289,0.673227104507929,0.695573738868012,0.671582154512962,0.67794414198612,0.656295330191815,0.654629400695831,0.650097019794875,0.596370874417516,0.58004503337693,0.58983160091869,0.611366920081941,0.575063326092402,0.57965543387676,0.530122046398754,0.535713429997539,0.552981569485251,0.533895144962229,0.545400645276771
"CZE","Czech Republic",0.609127959082949,0.609127959082949,0.605432066469529,0.601736173856108,0.542029472825573,0.482322771795039,0.499517748738729,0.516712725682419,0.54045992657683,0.526581316603706,0.552762208931662,0.546790329272575,0.52122921022137,0.518625025684293,0.51365660387673,0.513337151694939,0.53200696676549,0.51720294822987,0.510812009969514,0.54000667231311,0.559367078028933,0.566724644488146,0.595055311830592,0.56424982583895,0.561789078242749,0.568895930422733,0.591040371375985,0.607945644053699,0.618746390249264,0.637494993974516
"DNK","Denmark",0.966695758395445,0.966695758395445,0.969983867734135,0.973271977072825,0.964935721512189,0.956599465951552,0.953522699669917,0.950445933388282,0.954581136290902,0.937588664673938,0.942981112695895,0.964257030033242,0.95817720298566,0.954188302065906,0.956098753653593,0.945289389226883,0.961244461486823,0.944148085887397,0.940367177773984,0.919509441041167,0.921196673510651,0.923232470685364,0.927861292596503,0.921002335864113,0.920571909515597,0.945605976366685,0.952595408035468,0.9543066467842,0.957755094500984,0.950895744980579
"DJI","Djibouti",0.27910425756099,0.27910425756099,0.278094168523572,0.277084079486154,0.278214927732897,0.27934577597964,0.278682102865959,0.278018429752278,0.277565637592105,0.324857014187711,0.270020318461894,0.270703399924534,0.309280150575516,0.35677635456817,0.309462288688424,0.300722778467814,0.300822015204454,0.295781944241985,0.278921749765246,0.252635520933834,0.25376478647593,0.258025496701817,0.245776148308252,0.232548688442695,0.207812123854933,0.234276331867333,0.212432951374715,0.21239281768169,0.21325653542071,0.216547382722914
"DMA","Dominica",0.629066317704552,0.629066317704552,0.628550148042958,0.628033978381364,0.626524805960988,0.625015633540612,0.623947250140786,0.622878866740959,0.62214996771167,0.551895256467815,0.584330535458095,0.585430919528526,0.584642709509026,0.584852227257071,0.584844856705502,0.614558230280199,0.61417667138174,0.613383771011242,0.613444029313723,0.562206658112668,0.565487893661101,0.565743691079343,0.56591379139486,0.540158172960875,0.537465195227311,0.515232215234523,0.514661263197475,0.514568634541552,0.518032678253035,0.545513352331796
"DOM","Dominican Republic",0.383138668748536,0.383138668748536,0.340087126851097,0.297035584953659,0.296608012094544,0.296180439235428,0.291331840877509,0.286483242519589,0.224331794228156,0.256343393581701,0.225579520014432,0.270942307458146,0.248846595323886,0.250406957264641,0.255966086035871,0.246540236522617,0.25900021171274,0.24176037606726,0.244255781429459,0.247802125782598,0.239749393853002,0.238903212943576,0.23728527290091,0.227276572184282,0.237037354348139,0.259119734795078,0.29638773888645,0.324826838826116,0.323052268786317,0.361028238616316
"ECU","Ecuador",0.299317660213552,0.299317660213552,0.278163865290994,0.257010070368435,0.252312140871896,0.247614211375358,0.242110396398661,0.236606581421963,0.26746546347842,0.243069030206161,0.228349484198866,0.234037216387125,0.24015918727816,0.256886064881695,0.259771393216546,0.257924365340635,0.267651413945587,0.280580886339094,0.287410684337691,0.247875299879208,0.255355185147216,0.245360555483583,0.243138438158866,0.279482535524268,0.300522479685524,0.302596585244253,0.276184918405106,0.270950093902906,0.256014214120253,0.243148280964409
"EGY","Egypt",0.355280109494511,0.355280109494511,0.325533995883535,0.29578788227256,0.295291710141946,0.294795538011332,0.288037273641755,0.281279009272177,0.276698430971307,0.276875023841655,0.279334154075442,0.290090676961594,0.298335343599287,0.290315721388807,0.307933904313097,0.281829628753173,0.292723396392676,0.302798085495764,0.29162583115388,0.289225133913564,0.292063466317723,0.319029079783402,0.328571564231827,0.312626588934381,0.271699579645198,0.239502191560728,0.240458907638509,0.242690290139336,0.233623333345579,0.231293106896126
"SLV","El Salvador",0.218778811434096,0.218778811434096,0.234838769646534,0.250898727858973,0.253452866581949,0.256007005304925,0.255308824608899,0.254610643912873,0.295795114193064,0.333746315272964,0.324341214208954,0.335395100727367,0.326731098226278,0.327614848154045,0.363866270653169,0.363221451364191,0.383525449417071,0.326986017647781,0.342563089206571,0.31034206452569,0.301386636422914,0.29233497525655,0.300317513657412,0.28843955788428,0.302031317080828,0.304362306001133,0.292596548969124,0.265220472028144,0.2814390126252,0.289148840618014
"GNQ","Equatorial Guinea",0.0953589716236767,0.0953589716236767,0.0951852206901409,0.0950114697566051,0.0945034562226089,0.0939954426886126,0.0936358106034417,0.0932761785182709,0.0930308246401836,0.0977812953099747,0.0744523212304485,0.108179456895709,0.107764279964232,0.107874653396347,0.129296664769963,0.131015482016859,0.130848616426168,0.130501853924771,0.11970133878098,0.0550056176772905,0.0552731525256164,0.0450851787380704,0.0449162567865969,0.0713669482702575,0.0716761879636674,0.0717538906750346,0.071602574868688,0.071550634430046,0.0701000220816178,0.082009077423439
"ERI","Eritrea",0.537901236133919,0.537901236133919,0.537580594035496,0.537259951937072,0.536322459366831,0.535384966796589,0.48870084047162,0.442016714146651,0.418122795376183,0.373189902861907,0.326477310958464,0.312654846566258,0.297060076441631,0.275353686545414,0.26371752645306,0.256003724369744,0.24867882863128,0.220702640919458,0.193441835708187,0.162492080989284,0.110005320429184,0.109799915402704,0.117229038596113,0.0910855535502572,0.093398081433874,0.107860790289948,0.106173118822094,0.107115301743334,0.0958617402824187,0.0450315747266605
"EST","Estonia",0.534645393175373,0.534645393175373,0.587095381845749,0.639545370516125,0.628299179606779,0.617052988697432,0.607932578075918,0.598812167454403,0.621039116995907,0.635455292024834,0.645336221110817,0.66541339563783,0.651963132547263,0.654773438371318,0.65167625866551,0.651397771963129,0.690925647238979,0.679742279306798,0.693519757918739,0.715723232600074,0.722737571650021,0.717265456976623,0.718288045914978,0.768404423227422,0.774396427495965,0.789729670118372,0.777453334877683,0.79106276953489,0.808870622859897,0.808070143991234
"ETH","Ethiopia",0.195415272009281,0.195415272009281,0.195269027789359,0.195122783569437,0.194695210710322,0.194267637851206,0.2246029796945,0.254938321537794,0.22843171552499,0.248312958148229,0.23170528015455,0.299601669053316,0.299029631072933,0.276359408704316,0.255560012544263,0.260691325852015,0.282455478691562,0.281274526867775,0.291305662711592,0.296917124709478,0.302309942414273,0.321657293704904,0.291838306364624,0.316888985838213,0.323745678263224,0.33721440239048,0.329878323746187,0.328432910062658,0.31540542550691,0.321201474766501
"FJI","Fiji",0.549277070193275,0.549277070193275,0.548956428094851,0.548635785996428,0.555971633588948,0.563307481181468,0.553163938649932,0.543020396118395,0.475391542067954,0.483193305561372,0.407416387619664,0.404129491302784,0.431330107527105,0.433575029661849,0.413825694495998,0.382612217283028,0.443191450677736,0.442189171190256,0.443093900619041,0.502647518297163,0.495082444240333,0.495169874231357,0.502040221816172,0.501044388673167,0.580041590705508,0.547556982161625,0.534192739646264,0.528255240491047,0.545365964405596,0.552380511402139
"FIN","Finland",0.96880886549351,0.96880886549351,0.970584059373097,0.972359253252683,0.968872658888124,0.965386064523564,0.966698727410732,0.9680113902979,0.966325197561396,0.950524306149792,0.957688690221332,0.976192818065236,0.961043908547582,0.953445701666459,0.925163878668891,0.901930675549406,0.915834886059013,0.905051977060348,0.892757642886518,0.894878444008635,0.924913071968954,0.928394768035919,0.925969810359405,0.926865228401725,0.927123405653231,0.938871117541744,0.936800015656068,0.928251469726106,0.929287991086392,0.928855993585818
"FRA","France",0.747717110282606,0.747717110282606,0.746459888268445,0.745202666254285,0.732656404779417,0.720110143304548,0.715407800719139,0.710705458133731,0.732111642460874,0.723573955964258,0.752256954155839,0.763376574903762,0.76514871889994,0.757314146054711,0.753549688827558,0.741636613184882,0.769741889522456,0.761699578027836,0.729581140334308,0.725384801132468,0.721895711408757,0.732531186270867,0.73579051811119,0.748693511971474,0.737074680762119,0.721345946819322,0.751111722936207,0.742526162512159,0.715175847843905,0.703843359097223
"GAB","Gabon",0.171597161325639,0.171597161325639,0.194279271307993,0.216961381290347,0.239362162633508,0.261762943976669,0.261460254601032,0.261157565225396,0.260951051150403,0.215316408190203,0.232274822775781,0.227872963021573,0.199469329529112,0.205229126765469,0.205225845830288,0.239810229784916,0.253650438953314,0.264150448160727,0.264803747049786,0.23041263790354,0.251146207413375,0.263089874310839,0.221329761642601,0.232880617420245,0.233035214161773,0.236513721714266,0.222434789853676,0.190500893211498,0.197131432160785,0.205926602753587
"GMB","Gambia",0.358616104313221,0.358616104313221,0.362728236696276,0.36684036907933,0.366784200393236,0.366728031707142,0.366235371563483,0.365742711419824,0.386003595211803,0.330824781125233,0.276037784635856,0.280052008829967,0.274823699987775,0.262536459103386,0.258922370370309,0.261389171522971,0.27088849550014,0.244427360476325,0.221014999811808,0.216353969283469,0.209077039893145,0.211250382188514,0.306106215470612,0.325804326458318,0.34342777736304,0.370888349937522,0.349834149881853,0.35300762288321,0.353940609943872,0.345146502189227
"GEO","Georgia",0.076152330862997,0.076152330862997,0.0864195091984368,0.0966866875338765,0.0788236243876348,0.0609605612413929,0.06465882213549,0.0683570830295868,0.192146028047883,0.411103003504385,0.452273911045483,0.485731571027522,0.436778862866221,0.449862562318418,0.454442701620918,0.480518858180029,0.495753303064165,0.542551846227281,0.546766346098505,0.609064003952094,0.601528851099909,0.607068964310195,0.621464922308957,0.616839404438176,0.617291665179271,0.611907812283281,0.589346946718976,0.572850404628263,0.574498173454864,0.510421185894945
"DEU","Germany",0.893254612145749,0.893254612145749,0.890062701212881,0.886870790280012,0.853912756652599,0.820954723025185,0.8307994347457,0.840644146466214,0.858716993070041,0.836727218173849,0.868026577330961,0.821995357107036,0.804864624108917,0.812434018833908,0.81104419620704,0.804001645735571,0.807050027306854,0.805239898399142,0.798085126081371,0.817074370228535,0.820557059818126,0.829740720862586,0.84340724841298,0.865484037407005,0.856018909092287,0.854739529213066,0.843885086585381,0.843441582706496,0.815020643436213,0.832122656698908
"GHA","Ghana",0.372725350166472,0.372725350166472,0.331337381036929,0.289949411907387,0.354899798275628,0.419850184643869,0.386442986369124,0.353035788094378,0.348569118317755,0.344029182023811,0.325346058371118,0.396247922526862,0.400573026881973,0.402575714337569,0.418379031792793,0.437643597233044,0.435096944587523,0.418193751375769,0.417539851752099,0.377262652470199,0.358537153922278,0.36540345810106,0.35862278170947,0.389971377999477,0.399393484474002,0.401055301248421,0.386456133215025,0.400022430506154,0.392256965246324,0.377666808232088
"GRC","Greece",0.58512459108746,0.58512459108746,0.616275580348335,0.64742656960921,0.639405468667381,0.631384367725552,0.579011989345833,0.526639610966115,0.523343796050785,0.532960309487381,0.514168938078887,0.532103246039432,0.48817510526661,0.462768559851755,0.444703337956448,0.415122264627154,0.404895381720981,0.417065294514879,0.447745735286802,0.422827933688049,0.427461122477703,0.442841314820449,0.456262211230627,0.47801141502044,0.492622967428886,0.487291447759552,0.512723732341955,0.496884601861866,0.498455407342774,0.491612462498276
"GRD","Grenada",0.629066317704552,0.629066317704552,0.628550148042958,0.628033978381364,0.626524805960988,0.625015633540612,0.623947250140786,0.622878866740959,0.62214996771167,0.551895256467815,0.584330535458095,0.590570342753522,0.526849198029692,0.527058715777738,0.533592397823649,0.542596046431517,0.542279228239943,0.541620892422225,0.541670915131149,0.478151224448475,0.546239293898387,0.546471223668445,0.526545018370118,0.518646051395665,0.509711348636955,0.509809060431892,0.495014260862027,0.48907200204028,0.513307900540437,0.533044481648401
"GTM","Guatemala",0.242661893876395,0.242661893876395,0.242533325117132,0.242404756357869,0.267155380446038,0.291906004534206,0.264760124474984,0.237614244415762,0.234771937921102,0.285048850005648,0.274620905846333,0.272971704498737,0.280895740590596,0.31607577601684,0.304013579559663,0.278901001316002,0.294867579954253,0.24463602333281,0.255964306937216,0.221171398757168,0.212864925770112,0.22050111756277,0.218139144599663,0.197778677493383,0.190427649799356,0.16824115742336,0.14097046319619,0.141258538547164,0.171237436819759,0.20327218756099
"GIN","Guinea",0.287315213744956,0.287315213744956,0.257108105635854,0.226900997526752,0.226205092690693,0.225509187854634,0.225016539263564,0.224523890672493,0.224187779657846,0.218493832176885,0.21702492052801,0.149884648557429,0.105832386771981,0.118545733336725,0.124973547460102,0.144375681126187,0.157963558652943,0.155842041270329,0.157868342217158,0.150293587091026,0.168847622117967,0.189278929697946,0.170225383842267,0.164158102905977,0.209076115686052,0.222189667027362,0.188693975923435,0.197336467504428,0.189504320702819,0.151011164583423
"GNB","Guinea-Bissau",0.188933738348608,0.188933738348608,0.189079566675338,0.189225395002068,0.211415145208068,0.233604895414068,0.202293949010524,0.17098300260698,0.166296741224994,0.16012211363482,0.156892702999142,0.174168397879841,0.160265527470519,0.162971444103389,0.162967631749129,0.163032950085446,0.162702522944423,0.111957569282665,0.0923246611053891,0.055572826675611,0.0640165444160181,0.0577470469677193,0.0378202409347818,0.0535641318739085,0.0693067520282822,0.122163449582643,0.141221593368611,0.154125257279038,0.155516697268319,0.111370420516307
"GUY","Guyana",0.402117654196964,0.402117654196964,0.391899863178071,0.381682072159178,0.375100666369488,0.368519260579797,0.368026611988727,0.367533963397656,0.367197852383009,0.360463524977147,0.336731781446372,0.328148300488284,0.307466948679219,0.312986313440261,0.317940710405183,0.31229752499882,0.291179277391586,0.266020188425956,0.290339103828267,0.283554869239368,0.304628454538819,0.327608771492407,0.311687178634421,0.337368929816476,0.366679764991696,0.395594577427448,0.398284482172426,0.369381499587469,0.350775547227063,0.342222033683975
"HTI","Haiti",0.199262237824686,0.199262237824686,0.172893500405022,0.146524762985358,0.145828858149299,0.14513295331324,0.101680779193455,0.0582286050736703,0.0720418042897673,0.0995049415389336,0.0620965734952701,0.129345393588956,0.124984753471108,0.152057436328543,0.170220577965382,0.130358925297796,0.122482485871242,0.10957357708556,0.127672648065659,0.091809346335356,0.0881377026055453,0.082051475423843,0.0937258283743269,0.0902102601173932,0.0844736142687224,0.0881149902162282,0.0791812116646118,0.0737998541277735,0.075500372074223,0.0664701063020687
"HND","Honduras",0.167728268696946,0.167728268696946,0.167599699937683,0.16747113117842,0.174547241919964,0.181623352661507,0.17375360218379,0.165883851706073,0.182354053894628,0.193649204674741,0.203433715855718,0.206195708753972,0.208179380648624,0.204624441169517,0.191148115438919,0.190870737785049,0.198297758407321,0.169246717846021,0.166809583741053,0.199257154685673,0.23494635890478,0.208809712991415,0.203568234198144,0.198347642485181,0.177862199474713,0.197648780186423,0.163495561945985,0.184062543127257,0.168369945681807,0.134782665654937
"HUN","Hungary",0.632867096270471,0.632867096270471,0.619243451929205,0.605619807587939,0.603588157792557,0.601556507997175,0.576735609512152,0.551914711027128,0.552421014778002,0.563145074890003,0.562251251104918,0.562299356084123,0.545569336176472,0.520930645119887,0.511240518588312,0.479424828033364,0.49127339402093,0.510953344339254,0.504199007849822,0.462264427987551,0.462198231654495,0.458619147265076,0.459505900865896,0.454523107638033,0.44195359080218,0.455142788494075,0.452700617460449,0.431673103884597,0.441587835845016,0.431482624802673
"ISL","Iceland",0.838345412373465,0.838345412373465,0.881937419026462,0.925529425679459,0.927545502585319,0.929561579491179,0.920699842882484,0.911838106273788,0.907855628593332,0.874042264406269,0.951730142249566,0.876349154626617,0.883074586539206,0.909555823067299,0.918404320409383,0.84582860168183,0.857127980709395,0.843882822278003,0.852246341947891,0.847989883074633,0.881101381289885,0.877868412456898,0.854236945395742,0.858321016540927,0.844291298708053,0.848037086951922,0.851764136896974,0.803507287361378,0.806465581846244,0.844922208680278
"IND","India",0.361279438104268,0.361279438104268,0.373937701926253,0.386595965748238,0.38009680283726,0.373597639926282,0.333695830460493,0.293794020994704,0.295856874332073,0.33272700726979,0.327759648300384,0.36922768842197,0.346730916619584,0.354200866661339,0.342599179493564,0.338770328137187,0.308994224006034,0.306154343554994,0.313590999036214,0.326723427307404,0.342659299164981,0.356469309866606,0.370517373210282,0.374320023295564,0.371924362983907,0.363570870960981,0.352880128514693,0.35479101910075,0.344894840597728,0.3541326139675
"IDN","Indonesia",0.229749496208937,0.229749496208937,0.184191215859819,0.1386329355107,0.155741776353297,0.172850617195894,0.142720715036847,0.1125908128778,0.140107877610859,0.153372074708373,0.160088310760384,0.215132722030414,0.259893111290731,0.299313686123051,0.279023181493733,0.269105076177423,0.273303564160755,0.243898413651666,0.254189274793871,0.257162841800953,0.301538206386211,0.31094409302625,0.335317305595291,0.344245146116333,0.323514973067565,0.342505141421823,0.3262036994485,0.33683198860046,0.319976253422945,0.29653625896634
"IRN","Iran, Islamic Republic of",0.320911504790986,0.320911504790986,0.352791150476788,0.38467079616259,0.384243223303475,0.38381565044436,0.346686196548858,0.309556742653356,0.306677444769788,0.273124914929625,0.244522461386223,0.249180026137963,0.242989479080607,0.181780144394882,0.180318857454526,0.155124209620982,0.204636132389246,0.195329852168685,0.211008702033623,0.233636595717368,0.246858256183413,0.270759915188288,0.260368939312704,0.204701427620386,0.193177535584688,0.167193083474408,0.162030393335838,0.160839737337571,0.151778949626162,0.157299146173587
"IRQ","Iraq",0.0477872368063256,0.0477872368063256,0.047641004138992,0.0474947714716586,0.0469885832466715,0.0464823950216845,0.0476733167294907,0.0488642384372968,0.201096095749518,0.154957159188872,0.135121965184056,0.071783303565778,0.0665431879779694,0.06656786430736,0.0978774128476754,0.120564779257872,0.136162691686616,0.129424136033303,0.130194116067888,0.108677581413807,0.100384440114072,0.0986193431969797,0.0973916958098043,0.0811587837924481,0.0888864720873399,0.10600567560197,0.104903420012175,0.10505596039292,0.0949770892527354,0.14394959855101
"IRL","Ireland",0.85789146818915,0.85789146818915,0.823075512594713,0.788259557000276,0.753575370232163,0.71889118346405,0.736238446631534,0.753585709799019,0.761248056652416,0.707394601747958,0.802356534004363,0.770361362431901,0.760029489599932,0.761892021049833,0.755664505708746,0.747691579061654,0.741273746374884,0.746668874597412,0.779801236787795,0.790045194420016,0.799170168314054,0.800447977041217,0.782363716479789,0.781281331342499,0.773323584796913,0.791103850540186,0.794767522983817,0.802765865325975,0.788798554577074,0.785720043854551
"ISR","Israel",0.807654736007984,0.807654736007984,0.752685959535949,0.697717183063914,0.677485920109274,0.657254657154635,0.661157849419077,0.665061041683519,0.663578428664486,0.612345886445493,0.609258341598633,0.616827066273481,0.578146896848761,0.581780162879023,0.581171249035619,0.578723740706029,0.58927589829868,0.597012874874859,0.596152276334779,0.594968898467371,0.618662564665904,0.679041707224917,0.609282602034831,0.593314498454876,0.607478803945708,0.582553608690208,0.636072777889029,0.627506302341458,0.623684960167714,0.61953143485947
"ITA","Italy",0.583081215414582,0.583081215414582,0.574432104200283,0.565782992985984,0.584352115693723,0.602921238401461,0.59172141958302,0.580521600764578,0.539760394227929,0.530291823241789,0.548921273567541,0.548658775647873,0.511627345467202,0.494822580310882,0.488866666329331,0.468757699078309,0.479939033754885,0.459009486130921,0.432090984121822,0.425407372580203,0.438030354796403,0.451306081377405,0.467392783832605,0.479600427381086,0.487730538549567,0.544819087963328,0.547007194467012,0.554961405920466,0.554404871514073,0.550179650840567
"JAM","Jamaica",0.448349589096371,0.448349589096371,0.448203344876449,0.448057100656527,0.42940431410167,0.410751527546813,0.381010058076481,0.351268588606149,0.332536158505028,0.34629614649773,0.349768346336812,0.37356457641752,0.35578913965631,0.35538126396087,0.358292031095964,0.371373096557945,0.410931493773051,0.366779440726706,0.36372840206003,0.355506470916832,0.367099609168994,0.38381079835712,0.384665250920031,0.381986321134285,0.407656334886255,0.403867617222904,0.402695907470049,0.404160429135231,0.390842581815953,0.400126681066275
"JPN","Japan",0.70097337260012,0.70097337260012,0.639640748688151,0.578308124776183,0.598390960071643,0.618473795367102,0.618530079579083,0.618586363791063,0.625808118017919,0.627814294355292,0.6367341173798,0.648678916430953,0.620867884526701,0.643871607024926,0.691851910693037,0.742982235607514,0.778331054354167,0.766733387487248,0.768477204536018,0.77803962875248,0.75753082640773,0.756305443327933,0.763417655909058,0.74375316295437,0.753590099782712,0.752803091232433,0.758643571748034,0.755532113042635,0.731469226110338,0.735910872979911
"JOR","Jordan",0.460755336435296,0.460755336435296,0.480601389873458,0.500447443311621,0.488729548654455,0.477011653997289,0.448943496127099,0.420875338256908,0.490575571455152,0.437992901303948,0.437047899551073,0.442785562027547,0.446158016816087,0.478020056356762,0.442833089377318,0.428461807707947,0.457172509007149,0.444283170306668,0.444766761668224,0.444135782380468,0.483472138841413,0.468790762587071,0.463415689658467,0.43952565255779,0.443031932533437,0.454929319760705,0.42646267844966,0.427605691572269,0.446869332805426,0.485261334458463
"KAZ","Kazakhstan",0.135309486803281,0.135309486803281,0.170424146130265,0.205538805457249,0.174345799431395,0.143152793405542,0.135806479167691,0.128460164929839,0.12828435763552,0.154097600381771,0.17109575587236,0.143915841886928,0.141256181819077,0.185615927304458,0.193430283119521,0.193835940717937,0.216865286857824,0.211460038567624,0.207781047391422,0.227716148183022,0.229722232099685,0.240639220442407,0.250746718897306,0.305720451429879,0.374498256633502,0.355800045300011,0.36002843138281,0.378006408128512,0.371003968244891,0.406869233915267
"KEN","Kenya",0.186804619362651,0.186804619362651,0.168244992882797,0.149685366402942,0.173343935837107,0.197002505271273,0.197269393174633,0.197536281077994,0.248477259064236,0.215640412091928,0.180680615216012,0.203706634210362,0.200323758986845,0.179455855976003,0.166252933808773,0.224967671813507,0.209376321255125,0.197107148619409,0.206422855752321,0.229632098802914,0.197977543754679,0.214237026725966,0.214748482931385,0.229639099671645,0.235308440138748,0.248957107387065,0.258141761954151,0.248784835184878,0.246898366771261,0.237106392618007
"KIR","Kiribati",0.523291948032852,0.523291948032852,0.523291948032852,0.523291948032852,0.523291948032852,0.523291948032852,0.523291948032852,0.523291948032852,0.523291948032852,0.523291948032852,0.496730675170481,0.478726959257231,0.487447916020444,0.44426184422799,0.420610275662557,0.438191351672051,0.476822122227636,0.455961797714958,0.456010988637498,0.487544749818642,0.488058932434985,0.480432537237517,0.480136074707171,0.480640298992085,0.503355021932243,0.503564539680289,0.499636151219966,0.49949920683392,0.499028854738975,0.508914659017374
"PRK","Korea, Democratic People's Repub",0.123747956433709,0.123747956433709,0.123509938449425,0.12327192046514,0.123215740226458,0.123159559987776,0.142563414989571,0.161967269991368,0.0618999946465304,0.131406352301783,0.147004680623719,0.124303012108753,0.123776491327714,0.105947404344739,0.140891304858651,0.198944195058713,0.198827883596024,0.128622155328113,0.128640523944092,0.128425091270649,0.128617095294277,0.0943398253567445,0.0942291284521474,0.0556348178663926,0.0579099153627316,0.0588050792481012,0.040772158390704,0.0407285589210789,0.0623806747557429,0.0625345090264187
"KOR","Korea, Republic of",0.566488994784538,0.566488994784538,0.543846937627088,0.521204880469639,0.507569856828538,0.493934833187436,0.491418067088794,0.488901300990151,0.518537618798446,0.509799864571314,0.556801525348355,0.51145209269714,0.540779632915571,0.518163014558364,0.523329424630484,0.520414521668648,0.556866266055239,0.54377313969069,0.557459375957349,0.538857143530494,0.502076982153307,0.503984707330069,0.521199265911548,0.547439446124537,0.564078685790452,0.597014538447627,0.598296898894725,0.612228003830746,0.625431896415424,0.618662587771081
"KWT","Kuwait",0.579064634492384,0.579064634492384,0.57891840182505,0.578772169157717,0.559931214038669,0.541090258919621,0.548046835026238,0.555003411132855,0.527885742495155,0.516563142764372,0.528731368880325,0.458624900454232,0.438556090001412,0.442719966429101,0.443950663699685,0.448521514720898,0.404029076202099,0.391005658157561,0.39372925025109,0.359573860123983,0.36647371302025,0.344102448541131,0.331535265328188,0.358887289779566,0.391271021119218,0.386529214890926,0.408359494747997,0.440194755388145,0.460727148118951,0.472819681673964
"KGZ","Kyrgyzstan",0.218433111770856,0.218433111770856,0.232398377711563,0.24636364365227,0.21598055496002,0.18559746626777,0.184434270772762,0.183271075277754,0.182852478780032,0.163420585645544,0.112363989351933,0.107958155507224,0.114996870519256,0.119964252593839,0.11211184255171,0.158375593280303,0.142594202638366,0.154387685883173,0.150932999768509,0.151606215320428,0.143339621869448,0.14741574483363,0.154727539936548,0.181015640287324,0.195323267193146,0.180127107587849,0.1547265695191,0.144549385849368,0.145903649608322,0.159788336243084
"LAO","Lao People's Democratic Republic",0.253594801686299,0.253594801686299,0.253274159587876,0.252953517489452,0.252016024919211,0.25107853234897,0.250414859235288,0.249751186121607,0.249298393961434,0.165433069696328,0.130979553466108,0.121751830848476,0.127271334240581,0.134875594678166,0.134872983793127,0.147403753246595,0.156594161002837,0.157865292333751,0.173586493988737,0.18531844814631,0.191358834656186,0.203397071044469,0.189272206091343,0.165875302790461,0.167055076250204,0.177254602626416,0.173454193743335,0.191912919913782,0.199489084455731,0.195963835129495
"LVA","Latvia",0.354262049170913,0.354262049170913,0.387062828961406,0.419863608751899,0.392300622478893,0.364737636205887,0.406269377301377,0.447801118396867,0.485682819103351,0.462282311394806,0.495568600276574,0.514519651565608,0.493106651211151,0.486543325222723,0.482217134924277,0.501772756283378,0.512562411993824,0.511634970175721,0.521462734248663,0.539417767553275,0.561211310178387,0.558875723327793,0.569780812504189,0.548219800383745,0.583898745904116,0.598086549360295,0.616996912432048,0.612732297431192,0.60164835107707,0.613019148207767
"LBN","Lebanon",0.276117312656233,0.276117312656233,0.253142714234034,0.230168115811836,0.252568897154997,0.274969678498158,0.278130524520104,0.28129137054205,0.281109810058575,0.259795630547567,0.265145541938057,0.199890490701518,0.18750918864021,0.194056202373442,0.196091814706736,0.200703816048778,0.222832291324493,0.20550329279969,0.198233017700437,0.166829546614268,0.190211731917189,0.175368365264573,0.174821373296418,0.14028400837766,0.138481966282014,0.13805611475861,0.1315516838672,0.141035042166833,0.132305652013895,0.121048000936592
"LSO","Lesotho",0.362871823820805,0.362871823820805,0.339282408182394,0.315692992543982,0.31475551152633,0.313818030508677,0.314869535576462,0.315921040644248,0.31795528977208,0.34968366586189,0.393584912208297,0.439747508470531,0.427891248458913,0.447082316330072,0.467998971265084,0.46369969849823,0.468730735336363,0.455908702017449,0.479599110385978,0.451213522037013,0.433856081038914,0.427134946689309,0.433221589764203,0.427135177741082,0.41584954629403,0.420135371847677,0.386705853971629,0.388550709960871,0.352914023809839,0.352494272053251
"LBR","Liberia",0.0770828918800388,0.0770828918800388,0.066609222574784,0.0561355532695291,0.176467466997662,0.296799380725795,0.231332270171704,0.165865159617612,0.165529048602965,0.134303071489059,0.10650629547922,0.241336465378752,0.25604247175213,0.277532828240294,0.320991795282214,0.327079501195265,0.291404044556671,0.313032916582939,0.268905285709034,0.238989210413605,0.252696611022699,0.226538384873706,0.22533308019301,0.194620384593532,0.193375292797472,0.210555632611322,0.193718381575673,0.180247416246216,0.188516135373511,0.180370451315508
"LBY","Libyan Arab Jamahiriya",0.254269426654036,0.254269426654036,0.254123182434113,0.253976938214191,0.253549365355076,0.253121792495961,0.21599232704787,0.17886286159978,0.178656370629965,0.164453179125683,0.146098333832521,0.146511523718747,0.155060970750625,0.164463322298532,0.143969676950111,0.13913815331824,0.133356221321998,0.165052573636027,0.123932127802222,0.0815139796835712,0.0536139697414134,0.0532068565168257,0.0504257556369181,0.0720929822575573,0.0650398727200475,0.0708434311622715,0.0641905957168591,0.0680992061453856,0.0659340892931463,0.0684926642101702
"LIE","Liechtenstein",0.737206634429861,0.737206634429861,0.736690453215678,0.736174272001495,0.734665111133708,0.733155950265921,0.732087555313506,0.73101916036109,0.730290261331801,0.680586958379697,0.729003926794203,0.730894762086336,0.712829725032447,0.702812382979497,0.829729422430871,0.829820179567431,0.829592847727662,0.829120439271935,0.842434774604259,0.887810986156002,0.88819159774219,0.888498318971271,0.888278865996972,0.888652107031592,0.88916633585829,0.88929554000993,0.827972897534569,0.827886484171348,0.82758969816852,0.827875647843179
"LTU","Lithuania",0.525865887892802,0.525865887892802,0.498098732720302,0.470331577547803,0.46887658676827,0.467421595988738,0.470685260049811,0.473948924110883,0.494728680870205,0.54104289330609,0.540757937154056,0.492473569352258,0.464021045304562,0.462969759735961,0.472475876635266,0.534597034039217,0.521967998266557,0.55175336757382,0.556336187076891,0.56080003802188,0.579819388215107,0.592116841587877,0.578604887673834,0.527073711037826,0.597535629511993,0.626015625615536,0.636083775953439,0.619935544411004,0.627654614474751,0.65175627189461
"LUX","Luxembourg",0.942857430681638,0.942857430681638,0.908374513113263,0.873891595544887,0.874645552138993,0.875399508733098,0.876354203107863,0.877308897482629,0.814692087814554,0.820184812306132,0.819515871212019,0.892739020113588,0.900415853913173,0.901287196360713,0.896163600182189,0.9030415955807,0.937379539713907,0.923732351196939,0.919876235731311,0.924247111442717,0.936263582753954,0.928672677108867,0.918558131574881,0.933006653852073,0.944319225935894,0.932249219928779,0.876121037210819,0.876944343994686,0.88734086511283,0.888115373762172
"MKD","Macedonia",0.284423831853643,0.284423831853643,0.284070045378337,0.283716258903031,0.245778470378573,0.207840681854116,0.213133962454965,0.218427243055814,0.21282026346233,0.30879145296977,0.303067907756646,0.35451364144688,0.358660373832989,0.361134730378639,0.364612544775812,0.34998017460259,0.343868924513838,0.392830458852879,0.401029908658533,0.388765518794525,0.351618839989323,0.354001214824014,0.361817881156811,0.343614906194251,0.316080928471385,0.316785220486815,0.333267645314179,0.345505880117447,0.340537204152934,0.346303378418235
"MDG","Madagascar",0.434386298648326,0.434386298648326,0.420458081859471,0.406529865070617,0.405833960234557,0.405138055398498,0.409205028712457,0.413272002026416,0.440684862409709,0.350577582067684,0.350378877542629,0.377860637564725,0.386328916108636,0.379538974540936,0.373456143820302,0.332208503985285,0.328898687332492,0.280881184328876,0.257872517322702,0.241263707175334,0.240997004113392,0.238713057334134,0.209220222677071,0.210136250537571,0.208492987220549,0.226808599922602,0.203481058364071,0.199180838284946,0.194701322029726,0.189027568473753
"MWI","Malawi",0.32675420340361,0.32675420340361,0.326607959183688,0.326461714963765,0.327291930195655,0.328122145427544,0.251220120875659,0.174318096323774,0.202485802850499,0.240146525640982,0.241512734776617,0.271264047052492,0.269025686788111,0.290746725366756,0.298734462432518,0.32059963110736,0.341329272737048,0.308359478574373,0.273770658425697,0.232967515992191,0.230793988855402,0.231115959501522,0.257129685871482,0.233559378214724,0.236992876881775,0.311798476273628,0.322644115828749,0.271075393279577,0.277377723184865,0.272496361685489
"MYS","Malaysia",0.503665000991328,0.503665000991328,0.477652684037185,0.451640367083043,0.454167022197583,0.456693677312123,0.44218091108936,0.427668144866597,0.455419542308156,0.457621742970013,0.4300446971966,0.448838656384955,0.435984137186713,0.400435481761316,0.388588394505099,0.411009704798319,0.437629387548985,0.457775692766575,0.472267814513392,0.490571227681814,0.478745050611082,0.446271209079836,0.439279882786511,0.536404205484231,0.528863091496294,0.519533151574145,0.492033207777489,0.508097521315855,0.510331283649947,0.537526146685113
"MDV","Maldives",0.388636407063595,0.388636407063595,0.386936871087181,0.385237335110768,0.384299842540527,0.383362349970286,0.382698676856604,0.382035003742923,0.38158221158275,0.333877437154322,0.317584936884627,0.299329443853992,0.246922165103913,0.252289266746338,0.297124285729436,0.29396474515001,0.297017401179099,0.258133166828183,0.245869054226303,0.289279685237245,0.286638509311259,0.24566332572734,0.221889415247934,0.216050944882761,0.302050840955674,0.382829660106899,0.384661207513998,0.361136463266938,0.360802732085557,0.344747845459543
"MLI","Mali",0.304367111878018,0.304367111878018,0.269937798321053,0.235508484764088,0.234812579928029,0.23411667509197,0.24317789024916,0.25223910540635,0.260238187114182,0.297934422562224,0.302249915163565,0.309703437424237,0.305313730993306,0.291744568660188,0.303961292543361,0.288156334620546,0.298503734131682,0.268455243064964,0.283843429799066,0.273890851558177,0.276637802985988,0.273193652832188,0.259022947207234,0.250275997119524,0.244006961774771,0.243214200035337,0.215255687784175,0.2253255479052,0.226125379828898,0.195741378482144
"MLT","Malta",0.628318749691979,0.628318749691979,0.628080743260283,0.627842736828587,0.652079617298781,0.676316497768976,0.645854747500499,0.615392997232023,0.628104102594566,0.618018530952955,0.63724573532146,0.665872911404607,0.654502414641215,0.653213677165174,0.645309881208659,0.645548765637093,0.640848202150339,0.632060771791943,0.633303830332398,0.609570145966727,0.61907679428511,0.603792835005952,0.605896815558971,0.593721611679464,0.518570913358981,0.56361852307871,0.530207651080769,0.525648653015527,0.496762953103214,0.484013701092896
"MHL","Marshall Islands",0.374003436155762,0.374003436155762,0.374003436155762,0.374003436155762,0.374003436155762,0.374003436155762,0.374003436155762,0.374003436155762,0.374003436155762,0.374003436155762,0.374003436155762,0.312196578479057,0.305313199574227,0.307142898567139,0.345478823954792,0.32619720689367,0.38286905443425,0.381632881236639,0.412438667595587,0.395980919097614,0.610453641737543,0.601299809477018,0.600943989746107,0.502521225397867,0.503355021932243,0.41669785287977,0.416289884763621,0.416149774968281,0.415668517229635,0.512650049931443
"MRT","Mauritania",0.293537807683271,0.293537807683271,0.293217165584848,0.292896523486424,0.291959030916183,0.291021538345941,0.323945907729983,0.356870277114024,0.356417484953851,0.290447374689244,0.266630165107518,0.278219652741661,0.297575391211664,0.237800194882929,0.258547789235404,0.279892421370136,0.297116152707015,0.252636190983976,0.237778244964463,0.209475812148716,0.202216257851746,0.230400415264731,0.221339488922257,0.215696996671214,0.195707044188628,0.239487011459221,0.219240707034138,0.226486236488468,0.238331983644399,0.206627128625113
"MUS","Mauritius",0.527996785977412,0.527996785977412,0.527755383084649,0.527513980191885,0.518404244162298,0.50929450813271,0.513726762747698,0.518159017362686,0.503065999268998,0.472346626273271,0.479180698729675,0.514894579278173,0.50537520000708,0.552766806861951,0.544901665867112,0.497672488408883,0.501734771371844,0.524265253627958,0.519533937150175,0.527805567529814,0.489465367684355,0.496854426500271,0.488347539205038,0.492056775058368,0.496260946915324,0.501544361605452,0.518489952817611,0.513608683738944,0.501341729200252,0.50103951348075
"MEX","Mexico",0.270297164696685,0.270297164696685,0.298674573812874,0.327051982929063,0.368702426873096,0.410352870817128,0.37903321376173,0.347713556706332,0.348032916467413,0.316972788316396,0.322455138583352,0.344279965618572,0.329358896254588,0.332923285751224,0.349355433712713,0.333827599286817,0.324231233564854,0.316558859064495,0.299617958203335,0.24841219488487,0.22807822941699,0.232638428951453,0.20330284813131,0.20454664603744,0.216814940676417,0.225100411057278,0.220573020874626,0.220026028906471,0.20699276805639,0.204979221167448
"FSM","Micronesia, Federated States of",0.488337557768431,0.488337557768431,0.488337557768431,0.488337557768431,0.488337557768431,0.488337557768431,0.488337557768431,0.488337557768431,0.488337557768431,0.488337557768431,0.411454664303377,0.413291687637503,0.398323437501408,0.398673203675858,0.39866088861634,0.398872046831976,0.36975749013819,0.412413898845487,0.412472955678748,0.619487650548426,0.620104812940138,0.601299809477018,0.600943989746107,0.601549183655961,0.602383003295515,0.515725834243042,0.491781084082444,0.491644139696397,0.491173787601452,0.585959288723751
"MDA","Moldova, Republic of",0.384857601521319,0.384857601521319,0.377823819464647,0.370790037407975,0.340378309848422,0.30996658228887,0.248915055964321,0.187863529639772,0.187664432326703,0.152865863378208,0.207157623496653,0.226951967547947,0.230341034958988,0.236989133843047,0.243922443036091,0.263430837412726,0.271392650469521,0.256078099935576,0.23487293065122,0.198322504052244,0.182407080276605,0.168299567311655,0.205821635932968,0.221050558679722,0.243702458642714,0.253509197004284,0.295213071670897,0.324979332996506,0.36089917309574,0.355000421322909
"MCO","Monaco",0.836545981162857,0.836545981162857,0.836545981162857,0.836545981162857,0.836545981162857,0.836545981162857,0.836545981162857,0.836545981162857,0.836545981162857,0.836545981162857,0.836545981162857,0.836545981162857,0.836545981162857,0.836545981162857,0.836545981162857,0.836545981162857,0.836545981162857,0.836545981162857,0.836545981162857,0.836545981162857,0.836545981162857,0.837270120525616,0.836752033134303,0.837633241492564,0.838847279930291,0.6949652409178,0.694371206808597,0.694167211197933,0.693466500484989,0.838328707330254
"MNG","Mongolia",0.479712348860082,0.479712348860082,0.479474330875797,0.479236312891513,0.421830656471461,0.364425000051409,0.377687441155446,0.390949882259482,0.345945017117817,0.350040294274008,0.302649496100343,0.291031011468648,0.273849909183945,0.267349406172682,0.289297406908258,0.277257368316143,0.28783207656187,0.282384083693607,0.292857868524748,0.293142662940541,0.286821433000196,0.281339059628062,0.299439840391283,0.289781783845844,0.280223980664848,0.278952502756274,0.268843964568395,0.269376169223058,0.279400050041193,0.310089132149438
"MNE","Montenegro",0.422963353132391,0.422963353132391,0.422963353132391,0.422963353132391,0.403172983171598,0.383382613210806,0.382008074658743,0.38063353610668,0.361940662069152,0.361271536133621,0.36037170500243,0.411919078367748,0.400258773365082,0.362468014636575,0.361563169681904,0.292975427667013,0.293009530908754,0.344359401218239,0.343267496747888,0.386097379126593,0.386675124085777,0.384834912237179,0.397037749908775,0.40275704376927,0.40789660562533,0.414055429274209,0.431230339371386,0.419425719431105,0.406641093394292,0.408638143186619
"MAR","Morocco",0.398100310803914,0.398100310803914,0.399762127578333,0.401423944352752,0.379189970837338,0.356955997321925,0.37544539561528,0.393934793908634,0.331417983448052,0.332639646594298,0.302085267669898,0.341660624085165,0.351255742127552,0.335245055705774,0.333439709569769,0.352794500727501,0.305498503096429,0.306167120718059,0.325947763399195,0.326120936703297,0.341027588436626,0.349669178915703,0.331995612881349,0.312588095708946,0.324021207502907,0.327973902609783,0.311836183923034,0.30963777251026,0.294786064888626,0.302526022032681
"MOZ","Mozambique",0.371073376197596,0.371073376197596,0.370927131977674,0.370780887757752,0.332347377653638,0.293913867549525,0.281410315994954,0.268906764440383,0.280380980344818,0.258299177527313,0.269053274369845,0.2824523825978,0.303470654102718,0.320453213598607,0.297394292831737,0.274016081619316,0.272622446638189,0.287338965867253,0.248483751619066,0.223356108799785,0.22163944033438,0.193247636692713,0.199505211869509,0.220755043461647,0.220023579757674,0.246143312681233,0.235433346727405,0.214115354862137,0.213433590394605,0.177037390854319
"MMR","Myanmar",0.0785825103095878,0.0785825103095878,0.0784362660896657,0.0782900218697433,0.0778624490106282,0.0774348761515129,0.0771321867758765,0.07682949740024,0.0766229833252476,0.0543680303088171,0.0543563621942643,0.0547603793250898,0.0683574296072469,0.0684343467425848,0.0641431838929741,0.148106936213514,0.148434244155597,0.117570463801546,0.156746054438617,0.179513803760751,0.190505606667674,0.224988535788637,0.246373786825118,0.244940873042526,0.245617461950336,0.277320491660614,0.205386172655794,0.159748572232896,0.165524219620903,0.13293057774519
"NAM","Namibia",0.634464149232828,0.634464149232828,0.593076168550697,0.551688187868567,0.551260615009451,0.550833042150336,0.498244884519515,0.445656726888694,0.437363123485412,0.419863747382963,0.417317880313472,0.49626288775022,0.487502698395898,0.556680777691619,0.532569369886925,0.500522650663836,0.493538024871938,0.535865161697078,0.53114930258293,0.523142342009628,0.527205757126278,0.516591492816958,0.507294431562153,0.524630869954057,0.522157021722309,0.512885630319519,0.497712414155313,0.495561945985502,0.46047775083483,0.451603283273425
"NRU","Nauru",0.376729616029152,0.376729616029152,0.376729616029152,0.376729616029152,0.376729616029152,0.376729616029152,0.376729616029152,0.376729616029152,0.376729616029152,0.376729616029152,0.376729616029152,0.376729616029152,0.376729616029152,0.378559315022064,0.378494851577308,0.451015811034584,0.448249104680155,0.44249993582537,0.371520438273791,0.366396148939947,0.537304406298259,0.524355571766148,0.523852225477973,0.524708341613651,0.525887837811267,0.526184207920903,0.525607086801507,0.525408890590354,0.524728119645447,0.539036393496235
"NPL","Nepal",0.301466418600241,0.301466418600241,0.301145776501817,0.300825134403394,0.300060006456049,0.299294878508703,0.300527181589111,0.301759484669518,0.343478654963525,0.208985959284103,0.220696009733564,0.252415582750811,0.24134591539628,0.222930626959218,0.247326182234739,0.254239852027051,0.230241012646318,0.197405829246778,0.21022130069533,0.227617419760282,0.230405960507291,0.226861603199402,0.241885629233576,0.251758979821394,0.252134046165022,0.260366998477808,0.278073997703761,0.271713165489469,0.276988193000226,0.276206752797685
"NLD","Netherlands",0.942382064763211,0.942382064763211,0.940398381315971,0.93841469786873,0.931034303494314,0.923653909119898,0.906873878055911,0.890093846991924,0.886118069812894,0.862681286975937,0.880471072052271,0.898353924782897,0.907156997346347,0.901133015512377,0.89341221256033,0.881997053489156,0.887971821295409,0.898443480450236,0.867875862259225,0.87257494701463,0.852846545139441,0.863164069656287,0.844502872816881,0.872125689946588,0.872871525070862,0.899401790785253,0.890948784763559,0.865430294764531,0.857604478781511,0.863682526730437
"NZL","New Zealand",0.963500682053282,0.963500682053282,0.96877752332046,0.974054364587637,0.961698628405047,0.949342892222458,0.94398819806026,0.938633503898063,0.94262862011052,0.932727612625436,0.930720488975792,0.952559849167554,0.945489826640237,0.943576140327723,0.948969535661952,0.937328315535762,0.941857692763664,0.927047343409455,0.92956633915771,0.922904700639734,0.930627952740578,0.932697229317245,0.923708090760741,0.906200627846226,0.919752230244571,0.920126557222525,0.913230978784064,0.903487987606753,0.888080069051209,0.867963430881313
"NIC","Nicaragua",0.309285071978288,0.309285071978288,0.278926844456847,0.248568616935406,0.236584816344917,0.224601015754427,0.228196470161986,0.231791924569544,0.25021368245626,0.294031727059095,0.258870776509327,0.253706861796359,0.232689930391725,0.231573326486807,0.233392258467083,0.226380183724514,0.226294648358032,0.227537545162246,0.233889389462556,0.192384565898657,0.187487931877065,0.169567348391855,0.169102171856632,0.140905676278952,0.143986243362258,0.159574751983828,0.136440762495806,0.134778183250535,0.131272989218223,0.0913444008519062
"NER","Niger",0.241135612072206,0.241135612072206,0.182238897690806,0.123342183309407,0.15760524356288,0.191868303816354,0.191375655225283,0.190883006634213,0.190546895619566,0.218571835255557,0.24201427886096,0.243984041438858,0.265133781402795,0.295347104804599,0.276279141318265,0.283281072887985,0.304285920284874,0.321846386476188,0.335796160395494,0.319903379693641,0.322853887733745,0.325240074922696,0.321815725905869,0.319046339350869,0.320976545865175,0.299915229414887,0.292230447434301,0.292248423262265,0.302816754479048,0.279831539227866
"NGA","Nigeria",0.153908415189778,0.153908415189778,0.1353488118151,0.116789208440423,0.104674886703185,0.0925605649659477,0.062416603306494,0.0322726416470404,0.0721707773896337,0.0998805624068182,0.126709739800352,0.147701925560063,0.154891517380072,0.181427952176812,0.175022526970269,0.161000064163077,0.158803616690376,0.157429574899626,0.148528975382658,0.122437754247927,0.154028284849776,0.170274251292324,0.15795579531336,0.15774995128851,0.16224106634275,0.164092853885192,0.147203939673029,0.139312042882839,0.168506820752322,0.164842362732661
"NOR","Norway",0.938956444961631,0.938956444961631,0.937358802817251,0.935761160672872,0.918370887217784,0.900980613762696,0.900657129727461,0.900333645692226,0.889371648464061,0.851909537777924,0.888460357164914,0.906346259778949,0.864334023415665,0.850779925658168,0.861082778387408,0.868642584463806,0.902448162206108,0.914086748342082,0.91694760829414,0.914769644963303,0.925028297488308,0.912352011628004,0.923354327390612,0.904275851048593,0.898423286525248,0.903798706031512,0.90083535151281,0.89214736583765,0.901692946379838,0.875465058121189
"OMN","Oman",0.538459503428612,0.538459503428612,0.561141613410966,0.58382372339332,0.583396150534204,0.582968577675089,0.581355004510939,0.57974143134679,0.550412158240058,0.559254209237667,0.55009173564082,0.538957165843163,0.498031542864621,0.499738137472709,0.49363975696773,0.486183138613296,0.414229642311291,0.416526227622549,0.407328056526724,0.425061834653205,0.421982445933943,0.417597268117769,0.417490961196865,0.417671759209487,0.459629490459445,0.427897186489488,0.427775306679062,0.427277990842171,0.474986600730036,0.539571393877354
"PAK","Pakistan",0.155166214833371,0.155166214833371,0.196261707075658,0.237357199317944,0.217295817179637,0.19723443504133,0.204264497164452,0.211294559287573,0.209210449187059,0.171004929420268,0.17414995994833,0.218795031268583,0.226876921931973,0.182490143389113,0.150087558224758,0.144598368825312,0.140408129390287,0.134665961404234,0.161498858731318,0.190307687718649,0.19568174401945,0.197574404620592,0.206329302889305,0.19961595498446,0.197912618206376,0.205874985787428,0.21299579349452,0.20380277485324,0.18064755170725,0.176156321127122
"PLW","Palau",0.378559315022064,0.378559315022064,0.378559315022064,0.378559315022064,0.378559315022064,0.378559315022064,0.378559315022064,0.378559315022064,0.378559315022064,0.378559315022064,0.378559315022064,0.378559315022064,0.378559315022064,0.378559315022064,0.378494851577308,0.379599394579659,0.37683268822523,0.371083519370445,0.371520438273791,0.366396148939947,0.537304406298259,0.524355571766148,0.523852225477973,0.524708341613651,0.525887837811267,0.526184207920903,0.525607086801507,0.525408890590354,0.524728119645447,0.539036393496235
"PAN","Panama",0.347375874539626,0.347375874539626,0.347229630319704,0.347083386099782,0.328723561640905,0.310363737182027,0.311254441768172,0.312145146354316,0.327296066022397,0.329108644078907,0.3114608172121,0.322650331121451,0.311227015922679,0.372137924137986,0.353376936037683,0.343936876840371,0.342143429870692,0.316308329626685,0.322997809883346,0.331280576958459,0.324395511375684,0.306022898201153,0.293224663214892,0.295736981566897,0.296746192607577,0.30245303277749,0.301398743535836,0.292305377524388,0.291375417241957,0.294340481543781
"PNG","Papua New Guinea",0.346804021400662,0.346804021400662,0.342242805238397,0.337681589076131,0.30042725169715,0.26317291431817,0.244456842682601,0.225740771047032,0.225534280077217,0.167737741819652,0.14695401096983,0.178697105057601,0.180152800545042,0.172407482999846,0.168497301419261,0.197893764381673,0.196646477593766,0.19047455330934,0.190491189037018,0.197268445862363,0.197442266111431,0.194864282845448,0.19256224471234,0.20518166873123,0.194294070174074,0.295651769672897,0.270617933873583,0.28645967523871,0.283318711221859,0.238141134879638
"PRY","Paraguay",0.12901291008715,0.12901291008715,0.106038311664951,0.0830637132427532,0.0844108028441456,0.085757892445538,0.0689002164331275,0.052042540420717,0.0559688494150796,0.104099452261735,0.130866407412714,0.194899841713362,0.178345883256979,0.214889447618287,0.224501524860836,0.260543799294751,0.266963965604431,0.247248941626918,0.203404926804762,0.196851258780458,0.202617017152567,0.235893139756309,0.2307929722276,0.221136001625495,0.219960086730366,0.235185797857471,0.213153116646973,0.201979036996079,0.18787143161042,0.185568862058233
"PER","Peru",0.325067872036042,0.325067872036042,0.308349242980815,0.291630613925587,0.297901705631122,0.304172797336657,0.335194986786496,0.366217176236334,0.409066374543289,0.327599945314666,0.329911364149771,0.362079685921158,0.340193029431398,0.35245175852696,0.333458170606457,0.361987126580767,0.365018502741533,0.339075547529741,0.330171158763691,0.287988406191698,0.285588794894717,0.304241743185815,0.285313519811985,0.286560829705069,0.309111528991348,0.307286289297661,0.304601398376164,0.274136713750166,0.268608476601029,0.255923272142275
"PHL","Philippines",0.340388037128079,0.340388037128079,0.350857651474712,0.361327265821345,0.320170232939235,0.279013200057125,0.269689856663105,0.260366513269084,0.273258948063328,0.270305898453716,0.251477466340782,0.269637303937263,0.263734254601448,0.263534302396818,0.231184720509262,0.24166857919772,0.291702956235813,0.275980091008059,0.307267296841894,0.287738708540272,0.285951754125424,0.280710182911443,0.275221779088026,0.274766722620475,0.281161958443814,0.297773171529625,0.289657547307331,0.288945353321252,0.290894875763808,0.28914230185283
"POL","Poland",0.617038571066777,0.617038571066777,0.6063668788392,0.595695186611622,0.566368847862412,0.537042509113202,0.519472442720706,0.50190237632821,0.505816878576956,0.44839748612898,0.480243583097297,0.49745576184551,0.49582643095042,0.521098157655543,0.554980629428006,0.57004190100804,0.598406856433647,0.610336221226343,0.608863820695691,0.601166053605444,0.615459031828837,0.623537156348322,0.61401585934751,0.601856436304121,0.587863293966963,0.594319388827394,0.581096642418014,0.576572718011962,0.596464334859823,0.605842541497418
"PRT","Portugal",0.786624865704045,0.786624865704045,0.765198094663899,0.743771323623752,0.733650227771993,0.723529131920235,0.719290556454231,0.715051980988228,0.705469524583019,0.698031875579175,0.698226906381033,0.626650347942021,0.633117648813458,0.636989937903218,0.627358336785824,0.593643007866181,0.605702593438319,0.606840107528723,0.59249438018548,0.580414092374453,0.589616353086666,0.587204149468039,0.611643581475313,0.607920621146648,0.606546902828381,0.606267214656778,0.611559963838549,0.60399133158441,0.603704573228544,0.612796113930982
"QAT","Qatar",0.433335937286819,0.433335937286819,0.435312203972136,0.437288470657453,0.48251760620289,0.527746741748327,0.543879677663368,0.560012613578409,0.559831053094935,0.550443627491584,0.57632567745593,0.613255976275419,0.632627495581539,0.675533116731538,0.739708670977954,0.733063598872125,0.688190895344799,0.689435478826958,0.694226614608854,0.621483799238837,0.617613173721844,0.621108270791662,0.59468694598839,0.59551473517666,0.625145854320055,0.624467324577349,0.616325406663251,0.611779255076606,0.601614501992279,0.596775215020824
"ROU","Romania",0.362977530007098,0.362977530007098,0.342528558519049,0.322079587030999,0.308524334014636,0.294969080998272,0.293286908562624,0.291604736126976,0.294584587742292,0.346540899641207,0.340631034278079,0.363472096327887,0.344893454287088,0.354403106278525,0.347358291499677,0.354769230918526,0.381255758532228,0.339485710637737,0.357205648762996,0.36906826269838,0.399718782265658,0.406228088349485,0.411051710010709,0.38333321434167,0.394662399047993,0.410882187324624,0.424589842090669,0.437669636767897,0.429646918463654,0.42837172062153
"RUS","Russian Federation",0.198150347375944,0.198150347375944,0.204416806493424,0.210683265610903,0.191167015473976,0.171650765337049,0.168890077881314,0.16612939042558,0.190957289779335,0.216367647548449,0.212016365027421,0.196601653549742,0.172622592200806,0.158926490023427,0.153923572186108,0.17386315538211,0.204129967269437,0.175399372412552,0.190814176310941,0.217282335308664,0.211319512879091,0.231416835120738,0.211319628404978,0.217026422364536,0.24455037244044,0.24338554803043,0.242417233153628,0.243812346866105,0.217257936241402,0.216471412899847
"RWA","Rwanda",0.23674819305383,0.23674819305383,0.236427550955407,0.236106908856984,0.242753321063098,0.249399733269212,0.253217447930115,0.257035162591017,0.256582370430844,0.339575081463657,0.339248559097602,0.370601753317898,0.392551371415887,0.432977876353706,0.429890562558619,0.486563472937356,0.490287334367937,0.521060265164719,0.521213914593976,0.535498759794949,0.537915422712801,0.556554600318209,0.539326594523523,0.523157291059361,0.526809018126312,0.541007681015837,0.530849189434566,0.544355367054277,0.579682258987642,0.566891972182383
"KNA","Saint Kitts and Nevis",0.457176159625167,0.457176159625167,0.457176159625167,0.457176159625167,0.457176159625167,0.457176159625167,0.457176159625167,0.457176159625167,0.457176159625167,0.457176159625167,0.663803010988152,0.665266955023901,0.664218326550693,0.664497067410025,0.664487247709659,0.730105027125132,0.729560622936838,0.728429393454668,0.728515344714343,0.403086153915185,0.521524586808381,0.521825809005257,0.530048271567533,0.515530017865154,0.497278013716296,0.497404907350203,0.503708415619534,0.494222654381459,0.503696123665194,0.50279943483812
"LCA","Saint Lucia",0.470707452572638,0.470707452572638,0.470707452572638,0.470707452572638,0.470707452572638,0.470707452572638,0.470707452572638,0.470707452572638,0.470707452572638,0.470707452572638,0.684066367034106,0.685166751104537,0.68437851797986,0.684588035727905,0.684580665176336,0.734679436343654,0.734297854340018,0.692609159774912,0.692659182483836,0.503273622392503,0.5541316758973,0.554363605667358,0.538296958506082,0.52716426022779,0.532019674613022,0.509786694620234,0.507890221664833,0.508175778551478,0.509521863077656,0.526178154364442
"VCT","Saint Vincent and the Grenadines",0.470707452572638,0.470707452572638,0.470707452572638,0.470707452572638,0.470707452572638,0.470707452572638,0.470707452572638,0.470707452572638,0.470707452572638,0.470707452572638,0.647263470162424,0.648363854232856,0.647575644213356,0.647785161961401,0.647777768304655,0.690354256203561,0.689972697305102,0.689179796934604,0.689240055237085,0.562206658112668,0.578700935896002,0.578956756419421,0.584540977413234,0.596384136789304,0.598017719037023,0.598125481584099,0.59337473365218,0.589737793898722,0.586707873364127,0.58526678034876
"WSM","Samoa",0.412785707359112,0.412785707359112,0.412269537697518,0.411753368035923,0.410244195615548,0.408735023195172,0.407666639795345,0.406598256395519,0.40586935736623,0.383474248344104,0.48519536917718,0.486493995669119,0.485563781229737,0.485811029732366,0.470155077098164,0.464766788008126,0.464455284007338,0.463807992464385,0.463857183386925,0.463280247108947,0.463794429725291,0.465979486345568,0.564651694188283,0.565256911203315,0.56609070773769,0.609733568885995,0.59953034568141,0.599393401295364,0.611571516427215,0.58136045733279
"SMR","San Marino",0.692358884494053,0.692358884494053,0.692358884494053,0.692358884494053,0.692358884494053,0.692358884494053,0.692358884494053,0.692358884494053,0.692358884494053,0.692358884494053,0.692358884494053,0.692358884494053,0.692358884494053,0.692358884494053,0.692358884494053,0.692358884494053,0.692358884494053,0.692358884494053,0.692358884494053,0.692358884494053,0.692358884494053,0.693083023856812,0.692564936465499,0.69344614482376,0.694660183261487,0.6949652409178,0.694371206808597,0.694167211197933,0.693466500484989,0.69414161066145
"STP","Sao Tome and Principe",0.501405453279333,0.501405453279333,0.501084811180909,0.500764169082486,0.4865548662588,0.472345563435114,0.471681890321433,0.471018217207752,0.403389340052134,0.347776656945625,0.325983021899803,0.316277669056366,0.335463561367802,0.355064676821069,0.366777199524505,0.370386944484243,0.385859395800075,0.385585414607273,0.377602529628751,0.403727137744726,0.403939797796889,0.395357241045895,0.444581203989072,0.458541121081226,0.46303038772128,0.442992491995731,0.459811975150012,0.455839132328503,0.450525472961247,0.464922077904974
"SAU","Saudi Arabia",0.334161376678554,0.334161376678554,0.334015132458631,0.333868888238709,0.333441315379594,0.333013742520479,0.373116139583274,0.41321853664607,0.359164759854144,0.311890319353523,0.329444893724618,0.347028026094895,0.347976331888128,0.375810076181697,0.361915893319052,0.394259791332984,0.373110652103658,0.377301122590456,0.381343234733606,0.364404806126421,0.389794091973809,0.450185711328582,0.447786515924793,0.458329362130979,0.471590971448632,0.496660643377988,0.477019648388646,0.486311742030325,0.53257140314253,0.596312695580994
"SEN","Senegal",0.412817199715816,0.412817199715816,0.435499309698169,0.458181419680523,0.457753846821408,0.457326273962293,0.481851426177468,0.506376578392643,0.384327938436163,0.386798320891311,0.379804522344012,0.354482657404078,0.337745613522518,0.336177881030194,0.319649869687955,0.293023717487636,0.336427879048925,0.362089089728332,0.371125617003544,0.43059832035065,0.441002373756603,0.429654658698061,0.418270968878412,0.42863463443439,0.422294619984874,0.418775701477227,0.430709617989857,0.426285138267042,0.431175418364868,0.448488959526037
"SRB","Serbia",0.183188497373969,0.183188497373969,0.153703934370391,0.124219371366812,0.138114582409848,0.152009793452885,0.152582767192949,0.153155740933014,0.249174388474694,0.28145486277685,0.278018730119583,0.367691517601882,0.350529038090109,0.350520165702014,0.345186774513317,0.337825534330909,0.345622168474959,0.331635149009794,0.337191227897616,0.37134118830805,0.347539020196767,0.341331121151235,0.328051628426327,0.332964574703116,0.338370585464168,0.337290880527449,0.313594210655863,0.310332429666743,0.306453740442861,0.292790101039634
"SYC","Seychelles",0.570260337354535,0.570260337354535,0.569939695256112,0.569619053157689,0.568681560587447,0.567744068017206,0.572251229617104,0.576758391217001,0.590439243977341,0.47311441131601,0.448276877103308,0.448856470476678,0.448441293545201,0.448551666977316,0.517583351869462,0.524283899506064,0.524117033915374,0.517254449670142,0.518721143221993,0.531267762827111,0.635829526582079,0.63297344940173,0.589208223234275,0.610994972937252,0.670384682487382,0.686880092424406,0.686725541893233,0.687971835158515,0.688480980846201,0.706748095781034
"SLE","Sierra Leone",0.272925725195847,0.272925725195847,0.270896466786319,0.268867208376791,0.268171303540732,0.267475398704673,0.251998210827488,0.236521022950303,0.234643218978186,0.230003075530155,0.182332288817582,0.188538154607508,0.201269985314118,0.216547498248801,0.24757756656411,0.276372463129509,0.268336297612059,0.244670011048665,0.23716022768119,0.227771069189539,0.23780442313038,0.231374806803171,0.268696299380067,0.299548735092049,0.303864458745163,0.315823005376829,0.311927125901012,0.294522481025624,0.290976275303548,0.260106556918923
"SGP","Singapore",0.874821093723772,0.874821093723772,0.865038846850174,0.855256599976576,0.858354530600647,0.861452461224718,0.885781023038565,0.910109584852412,0.908639217577365,0.88538505806204,0.885175886891654,0.91911635265922,0.923733529560983,0.923383971333129,0.917025010638201,0.901119083090446,0.901236087708455,0.904847889028976,0.897023297620354,0.897423710343516,0.902954974270883,0.90860047019498,0.91046863930815,0.913456369788936,0.911939353160856,0.913885109459507,0.90297292699367,0.892097504864968,0.866936267117846,0.87710866801587
"SVK","Slovakia",0.507423635713793,0.507423635713793,0.516394290128431,0.525364944543069,0.516668525478183,0.507972106413297,0.469915037410863,0.43185796840843,0.489618693641129,0.505914544161538,0.525592183962128,0.532968789087462,0.510761594472576,0.496219865910027,0.464008660929513,0.475041313789958,0.475034266710871,0.463341914827246,0.4569136617055,0.465368631667267,0.466889853437622,0.488016210962099,0.474730803311794,0.483382097965351,0.480126855741416,0.519350297200741,0.504971598769446,0.509589214669579,0.511237422494549,0.447975747327141
"SVN","Slovenia",0.737144689449434,0.737144689449434,0.728617712202512,0.720090734955589,0.667498499260969,0.614906263566349,0.608878284536701,0.602850305507052,0.604844282310794,0.623351922141652,0.61557340245663,0.644378488405233,0.650147597028055,0.626297000465084,0.632137804453167,0.590591091202766,0.5840752001434,0.580473888573388,0.561044883586066,0.561849867964309,0.574296211099806,0.598453344050439,0.605874241800718,0.61173644118301,0.618413837431926,0.601671502464756,0.583796782756551,0.595215754181985,0.579832327114413,0.578180214514474
"SLB","Solomon Islands",0.518532951552625,0.518532951552625,0.517868862545752,0.517204773538879,0.464215717976172,0.411226662413466,0.409495160424214,0.407763658434962,0.406825888602593,0.377625080281827,0.412260919466373,0.356799575271388,0.311348456734735,0.32459765857216,0.34895703113998,0.327284444118199,0.323575624158062,0.329679804062551,0.328787459008816,0.329990314540714,0.329669891941476,0.327419886667719,0.387842559380826,0.388216354939701,0.422475602838915,0.416444874293163,0.381972735290014,0.381887430975304,0.381594364906027,0.389999381474403
"SOM","Somalia",0.0489348478592233,0.0489348478592233,0.0486968298749388,0.0484588118906544,0.0489144113298731,0.049370010769092,0.0748337183926662,0.10029742601624,0.0500957212839094,0.0424607540656503,0.039335478464207,0.0402813120034653,0.039921032973329,0.0328444947860047,0.0558712069356752,0.0331458325087672,0.0384677866346852,0.0413541778076942,0.0421718469282925,0.0203530272391788,0.0227000280473746,0.0214954165219994,0.0245292187263857,0.00499388371298248,0.0447519096602355,0.0643621516585485,0.0519697360069442,0.0529685728230018,0.0487939062774988,0.00968585207376926
"ZAF","South Africa",0.622484392048372,0.622484392048372,0.604651850841385,0.586819309634399,0.55920162185406,0.53158393407372,0.500218332373198,0.468852730672675,0.454128124631545,0.473370509101557,0.500667450810175,0.528523214337742,0.493566120767573,0.459247561878149,0.446777882513547,0.443928390308737,0.44749894888772,0.415630509212924,0.414616584716068,0.419047395257473,0.425010425633641,0.42944960024924,0.403917293354168,0.411432159860655,0.430452827048991,0.428301134304781,0.437287569555537,0.384599747742295,0.373944032744842,0.378056500152968
"ESP","Spain",0.771489380294421,0.771489380294421,0.782538518698893,0.793587657103364,0.779326829734228,0.765066002365092,0.768384922457754,0.771703842550416,0.77767514458007,0.708088404012879,0.712641232995774,0.694626911806129,0.664011951106765,0.68703870946679,0.658431657993099,0.661827934219468,0.68070634283097,0.677841855366072,0.604130193700175,0.560811752346787,0.558771565188381,0.56669317523662,0.559613125062341,0.594621673862427,0.611893348442271,0.614351924151803,0.610005077824822,0.602977846085924,0.593238505526631,0.587478731395451
"LKA","Sri Lanka",0.443355058438423,0.443355058438423,0.443208814218501,0.443062569998579,0.425682728531056,0.408302887063534,0.395113631608696,0.381924376153858,0.37300178050807,0.4095465463386,0.366376486434038,0.370042862183417,0.390512570568121,0.360600330732129,0.378059157248361,0.361963559299888,0.36505195903831,0.351518933202539,0.350665081374239,0.318363558255534,0.343498617836739,0.364370887726098,0.351245252377043,0.375073136550697,0.384493163559263,0.358591612825249,0.344567024341743,0.340726620396701,0.332992485757333,0.333468567936257
"SDN","Sudan",0.11818224268694,0.11818224268694,0.118035998467018,0.117889754247095,0.135453986582315,0.153018218917535,0.15098607236084,0.148953925804146,0.118109392062812,0.120612468343885,0.0954301817802137,0.144587532497143,0.11897590552829,0.0926990805040523,0.0921677769513055,0.0809359805674368,0.0836454553976154,0.0591189399769774,0.05976112527574,0.0651399412430719,0.080228130354697,0.0801637593306502,0.0803074273233,0.0715274830423593,0.0824728445428446,0.102849647009498,0.123729911290213,0.0882045920939212,0.0870331827083717,0.0625231412791714
"SUR","Suriname",0.510838257450963,0.510838257450963,0.510600239466679,0.510362221482394,0.534599101952588,0.558835982422783,0.528374243706895,0.497912504991007,0.49757639397636,0.481936776702532,0.488296754025263,0.454578259696324,0.443720813395587,0.447173535570178,0.396918758245516,0.3848343808181,0.388139160542235,0.390396559472738,0.385043274726358,0.348087098108257,0.375683090127081,0.381073158315774,0.377219538209297,0.355681330898879,0.357237996011261,0.35245002563866,0.350375457976384,0.350988715593127,0.346299034644896,0.335293045159092
"SWZ","Swaziland",0.42729012106027,0.42729012106027,0.426969478961846,0.426648836863423,0.420885238825395,0.415121640787366,0.414457956121096,0.413794271454826,0.413341502399831,0.352288012135209,0.352056244101393,0.441500382748815,0.441090681744366,0.465862065834367,0.454222994489669,0.401112971771042,0.391870138367434,0.396618437150556,0.391302883158759,0.356681808182527,0.357970753605164,0.359094381483992,0.40201030754308,0.359420141379194,0.353753180745356,0.352725716614584,0.288204439599751,0.281756986075642,0.276980013767451,0.240957979468878
"SWE","Sweden",0.995076702603766,0.995076702603766,0.995673705728256,0.996270708852746,0.984199628454885,0.972128548057024,0.96492843182874,0.957728315600456,0.920791039017413,0.890542988534079,0.892092421725955,0.916394447243637,0.920975279701457,0.921165204259125,0.917630412494651,0.91467216422014,0.912906674515033,0.923556451481912,0.901881553942398,0.886110329578488,0.906394434073686,0.908931151492954,0.90972987436814,0.911227482647261,0.914328613338392,0.91537109583443,0.90524887938157,0.89037237990466,0.879951482824431,0.876989214249065
"CHE","Switzerland",0.909271791122358,0.909271791122358,0.908614830062692,0.907957869003025,0.896947755243067,0.885937641483109,0.884285043674446,0.882632445865782,0.878676631559967,0.853787642117346,0.880343901156236,0.929014910995507,0.926146333914221,0.925207154666034,0.896003943406826,0.899471753262214,0.90509370501061,0.922586149559859,0.914309343620498,0.944720054552248,0.946910009470119,0.949870984155555,0.954426932337389,0.952351625309439,0.954013742451163,0.950758038123681,0.908955111561847,0.906410838749591,0.906942488879998,0.886141937461078
"SYR","Syrian Arab Republic",0.252382750293823,0.252382750293823,0.252236506073901,0.252090261853978,0.212477579024732,0.172864896195485,0.210709570855296,0.248554245515106,0.202691023035561,0.19917543167345,0.201306399073593,0.200368028506613,0.173642385412703,0.168615438190959,0.180740665571897,0.170402924024886,0.16666048603173,0.14738076359515,0.14317957230607,0.0687139193883005,0.0686830277662077,0.0546321686960751,0.0545232971004873,0.0547084850968023,0.039791320507788,0.0325010363249661,0.00862453885820624,0.00822525828873377,0.0106840650500388,0.0292066077202762
"TJK","Tajikistan",0.108900962268252,0.108900962268252,0.120247926408531,0.131594890548811,0.112551106630555,0.0935073227122991,0.105818292613808,0.118129262515318,0.117710666017596,0.115115353868614,0.120169287937482,0.17489357697558,0.176767175805423,0.132203989233634,0.129352417562864,0.104323364535258,0.13570828216403,0.119564902708835,0.114529591412896,0.135865582211305,0.144102878297429,0.148319526950144,0.142040048065238,0.110849190820877,0.12842663931753,0.1719457953464,0.171112368494861,0.16289635227706,0.162759084418531,0.141005791012331
"TZA","Tanzania, United Republic of",0.292677694351914,0.292677694351914,0.274118079424648,0.255558464497382,0.255130891638266,0.254703318779151,0.250995619420114,0.247287920061077,0.256073917898479,0.282594063545199,0.267781773356094,0.372597878903132,0.350154387639673,0.342059673602864,0.33585958410727,0.308375790829569,0.30067146186896,0.279478469013057,0.27147155465011,0.276539559771973,0.287768098325838,0.321756368705303,0.341396254646133,0.343902542546855,0.356998349111974,0.363671748165212,0.34114593315492,0.339401607792249,0.342372124915923,0.354417038700456
"THA","Thailand",0.37999211327877,0.37999211327877,0.387652519297271,0.395312925315772,0.395086355946855,0.394859786577939,0.34754868971348,0.300237592849022,0.293838775723196,0.321247800647051,0.340922182617638,0.316508397357202,0.366614978074457,0.352937429354476,0.383246338874902,0.372187346112299,0.388355378791707,0.336593358328976,0.359003578137077,0.31925363900189,0.295906042149435,0.327935201437752,0.336666162742749,0.336203527777033,0.333308610793588,0.334104491731962,0.332411667809564,0.329030617895057,0.320861620713126,0.300526430670847
"TLS","Timor-Leste",0.409702413864881,0.409702413864881,0.409702413864881,0.409702413864881,0.409702413864881,0.409702413864881,0.409702413864881,0.409702413864881,0.385612840452766,0.384582488174828,0.347770164390795,0.325928886469315,0.307449596691043,0.309512126555929,0.251432873348531,0.255253129578941,0.232967631518077,0.235759383884735,0.252438433771193,0.272210827904021,0.272952688937793,0.274445121657192,0.265080662600109,0.286188813244849,0.321031998290771,0.324340220686329,0.352614488290908,0.318244913169935,0.323816842209407,0.335144501974025
"TGO","Togo",0.254408704662992,0.254408704662992,0.245342429471966,0.23627615428094,0.24069808088166,0.245120007482381,0.229642819605196,0.214165631728011,0.213829520713364,0.209158970851964,0.206304326192609,0.174674378158232,0.182984340027065,0.18203353887468,0.183621372871282,0.240724547862294,0.226037487734328,0.233158018179292,0.22728992697678,0.239462404445362,0.276623084988028,0.271393204993777,0.253560282551365,0.247936274442187,0.259093140735969,0.273387020061278,0.271730170899986,0.276580178673723,0.286523584159211,0.269096319315214
"TON","Tonga",0.444644465964607,0.444644465964607,0.444644465964607,0.444644465964607,0.444644465964607,0.444644465964607,0.444644465964607,0.444644465964607,0.444644465964607,0.444644465964607,0.114664109755322,0.115962736247261,0.177768207613327,0.274533337224245,0.279202985983729,0.368629310539429,0.371074138668448,0.370426824020318,0.370476038048035,0.287395065237815,0.285152938829528,0.285567283974621,0.367774857976518,0.402733106805554,0.320923773640149,0.357284298786634,0.343173158308842,0.307557936867552,0.308065511403179,0.330130262599813
"TTO","Trinidad and Tobago",0.618316079426635,0.618316079426635,0.595341481004437,0.572366882582238,0.547351715766208,0.522336548950178,0.501405857619936,0.480475166289694,0.468358973033093,0.459929880869937,0.463103145924698,0.422129926280852,0.412815143355033,0.407801389189545,0.41653158802369,0.395202089780111,0.401625513919795,0.397978223046892,0.385876031527754,0.32562583896343,0.354964354141094,0.363138688618988,0.362524229533024,0.358244295799597,0.376016751992931,0.37750511820112,0.369093655288268,0.353294820237446,0.349312758450181,0.34385478414531
"TUN","Tunisia",0.337664652981147,0.337664652981147,0.337518408761224,0.337372164541302,0.336944591682187,0.336517018823072,0.373796621713465,0.411076224603858,0.369044556786438,0.3866059933952,0.356954934483768,0.408870003641145,0.395979717628393,0.353457087897848,0.355762707333442,0.377516670789786,0.434084891610032,0.422751016552711,0.419650371070303,0.42526079333521,0.419050098563221,0.409024715908559,0.411048475285882,0.422679575344401,0.415747005517031,0.417919816393322,0.389672928423881,0.376334286445003,0.377925193430191,0.371503455968452
"TUR","Turkey",0.355627126152859,0.355627126152859,0.320954619051887,0.286282111950915,0.313584564244327,0.340887016537739,0.339793564020507,0.338700111503275,0.384518348202555,0.384373270794088,0.405850803908832,0.433933344751912,0.439682582922229,0.43369245017305,0.429482155444101,0.433643836879943,0.433109483443789,0.458996708967856,0.454710837203855,0.397207942645002,0.39779162563476,0.402825481304527,0.406993701505554,0.368832035365339,0.380738017718575,0.347457389605253,0.330131510279389,0.322450425127176,0.321295304891646,0.292238672877431
"TKM","Turkmenistan",0.208780877730105,0.208780877730105,0.223374304126933,0.237967730523762,0.234035402630705,0.230103074737647,0.211342467872771,0.192581861007894,0.192140760067451,0.125445124129446,0.0792376807180109,0.0797259855357431,0.0793762193612928,0.0783227388008453,0.0765998088323837,0.0766559313081229,0.0765153363040584,0.0762232175470513,0.0753855855532383,0.0844338502585341,0.0846659186596556,0.0839940894183763,0.0867263921637589,0.0869539550553007,0.107592793338075,0.108244798337204,0.108091403064897,0.10803872326058,0.110437271719404,0.122644892162708
"TUV","Tuvalu",0.57572364895537,0.57572364895537,0.57572364895537,0.57572364895537,0.57572364895537,0.57572364895537,0.57572364895537,0.57572364895537,0.57572364895537,0.57572364895537,0.411454664303377,0.413291687637503,0.398323437501408,0.398673203675858,0.39866088861634,0.398872046831976,0.398343146217672,0.368980555445228,0.369039612278489,0.411780447303756,0.412397632800646,0.412894971742715,0.412539152011804,0.413144345921658,0.513006193134837,0.469782367482624,0.469374399366475,0.478885460773728,0.478404203035082,0.556083393331703
"UGA","Uganda",0.265189141407682,0.265189141407682,0.217027854885531,0.168866568363379,0.164980092694737,0.161093617026094,0.159191956958382,0.157290296890669,0.170969555393773,0.230092885354444,0.215082167902412,0.27364619083541,0.256905011127107,0.25894764743431,0.2469257464064,0.246653983310622,0.238933087937866,0.224420795371238,0.206503885609224,0.193981780597256,0.188325355924282,0.192544268884375,0.18742952198877,0.1844731683388,0.167640815600745,0.206073251314113,0.206975808856228,0.193859531103993,0.192083505438023,0.164478132717201
"UKR","Ukraine",0.185571750205399,0.185571750205399,0.163087224146999,0.140602698088599,0.141646844157404,0.14269099022621,0.130832985773703,0.118974981321197,0.112997417788487,0.165360427018797,0.208394998163485,0.211838986581044,0.201906740896208,0.196826582451068,0.170431112341231,0.163335604803317,0.161858490816489,0.141590513735069,0.142920147374987,0.174951617181037,0.176617916359859,0.18783531821825,0.202130352802426,0.193698903911182,0.241643024871591,0.230377494928818,0.236583869032646,0.264383879767311,0.255025012163143,0.26701576741201
"ARE","United Arab Emirates",0.478144454631517,0.478144454631517,0.477998221964184,0.47785198929685,0.477424416437735,0.47699684357862,0.53873775907922,0.60047867457982,0.627233199145395,0.601420141240563,0.597368301817756,0.602975235200885,0.602120320534428,0.633159376763719,0.6176436956611,0.632648336451493,0.683906825784629,0.674095997806672,0.688384932624032,0.6501136093122,0.634925189941309,0.6780142893045,0.671031974030335,0.675328497281087,0.673715547956725,0.667616150823943,0.661505201102496,0.658585607789661,0.651541047167764,0.692751556982809
"GBR","United Kingdom",0.89617000031631,0.89617000031631,0.90157359658633,0.90697719285635,0.899215840318086,0.891454487779822,0.880539671323769,0.869624854867717,0.87426412031901,0.846565818574959,0.861846866601773,0.822317212227269,0.798480270824101,0.785854978090169,0.73853270987247,0.740309151431633,0.757081199656851,0.764947149332897,0.770012913252559,0.77360782468845,0.804592676171721,0.829002302500237,0.841987504581468,0.83927377839866,0.830738055842118,0.820016629720333,0.806881405722686,0.800204240525543,0.763073804660005,0.771202090519477
"USA","United States",0.810441959759885,0.810441959759885,0.802492531078139,0.794543102396393,0.789382734328145,0.784222366259898,0.814006453229818,0.843790540199739,0.775057743881558,0.795498686320485,0.766121192708662,0.721386334669298,0.707639886310513,0.728138453061705,0.687767885758207,0.689787370677723,0.715935107076208,0.714212292633633,0.695174319667476,0.708689184833863,0.708126250293349,0.709344101085336,0.724082431601801,0.711283595880929,0.69315682179321,0.682141382289877,0.682248151314328,0.700177098873731,0.698502065937878,0.67349875207782
"URY","Uruguay",0.651544397418477,0.651544397418477,0.651398164751144,0.65125193208381,0.641978357241762,0.632704782399714,0.644070323102569,0.655435863805423,0.652081846948394,0.607075826547863,0.638392537693151,0.65396191522789,0.664829342965235,0.694863601242717,0.698716574404228,0.733404007449756,0.733312256790571,0.730075891496516,0.733552989633192,0.719980731206312,0.712814591141295,0.742478519636501,0.73347671944282,0.737235192429043,0.743283573330276,0.772292562468833,0.797148534613046,0.795272856317243,0.78035827950809,0.7754004860821
"UZB","Uzbekistan",0.136737640919343,0.136737640919343,0.145444942522752,0.154152244126161,0.139144957792964,0.124137671459766,0.14732611985076,0.170514568241753,0.166880863213122,0.13504546394191,0.0901153209437364,0.140991673748981,0.140690359131396,0.140032924415594,0.105102471114889,0.105397732176013,0.0891298389201768,0.10610664522691,0.131198059128136,0.136784521324149,0.131462081989507,0.138566785387999,0.134746783314541,0.142533274285742,0.163030108148635,0.229281939840449,0.250942951168386,0.260835340422325,0.2602309320885,0.248084447944417
"VUT","Vanuatu",0.460702980103462,0.460702980103462,0.460038891096588,0.459374802089715,0.457433193170396,0.455491584251077,0.454117057251603,0.452742530252129,0.451804760419759,0.40201723909628,0.49433903515968,0.495254323654505,0.517533583317489,0.51770010233052,0.517694233615478,0.515499195558593,0.515251277005822,0.517160573334643,0.52389450795249,0.532124410381868,0.400692342017715,0.395118425932992,0.407033072727728,0.379312035489183,0.379591631240076,0.416197995473372,0.414050692712856,0.390999281128618,0.379557158315497,0.387573176118313
"VEN","Venezuela, Bolivarian Republic o",0.242350320560075,0.242350320560075,0.2397391004965,0.237127880432925,0.253618553808596,0.270109227184267,0.22333657337235,0.176563919560434,0.17451185634088,0.191487715335343,0.172818732051176,0.171441178273471,0.126177696881931,0.120285368348398,0.130217151929688,0.131045426326681,0.162325238503771,0.130259919612929,0.121428589417602,0.0922556228355214,0.0931925377763295,0.0952362369216898,0.0867536100626559,0.0538622810821993,0.0538779694976077,0.0576961693672343,0.0562988837680883,0.05198579410519,0.0620985374353433,0.0556590320922363
"VNM","Viet Nam",0.261057358071307,0.261057358071307,0.250324679728162,0.239592001385017,0.243478014950112,0.247364028515208,0.242337739791018,0.237311451066827,0.26659724022982,0.236386111819862,0.239560901816328,0.28806476880278,0.323985741055703,0.340121796169684,0.34926176532381,0.327269910961658,0.339466926128566,0.315493825915381,0.326034038131352,0.338743364395241,0.335168600673983,0.339957056255307,0.324445949977799,0.33108078649007,0.338696715042207,0.350009495072625,0.35058809492337,0.365534926560078,0.351115170228665,0.364215089515349
"YEM","Yemen",0.261527132536819,0.261527132536819,0.238552534114621,0.215577935692423,0.214049805474046,0.21252167525567,0.193805603620101,0.175089531984532,0.165059482084049,0.153174664073249,0.173596891318537,0.235829854675597,0.228975565189028,0.245204387589997,0.204539021328921,0.179128548033919,0.1625125521764,0.132815999170801,0.141656617647416,0.0754077434182995,0.0791427184391768,0.0503502248122201,0.0547730409622676,0.017329576154237,0.0199481783219693,0.0527530246236726,0.0545198544290648,0.037373664067311,0.0522056398675027,0.0443979152383335
"ZMB","Zambia",0.231613159812527,0.231613159812527,0.231859969316787,0.232106778821046,0.220105025507769,0.208103272194492,0.222606322690187,0.237109373185882,0.235359618106538,0.282455455586385,0.282830429509304,0.331781866885852,0.342144562024381,0.342448164054522,0.350968891350977,0.337102527121839,0.359146252607102,0.360143102377908,0.351859572831944,0.332167145717861,0.331064474234874,0.324443662565243,0.31514840351427,0.279920794527899,0.273210219244335,0.282566938067011,0.262275878913437,0.325773018943034,0.330384234709046,0.316819323728557
"ZWE","Zimbabwe",0.330732198679664,0.330732198679664,0.297920501692882,0.265108804706099,0.196198768572606,0.127288732439112,0.116868713355622,0.106448694272132,0.094778800620873,0.0973294735672496,0.0760359731899536,0.10528544101418,0.0982053908399015,0.0676271904776725,0.0651309764342671,0.0830214769785904,0.086148785835639,0.115325934454817,0.0994236806302574,0.0764023519869055,0.121327689108194,0.121909431263056,0.123785248189923,0.11943218657024,0.125843295650406,0.15135887439709,0.148162411744288,0.14546072335887,0.147081436022815,0.133173644210722
