"ISO3","Name","1995","1996","1997","1998","1999","2000","2001","2002","2003","2004","2005","2006","2007","2008","2009","2010","2011","2012","2013","2014","2015","2016","2017","2018","2019","2020","2021","2022","2023","2024"
"AFG","Afghanistan",0.11489707019132,0.116246436443667,0.117681377117123,0.119221340882737,0.120885776411556,0.122694132374632,0.124665857443011,0.126820400287742,0.129177209579876,0.131755259311637,0.135057473525233,0.139415288979442,0.144588143413745,0.150334996894563,0.156414809488321,0.162586541261443,0.168609152280351,0.174241602611469,0.179242852321222,0.18337186147603,0.186322310356534,0.188411281226187,0.190312006304478,0.192077377233343,0.193634618513166,0.194910954644334,0.195833610127232,0.196329809462246,0.197182189627782,0.199634824724442
"ALB","Albania",0.335309899009452,0.341815438796246,0.348679693568077,0.355865279594598,0.363334813145461,0.371050910490316,0.379032354126335,0.387623470280328,0.397075703769237,0.407298327960118,0.418235045247788,0.42982955802706,0.442025568692749,0.454766779639672,0.467996893262642,0.481659611956475,0.496850120878267,0.503011992730388,0.50768940800022,0.512371143693745,0.516953067665844,0.521433695312825,0.525811542032696,0.530085123225438,0.534252954293322,0.53831355064129,0.542265427677422,0.546107100813497,0.549837085465681,0.553453897055371
"DZA","Algeria",0.52616530770826,0.5344146121136,0.542673376579418,0.55095837174139,0.559250422457083,0.567519786769679,0.575766897227076,0.583991981233518,0.592195266193253,0.600376979510523,0.608537348589576,0.616676600834657,0.624794963650011,0.632684612234089,0.63923681955898,0.645848432729476,0.652429104243267,0.658975629455813,0.665484803722279,0.671953422397516,0.67837828083604,0.684756174392002,0.691083898419159,0.697358248270838,0.703576019299903,0.709734006858699,0.715829006299008,0.721857812971987,0.727817222228103,0.73370402941705
"AND","Andorra",0.92839575603347,0.926432547746872,0.924419195697874,0.922205825430142,0.919642562487338,0.916579532413127,0.912691156630385,0.908011287025146,0.902929194835805,0.897834151300759,0.891808120030178,0.885587817432404,0.882044643943087,0.880867603648535,0.879829130423906,0.878925769388135,0.87815406566015,0.877510564358887,0.876991810603278,0.876594349512254,0.87631472620475,0.876149485799696,0.876095173416027,0.876207164217102,0.876541958422076,0.877097788733575,0.87787288785422,0.878865488486636,0.879568742770235,0.880267249375713
"AGO","Angola",0.399030785981553,0.412437822243828,0.426065164520014,0.439771221882763,0.453414403404725,0.466853118158553,0.479945775216897,0.492550783652411,0.504526552537745,0.515731490945552,0.526024007948483,0.535653296299207,0.544944949580484,0.553871978110109,0.562407392205869,0.570524202185556,0.578195418366963,0.585394051067879,0.592093110606095,0.598446632443452,0.606984260014593,0.615424823672582,0.623889843757734,0.632380058973088,0.640896208021682,0.649439029606555,0.658009262430748,0.6666076451973,0.675234916609253,0.683891815369647
"ATG","Antigua and Barbuda",0.295548734882135,0.29103553875842,0.286042887953786,0.280751695292863,0.275342873600279,0.269997335700665,0.264857148072072,0.259175928271649,0.252414626842614,0.244930032885044,0.237047304297204,0.229091598977352,0.221388074823751,0.214261889734664,0.208038201608351,0.203042168343074,0.199569702535593,0.196993772275329,0.194753211364234,0.193055578490576,0.192086377184915,0.191267483985432,0.190470834149154,0.189696495538797,0.188944536017074,0.1882150234467,0.187508025690388,0.186823610610853,0.186161846070808,0.185522799932968
"ARG","Argentina",0.872730635435063,0.874993928798167,0.877167455026668,0.879276490832633,0.881346312928124,0.883402198025208,0.885473344012252,0.887556415316286,0.889611726723307,0.89162884598883,0.89360718832326,0.895546168937006,0.897445203040474,0.89930370584407,0.901121092558202,0.902975015942491,0.904205452013553,0.905249201556606,0.906297647732381,0.907332679612851,0.908353530866509,0.909359435162209,0.910349626169215,0.91132333755727,0.912279802996673,0.913218256158365,0.91413793071405,0.915038060336323,0.915917878698844,0.916776619476539
"ARM","Armenia",0.638008338110496,0.634382163933805,0.630863755245545,0.62761105444748,0.624782003941374,0.62253454612899,0.621064945449898,0.620168794936858,0.619379544630205,0.61863529047087,0.61794756963677,0.617327919305828,0.616787876655964,0.616338978865098,0.615992763111151,0.615760766572042,0.615656583527277,0.615722218819737,0.616062276799577,0.616664305056096,0.617511740949688,0.618588021840747,0.619876585089667,0.621360868056841,0.623024308102665,0.624850342587532,0.626822408871836,0.629032416256046,0.630467722349318,0.631713836946855
"AUS","Australia",0.841507502497374,0.841008989148863,0.840521742286195,0.840090165014237,0.839758660437855,0.839571631661915,0.840012736973455,0.841478840178585,0.842830722081563,0.844005534353238,0.845086194366734,0.846488380210377,0.848078327625118,0.849462873322356,0.850566291730799,0.851557829481035,0.852710825239776,0.853984434268063,0.855373244920764,0.8569683611209,0.858645970271016,0.860140774975074,0.861341476159943,0.862404425708878,0.863214458265583,0.862884638377279,0.862496772160778,0.86356306800136,0.86520441174447,0.866448075558257
"AUT","Austria",0.632269338044178,0.634940782025258,0.637273681185745,0.639246913493819,0.640839356917661,0.642029889425449,0.642803248384572,0.643319554580801,0.643724715526745,0.644042535730851,0.644300354736031,0.644525512085192,0.644745347321243,0.644987199987093,0.64527840962565,0.645646315779823,0.64611687285411,0.646764985899101,0.647729525935511,0.648993123101411,0.650524763534509,0.652293433372514,0.654268118753134,0.656417805814078,0.658711480693053,0.661118129527769,0.663623565629128,0.666041741886422,0.66850265431877,0.671080246523944
"AZE","Azerbaijan",0.486292712155918,0.484245231678502,0.482149755030459,0.477195917395611,0.472144260846315,0.473585931445685,0.473870292319601,0.474472833286974,0.479981544459465,0.485985955808551,0.488352109490767,0.48998044532744,0.491856323057823,0.494389394929323,0.495170460422659,0.496775776475386,0.499185614958364,0.502407553354317,0.506441353132213,0.511286775761018,0.516943582709694,0.52341153544721,0.53069039544253,0.53877992416462,0.548977579383692,0.550729674494528,0.551510957111458,0.552289620070604,0.553035630952011,0.553749404210301
"BHS","Bahamas",0.792579732224317,0.793052055230365,0.793550495824657,0.794125334940379,0.794826853510714,0.795717598687604,0.796973682119695,0.798618595960672,0.800520325271453,0.802554970940394,0.804598633855855,0.80652741490619,0.808217414979761,0.809544734964923,0.810385475750034,0.810623004871425,0.810550015842008,0.810353033433697,0.810017270737848,0.809527287215129,0.808867642326217,0.80802289553178,0.80697760629249,0.805716334069019,0.80422363832204,0.802484078512223,0.80048221410024,0.79877641942769,0.798790511731385,0.79882871397315
"BHR","Bahrain",0.873313538771594,0.872263766692417,0.871206785682867,0.870239646782601,0.869459401031278,0.86896309946856,0.869007197069487,0.872271945259298,0.879702027487508,0.89073669087333,0.904861874588664,0.921563517805407,0.940327559695457,0.960639939430711,0.981986596183071,1,1,1,1,1,1,1,1,1,1,1,1,1,1,1
"BGD","Bangladesh",0.156120557001942,0.159533691702419,0.162951328705999,0.166443341547974,0.170079603763634,0.173929988888272,0.178081695190618,0.182534019672902,0.187266426464844,0.192188508116326,0.197224213061341,0.202297489733882,0.207332286567942,0.212252551997514,0.216982234456589,0.221445282379162,0.225588037354429,0.229560613467115,0.233459134095054,0.237269692321619,0.240986802887895,0.244604980534968,0.248118740003926,0.251522596035855,0.254811063371842,0.257978656752975,0.26101989092034,0.263977059856629,0.269191999856183,0.274798630935428
"BRB","Barbados",0.603974364875658,0.602683428220809,0.601262379086494,0.599740604275633,0.598147490591148,0.596451882797185,0.593941440146302,0.590286296792406,0.585856864189107,0.580983368766865,0.575996036956141,0.571225095187393,0.567000769891079,0.56365328749766,0.561512874437595,0.560889260721102,0.560890255064331,0.560895877073236,0.560910117652562,0.56093698626772,0.560980492384111,0.561044645467147,0.561133454982233,0.561250930394776,0.561401081170183,0.56158791677386,0.56180958900032,0.562152304530584,0.562903369180005,0.564154334224159
"BLR","Belarus",0.655465488680996,0.658238993424357,0.661910700477264,0.666314677873113,0.671241242907026,0.675942932482038,0.680224773535785,0.686319136612184,0.690937946182721,0.695856649634447,0.698712997083274,0.704964827048234,0.710135099469631,0.715109935429128,0.721980383450133,0.725849489532864,0.731339133733462,0.736384320244424,0.740925875704707,0.745135813787461,0.748215211933341,0.750579516448024,0.752464105812117,0.75453722807932,0.757141996435595,0.760739489229157,0.764424094833917,0.768110249057675,0.771787476285586,0.775454967369159
"BEL","Belgium",0.788220770443714,0.791929686027847,0.795589958838895,0.799200199640791,0.802759019197471,0.806265028272872,0.809716837630926,0.81311305803557,0.816452300250739,0.819733175040368,0.822954293168392,0.826114265398747,0.829211702495367,0.832245215222187,0.835213414343144,0.838114910622171,0.840948314823205,0.843712237710179,0.846405290047031,0.849026082597694,0.851573226126103,0.854045331396195,0.856441009171904,0.858758870217165,0.860997525295914,0.863155585172085,0.864599670555688,0.865231392876061,0.865902417567123,0.866561277205063
"BLZ","Belize",0.43411943918011,0.434808973034908,0.435455169783943,0.435989585708222,0.436343777088752,0.436439149528432,0.435815597177466,0.434315050200379,0.432097312353802,0.429318531087796,0.426134853852423,0.422702428097742,0.419177401273813,0.415715920830699,0.412474134218458,0.409592708418354,0.406902874129713,0.40419393857123,0.401476628099441,0.398750856150078,0.39601653615887,0.393273581561551,0.390521905793854,0.38776142229151,0.384992044490251,0.382213685825809,0.379426259733918,0.376692756225972,0.374631161284717,0.372555006221542
"BEN","Benin",0.319612996975998,0.322718206906211,0.325697848212018,0.328673318913851,0.33176601703214,0.335097340587314,0.338788687599804,0.342934698014573,0.347388592392979,0.352080958016714,0.357006053244501,0.362155204613083,0.367519738659204,0.373090981919609,0.378860260931042,0.384818902230246,0.390958232353968,0.39726957783895,0.403762852703436,0.410632968349845,0.417663835598512,0.424867361235184,0.432244383763668,0.439795741687477,0.447522273509859,0.455424817733821,0.463504212862156,0.471761297397459,0.480196909842144,0.488811888698471
"BTN","Bhutan",0.181265254483976,0.189200439549831,0.197046306763892,0.204798330427228,0.212451984840909,0.220002744306003,0.22744608312358,0.234777475594708,0.241992396020454,0.249086318701891,0.256051503235315,0.26282184959196,0.269364087194849,0.275718574316334,0.281922930285556,0.28801477443166,0.294031726083789,0.300011404571086,0.305991429222694,0.312009419367756,0.318102994335416,0.324309773454817,0.330665694939507,0.337146614049691,0.343701411847537,0.350317703549255,0.356981762909785,0.36375740455895,0.372361484680463,0.381294630650162
"BOL","Bolivia, Plurinational State of",0.562554697947245,0.568253590532346,0.573679532861752,0.578914079668803,0.584038785686838,0.589135205649195,0.594292504813178,0.599476963773842,0.604573368012632,0.609578081074773,0.61449923440068,0.619344959430767,0.624123387605452,0.628842650365147,0.633510879150269,0.638136205401232,0.642726760558452,0.647298785218487,0.651732195811052,0.655693340945593,0.65955387234981,0.663311507241208,0.666965095589098,0.670515459658845,0.673963750149596,0.677311365904924,0.680551398242759,0.683677685589401,0.686692620306771,0.690150533409704
"BIH","Bosnia and Herzegovina",0.363717252977138,0.367224170937155,0.370724263970556,0.374217287168972,0.377702995624034,0.381181144427371,0.384651488670615,0.388113783445398,0.39156778384335,0.395013244956102,0.398449921875285,0.401877569692528,0.405295943499464,0.408704798387723,0.412103889448937,0.415492971774736,0.41887180045675,0.422240130586611,0.425793408777778,0.430483196664462,0.435227061043314,0.440114616012646,0.445144746624386,0.450316337926558,0.455628274963861,0.461079442778158,0.466668726408875,0.472395010893334,0.478257181267034,0.484254122563895
"BWA","Botswana",0.45720980716675,0.465206072573522,0.472727666935535,0.480121479095915,0.487734397897787,0.495913312184276,0.505007367869005,0.515405856232174,0.527078856057396,0.539578093999302,0.552454153112483,0.565257616451529,0.577539067071026,0.588849088025566,0.598738262369736,0.606757173158125,0.612403774170803,0.616503060140269,0.620366489760986,0.624013290066708,0.627394098245069,0.630459551483705,0.633160286970252,0.635446941892346,0.63727015343762,0.638580558793711,0.639328795148256,0.640090410044508,0.644747082166855,0.649498564901708
"BRA","Brazil",0.759936546054736,0.766266727583042,0.773793335372795,0.782284171221251,0.790444507793024,0.796927534283016,0.801749254560973,0.806039858544652,0.809914444598815,0.813443938033748,0.816699264159739,0.819751348287078,0.822671115726053,0.825529491786954,0.828397401780065,0.831349065757904,0.834351594046171,0.837311914066796,0.840223323728972,0.843083103610788,0.845888534290333,0.848636896345694,0.851325470354959,0.853951536896216,0.856512376547555,0.859005269887062,0.861427497492826,0.863727122063672,0.866596990461474,0.869611950990042
"BRN","Brunei Darussalam",0.66404999536611,0.669641326247341,0.675018567777125,0.680197847549088,0.685195293156853,0.690027032194045,0.694693571302187,0.699479353362392,0.704601310321226,0.709878290586178,0.715106721092478,0.720083028775357,0.724603640570046,0.728464983411774,0.731463484235773,0.733395569977272,0.734057731692814,0.733619280691767,0.732588039971892,0.731312317057104,0.730140282976868,0.72942010876065,0.72905425326163,0.728726812397514,0.728458412794558,0.728269681079013,0.728182650495006,0.728296108582176,0.728755598001246,0.729600072400279
"BGR","Bulgaria",0.653497070388755,0.65203910452076,0.651621685769714,0.653840275882822,0.655807214841037,0.658124838148672,0.668181386453663,0.671296746132294,0.6744737803239,0.67596560650405,0.677771298053414,0.682301676323277,0.684207222919406,0.686552131721302,0.690857075922624,0.693153659813,0.704951726543467,0.70665718517415,0.70875556451461,0.710061214953547,0.710261253787971,0.711036260447227,0.71335717116381,0.715616689518308,0.716866480214735,0.712641173495154,0.712886518009759,0.714320842423828,0.717039210624716,0.719383975564354
"BFA","Burkina Faso",0.0832287050500934,0.0878024465949159,0.0931344996660944,0.0999098287163538,0.107884726577311,0.116684879572284,0.125935974024593,0.135263696257555,0.14429373259449,0.152651769358716,0.15996349287355,0.165725024889213,0.170263833983383,0.174456353084039,0.178569794409573,0.182553992842656,0.186358783265959,0.189934000562151,0.193229479613904,0.196195055303888,0.198780562514772,0.200935836129228,0.202610711029927,0.203755022099538,0.204137490828372,0.206713247891902,0.211599438509512,0.216637654648585,0.222111117148688,0.228014312038456
"BDI","Burundi",0,0.0018097328650995,0.00363295178571133,0.00549443098189524,0.00741894467371094,0.00943126708121809,0.0115561724244763,0.0138184349235453,0.0162428287984847,0.0188541282693543,0.0216771075562138,0.0247365408791226,0.0280572024581405,0.0316501934187553,0.0358680918236053,0.0411068158592774,0.0473261940610808,0.0544659363452008,0.0624657526278243,0.0712653528251365,0.0808044468533224,0.0910227446285701,0.101859956067065,0.113255791084991,0.125149959598537,0.137482171523888,0.15019213677723,0.163219565274748,0.17650416693263,0.190258164152978
"KHM","Cambodia",0.111254606297918,0.115425415346969,0.118670051344767,0.120683573548137,0.122187692452907,0.12340533488564,0.124422877383724,0.125338080453682,0.126248704602037,0.12725251033531,0.128447258160024,0.129930708582701,0.131800622109863,0.134535468804412,0.140358068740753,0.150325053976074,0.163889963950718,0.1806797653055,0.200321424681238,0.222441908718747,0.246668184058845,0.272627217342348,0.299945975210072,0.328251424302833,0.349177361890453,0.351866463661441,0.354845271156568,0.35770453536262,0.360445652923961,0.363070020483452
"CMR","Cameroon",0.389922832102565,0.396509824182298,0.402915396525808,0.409129308849567,0.415141320870046,0.420941192303716,0.426518682867046,0.431863552276509,0.436965560248575,0.441814466499714,0.446135195485074,0.452820757215938,0.458188379324153,0.462315521693095,0.466469066024388,0.4705527397974,0.47456512717949,0.478504812338545,0.482370379443056,0.486160412662204,0.489873496165957,0.493508214125192,0.497063150711837,0.500536890099037,0.503928016461356,0.50723511397502,0.510456766818215,0.513591559171442,0.51663807521796,0.519594899144335
"CAN","Canada",0.759087140837542,0.761853600110625,0.763985161560881,0.765913839127918,0.767794108618346,0.769790933040898,0.772076541621813,0.774850884527123,0.778000209324099,0.781241835199397,0.784298498330326,0.78691618706137,0.789323720260434,0.791697187119997,0.793811652165886,0.795458776217566,0.796439619099137,0.796958900532979,0.797304597428164,0.797603452261915,0.797984613694732,0.79858499134621,0.79965783033646,0.801253616815469,0.803260830168811,0.80557277374114,0.808017402266961,0.80987196074351,0.811756733875007,0.813644021561075
"CPV","Cape Verde",0.457033265951686,0.466736320746936,0.476106807086522,0.485299309832363,0.494468413846382,0.503760223663436,0.512841197687774,0.521395640981742,0.529575673772155,0.537525646190181,0.545389908366989,0.553312810433746,0.561438702521621,0.569911934761781,0.578876857285396,0.588474936793934,0.598649980105983,0.609250372898347,0.620265739768898,0.631683072956453,0.643489364699837,0.655671607237867,0.668216792809366,0.681111913653155,0.694343962008053,0.707899930112883,0.721655369787917,0.731058891581202,0.7404596292279,0.749785349515958
"CAF","Central African Republic",0.326480292606794,0.326948558942965,0.327410482662756,0.327881155227295,0.32837566809771,0.328909112735125,0.32949658060067,0.330153163155472,0.330900126628867,0.331722816948903,0.332607882051316,0.333572882504122,0.334649026277247,0.335867521340614,0.337259575664147,0.33885192616068,0.340775521487668,0.34322191256302,0.346174855645683,0.34960424256441,0.353479965147953,0.357771915225065,0.362449984624499,0.367484065175006,0.372844048705339,0.378499827044251,0.384421292020492,0.388950115991581,0.39350860667752,0.398097409019935
"TCD","Chad",0.154274373663166,0.154673898118447,0.155050237701723,0.155402317459975,0.155729062440185,0.156029397689336,0.156302248254409,0.156546539182386,0.15676119552025,0.156945142314982,0.157097304613565,0.157216607462979,0.157301975910208,0.157352335002233,0.1573831440125,0.158124250312413,0.159294495535731,0.160913734708894,0.162975557963363,0.165473178367678,0.168399705797412,0.171748212475004,0.175511754210969,0.179683378730183,0.184256129398333,0.18922304706226,0.194577171030925,0.200311539631225,0.206419190539083,0.21289316098509
"CHL","Chile",0.832134151548957,0.836422907282829,0.840802776203648,0.845035822224076,0.848884109256778,0.852109701214419,0.854474662009661,0.855775692905048,0.856506971011817,0.857092742274266,0.857557551134115,0.85794198757388,0.858286641576076,0.858632103123216,0.859018962197816,0.859487808782391,0.860079232859454,0.860850283088218,0.861930554000481,0.863337318885455,0.864974279906635,0.866754889468776,0.868579702617195,0.870325009327069,0.872105857638173,0.873915373896276,0.875754208166919,0.877623010515625,0.879522431007897,0.881453119709224
"CHN","China",0.235610089577659,0.25111646883977,0.266521657545231,0.282035885496204,0.297435136319254,0.3152342104477,0.328459441867403,0.343864075822606,0.359380851515512,0.372628287719691,0.385877901832297,0.400452793769276,0.417109108681048,0.428961327435508,0.443527466646165,0.453139718514367,0.481104317892701,0.49478803435676,0.509758031756555,0.523333715744093,0.540348686971983,0.556616183590549,0.571700952655207,0.585273143770738,0.598304432836652,0.607067687327306,0.619969033093958,0.625318058376847,0.628684458804354,0.632611493128446
"COL","Colombia",0.696479909795373,0.701961971021508,0.707542120061491,0.713101908976622,0.718522889828203,0.723686614677536,0.728474635585922,0.732768504614666,0.736449773825065,0.739399995278423,0.741520843441906,0.743211863644022,0.744854456376062,0.746419356015403,0.74789232692584,0.749259133471166,0.750505540015175,0.751617310921663,0.752580210554423,0.753380003277247,0.754002453453933,0.754433325448272,0.754658383624061,0.75526122172216,0.75719020912875,0.759115203393578,0.761223358969912,0.76351251522926,0.765980511083232,0.768625185164323
"COM","Comoros",0.228139167095591,0.227484732813617,0.226782859534639,0.226073413924992,0.225396262651018,0.224791272379054,0.224298309775437,0.223957241506506,0.223809229044311,0.223968049371627,0.224584920350862,0.22563441510876,0.227088773250402,0.228920234380864,0.231101038105228,0.233603424028572,0.236399631755974,0.239461900892515,0.242762471043273,0.246273581813325,0.249967472807753,0.253816383631636,0.257792979208692,0.261107671607766,0.264569784938313,0.268178991605768,0.271934574977274,0.275835818816303,0.279882006886437,0.284072422951346
"COG","Congo",0.530406296764405,0.534957570928532,0.540002544329731,0.54549934526287,0.551286982128871,0.557206651753186,0.563099550961263,0.568806876578553,0.574169825430507,0.579029594342574,0.583227380140204,0.586604379648848,0.5890440318371,0.591039311663803,0.59299713302798,0.594882885732226,0.596686835203333,0.598399246868086,0.600010386153276,0.60151051848569,0.60288990929212,0.604138823999352,0.605247528034176,0.60620628682338,0.607005365793755,0.607635030372087,0.608085545985167,0.608347178059782,0.608567743081567,0.610980015976228
"COD","Congo, the Democratic Republic o",0.272405605943277,0.277469510368542,0.282640841995912,0.287913701203827,0.293282188370722,0.298740403875041,0.304282448095222,0.309902421409703,0.315594424196926,0.321352556835328,0.325681615074218,0.329997046378713,0.334298363689301,0.338585079946467,0.342856708090697,0.347112761062479,0.351352751802298,0.35557619325064,0.359782598347992,0.36397148003484,0.368142351251669,0.372294724938968,0.37642811403722,0.380542031486915,0.384635990228537,0.388709503202571,0.392762083349505,0.396793243609826,0.40080249692402,0.404789356232571
"CRI","Costa Rica",0.500117939065367,0.511787108859577,0.52356880585129,0.535387816024966,0.547168925365067,0.558838635891919,0.570650571632444,0.582887805658054,0.595524033320661,0.608534625011345,0.621894951121185,0.635580382041258,0.649566288162645,0.663828039876423,0.678341007573669,0.693080561645465,0.707456186379081,0.713346882798568,0.719311176417979,0.725166058565225,0.730908959142421,0.736537308050486,0.742048535188967,0.747440070455835,0.752709343747226,0.757853784957155,0.762870823977153,0.767757890695836,0.772512414998375,0.777131826765861
"CIV","Cote d'Ivoire",0.367587697759832,0.37131161806435,0.375103211522956,0.378953632399993,0.382869154973712,0.386890579950102,0.391016416028486,0.395239296988343,0.399551856609151,0.403946728670391,0.40841654695154,0.412953945232078,0.417551557291483,0.422202016909235,0.426897957864812,0.431632013937693,0.436396818907356,0.441185006553281,0.445989210654947,0.450805250947894,0.455676162322238,0.460636768825613,0.465675348325808,0.470782620722746,0.475949305916348,0.481166123806538,0.48636456444103,0.492083610166636,0.49809734426205,0.504192150162083
"HRV","Croatia",0.516941302789262,0.518651099239004,0.520103909384596,0.521267355391854,0.522109059426598,0.522596643654645,0.522699528551761,0.522518167601876,0.522131975851835,0.521597587884076,0.520968857374487,0.520299637998957,0.519643783433372,0.519055147353622,0.518587583435594,0.518294945355176,0.518239806816006,0.518529681207941,0.519193884300138,0.520198234299103,0.521513258694581,0.52310948497632,0.524957440634066,0.527027653157567,0.529290650036567,0.531716958760814,0.534300816467546,0.536772029450076,0.539415510908378,0.542353538392056
"CUB","Cuba",0.726205926847942,0.728369206305517,0.731424031069517,0.73403497344045,0.734807021431653,0.737539926674519,0.740256477057874,0.739867854430403,0.739999003180879,0.740580892580255,0.741503533118786,0.742675774341579,0.744006465793746,0.745404457020395,0.746778597566637,0.748037736977579,0.749090724798331,0.749845080253236,0.750262117114191,0.750562010995381,0.750842509163784,0.751287377779537,0.751812459173597,0.752408219860017,0.753024280296686,0.753403565103946,0.753303792242405,0.753377430202817,0.753596979658314,0.754033314342769
"CYP","Cyprus",0.657112539792512,0.658898224793907,0.660490548025646,0.661840156436027,0.662897696973347,0.663613816585908,0.663933859479222,0.663760988901331,0.662961029281481,0.661654544869198,0.659966040702979,0.658020021821317,0.655940993262707,0.653853460065645,0.651881927268628,0.650150899910147,0.648805218730657,0.647760744110533,0.646782677928886,0.645843586273622,0.64495156248522,0.64411469990416,0.643341091870919,0.642638831725976,0.642016012809811,0.641480728462903,0.640982969558023,0.640957616164908,0.641005711925423,0.641097040280132
"CZE","Czech Republic",0.727563848984813,0.725919599414633,0.724262337169416,0.72266726360823,0.721209580090142,0.719964487974216,0.718987985450781,0.718156712432608,0.717390899320745,0.716682625109435,0.716018949120273,0.715386930674854,0.714773629094772,0.714166103701621,0.713551413816995,0.712916618762489,0.712251694186819,0.711574017530672,0.710898545017932,0.710223920022104,0.709550143579458,0.708877216726262,0.708205140498782,0.707533915933289,0.706863544066049,0.706194025933332,0.705715410115005,0.705884580769924,0.706299040477056,0.706940627516969
"DNK","Denmark",0.838430408704525,0.838839575253728,0.839178359247405,0.839409185084433,0.839494477163692,0.839494477163692,0.840445762146603,0.841648962802333,0.842941572000294,0.846098139238743,0.84925377435938,0.851883890102283,0.853769211712499,0.855471120275671,0.857395331402022,0.858510001106279,0.861650344027769,0.862478232446205,0.865817961931685,0.867312560091656,0.867775840218046,0.867502132984237,0.870908269151925,0.871875415559922,0.872992198330981,0.873313203594626,0.873552307079637,0.87491368518248,0.876686943113252,0.878231854135299
"DJI","Djibouti",0.735046194164342,0.731343860448412,0.727155979831876,0.722605313444976,0.717814622417953,0.712906667881048,0.708004210964504,0.70323001279856,0.69870683451346,0.694557437239445,0.690904582106756,0.687871030245636,0.685579542786324,0.684152880859065,0.683710705392264,0.683821985506291,0.684134354725717,0.684661953427922,0.685419259289812,0.686420749988298,0.687680903200286,0.689214196602683,0.691035107872398,0.693158114686338,0.695597694721412,0.698368325654525,0.701484485162588,0.704960650922508,0.707436429453608,0.708130577057934
"DMA","Dominica",0.621819239067404,0.622437381819648,0.623033762671921,0.623689954401216,0.624487529784527,0.625508061598847,0.626836620213347,0.62858514183218,0.630777186806267,0.633372130717318,0.636331928811482,0.639618536334909,0.643193908533746,0.647020000654142,0.651058767942245,0.655272165644205,0.659575539844574,0.663418976443453,0.667351844597068,0.67134919128852,0.675411710993348,0.679540098187092,0.683735047345297,0.687997252943507,0.692327409457268,0.696726211362124,0.701194353133627,0.705732529247324,0.710341434178767,0.715021762403508
"DOM","Dominican Republic",0.53821499304176,0.545723622411553,0.554111044998693,0.563248158214534,0.573005859470432,0.58325504617774,0.593866615747816,0.604568317404609,0.616792533997855,0.632576057208532,0.650721899771249,0.669658701998205,0.687815104201595,0.703619746693619,0.715501269786476,0.721692902526254,0.722552109321538,0.722507179056354,0.722348483256701,0.722003960741231,0.721401550328595,0.720469190837448,0.71913482108644,0.717326379894225,0.714971806079453,0.711999038460777,0.70833601585685,0.702906629753523,0.702233191930896,0.702819072500769
"ECU","Ecuador",0.549921760536669,0.556133705275399,0.561981432108587,0.567381794788164,0.572251647066059,0.576507842694204,0.580017999984152,0.582977898233653,0.585721790318159,0.588319074681388,0.590731107127381,0.592919243460177,0.594844839483817,0.59646925100234,0.597753833819789,0.598634176857445,0.599219962639912,0.599715137500612,0.60017678344349,0.600602441430627,0.600989652424103,0.601335957386002,0.601638897278403,0.60189601306339,0.602104845703044,0.602262936159445,0.602367825394675,0.602400753458187,0.602837989440354,0.603989754163936
"EGY","Egypt",0.382774469402025,0.382104393117402,0.382062396879957,0.382279535891024,0.38264668781798,0.383119598864143,0.38365401523283,0.38420568312736,0.384730348751051,0.385183758307221,0.385521657999188,0.385694788793979,0.385694438336566,0.385564442639314,0.385321510019194,0.384970019005614,0.384514348127983,0.383958875915709,0.383307980898202,0.382566041604869,0.381737436565119,0.380826544308362,0.380045875063586,0.38014408371083,0.380397068270207,0.38079510824328,0.381338594959086,0.382027008878537,0.382859683474567,0.383835911246743
"SLV","El Salvador",0.487202519039215,0.495610817146482,0.504356664445219,0.513387908562991,0.522652397127363,0.5320979777659,0.541672498106166,0.551323805775728,0.560999748402148,0.570648173612994,0.580216929035829,0.589653862298219,0.598926770297126,0.608293855879079,0.617909691261233,0.627635764847196,0.637348188817888,0.646923075354224,0.656236536637124,0.665164684847502,0.673583632166276,0.681132838072171,0.688529590388147,0.69576904018601,0.702848228797707,0.709765348148317,0.716517686125458,0.721501424977326,0.726473491143463,0.731422479096537
"GNQ","Equatorial Guinea",0.340787214475485,0.340816079848957,0.340836113275934,0.340853893353777,0.340875998679847,0.340909007851505,0.341430142572373,0.345018124679504,0.352547744415316,0.363691549962744,0.378245400219573,0.396005154083588,0.416766670452573,0.440325808224316,0.4664784262966,0.49502038356721,0.525747538933932,0.558455751294551,0.592940879546852,0.62899878258862,0.66553744745395,0.668790638096808,0.672004325238094,0.675107364763837,0.678100734160341,0.68098541091358,0.683762372509152,0.686432596432201,0.688997060167344,0.691456741198568
"ERI","Eritrea",0.21625402818793,0.237036587947824,0.255923436873814,0.271803161592958,0.283564348732319,0.290095584918955,0.292540430952841,0.294875395342672,0.297062672885559,0.299080689960288,0.30090914681661,0.302528360093456,0.303924193932353,0.305083457604901,0.30599361786449,0.306644812484279,0.307032315813906,0.30715941526232,0.307039917947097,0.306699383472799,0.306174630819634,0.305468207729536,0.304577196627063,0.303525718875364,0.30234216946922,0.301059258127653,0.299669382717472,0.298159270325056,0.296537796954559,0.294815852148119
"EST","Estonia",0.665621703616508,0.660111536714781,0.65529440270859,0.651543368063982,0.649231499246996,0.648670995158251,0.648747656060543,0.648924766471144,0.649195029071613,0.649552400711867,0.649990838241822,0.650504298511395,0.651086738370502,0.651732114669061,0.652434384256988,0.6531875039842,0.653971194641934,0.654891178795566,0.656284953649644,0.658164618027556,0.660457182681996,0.663089658365663,0.665989055831249,0.669082385831452,0.672296659118968,0.675558886446491,0.678749062855043,0.682104661638324,0.684127409969641,0.684354784891063
"ETH","Ethiopia",0.0723272712045465,0.0746991881255734,0.0769031595420193,0.079124359035979,0.0812764099373684,0.0834953493376772,0.0856331719222181,0.0879542161897895,0.090223052294021,0.092536237599579,0.0949532639352501,0.0974511194384057,0.0961583010304623,0.103686306895571,0.107536602439523,0.111228054492417,0.115213832377597,0.118901647734343,0.123311542466298,0.12773645654788,0.13231764583228,0.136893616354976,0.141548525785013,0.146668809044109,0.151676375268935,0.155741092061455,0.160919315903242,0.167706438776304,0.171173771724236,0.177245369493677
"FJI","Fiji",0.414612367048577,0.421485922129279,0.426986208626292,0.431902743637251,0.436390944149961,0.440546618326952,0.444465574330754,0.448243620323897,0.45197656446891,0.455760214928324,0.459690379864669,0.463862867440473,0.468386986652798,0.473218507028796,0.478225697772925,0.483382486133101,0.488682724484717,0.494120265203163,0.499688960663828,0.505382663242104,0.511195225313381,0.51712049925305,0.523232228438192,0.528532146043885,0.53367113146128,0.538807190995832,0.543925612321912,0.549025525812073,0.554106061838876,0.559166350774896
"FIN","Finland",0.620883179336895,0.62523388586087,0.630292237096492,0.635670966228363,0.640982806441084,0.64584049091926,0.64988513000813,0.65308365869136,0.655748596847918,0.658270415888234,0.660827659366571,0.663464420484236,0.666278219321868,0.669233346394488,0.671946780821698,0.674524778391295,0.677462851159135,0.6807786377834,0.684097283017311,0.687476571099734,0.690897558640235,0.694240654999684,0.697908211082887,0.702066735781956,0.706383953234556,0.710066127759174,0.713147807616584,0.716656718733183,0.719990655915187,0.72276410689281
"FRA","France",0.731763056618353,0.734565452890561,0.737430510142763,0.740302689677063,0.743280279596352,0.747008832778186,0.751242763862918,0.754980121652499,0.757293285459849,0.757518729961066,0.756940064622465,0.755974796316749,0.75488759938294,0.753922331077224,0.753322848655779,0.753277016253625,0.753513866989119,0.75403820027219,0.754869011837843,0.756036258851859,0.760438442688017,0.769474359301747,0.769979239951043,0.770244912661963,0.77043488225332,0.770680862021922,0.770945288517308,0.771190159306104,0.771418962601959,0.771629481018292
"GAB","Gabon",0.730580790133379,0.740843978112457,0.750940476270182,0.76083546905657,0.770494140921644,0.779881676315422,0.788963259687926,0.797704075489175,0.806069308169188,0.814024142177988,0.821533761965593,0.828563351982024,0.835078096677301,0.841043180501444,0.846423787904472,0.851185103336407,0.855292311247269,0.858710596087076,0.861558593818953,0.866679190531255,0.871652777756075,0.876600224872405,0.881516486828242,0.886396518570119,0.891235275042969,0.896027711189958,0.900768781952287,0.905466948511444,0.909918668198872,0.912349014440113
"GMB","Gambia",0.349001093971202,0.363882903600202,0.379847517011393,0.396348642724849,0.412839989260639,0.428775265138836,0.443608178879513,0.456792439002739,0.467865083305465,0.477616002448493,0.486794019765332,0.495434551158734,0.50361367914312,0.511407486232912,0.518892054942532,0.526143467786401,0.533237807278943,0.540251155934579,0.547248497877069,0.554184429370646,0.560988893079379,0.567661153384989,0.574194108923102,0.580580658329348,0.586813700239355,0.592886133288751,0.598790856113166,0.604520767348226,0.610068765629561,0.615426763625785
"GEO","Georgia",0.501263073216812,0.497953597444786,0.494870079729607,0.4921402355603,0.489891780425892,0.488252429815406,0.487349899217869,0.487381688988762,0.488477251786062,0.490662381995084,0.493746545183432,0.497578895191944,0.502008585861459,0.50688477103282,0.512056604546865,0.517373240244432,0.522683831966363,0.527837533553498,0.532683498846674,0.537052150619376,0.540893712528161,0.544319515718106,0.547564953431964,0.550841155910705,0.554359253395307,0.558330376126739,0.562965654345978,0.569222204294413,0.577216730551814,0.580735493085317
"DEU","Germany",0.785057954314081,0.785141914139824,0.785233655003846,0.785334748532594,0.785446766352509,0.785571280090041,0.785709861371632,0.785864081823729,0.786035513072777,0.786225726745221,0.786436294467506,0.786668787866078,0.786924778567382,0.787205838197864,0.787513538383968,0.78784945075214,0.788225116937004,0.788794655401936,0.789654106586845,0.790758345662944,0.792069287052945,0.793548845179561,0.795158934465506,0.796861469333492,0.79861836420623,0.800391533506435,0.802142891656818,0.803803942812271,0.805060532785616,0.806328489539022
"GHA","Ghana",0.353243827226608,0.362441376392104,0.371426574630305,0.380092467037919,0.388332098711658,0.396083259892956,0.403663343219572,0.411283783587534,0.418892478668299,0.42645889238423,0.43395248865769,0.441342731411046,0.448599084566659,0.455691012046896,0.462587977774119,0.469251300199648,0.475722321911023,0.482071264509579,0.48830606976854,0.49442208826998,0.500414670595973,0.506279167328593,0.512010929049916,0.517605306342015,0.523057649786964,0.528363309966839,0.533513428446556,0.539495801748255,0.545494443784421,0.551505461460834
"GRC","Greece",0.699275017918072,0.700308915688514,0.701395679100098,0.702592925883843,0.703958273770767,0.705549340491892,0.707492937948147,0.710203656041466,0.713807565458197,0.71805710782671,0.7227427631406,0.727655011393464,0.732584332578898,0.7373212066905,0.741656113721867,0.745379533666596,0.74831078750237,0.750817676169283,0.753265333651758,0.755612039014451,0.757835352716246,0.759912835216029,0.761822046972684,0.763540548445096,0.765045900092151,0.766315662372733,0.767196887361607,0.76893906403921,0.771356463174892,0.773749560050305
"GRD","Grenada",0.294343868577011,0.29806976928046,0.301676812515238,0.304904773109617,0.30749342589187,0.309182545690271,0.309718572602884,0.309717717280417,0.309712552338452,0.309699165918343,0.30967363842811,0.309632050275779,0.30957048186937,0.309485013616906,0.309371725926407,0.309226699205896,0.309073445113011,0.3091290992456,0.30927935701472,0.30951891064579,0.30984731866273,0.310263688334632,0.310767053245446,0.311356426241857,0.312030812485057,0.312789213752623,0.313630630143427,0.31455406084663,0.315558504523655,0.316642959512702
"GTM","Guatemala",0.307947982683835,0.320096209432208,0.335567142423847,0.353030004681313,0.371154019227171,0.388608409083983,0.404062397274312,0.41588354803517,0.424620495919283,0.432594932083402,0.440447590418036,0.448115665165722,0.455536350568993,0.462646840870382,0.469384330312427,0.475686013137661,0.481489083588618,0.486730735907832,0.49134816433784,0.495278563121175,0.498459126500371,0.500827048717963,0.502319524016486,0.502820322628141,0.506507257163515,0.51038621274273,0.5142253144799,0.518032372229225,0.5218038114247,0.525536057501173
"GIN","Guinea",0.240550682178485,0.243486398785862,0.24651640057167,0.249608167641435,0.25273609246663,0.255891200045149,0.259064515374892,0.262247063453756,0.265429869279636,0.268603957850429,0.271760354164034,0.274890083218346,0.277984170011264,0.281033639540682,0.284029516804499,0.286962826800611,0.289824594526917,0.292605844981312,0.295297603161693,0.297845416778964,0.300210202581866,0.303147872309519,0.306085500944559,0.3090231295796,0.311960881492476,0.315753400946743,0.319739076240802,0.32392168711301,0.328305013301726,0.332892834545305
"GNB","Guinea-Bissau",0.299066530470039,0.303758335384628,0.308118968462143,0.312191245333289,0.316017981628767,0.319641992979279,0.323106095015525,0.326453103368208,0.32972583366803,0.332967101545692,0.336219722631897,0.339526512557346,0.342930286952741,0.346473861448785,0.350131985050136,0.353772079833197,0.358399313389161,0.363025848370722,0.367647493331477,0.372274809072665,0.376902700110417,0.381527139368777,0.38615346888728,0.390778277979144,0.395406538850405,0.400030772645704,0.404658293849951,0.409282815293533,0.413911281627852,0.419521650167177
"GUY","Guyana",0.239122441740405,0.238059924865321,0.236848144957919,0.235515476620256,0.23409029445439,0.232600973062381,0.231075887046286,0.229570097205467,0.227724494667584,0.22512341965219,0.221988392205097,0.218590880199724,0.215202351509486,0.212094274007799,0.209538115568078,0.207805344063741,0.207167427368202,0.207167427368202,0.207171623314317,0.207186985158976,0.207214741065336,0.20725457076024,0.207306452369279,0.207370356238589,0.207446252996412,0.207534113689736,0.207633909621181,0.207745612242033,0.207869193092257,0.208004623766703
"HTI","Haiti",0.244120879643195,0.258023679822709,0.272576219319358,0.28772908695303,0.303432871543612,0.319638161910989,0.336295546875049,0.353355615255676,0.366603910109116,0.37381927147939,0.38145246686802,0.389051888830802,0.39661366633801,0.404133928359889,0.411608803866657,0.419034421828504,0.426406911215598,0.43372240099808,0.440977020146067,0.448166897629654,0.455288162418916,0.462336943483907,0.469309369794662,0.476201570321203,0.483009674033539,0.489729809901671,0.496358106895598,0.502890693985321,0.50932370014086,0.515653254332252
"HND","Honduras",0.384489677580809,0.389578029640105,0.394739598067906,0.400009326509644,0.405422158610749,0.411013038016655,0.416818898308691,0.422820249292439,0.428968639982601,0.435257364277222,0.441682009834278,0.448238164311745,0.454921415367597,0.461727350659811,0.468651557846362,0.475689624585228,0.482837138534381,0.4900896873518,0.497546443791108,0.50315260790193,0.508603746137912,0.514032861941455,0.519428548362232,0.524787983822929,0.530108346746526,0.535386815556325,0.540620568675985,0.545806784529553,0.550942641541497,0.556025318136764
"HUN","Hungary",0.597404149496482,0.600929770455746,0.604455751996536,0.607978983477686,0.611496354258027,0.615004753696391,0.619169772955416,0.623404539814021,0.621307172905834,0.62321641783703,0.635104592626848,0.64468591037333,0.64456287909349,0.656342614748804,0.660237409323239,0.671777529690793,0.671211401051139,0.67228042436187,0.676056407539552,0.68014274549896,0.682056599986277,0.681933897447331,0.681727859091577,0.681910145917688,0.681752350288232,0.679977149456852,0.679052839665134,0.678542010867721,0.679983288534555,0.682132589268362
"ISL","Iceland",0.90994447275017,0.912100766463732,0.914026119698767,0.910332464822442,0.911798822229973,0.913471580638313,0.914309777587691,0.915625834449806,0.917307950165751,0.918537846831733,0.917888410071449,0.915922054837653,0.917716229192632,0.92529108778914,0.929379021253127,0.929537380460697,0.929022753632024,0.93014124491264,0.931237636889077,0.931269943908271,0.932436012501804,0.933021426076331,0.932909756487381,0.933779809133391,0.935120062849178,0.936839578223163,0.937637908405952,0.937291975761546,0.937002409346714,0.937326413013463
"IND","India",0.20895752261001,0.211097811408005,0.213304194725559,0.21560475947905,0.218027592584858,0.22060078095936,0.223356568492691,0.226295463971377,0.22942306865412,0.232725582050469,0.23619361044862,0.239817760136772,0.243588637403123,0.24749684853587,0.251532999823211,0.255687697553345,0.259678049770507,0.263073907589992,0.266518693606156,0.269956575238545,0.273387252909718,0.276810427042234,0.280225798058647,0.283633066381518,0.287031932433401,0.290422096636853,0.293803259414429,0.297175121188683,0.300537382382172,0.303889743417448
"IDN","Indonesia",0.31383734986772,0.327135801984363,0.34016758189249,0.352672825217302,0.364391667583996,0.375064314043085,0.384928782734518,0.394413875934517,0.403546200273073,0.412352431745143,0.420859246345688,0.429093320069664,0.437081328912032,0.444849948867749,0.452425855931775,0.459798116576281,0.466593900263696,0.47388011345383,0.481112084396339,0.488323673403376,0.495561109663259,0.502460477005554,0.509371309186553,0.51628255229367,0.523203904183298,0.529024370395014,0.535462272988137,0.542111942611661,0.548838792125231,0.555657886866668
"IRN","Iran, Islamic Republic of",0.573673028189902,0.580554804143482,0.591885972330691,0.600408497840569,0.609074806399266,0.617350694052894,0.625309757669257,0.632961201993403,0.640262208523798,0.647283620923251,0.65389928487342,0.658631557290282,0.663974611998074,0.670145104710478,0.676727656747539,0.683397639100305,0.689804806349148,0.695829821756229,0.701643826151876,0.707345753964359,0.712987504407038,0.718626414580815,0.724244905225831,0.72857795677365,0.73289177697913,0.7371441226373,0.741388331958326,0.745067928792705,0.748749169331557,0.752456626956761
"IRQ","Iraq",0.653629861614443,0.651044301611058,0.649791367044658,0.649814982124993,0.650380549689406,0.651338858569611,0.652618056559541,0.654146291453133,0.655851711044319,0.657662463127039,0.659506695495222,0.661312555942809,0.66300819226373,0.664521752251924,0.665784800822042,0.666690337204345,0.667411298306372,0.668456178246414,0.670850069441621,0.67324379626638,0.675978427398943,0.675890668899778,0.675697559157007,0.675504346802719,0.675416280469006,0.675416033913334,0.675415540801992,0.67541570517244,0.675415622987217,0.675608131648547
"IRL","Ireland",0.546913362551753,0.549446136645092,0.551939950799818,0.554470844708388,0.557047997286248,0.559684918858056,0.562395119748468,0.565199480976443,0.568164936160917,0.571261516351023,0.574372777872571,0.577411275755631,0.580533379252286,0.583743408061892,0.586801758449491,0.589483672553937,0.591597224651451,0.593381725615698,0.595016769620156,0.596424542464516,0.597542809305051,0.5984447378228,0.600389975579443,0.602338993895764,0.60437763538641,0.606506603659734,0.608726602320001,0.611038334968112,0.613442505202179,0.615939816617988
"ISR","Israel",0.901447234725731,0.902327840116459,0.903247581145075,0.904191227122357,0.905140463258435,0.906076974763436,0.906982446847486,0.907838564720715,0.90862701359325,0.909329478675218,0.909927645176748,0.910403198307966,0.910737823279001,0.910906376105134,0.910935320620684,0.910931753001451,0.91091839330929,0.910888746267974,0.910836316601274,0.910754609032961,0.910637128286809,0.910477379086586,0.910268866156066,0.910005094219022,0.909679567999222,0.90928579222044,0.908817271606447,0.9084147331939,0.908532942290522,0.908826288879817
"ITA","Italy",0.642542495003936,0.643218798020911,0.643988777047442,0.644826304780435,0.645705253916795,0.64659949715343,0.647482497667862,0.648330051128484,0.649149413474686,0.649982194816826,0.650870543865893,0.651856609332873,0.652982539928755,0.654290484364527,0.655822591351177,0.657621009599692,0.65961529812149,0.663486518953381,0.669373727009223,0.672318463040895,0.672633406610146,0.672492534936337,0.671643204143126,0.671233052583946,0.671502332469318,0.671650430242381,0.671246489868017,0.671275867909514,0.671859462006219,0.672576883938485
"JAM","Jamaica",0.467498436991337,0.470011547794701,0.472521549454523,0.475013348133696,0.477471849995115,0.47988196120167,0.482226370355668,0.484515799923791,0.486775447187302,0.489008266794777,0.491213959285252,0.493392225197758,0.495542765071334,0.497665279445014,0.499759468857834,0.501825033848828,0.504011982355349,0.507149872128508,0.510391631374373,0.513808780194856,0.517401143713818,0.521168547015519,0.525110815153516,0.529227773157263,0.53351924603708,0.537985058787939,0.542625036392393,0.547439003822855,0.552426786043388,0.557588208011141
"JPN","Japan",0.763217578151038,0.764492152648382,0.765509967642754,0.766530625279415,0.767841624350317,0.769611907769764,0.775483477940759,0.790448600585157,0.810632348645703,0.831642156930317,0.848730153314922,0.861535345605099,0.87364382233672,0.88465316358858,0.893496688341977,0.898987730503918,0.901576358564473,0.903336126816891,0.90468406964809,0.90579613525715,0.906855793656691,0.907942287475151,0.908973362819762,0.909920128704632,0.910767780138936,0.911463359695535,0.91246638231636,0.913581823572593,0.914713302791297,0.915871112108859
"JOR","Jordan",0.765695657600459,0.765819124541673,0.765909064679769,0.765975724383835,0.766029350022962,0.76608018796624,0.766138484582758,0.766214486241608,0.766318439311877,0.766443321251059,0.767451502588579,0.77115159986403,0.777401775862094,0.785947019496877,0.796532319682475,0.808902665332993,0.822803045362532,0.837978448685195,0.854173864215081,0.871134280866293,0.891073198703368,0.89833999128301,0.901719580407247,0.905214344772839,0.908608450038357,0.911901568516046,0.915093372519433,0.918183534363554,0.921171726365262,0.924057620843587
"KAZ","Kazakhstan",0.534134969238989,0.532737736131611,0.531288700492816,0.529825257463689,0.528288904733836,0.526282117669795,0.52366890433125,0.520687373574616,0.51753044137158,0.514391023693822,0.511462036513027,0.508936395800878,0.507007017529059,0.505866817669253,0.505736914196643,0.506692388123958,0.508784301554911,0.511934876913979,0.516091803139857,0.521202769171242,0.52721546394683,0.534077576405313,0.541736795485389,0.550140810125752,0.559237309265099,0.568973981842123,0.580210820738505,0.584669459540913,0.588029675955351,0.591438421172741
"KEN","Kenya",0.122958707595737,0.12380261693415,0.124842059843315,0.126159222776291,0.127764090268952,0.132358758132981,0.14298278441632,0.158247257796799,0.176616337387177,0.196554182300213,0.21652495164867,0.234992804545308,0.250421900102886,0.261276397434165,0.265986868275576,0.266105578793528,0.266063202451764,0.26593844024767,0.265686720529751,0.265263471646514,0.26462412194646,0.263724099778096,0.262518833489926,0.260963751430455,0.258761405589569,0.258942300909183,0.259821137918102,0.261359929032417,0.263538625120329,0.2663474616852
"KIR","Kiribati",0.314171262391412,0.321910884803949,0.338620496855119,0.359409495407427,0.378419949464573,0.389513330234433,0.391131992480334,0.391356071590796,0.391486658488109,0.391628142684953,0.391849240762475,0.393903013188147,0.403449660234615,0.417721921633948,0.432855666393783,0.444805894450329,0.451941743018946,0.456867449278246,0.461053795437181,0.465602096702193,0.471669701958378,0.480469047507495,0.493421674122102,0.509870069294355,0.529090554136854,0.552010510967931,0.565196664386233,0.575295025872507,0.585534576595777,0.595634310268186
"PRK","Korea, Democratic People's Repub",0.559109197830116,0.559986874883605,0.560782158213514,0.561513784257075,0.562200489451518,0.562861010234075,0.563514083041978,0.564178444312456,0.564872830482743,0.565615977990069,0.566426623271665,0.567323502764763,0.568325352906593,0.569447417783689,0.570776405980086,0.572419874720363,0.574322410035963,0.576417502517521,0.578638642755674,0.580898521918323,0.58338325879341,0.586004971089929,0.588724650354957,0.591547009035898,0.594472848619813,0.597502970594963,0.600638176450653,0.603879267677082,0.607227045765229,0.610682312206745
"KOR","Korea, Republic of",0.767325586096853,0.771099917289212,0.773695880754926,0.775736503118725,0.777687372421683,0.780031628106472,0.78325046036329,0.78753626997876,0.792180847479828,0.79645302222186,0.799531156430014,0.801430581632061,0.802999697373978,0.804324218026131,0.805287479376052,0.80576148865682,0.805686441129391,0.805118197898634,0.804236478999,0.803209135297527,0.80221724982143,0.801317065127332,0.800402574235439,0.799447317349888,0.798453627221617,0.797224017252708,0.79706990060322,0.797078965522352,0.797101167089478,0.797140999115423
"KWT","Kuwait",0.978990158428903,0.980047769358789,0.981960019481957,0.984359093008885,0.986897516961684,0.989227818362466,0.991756630690773,0.994711157077003,0.997474779019544,0.999430878016783,1,1,1,1,1,1,1,1,1,1,1,1,1,1,1,1,1,1,1,1
"KGZ","Kyrgyzstan",0.312532448411947,0.308759369485452,0.305766653610943,0.303876896799339,0.303343114062803,0.30327260026153,0.303212497833113,0.303167717332717,0.303133048768104,0.303103282147037,0.303073207477278,0.303037614766591,0.302991294022736,0.302929035253478,0.302841126715752,0.30269264168259,0.302465160737951,0.302166398866163,0.301801617254099,0.301376077088635,0.300895039556641,0.300363765844996,0.29978751714057,0.299171554630239,0.298521139500876,0.297841532939356,0.297137996132553,0.296579828352231,0.296645903035594,0.29681350322181
"LAO","Lao People's Democratic Republic",0.108914868205371,0.116291410102179,0.125818836035715,0.136896122015558,0.14903643764043,0.161752952509052,0.174558836220147,0.186967258372438,0.198491388564647,0.208644396395495,0.217104744577369,0.22481092520114,0.232312988936318,0.239520976839058,0.246400052558942,0.252915379745552,0.25903212204847,0.264715443117277,0.269930506601554,0.274642476150885,0.279599801026323,0.287169683553873,0.294546356026326,0.30201656623571,0.309581665641175,0.317243005701865,0.325001937876919,0.33285981362547,0.340817984406641,0.348877801679556
"LVA","Latvia",0.66813541161691,0.664441722328106,0.661140668176283,0.658464246279721,0.656644453756702,0.655850945839521,0.655466485688885,0.655089233306705,0.65474494339859,0.654435633479494,0.654163321064371,0.653930023668174,0.653737758805858,0.653588543992375,0.653484396742682,0.653427334571729,0.653423257576547,0.653492998763756,0.653645646919263,0.653874761027485,0.654175693020448,0.654543794830175,0.654974418388692,0.655462915628021,0.656004638480187,0.656594938877215,0.657238650618029,0.658058873230756,0.659153432704608,0.660503376961678
"LBN","Lebanon",0.839851427292769,0.842546359784353,0.844836194585757,0.846711819136386,0.848156945547068,0.849189457074517,0.850752757127944,0.852359544933898,0.854010387312722,0.855705851084765,0.857446503070369,0.859232910089882,0.861065638963649,0.862945256512016,0.864872329555328,0.866847424913929,0.868871109408169,0.87094394985839,0.873066513084938,0.87523936590816,0.8774630751484,0.879738207626005,0.88206533016132,0.884445009574691,0.886877812686464,0.889364306316982,0.891905057286593,0.894500632415642,0.897151598524476,0.899858522433438
"LSO","Lesotho",0.100189057683405,0.10688107010292,0.113049930179521,0.119056281078813,0.124995661453715,0.130980087302717,0.137121574624303,0.143532139416964,0.150323797679183,0.15760856540945,0.165498458606252,0.174129027854161,0.183671094927141,0.19420451520258,0.20564966153215,0.217944799929068,0.231028196406555,0.244838116977832,0.259312827656114,0.274390594454626,0.290009683386583,0.305278254299114,0.316272016868436,0.327482927279086,0.338632127703363,0.349714962878724,0.360726777542272,0.371662916430721,0.382518724280367,0.393289545827054
"LBR","Liberia",0.40244278929888,0.385597855682625,0.386236808826423,0.388026163173859,0.390774661098986,0.394291044975863,0.398384057178543,0.402862440081085,0.407534936057543,0.412210287481975,0.416697236728436,0.420804526170984,0.424878447708556,0.430238305143238,0.435801876327746,0.441362757788778,0.446938208170454,0.452528911051872,0.458135550012129,0.463758808630323,0.469399370485556,0.47505791915693,0.480735138223549,0.486431711264519,0.492148321858945,0.497885653585937,0.503644390024603,0.509425214754051,0.515228811353394,0.521055863401742
"LBY","Libyan Arab Jamahiriya",0.830769304862589,0.837555036922356,0.843850649749028,0.849619686136695,0.854825688879446,0.859432200771371,0.863402764606558,0.866700923179098,0.86929021928308,0.871134195712593,0.872196395261727,0.872456895697308,0.872414590358965,0.87232213198233,0.872183567695213,0.872001856165669,0.871779216394733,0.87151794956867,0.871220110318072,0.870886849236069,0.868750773087532,0.868751800009972,0.868758988467052,0.868778499993415,0.868816496123701,0.868879138392549,0.868972588334602,0.869103007484499,0.869276557376883,0.869499399546393
"LIE","Liechtenstein",0.099876508120585,0.0974483767918418,0.0937899191668941,0.0897835600470222,0.0863117242335095,0.0842568365276383,0.0832416726980734,0.0823034923644286,0.0814464461044128,0.080674684495732,0.079992358116092,0.0794036175432018,0.0789126133547663,0.0785234961284945,0.0782404164420912,0.0780675248732634,0.07800897199972,0.078035414362304,0.0781185870243284,0.0782642583472,0.0784781966923249,0.078766170421111,0.0791339478949653,0.0795872974752937,0.0801319875235054,0.080773786401005,0.0811212285955168,0.0810500360020341,0.0808999699919497,0.0806760032095683
"LTU","Lithuania",0.648255673116603,0.647386773502241,0.646521372385492,0.645691703275997,0.644929999683401,0.644268495117345,0.643748977222951,0.643319170103615,0.641929089230375,0.640233443695511,0.639977436723764,0.640620125172903,0.641485617763425,0.641854875973397,0.64216602923023,0.642054257326032,0.641844716793164,0.6429417755565,0.644617203526338,0.646149924291223,0.646976741298049,0.646558500694767,0.645609179176096,0.64609585266024,0.647165109830712,0.649101147144825,0.657349954767253,0.658377982218595,0.661489088893268,0.664215837747988
"LUX","Luxembourg",0.808135222178463,0.812754018100517,0.817630769575119,0.822599619602914,0.827494711184545,0.832150187320655,0.836449471538444,0.840608613521856,0.844779643770143,0.848973040958127,0.853213566141205,0.857525980374772,0.86193504471422,0.866465520214943,0.871142167932337,0.875989748921794,0.881035058188887,0.886251975320632,0.891646660899473,0.897209481204338,0.902935834730133,0.908821119971766,0.914860735424144,0.921050079582174,0.92738455094076,0.933859547994812,0.9416812866328,0.943559586210188,0.944001137268284,0.94445723418099
"MKD","Macedonia",0.566180389056465,0.565433353303224,0.564430560120631,0.56202275639079,0.55775703851969,0.552866542073132,0.548584402616913,0.546196150586771,0.545954474022514,0.545982642846202,0.546075569256187,0.546272019245165,0.546610758805832,0.547130553930884,0.547870170613018,0.548868374844931,0.550163932619316,0.551795609928872,0.553802172766293,0.556222387124277,0.55909501899552,0.562458834372716,0.566352599248565,0.57081507961576,0.575885041466997,0.581601250794974,0.587255216558745,0.590151415596366,0.593369880562193,0.59673840034234
"MDG","Madagascar",0.175713270848938,0.179059670268438,0.182381276974568,0.185677309572597,0.188946986667792,0.192189526865418,0.195404148770744,0.198590070989036,0.201746512125563,0.20487269078559,0.207967825574385,0.211031135097215,0.214061837959348,0.21705915276605,0.220022298122588,0.22295049263423,0.225842954906241,0.228698903543892,0.231517557152447,0.234298134337175,0.237039853703342,0.239741933856214,0.242403593401062,0.24506517872244,0.249229539354226,0.253508790445868,0.257944396792861,0.262534089720127,0.267275600545724,0.272166660582089
"MWI","Malawi",0.0696652641150631,0.0731765984065316,0.0760612930996064,0.0781462370733246,0.0796214989342052,0.0808857960130706,0.0819989975287074,0.0829884010761159,0.0838813042502936,0.0847050046462396,0.0854867998589559,0.0862539874834392,0.0870338651146895,0.087852625463196,0.0886899286551697,0.089510398993958,0.0903142025212522,0.0911005493011246,0.0918686493976473,0.0926177128748947,0.093346949796938,0.0940555702278525,0.0947427842317094,0.0953753317863751,0.0966273394391247,0.098326893614551,0.100395641593709,0.102834577894116,0.105638269428857,0.108801292893185
"MYS","Malaysia",0.525197692560703,0.539292864328849,0.552963229466176,0.566099326599241,0.578591694354609,0.590328077095245,0.601624124129471,0.61280867239435,0.623782561210983,0.634443742243309,0.644690167155261,0.654419787610776,0.663530555273791,0.671920421808244,0.679487338878068,0.686125896678038,0.692179703169473,0.698034342140938,0.703638665717098,0.708938029478189,0.713877789004444,0.718403299876101,0.722459917673394,0.725992997976559,0.728947896365832,0.731246882273697,0.736177021778548,0.741189025840285,0.746244836219219,0.751346050816474
"MDV","Maldives",0.197985689033036,0.199643448770564,0.203138209523154,0.207963874290124,0.213642275741197,0.220135615514456,0.230326740714389,0.244742612811908,0.260935005672412,0.276693184615402,0.289806414960382,0.298384796916041,0.304484162204353,0.309864156193519,0.314585765473643,0.318816933678177,0.322725604440575,0.326479721394289,0.330247228172769,0.33421331353976,0.338341914647672,0.342423883794941,0.346428872771286,0.350354883254642,0.354199916922941,0.357961975454114,0.361639060526095,0.365132609353195,0.369931684399559,0.375194239605994
"MLI","Mali",0.112624311542063,0.115055916947372,0.117699823097825,0.120606437886109,0.123781299498357,0.12721232483073,0.130880941817228,0.134770809192462,0.138865585691042,0.143148930047576,0.147604500996674,0.152215957272946,0.156966957611001,0.161841160745447,0.166834180750098,0.172006450880551,0.17741431466381,0.183044389805134,0.188890946152524,0.194948253553981,0.201210581857506,0.207672200911099,0.214327380562763,0.221170390660496,0.228195501052302,0.235396981586179,0.242769102110129,0.250273076473417,0.256753818445175,0.263264236503699
"MLT","Malta",0.921334491346435,0.923014502342281,0.924368856019491,0.925561761528015,0.926625673051048,0.927593044771792,0.928496330873443,0.9293679855392,0.930240462952261,0.931146217295825,0.932119302013761,0.933198335326076,0.934417052795941,0.935684436769233,0.936900593600355,0.937965629643709,0.938766520668734,0.939273179536185,0.939575136027434,0.939810572703026,0.940093416291728,0.940537593522308,0.941498227338374,0.943168526200985,0.945419545115078,0.948122339085592,0.951681749415361,0.952605799561295,0.952895702684211,0.953190846826238
"MHL","Marshall Islands",0.650332764340029,0.65125888909021,0.652382509541163,0.653798401819825,0.655613125203158,0.65825898407766,0.661937471988592,0.666472580601988,0.67169758294587,0.677445752048262,0.683550360937186,0.689844682640666,0.696161990186725,0.702335556603385,0.70819865491867,0.713584558160601,0.718365308829179,0.722837295308849,0.727238237032433,0.731547059668,0.735761150950899,0.739877898616478,0.743894690400087,0.747808914037079,0.751617957262799,0.755319207812601,0.758878887467606,0.762856848143503,0.766883449447628,0.770903338250686
"MRT","Mauritania",0.339143782873424,0.33726338416949,0.335579283203563,0.334192195290193,0.333202835743929,0.33272351939097,0.333278183987574,0.336326296972013,0.34167634825247,0.349021525487549,0.35805501633585,0.368470008455977,0.37995968950653,0.392217247146113,0.404935869033326,0.417808742826772,0.430529056185053,0.44278999676677,0.454447140998189,0.466448232507876,0.479359294174495,0.492830205992861,0.506602247590514,0.516657678960533,0.526666262415296,0.536620281000536,0.546507689884395,0.556316455834977,0.566034545620586,0.575649926009751
"MUS","Mauritius",0.388186188172424,0.385622252916292,0.382988650741821,0.380407674052281,0.378001615250951,0.375893438126257,0.373950118835699,0.371967623502667,0.369964251201405,0.367958982411674,0.365970797613232,0.364018677285839,0.362121601909254,0.360298551963235,0.358568507927543,0.356950450281937,0.355463664509323,0.354067146371419,0.352709137228785,0.351393555906263,0.350124634539525,0.348906605264243,0.347743700216091,0.346640151530738,0.345600191343858,0.344628051791122,0.343727965008203,0.34289705571685,0.342939902291697,0.343071587834068
"MEX","Mexico",0.712342154108204,0.715905170365165,0.719398761070231,0.722849502558905,0.726283971166693,0.729837038955957,0.733827532886033,0.738064442262778,0.741964995993855,0.744994881074287,0.746582945134441,0.746834832461705,0.746904712197647,0.746951142494014,0.747008775571655,0.747117048249842,0.747573100263253,0.748561336825505,0.750037738579352,0.751961218270213,0.754290688643507,0.756985062444648,0.760003252419057,0.763304171312151,0.766846731869348,0.770315118730954,0.773055994123944,0.775935209482244,0.778884744403777,0.781905124342263
"FSM","Micronesia, Federated States of",0.195197678979325,0.188280455924724,0.179489169753493,0.170988758631624,0.164944160725106,0.163324651390846,0.163324651390846,0.163324651390846,0.163324651390846,0.163324651390846,0.163324651390846,0.163297873021587,0.163225897741888,0.163121265293865,0.162996515419634,0.162897567392811,0.162909561420282,0.162939620819297,0.16298675468611,0.163051246834146,0.16313326943194,0.163232976786266,0.16335051826259,0.16348604142087,0.163639693035545,0.163811619495228,0.16400196698124,0.164210881555535,0.164438509207435,0.16468499588003
"MDA","Moldova, Republic of",0.415277282230555,0.408464497021401,0.40659782403607,0.361537597247803,0.359345059850601,0.358178317322698,0.350161970605435,0.349583427723375,0.349301368035722,0.347702331231289,0.346886971627208,0.345247828433622,0.34754515199101,0.34689416283428,0.346403640326775,0.34591845985881,0.346633964416125,0.346790198526331,0.347502580045146,0.349681762343502,0.35038793887793,0.350839505589412,0.353385316170582,0.357178780632363,0.361988342107049,0.368069925381167,0.373183366720391,0.379574952658211,0.385998385370204,0.391549175377217
"MCO","Monaco",1,1,1,1,1,1,1,1,1,1,1,1,1,1,1,1,1,1,1,1,1,1,1,1,1,1,1,1,1,1
"MNG","Mongolia",0.534553570409924,0.534018323599959,0.533559133373627,0.533214289771066,0.533022082832414,0.53389356823147,0.539118579172315,0.548979656803504,0.562161431213594,0.577547346890552,0.594020848322343,0.610465379996933,0.625764386402288,0.638801312026376,0.64845960135716,0.653456782011558,0.654424167534241,0.654776120280539,0.655049698704072,0.655227016541477,0.655290187497741,0.655049703837085,0.654493674416852,0.653871970459822,0.653434463385128,0.65625405200279,0.668381882804212,0.674505668190687,0.681643783607759,0.687139262959236
"MNE","Montenegro",0.491923345303279,0.505405605856548,0.519319533074279,0.533230920707445,0.546705562507022,0.559309252223981,0.570607783609295,0.580166950413937,0.587411026050327,0.592924623918268,0.597943057417505,0.602628315748802,0.60685392492563,0.610493410961456,0.613420299869749,0.615508117663977,0.616737534995914,0.617850402427061,0.618937293256629,0.619992057683328,0.621014886202206,0.622005969308114,0.622965497495677,0.623893661259264,0.624790651092945,0.625656657490443,0.626491870945081,0.627296481949709,0.628070680996625,0.628814658577471
"MAR","Morocco",0.480338215022919,0.485200470273526,0.489444051498533,0.493226023154381,0.496703449697516,0.500033395584382,0.503372925271424,0.506879103215084,0.510708993871809,0.515022992491105,0.519989214925697,0.52562284073336,0.531737402133501,0.538147203506901,0.544666549234342,0.551109743696606,0.557291091274475,0.563024896348728,0.568125463300148,0.572377229247731,0.576025377824555,0.579516137539763,0.582859176922015,0.586020559863546,0.588966350256587,0.591662611993372,0.594075408966135,0.596170805067108,0.597914864188525,0.599272822242045
"MOZ","Mozambique",0.220385881911813,0.226233546601203,0.230353272391212,0.233240965815124,0.23568264124438,0.237785954502377,0.239631660591915,0.241300514515787,0.242873271276793,0.244430685877729,0.246053513321393,0.247822508610581,0.249823257815278,0.252007022859449,0.254258661282825,0.256570573724775,0.258940938659285,0.261367934560345,0.263849739901942,0.266384533158065,0.268970492802699,0.271605797309834,0.274250558674429,0.278158865149316,0.282763630721722,0.288006198269915,0.293882695873517,0.300386269812867,0.307510069834622,0.315247247787467
"MMR","Myanmar",0.209832725379641,0.211732326169014,0.213644232281813,0.215562028170554,0.217479298287759,0.219389627085948,0.221286599017642,0.22316379853536,0.225014810091623,0.22683321813895,0.228612607129862,0.230346561516879,0.232028665752521,0.233652504289308,0.235211661579761,0.236699722076399,0.238110270231743,0.239436890498312,0.240673167328627,0.241815445030496,0.242895333699106,0.243931988556244,0.244925789230545,0.245878063879846,0.246790140661983,0.24766334773479,0.248499013256104,0.249298465383762,0.250063032275597,0.2507937804575
"NAM","Namibia",0.231632333698936,0.238160935865684,0.245286610801735,0.252859838255943,0.260731097977159,0.268750869714239,0.276728857339088,0.285221907138783,0.294917691736765,0.30557828752294,0.316903661495851,0.328593780654041,0.340348611996052,0.351868122520426,0.362852279225706,0.373001049110435,0.381974167679608,0.390083469855721,0.397950060053191,0.405606365672063,0.413027651483813,0.420189182259922,0.427066222771868,0.43363403779113,0.439867892089187,0.445743050437517,0.451234777607601,0.456318338370916,0.460901686385347,0.465794618564871
"NRU","Nauru",1,1,1,1,1,1,1,1,1,1,1,1,1,1,1,1,1,1,1,1,1,1,1,1,1,1,1,1,1,1
"NPL","Nepal",0.182392231002409,0.195217653288846,0.209179318461979,0.224268097625693,0.240474861883868,0.257790482340391,0.276205830099144,0.300194854870496,0.332612808725924,0.371022516310974,0.412986802271195,0.456068491252132,0.497830407899333,0.535835376858344,0.567646222774712,0.590825770293985,0.602936844061708,0.608494113689033,0.613617539898382,0.618277884002206,0.622445907312956,0.626092371143084,0.629188036805041,0.631703665611279,0.633610018874248,0.634877857906401,0.635299552899519,0.636969904593692,0.63959827892288,0.642065645162484
"NLD","Netherlands",0.684306431376023,0.702939108108032,0.736665805254408,0.74957175517481,0.752894158278614,0.768211551229215,0.786539072005192,0.793265972581886,0.798572385507526,0.808804043328373,0.822311732513735,0.834681784852403,0.84282226988428,0.845041717367228,0.851584306556117,0.863734907990078,0.870797597021427,0.8764888178767,0.883391125555167,0.890516702584117,0.895281184788016,0.898529538571797,0.904364248985368,0.920353152287383,0.93417984684306,0.938094725779927,0.942147764996607,0.945984163855187,0.949609546279808,0.953029536194947
"NZL","New Zealand",0.842648152010626,0.84348928226929,0.844229619786284,0.844886615959016,0.845478544163435,0.846022069910178,0.846545074397074,0.847101353884661,0.847659398540248,0.848131314607353,0.848434678078879,0.848496635234643,0.848426614975864,0.848268137255802,0.848024279176323,0.847696479298104,0.847286176181818,0.84679480838814,0.846044119844684,0.843885945294334,0.840053315346277,0.835092609555958,0.829477469768052,0.825509882245808,0.825544150743527,0.825640366123999,0.82581315783139,0.826080224378242,0.826459067403037,0.8269671560633
"NIC","Nicaragua",0.509278022371385,0.511179321756127,0.512923827057229,0.514550450414479,0.5160915240192,0.517579380062714,0.519046350736338,0.520524768231394,0.522046964739204,0.523645272451088,0.525351264114465,0.52716429473177,0.529058120396699,0.531020279913726,0.533037757163464,0.535097536026527,0.537186600383523,0.539291934115069,0.541400521101776,0.543499345224256,0.545575390363123,0.547615640398987,0.549607079212463,0.551536690684164,0.553391458694699,0.555158367124683,0.55682439985473,0.558291406097329,0.559688102881074,0.561171916001916
"NER","Niger",0.0929729698781875,0.0931314332625863,0.0939849781762162,0.094838481997235,0.0956919447256415,0.0965453971808943,0.0980314703953867,0.0980314498490811,0.0980314703953867,0.0980314703953867,0.0980314703953867,0.098019081904805,0.0979826311507869,0.0979231902099296,0.0978418311588249,0.0977396260740688,0.0976176470322543,0.0974433724703503,0.0974663298117596,0.0977763843476984,0.0984067530011615,0.0993360410556849,0.100562677311019,0.102083735095486,0.103896104239637,0.105996631191619,0.108382148764821,0.111049484648262,0.113995464351264,0.117216912368001
"NGA","Nigeria",0.344366357267945,0.353134331600675,0.361985410479257,0.37091444191011,0.379916273899645,0.388985754454281,0.398117731580431,0.407307053284512,0.416548567572939,0.425837122452126,0.435167565928489,0.44441688983626,0.453158803098609,0.461935142002693,0.470703844533817,0.479464687266918,0.48821744677693,0.496961899638786,0.505697822427424,0.514424991717777,0.523143184084781,0.53185217610337,0.54055174434848,0.549241665395043,0.557921715817998,0.566591672192276,0.575251311092813,0.583900409094543,0.592538742772401,0.601166088701321
"NOR","Norway",0.719058726192148,0.722077680877521,0.72749004701343,0.734257103665983,0.73974405218826,0.742909952281668,0.745731937284278,0.75003738781809,0.755040612574329,0.758363370126959,0.76113780474774,0.763956969676057,0.767398977782258,0.771135312632677,0.774399083510686,0.776423399699652,0.777141017716906,0.779068937607506,0.784259033982272,0.791145882611614,0.797890433258969,0.802653635687778,0.805777291367449,0.808742190543081,0.811417766141641,0.813673451090103,0.815378678315435,0.816402880744607,0.817646958802047,0.820420986485104
"OMN","Oman",0.694697936009228,0.694509056714137,0.69426427447997,0.693986599324409,0.693699041265135,0.69342461031983,0.693186316506177,0.693007169841855,0.692913294437125,0.693454867498378,0.696846898180788,0.702601890724401,0.709882796394598,0.717852566456759,0.725674152176262,0.732397167165878,0.737789806230571,0.742417279833868,0.746761343055769,0.751046885895714,0.755498798353141,0.760341970427488,0.766396903564713,0.773413449907215,0.7800105254991,0.78474636582857,0.785892055405278,0.784682459031094,0.779927531961381,0.778567360456352
"PAK","Pakistan",0.266570211222496,0.269002034198488,0.271420917198066,0.273816776278519,0.276126427456899,0.27831433511107,0.280405848079795,0.282418745350467,0.284370805910475,0.286279808747212,0.288163532848069,0.290039757200438,0.291926260791708,0.293840822609271,0.29580122164052,0.297825236872845,0.299930647293637,0.302135231890288,0.304456769650189,0.306913039560732,0.309521820609307,0.312300891783305,0.315267941984488,0.318636363677681,0.322528482369228,0.326825032954393,0.33140666001269,0.336154008123639,0.340949160877193,0.344765213211403
"PLW","Palau",0.691843921803759,0.690283111609271,0.685077777222983,0.678658389466546,0.673491902378961,0.672392320551199,0.682583781632603,0.702490690251295,0.725788566651372,0.746264750508048,0.758425943798501,0.766317940835562,0.773995334382721,0.780936066594871,0.786911934129296,0.791694733643276,0.79505626179409,0.796713489035239,0.796143890294229,0.792461683945121,0.788738626581594,0.785729819522942,0.782708484613862,0.779731365513723,0.77680450514499,0.774642603537728,0.774743770240444,0.775006646945776,0.775434474616417,0.776041003854518
"PAN","Panama",0.550244306847213,0.560932379707616,0.570992718124473,0.579977824420801,0.587440200919616,0.592989673683568,0.597483447888937,0.601785735669747,0.605824275599739,0.609566325184148,0.612979141928206,0.616029983337149,0.618686106916208,0.620914770170618,0.622683230605612,0.623971251894027,0.625016779394839,0.626021597320054,0.626969874424988,0.627854695679601,0.628669146053854,0.62940631051771,0.630059274041128,0.630621121594071,0.631084938146499,0.631443808668374,0.631690818129657,0.631819051500311,0.63223908822854,0.63370106341589
"PNG","Papua New Guinea",0.0774077514252024,0.0740454241281834,0.0708904223171984,0.0681975287348983,0.0662215261239297,0.0652210715141071,0.064828234221617,0.0644690895702976,0.0641409400752129,0.0638453577869243,0.0635839147559951,0.0633581830329877,0.0631697346684634,0.0630201417129854,0.0629109762171151,0.062843810231417,0.0628202244815055,0.0629750972744486,0.0634476509741355,0.0642382518613546,0.0653423528780666,0.0667559777708787,0.0684752103545261,0.0704961531215768,0.0728149157565146,0.0754276111816751,0.0783303539506887,0.0815192595114678,0.0849904438354428,0.088740023217072
"PRY","Paraguay",0.505902273990133,0.514192011521913,0.522157095162125,0.529620517702984,0.536405271936703,0.542334350655498,0.547230746651582,0.550896687588698,0.553516052931083,0.555562806106617,0.557199554139281,0.558558459913635,0.559771686314241,0.56097139622566,0.562289752532454,0.563858918119185,0.565811055870415,0.568264866266708,0.571671467608559,0.576763101216334,0.58344271839086,0.591548617754563,0.600919097929872,0.611392457539213,0.622806995205013,0.635001009549702,0.647812799195703,0.662180654323153,0.669796095437021,0.67535077537239
"PER","Peru",0.686420213233241,0.690527427384384,0.694577360791861,0.698601690064234,0.702632091810062,0.706700242637902,0.710837819156315,0.715076497973859,0.719447955699095,0.723983868940581,0.728715914306877,0.733675768406541,0.738898745317361,0.744424474341075,0.75032396334093,0.756571248529526,0.763139293442901,0.770001061617096,0.777129516588153,0.784497621892112,0.792078341065014,0.7998446376429,0.808181539531591,0.813484985589541,0.817985681850557,0.822547091179021,0.827085067759432,0.831591541736783,0.836058443264355,0.840477702504834
"PHL","Philippines",0.325619041085343,0.329038390263728,0.332616208218695,0.336361244944116,0.340282250433858,0.344387974681793,0.348687167681789,0.353188579427716,0.357900959913442,0.36283305913284,0.367993627079776,0.37339141374812,0.378951950616677,0.387652633589643,0.400373804724642,0.413140352505586,0.425663504588592,0.438966235802303,0.452033865886218,0.463968055087007,0.473831762128491,0.481981672027295,0.489409882163364,0.495957661327131,0.501418039785487,0.505640584120799,0.50933154570943,0.512992192701436,0.516590502740425,0.520121911548685
"POL","Poland",0.586319910229179,0.586775651118304,0.587165597591405,0.587487688540609,0.587739862858035,0.587920059435806,0.588026217166044,0.588051882868676,0.587728544874952,0.586946267084314,0.585806395989179,0.584408896869488,0.582853735005186,0.581240875676214,0.579670284162515,0.578241925744034,0.577037926181922,0.575944056526642,0.574857740906969,0.573787929564972,0.572735297248298,0.571700518704595,0.570684268681514,0.569687221926702,0.568710053187808,0.567753437212481,0.567062263949167,0.567298147627213,0.56788423329197,0.56879546002719
"PRT","Portugal",0.472252412090336,0.479631056918245,0.487024182838053,0.494387159125623,0.50167535505682,0.508844139907504,0.515984154776791,0.523754307873613,0.532342441343864,0.541290190420675,0.550208378061875,0.558707827225294,0.566399360868761,0.572893801950104,0.577801973427154,0.580734698257738,0.581404546071368,0.581403571748183,0.581398747212244,0.581387137111583,0.581365759452412,0.581331632240942,0.581281773483386,0.581213201185955,0.581122933354861,0.581007987996315,0.580909619156708,0.581241409327408,0.58209176196436,0.583420246335994
"QAT","Qatar",0.946932853741,0.9503242133069,0.953317137152455,0.955902753672815,0.958108966301093,0.960081223728458,0.961946522447549,0.963831858951007,0.965864229731474,0.968192526372214,0.970933050559027,0.973960813372509,0.977015530812626,0.979850843159798,0.982220390694443,0.983913074036655,0.985242768486853,0.986457224525886,0.987458618763728,0.988168135574222,0.98856253669881,0.989071907563631,0.989561890932016,0.990041855714426,0.990511535663301,0.990970664530798,0.991418976068752,0.99185620402862,0.992282082161412,0.992696344217611
"ROU","Romania",0.503386740481673,0.501005865077171,0.498505720452203,0.496079381096258,0.493919921498825,0.492220416149393,0.491173939537454,0.490978253191256,0.49157833467767,0.492819076394397,0.494510066307484,0.49647201491762,0.498525632725494,0.500491630231795,0.502190717937208,0.503443606342423,0.504058316904921,0.504008999974304,0.503512042112587,0.502613027707667,0.501325377016781,0.499662510297159,0.497637847806036,0.495264809800645,0.49255681653822,0.489527288275992,0.485436056433029,0.484696352637557,0.484708109972472,0.484739383680686
"RUS","Russian Federation",0.708453918534134,0.709822302508323,0.710397023777483,0.711210821862313,0.70877764613019,0.710840413059209,0.71162848716903,0.712306276438927,0.713521788166831,0.712453626814728,0.710889642008191,0.711778639572684,0.713304901361553,0.714345941589845,0.714848175491722,0.716364480273203,0.718344992388649,0.719628725582452,0.720745140774625,0.721836930445387,0.722895527715219,0.723912365704599,0.724878877534005,0.725786496323917,0.726626655194812,0.727390787267172,0.728020554243392,0.729127992044313,0.730485453089672,0.731901012879288
"RWA","Rwanda",0.0177447136938611,0.0337198809007299,0.0502650708577641,0.0663253741076572,0.0808458811931018,0.0927716826567901,0.101047869041416,0.104593476018084,0.104775079052943,0.104853357507001,0.104909388926479,0.104950349916192,0.104983417080961,0.105015767025602,0.105054576354934,0.105107021673777,0.105180279586945,0.105273633468395,0.106708441926838,0.111317331136321,0.118785074226192,0.128760978274098,0.140894350357695,0.154834497554636,0.17023072694257,0.186732345599152,0.203988660602035,0.222040262448123,0.233618858121379,0.244708176716667
"KNA","Saint Kitts and Nevis",0.28630395302186,0.284116941057787,0.281925304136399,0.279769254747492,0.277689005380861,0.275724768526298,0.27391251518189,0.272197319308076,0.270517534506133,0.268878243034082,0.267281565016711,0.265729620578803,0.264224529845145,0.26276841294052,0.261363389989715,0.260011581117512,0.25887460178396,0.25891175549579,0.259015541995786,0.259186313105847,0.259427517740603,0.259742326358061,0.260133863490105,0.260605240681654,0.261159564649984,0.261799939982445,0.262529470208008,0.263351258281411,0.264268406823952,0.265284018252566
"LCA","Saint Lucia",0.23693755879408,0.234731091411947,0.232172193652156,0.229304960707098,0.226173487769164,0.222821870030745,0.219189546814617,0.212966367728264,0.202987377702548,0.19042657022652,0.176379630413557,0.161942243377039,0.148210094230346,0.136278868086855,0.127244250059946,0.122201925262997,0.121790868060705,0.123352405361395,0.126654391130086,0.131671076807473,0.138445531931148,0.147020826038703,0.157440028667726,0.169746209355812,0.183982437640546,0.200191783059524,0.218417315150333,0.236227314566493,0.23622680609935,0.236223618599402
"VCT","Saint Vincent and the Grenadines",0.399627933145932,0.400915458654096,0.402264532249905,0.403641892318091,0.405014277243378,0.406348425410493,0.407612494173029,0.408838040149215,0.410073889832068,0.411318785757628,0.41257270693076,0.41383563235633,0.4151075410392,0.416388411984236,0.417678224196301,0.418976956680261,0.42028458844098,0.421601834499037,0.422955070656207,0.424312994026335,0.425676437952869,0.42704552922241,0.428420394621563,0.42980116093693,0.431187954955112,0.432580903462715,0.43398013324634,0.43538577109259,0.436797943788067,0.438216778119375
"WSM","Samoa",0.155020755776138,0.1561445540079,0.157169146530297,0.158056085802979,0.158766924285593,0.159263214437786,0.159500415166172,0.159157868597766,0.157407358520721,0.154688426191551,0.151532241767634,0.148532246136243,0.145706190395332,0.142575768992763,0.139351508285494,0.136396462282877,0.134104327146108,0.13261012858045,0.131617758511246,0.130821403288264,0.129974091383966,0.128815562944641,0.12708400822598,0.124481531070864,0.121148700528754,0.117237606314846,0.112019364891296,0.111303578735066,0.111308803085416,0.111326378226603
"SMR","San Marino",0.914556123718902,0.918997559278817,0.92327660987807,0.927169312805642,0.930451705350515,0.932899824801669,0.934289708448084,0.934815554687672,0.935366910174793,0.937676241601812,0.942320242279445,0.948384311808884,0.954953849791323,0.961114255827955,0.965950929519971,0.968487229706103,0.968760656814105,0.968760656814105,0.968760656814105,0.968760656814105,0.968760656814105,0.968760656814105,0.968760656814105,0.968760656814105,0.968760656814105,0.968760656814105,0.968799095956888,0.96891351906903,0.969102485736272,0.969364514228065
"STP","Sao Tome and Principe",0.445236168740781,0.45454562338613,0.463878032453815,0.473366588456264,0.483144483905905,0.493344911315164,0.504061727029263,0.516202698630373,0.530471271756124,0.546248612507693,0.562851960745479,0.579598556329881,0.5958056391213,0.610790448980136,0.623870225766788,0.634362209341656,0.64158363956514,0.644879832175904,0.645925592287245,0.647326028498667,0.64873608038126,0.650139886186854,0.651541472991408,0.652951360503553,0.654352947308107,0.655760615819213,0.657163435402122,0.65929842999154,0.661800809191953,0.664672941131438
"SAU","Saudi Arabia",0.772924983106174,0.775557745520208,0.777948942365303,0.780155103489085,0.782232758739173,0.78423843796319,0.786228671008757,0.788259987723495,0.790388917955027,0.792681087621001,0.795086716740917,0.797492236453429,0.799885198469255,0.802267375406923,0.804640539884963,0.80695353026015,0.808841040130214,0.810745606941911,0.812641474924291,0.814527346410471,0.816401923733357,0.818263909225623,0.820112005219704,0.82194491404776,0.823761338041658,0.825559979532943,0.827339540852798,0.829098724332008,0.830836232300905,0.832550767089315
"SEN","Senegal",0.351606007031958,0.353307915380779,0.355045857689222,0.356857396487538,0.35878009430598,0.360851513674801,0.363109217124254,0.365606264194873,0.368307843244905,0.371171951340778,0.374198294297831,0.377417898323537,0.380861789625371,0.384560994410804,0.388546538887312,0.392849449262368,0.397500751743445,0.402531472538015,0.407959551259513,0.414015838531803,0.421262031206415,0.429670699544738,0.439133813061341,0.449543341270802,0.460791253687691,0.472769519826581,0.485370109202048,0.498484991328663,0.512011851592118,0.517802861034316
"SRB","Serbia",0.49275220347799,0.498787855889544,0.504788756726329,0.510659842422614,0.516306049412666,0.521632314130753,0.526543573011144,0.531010467022782,0.535486577251435,0.54018356242538,0.544884923707556,0.549409501783556,0.553576137338968,0.557203671059385,0.5601109436304,0.5621167957376,0.563025576943105,0.562076816407189,0.564923507092234,0.567797853105044,0.570608012458165,0.573264193300019,0.575804501965914,0.578197571308883,0.580415175199307,0.582289285947381,0.583804904749784,0.589594759806557,0.592202527982579,0.594782875446467
"SYC","Seychelles",0.427476211370203,0.41234466250068,0.400826185789179,0.396256424710489,0.39288637762176,0.390266760168335,0.388326426493858,0.387007349871231,0.386038784376329,0.385164544539431,0.384380967626588,0.383702408862091,0.38314322347023,0.382717766675295,0.382440393701579,0.382326414598229,0.382473748328006,0.383035963140317,0.383993543169637,0.385324510676571,0.387006887921726,0.389018697165702,0.391337960669107,0.393942700692545,0.396810939496621,0.39992069934194,0.403250002489106,0.406569357529052,0.408576076373776,0.410652458699827
"SLE","Sierra Leone",0.294439150307381,0.296569470439186,0.298719815170397,0.300915831697706,0.303183167217804,0.305547468927382,0.308034384023135,0.310669559701753,0.313478643159929,0.316495685865373,0.319721131117832,0.323187926899005,0.326870994053474,0.330752310382405,0.334813853686964,0.339037601768317,0.34340553242763,0.347899623466069,0.352501852684799,0.357194197884987,0.361930896675566,0.366912546150854,0.372096730433056,0.377379777969245,0.38277386136614,0.388279754151022,0.393898229851184,0.399630061993921,0.405476024106544,0.411436889716369
"SGP","Singapore",1,1,1,1,1,1,1,1,1,1,1,1,1,1,1,1,1,1,1,1,1,1,1,1,1,1,1,1,1,1
"SVK","Slovakia",0.532758404096656,0.53178322733324,0.530702879384851,0.52955074611135,0.5283602133726,0.527164667028462,0.525989996658645,0.524705644135891,0.523208167449116,0.521546909812479,0.519765206246573,0.517906391771991,0.516013801409327,0.514130770179175,0.512300633102129,0.510566725198781,0.508968830710071,0.507457644789816,0.505970540571813,0.504511019190927,0.503079937555289,0.501678152573029,0.500306521152278,0.498965900201171,0.497657146627836,0.496381117340406,0.495755771690507,0.495757227229762,0.49576284936486,0.49577540196107
"SVN","Slovenia",0.463576708915062,0.46435056164991,0.465436791793063,0.466668879368677,0.4678803044009,0.468904546913886,0.469575086931785,0.46973349480382,0.469528054608669,0.469065462639725,0.468379709207357,0.46750149505256,0.466461520916335,0.465290487539677,0.464019095663584,0.462678046029056,0.460813333940337,0.458826574774168,0.461893527386372,0.471985045473718,0.500830202206381,0.500680016319858,0.517892232084568,0.51731300889149,0.520124382759583,0.519392564435369,0.518533344616551,0.518890473078202,0.52104610502772,0.52341467144543
"SLB","Solomon Islands",0.0802807434075855,0.082269840875155,0.0844319609567051,0.0868184648079065,0.0894917194987386,0.092469112592043,0.0958038188317682,0.0994738512934787,0.10346699520376,0.107771035789196,0.112373758276376,0.117262947891879,0.122426389862295,0.127851869414208,0.133522055493361,0.139511730185601,0.146072888017937,0.153206303457682,0.160876418079843,0.16904767345943,0.177684511171452,0.186751372790917,0.196212699892834,0.206032934052213,0.216594240343669,0.224755770454753,0.23182430548995,0.238957959834273,0.246042965062324,0.253075441084764
"SOM","Somalia",0.257425204338569,0.261377799971761,0.26548807753652,0.269770136831953,0.27423807765717,0.278905999811281,0.283788003093396,0.288898187302622,0.29412012149257,0.299399611225352,0.304844111062828,0.310561075566861,0.316657959299312,0.323242216822045,0.330421302696921,0.3383026714858,0.346993777750547,0.356602076053022,0.367235020955087,0.379000067018604,0.395269228498127,0.417686483069895,0.443767230428306,0.471631185952707,0.479080101474886,0.486019551027057,0.49269557786649,0.499104450871639,0.505249247578258,0.511133045524225
"ZAF","South Africa",0.49689836224906,0.499900596564608,0.504522909020989,0.511548822383292,0.520000766063474,0.528813954392429,0.536811636224746,0.544038960197285,0.55158029924675,0.559393416145625,0.56721872468821,0.574796638668802,0.581867571881699,0.5881719381212,0.593450151181603,0.597442624857208,0.599820214450575,0.601016231205195,0.601993767686794,0.602886030689777,0.603687505641193,0.604392677968093,0.604996033097526,0.60549205645654,0.605875233472186,0.606140049571512,0.606280990181571,0.606564054381738,0.60770268039374,0.608881458357019
"ESP","Spain",0.737032704160884,0.738206087628019,0.739359082839607,0.74054668046858,0.741823871187864,0.74324564567039,0.744868299420722,0.746782869144281,0.749108732525874,0.751754672950025,0.754617029449054,0.757592141055284,0.760576346801038,0.763465985718638,0.766157396840407,0.768546919198666,0.770502957071976,0.772120616382037,0.773631314245057,0.775073307490024,0.776428640664627,0.777679358316555,0.77880750499349,0.779795125243123,0.78062426361314,0.781276964651228,0.782236301070931,0.784070320562176,0.785940495660092,0.787951756975471
"LKA","Sri Lanka",0.0936847261946413,0.0898209323682599,0.0864634144192318,0.0836960994665177,0.0816029146290784,0.0802677870258757,0.079775115415789,0.080171851864822,0.0814093532640237,0.0834274467819615,0.0861664658401595,0.0895667438601418,0.0935686142634336,0.0981124104715611,0.103138465906046,0.108587113988416,0.114398688140193,0.119500925434442,0.121338066863801,0.123310174023533,0.125258526578136,0.127181482992002,0.12907740172879,0.130944641251329,0.132781560021502,0.134586516500096,0.136357869146636,0.138093976419178,0.139793196774054,0.141453888665575
"SDN","Sudan",0.268677261903911,0.269284841915246,0.269839554866647,0.270342035771058,0.270792919641424,0.271192841490686,0.27154243633179,0.271842339177679,0.272093185041295,0.272295608935585,0.272450245873491,0.272557730867957,0.272618698931927,0.27267977989211,0.27371217740283,0.275219640399284,0.277250986831853,0.279799471150311,0.282857926566034,0.286477168946249,0.290021014425488,0.291063292169916,0.292130025577856,0.29315156939755,0.294128760965112,0.295062437616417,0.295953436687055,0.296802595512284,0.297610751426971,0.298378741765516
"SUR","Suriname",0.639813592596434,0.640170324256893,0.640501934806986,0.640804095170982,0.641072476273149,0.641302749037752,0.641490584389062,0.641631653251342,0.641721626548864,0.6417560693606,0.641633028811656,0.641251861388763,0.64067576281577,0.639968872540183,0.639195330009504,0.638419274671236,0.637704845972884,0.637120277756229,0.636636620202518,0.636168774705926,0.63571585714046,0.635282440465184,0.634873097639158,0.634492401621441,0.634144925371097,0.633835241847186,0.633588521805714,0.632652925219397,0.631120006427411,0.631205590067897
"SWZ","Swaziland",0.171123986021296,0.171206278757359,0.171221124842584,0.170859708775331,0.170019378328709,0.168828516114145,0.167413362089181,0.165900156211363,0.164415138438231,0.163084548727329,0.1620346270362,0.161391613322386,0.16127782962974,0.161592494917063,0.162294686896737,0.163357821987077,0.164762473105195,0.166489213168203,0.168518615093209,0.170831251797325,0.17340769619766,0.176228521211327,0.179215779910796,0.181938223078992,0.185040885126306,0.188480711386165,0.192254617683456,0.196359517635956,0.200792323503176,0.205549946671689
"SWE","Sweden",0.82656789207274,0.826961827767186,0.82724080359085,0.827473621452737,0.827729083261845,0.828075990927176,0.828536117845901,0.829091268207953,0.82975029011148,0.830522031654627,0.831415340935541,0.832549884210913,0.834008087330365,0.835742937781436,0.837707423051672,0.839854530628612,0.842296067534198,0.84515060949349,0.848381297048705,0.851951270742059,0.855823671115769,0.859961638712052,0.862518672260646,0.865064885354308,0.867597413749869,0.870113393204163,0.87260995947402,0.875084248316275,0.877533395487758,0.879954536745302
"CHE","Switzerland",0.693310286049423,0.698765815463137,0.703586465768976,0.707596059212165,0.710618418037928,0.712408932331663,0.713204659778247,0.713670375149335,0.714018788478896,0.714280073488929,0.714484403901435,0.714661953438415,0.714842895821868,0.715057404773797,0.715335654016201,0.71570781727108,0.716159342358484,0.717254609013236,0.721131253483656,0.727897577767523,0.737207199927025,0.748713738024359,0.762070810121714,0.776932034281285,0.792951028565263,0.809781411035842,0.829806507924898,0.837562251061485,0.840414667015142,0.843389035855793
"SYR","Syrian Arab Republic",0.461880441819589,0.465329811193773,0.469084836536396,0.473087960380835,0.477281625260465,0.481608273708661,0.486010348258802,0.490430291444262,0.494810545798418,0.499093553854647,0.502569954870777,0.505123502068953,0.507586308929031,0.510790488930865,0.515568155554307,0.522751422279212,0.552758089677632,0.623939544173893,0.709819500916778,0.741467640699173,0.738805906993256,0.732354478812801,0.725735511787943,0.72058318383691,0.718036840331337,0.713594654216243,0.709285756275561,0.704976867183502,0.700181965297442,0.699199049628723
"TJK","Tajikistan",0.228974516772257,0.221917964754888,0.215965016761012,0.211532086954681,0.209035589499948,0.208627174840947,0.208616334920758,0.208607148591388,0.208601429022556,0.208597732274159,0.208594614406106,0.2085906314783,0.208584339550644,0.20857429468304,0.208559052935395,0.208540144548567,0.208020818184537,0.207277576114232,0.208118782971158,0.208927321201673,0.208016626738129,0.206864204985452,0.205800995293075,0.205377905761596,0.204259734700885,0.204932680272205,0.205003865889082,0.204966811161558,0.204894638574204,0.204784693465844
"TZA","Tanzania, United Republic of",0.143745011772633,0.147073566409418,0.150497217319933,0.154068501843812,0.15783995732069,0.1618641210902,0.166193530491978,0.170872631785362,0.176145796797848,0.182210946403623,0.188921385842842,0.196116286101323,0.203634818164891,0.211316153019365,0.218999461650566,0.226523915044316,0.233728684186437,0.2404305975766,0.246728385723795,0.252887885131375,0.25894022398932,0.264881875695659,0.270709313648421,0.276419011245635,0.282007441885329,0.287471078965533,0.292806395884276,0.297906619521909,0.304922846337446,0.312394904881104
"THA","Thailand",0.182488207346211,0.198992292077732,0.215758509653599,0.232176655498207,0.247636525035954,0.261702907308463,0.275493284160673,0.289825376945607,0.304408296866838,0.319042099293497,0.333526839594714,0.347662573139623,0.361249355297354,0.374087241437039,0.385976286927809,0.39677801172815,0.405428059509103,0.411554128734515,0.416493912675263,0.421683363372337,0.428558432866722,0.438555073199406,0.453109236411378,0.510774621880804,0.525233509374565,0.539337110146379,0.553049016142158,0.566337544958174,0.579176027489347,0.589245229282287
"TLS","Timor-Leste",0.165843961617415,0.169009942329405,0.172216336833484,0.175509505538336,0.17893580885265,0.182541607185108,0.1863732609444,0.190477130539211,0.194899576378224,0.199670887232625,0.2061950362808,0.214941692164678,0.224415477287277,0.233103339010296,0.239492224695431,0.242068050431997,0.241997689820694,0.241785003096334,0.241462725171175,0.241060045693606,0.240607854267652,0.239982628895272,0.239054162881726,0.237853256711658,0.236412563750907,0.234764737365314,0.232942430920717,0.230712503741607,0.230817452842113,0.231556807830589
"TGO","Togo",0.255186643529157,0.259983721092091,0.264801516278734,0.269635657769023,0.274481774242895,0.279335494380289,0.284192446861144,0.289048260365399,0.29389856357299,0.298738985163857,0.303565153817939,0.308372698215172,0.313157247035496,0.31791442895885,0.32263987266517,0.327326682710737,0.331987183798268,0.336642978817362,0.341299155534091,0.345955688043447,0.350612550440417,0.355269716819993,0.359927161277164,0.364584857906917,0.369242780804244,0.373900904064133,0.378559201781574,0.383111981900944,0.388675302099298,0.394763349825707
"TON","Tonga",0.168606790973069,0.169310675781814,0.169809307376617,0.170199735821298,0.170528842192852,0.170812949165172,0.171068379412152,0.171311455607686,0.171558500425667,0.171825836539987,0.172129786624544,0.172482537635949,0.172954957366014,0.173654098000994,0.17443299936556,0.175113317483531,0.175505347052684,0.175485435535615,0.175034870063053,0.174237993526655,0.173164418388124,0.171917662984236,0.170231021731511,0.167328821780492,0.163311893238108,0.158440767852174,0.151776915483616,0.150583525310597,0.150591336106341,0.150619156032562
"TTO","Trinidad and Tobago",0.522786310549189,0.52369385192387,0.524397661043179,0.524895532959124,0.525185262723714,0.525260764716138,0.524957767650692,0.524190713451121,0.522994925149701,0.521404079190255,0.519451852016601,0.517171920072558,0.514597959801945,0.511763647648583,0.508702660056289,0.505448673468885,0.503675625705646,0.503676097480764,0.503677968104311,0.50368217956889,0.503689669297042,0.503701379417631,0.503718252692439,0.503741232019187,0.503771260334941,0.503809280590675,0.503856235743031,0.503913068751232,0.503980722575774,0.504060140177822
"TUN","Tunisia",0.586600416574523,0.591502333163266,0.596049910762684,0.600293699502128,0.604284249510947,0.608072110918492,0.611707833854112,0.615241968447157,0.618725064826976,0.622190226578702,0.625495304559111,0.62858574427261,0.63159142087041,0.63447408195546,0.637367644945964,0.640510818825415,0.643647491095314,0.646779003649886,0.649903603668788,0.652623688485097,0.654006043478974,0.65596167857362,0.65839021423592,0.661198988052996,0.664130251968507,0.667186087071776,0.670368574452124,0.673679795198872,0.677121830401342,0.680696761148857
"TUR","Turkey",0.51595460322935,0.523766631425233,0.53169736027236,0.539922122993837,0.54861625281277,0.55802397999402,0.567736546732458,0.5770683598323,0.586181321640086,0.595384449404818,0.604986760375497,0.615297271801128,0.626625000930711,0.63927896501325,0.653568181297747,0.669801667033202,0.687637674017949,0.71754120360665,0.768633325183393,0.823362990817721,0.862296086782884,0.871833615478316,0.871079039381634,0.872517423867667,0.877863014817777,0.88075530476961,0.883404112263198,0.881916599364601,0.881741316843716,0.885214996486907
"TKM","Turkmenistan",0.404410542686315,0.40582367544971,0.408421809825914,0.411761657926567,0.41545053754142,0.419095766460231,0.42230466247275,0.424684543368734,0.425842726937936,0.426247135925395,0.426627670276453,0.426984613581313,0.427318249430177,0.427628861413248,0.427916733120728,0.428182148142821,0.428425390069728,0.428646742491655,0.428846488998802,0.429024913181373,0.429182298629571,0.429318928933597,0.429435087683656,0.42953105846995,0.429607124882681,0.429663570512054,0.42970067894827,0.429712197764052,0.429805669749945,0.430017212620738
"TUV","Tuvalu",0.386646141370094,0.391914819793932,0.39699856211625,0.402087833316426,0.40737309837384,0.413044822267872,0.419293469977902,0.426311827683469,0.434445934065057,0.444168490366123,0.455153599741278,0.467024619630109,0.479404907472199,0.491917820707131,0.504186716774492,0.515834953113864,0.526485887164833,0.535681164625405,0.543598107885885,0.550799591185292,0.557423304451804,0.563451703508662,0.568607815318849,0.57514128856161,0.582477273122074,0.589808907539976,0.597226293451724,0.604731780474099,0.612327718223911,0.620016456317997
"UGA","Uganda",0.0383390349814218,0.0400255058079146,0.0417722122654109,0.0436603726343158,0.0457712051950336,0.0481859282279685,0.0509857600135257,0.0542325451169979,0.0584080592122985,0.064135608455737,0.0713380195455197,0.0798957430974568,0.0896892297273555,0.100598930051023,0.112505294684269,0.125288774242902,0.138829819342729,0.15300888059956,0.1677064086292,0.183402386611553,0.191847080236848,0.199576886004644,0.207317445503245,0.215010091408558,0.222646821440954,0.230219633324149,0.23772052478557,0.2451414935568,0.252474537374124,0.259711653979191
"UKR","Ukraine",0.653577042397606,0.652267731871122,0.651303083619734,0.65049306951054,0.649701184883109,0.648868430119278,0.647480146385706,0.647397122873826,0.649038873733438,0.650950041602554,0.653282302835988,0.655606187176221,0.65755484744412,0.659332002526516,0.660947136576011,0.662156345294662,0.663083106773742,0.664168601507902,0.665336634521468,0.666659513600688,0.66777225615735,0.66832694208234,0.66889880152822,0.669464216417797,0.669862416500822,0.670197918045545,0.670400361957237,0.670623947804237,0.671183954550918,0.671788476643663
"ARE","United Arab Emirates",0.765789158145038,0.765909390901055,0.767127789405615,0.769427384931084,0.772709835204539,0.776876797953052,0.781829930903703,0.787470891783563,0.79370133831971,0.800422928239219,0.808387484535851,0.812121269067392,0.814272599081583,0.816505541503104,0.818706329931962,0.820874022665636,0.823007678001779,0.82510635423823,0.827169109673052,0.829195002604557,0.831183091331349,0.833132434152364,0.835042089366928,0.836911115274815,0.838738570176329,0.840523512372398,0.84226500016468,0.843962091855712,0.845613845749074,0.847219320149607
"GBR","United Kingdom",0.770111951814017,0.772665439665339,0.775344682376854,0.778002184015686,0.780490448648956,0.782661980343788,0.784382182471347,0.785790926782574,0.787068001937891,0.788243991955608,0.789356384736952,0.790442668183157,0.791540330195451,0.792686858675067,0.793919741523235,0.795276466641184,0.796793226904217,0.79845858697522,0.800255495601784,0.802175079039812,0.804208890141563,0.806348481759295,0.808585406745267,0.810911217951737,0.813317468230963,0.815795710435205,0.81675057413635,0.817685116341988,0.818598543369574,0.819490061536567
"USA","United States",0.754369539697989,0.759266948448015,0.763933891797926,0.768166885528755,0.771762445421531,0.774582294245484,0.777108721804257,0.779666916843553,0.782157779699986,0.7845142878421,0.786669418738443,0.788556149857564,0.790107458668008,0.791256322638321,0.791935719237051,0.792094464916769,0.7920511710692,0.79192183931951,0.791675586628858,0.791280612704834,0.790705117255025,0.789917299987023,0.788885360608416,0.787577498826795,0.785961914349747,0.784528917172622,0.784636905616427,0.784906439711948,0.785327236623281,0.785900517970433
"URY","Uruguay",0.89877843274872,0.900882107172827,0.902541048879507,0.903872889301126,0.904997774900806,0.906034009848141,0.90709989831273,0.90831374446417,0.909793852472056,0.911678273147389,0.914698012925911,0.919042188971318,0.924167814094048,0.92954730137522,0.934653063895958,0.938957514737384,0.941869887454367,0.943560875215907,0.944894619524352,0.946029022964343,0.947000868819104,0.94784694037186,0.948604020905833,0.94930889370425,0.949887066752804,0.950445433162452,0.950983499821852,0.951500855804888,0.951998733889911,0.95258295871781
"UZB","Uzbekistan",0.391137404548163,0.399677716556332,0.40866296052563,0.417896821446464,0.427182984309247,0.436325134104386,0.445126955822289,0.453392134453367,0.460924354988029,0.467527302416683,0.47300466172974,0.477160117917606,0.479797355970693,0.480720060879409,0.478739561359287,0.475741238936563,0.47582079423308,0.475782208270565,0.473538674942072,0.470944457264157,0.468497679877516,0.468470599846316,0.468702403269691,0.46765491150134,0.467768162739565,0.469653615048505,0.471376628262853,0.471998729313461,0.472125225970806,0.47214875843928
"VUT","Vanuatu",0.140819371487703,0.143813041021814,0.14681291509267,0.149847706982467,0.152959212647299,0.156077656889639,0.159060706970105,0.161936612348332,0.164769602931335,0.167623908626125,0.170563759339716,0.173653384979123,0.176957015451359,0.180538880663437,0.184396928166662,0.18931258479327,0.18978289054176,0.190129665742162,0.190370759411228,0.190524020565703,0.190607298222338,0.19063738479491,0.189548926736004,0.184254707102384,0.175954678534166,0.164279985397772,0.162464840828287,0.162507312643448,0.162626579104689,0.162858144962669
"VEN","Venezuela, Bolivarian Republic o",0.85299060978448,0.858053990463908,0.862747274379065,0.866919613008837,0.870420157832112,0.873098060327774,0.874749410912767,0.875639268220392,0.876359854434572,0.877019976974834,0.877613725126682,0.878135188175621,0.878578455407155,0.878937616106786,0.87920675956002,0.879379975052359,0.879436966335715,0.879784465753726,0.880199139266352,0.880605354450053,0.881010270582449,0.881413822682368,0.881815945768634,0.882216574860076,0.88261564497552,0.883013091133799,0.883408848353739,0.883802851654173,0.88419503605393,0.884585336571846
"VNM","Viet Nam",0.153886567137646,0.160550935343989,0.167184628117491,0.173524282344613,0.179388429898679,0.185270308252232,0.191536309437349,0.19805516295597,0.204738743840387,0.211498927122892,0.218247587835774,0.224896601011327,0.231357841681842,0.237543184879607,0.24334186881231,0.248644669018005,0.253483548545732,0.258036667193328,0.262465565996924,0.26693178599265,0.271596868216637,0.276622353705017,0.282169783493919,0.288400698619473,0.295756921470308,0.305955528925003,0.317626089103401,0.327254113376985,0.33352394190593,0.337403865223017
"YEM","Yemen",0.179143449330586,0.185611802230213,0.191880336986961,0.197938446693743,0.203775524443466,0.209380963329041,0.214744156443378,0.219854496879386,0.224701377729978,0.229257431341589,0.233584899802652,0.237738337300977,0.24173702013329,0.245566636514074,0.249212874657819,0.252661422779009,0.255897969092132,0.258908201811674,0.26148851427798,0.266011725594889,0.271674679279307,0.277738156444664,0.284282153933379,0.291304682723884,0.298803754121417,0.30737630242551,0.311339761495646,0.314055815263794,0.316729114756017,0.319281623870883
"ZMB","Zambia",0.336467159136181,0.331955360370456,0.325401692975711,0.318372397018872,0.312433712566859,0.309218190775547,0.309337785660761,0.311340929710424,0.314736886240549,0.319236772313066,0.324551704989903,0.330392801332988,0.336471178404253,0.342497953265625,0.348184242979031,0.353193895260335,0.357638103266972,0.361962126990843,0.366253451130966,0.370511129448088,0.374734215702953,0.378921763656307,0.383072827068897,0.387186459701467,0.391261715314762,0.395297647669531,0.399293310526516,0.403208761313357,0.407837936541228,0.412597070197772
"ZWE","Zimbabwe",0.261351355735255,0.264011238635635,0.266414127290525,0.268531082833532,0.270333166398261,0.271791439118317,0.272876962127307,0.273558416568433,0.273958590348015,0.274254605504284,0.274474941311508,0.274645233256907,0.274791116827696,0.274938227511092,0.275112200794314,0.275338672164577,0.275643277109101,0.276035876110681,0.277207448935442,0.280017623292908,0.284309869943108,0.289897205538318,0.296592646730808,0.304209210172854,0.31255991251673,0.321457770414706,0.330715800519059,0.339724735784397,0.346041719358359,0.352520482139481
