"ISO3","Name","1995","1996","1997","1998","1999","2000","2001","2002","2003","2004","2005","2006","2007","2008","2009","2010","2011","2012","2013","2014","2015","2016","2017","2018","2019","2020","2021","2022","2023","2024"
"AFG","Afghanistan",0.88510292980868,0.883753563556333,0.882318622882876,0.880778659117263,0.879114223588443,0.877305867625368,0.875334142556989,0.873179599712257,0.870822790420124,0.868244740688362,0.864942526474767,0.860584711020558,0.855411856586255,0.849665003105437,0.843585190511679,0.837413458738557,0.831390847719649,0.82575839738853,0.820757147678778,0.81662813852397,0.813677689643466,0.811588718773813,0.809687993695522,0.807922622766657,0.806365381486834,0.805089045355666,0.804166389872768,0.803670190537754,0.802817810372218,0.800365175275558
"ALB","Albania",0.664690100990548,0.658184561203754,0.651320306431923,0.644134720405402,0.636665186854539,0.628949089509684,0.620967645873665,0.612376529719672,0.602924296230763,0.592701672039882,0.581764954752212,0.57017044197294,0.557974431307251,0.545233220360328,0.532003106737358,0.518340388043525,0.503149879121733,0.496988007269612,0.49231059199978,0.487628856306255,0.483046932334156,0.478566304687175,0.474188457967304,0.469914876774562,0.465747045706678,0.46168644935871,0.457734572322577,0.453892899186502,0.450162914534319,0.446546102944628
"DZA","Algeria",0.47383469229174,0.4655853878864,0.457326623420581,0.44904162825861,0.440749577542917,0.432480213230321,0.424233102772924,0.416008018766482,0.407804733806747,0.399623020489477,0.391462651410424,0.383323399165343,0.375205036349989,0.367315387765911,0.36076318044102,0.354151567270524,0.347570895756733,0.341024370544187,0.334515196277721,0.328046577602484,0.32162171916396,0.315243825607998,0.308916101580841,0.302641751729162,0.296423980700097,0.290265993141301,0.284170993700992,0.278142187028013,0.272182777771897,0.26629597058295
"AND","Andorra",0.0716042439665298,0.0735674522531282,0.0755808043021259,0.0777941745698578,0.0803574375126615,0.0834204675868731,0.0873088433696149,0.0919887129748537,0.0970708051641953,0.102165848699241,0.108191879969822,0.114412182567596,0.117955356056913,0.119132396351465,0.120170869576093,0.121074230611865,0.12184593433985,0.122489435641113,0.123008189396722,0.123405650487746,0.12368527379525,0.123850514200304,0.123904826583972,0.123792835782898,0.123458041577924,0.122902211266425,0.12212711214578,0.121134511513364,0.120431257229765,0.119732750624287
"AGO","Angola",0.600969214018447,0.587562177756172,0.573934835479986,0.560228778117237,0.546585596595275,0.533146881841447,0.520054224783102,0.507449216347589,0.495473447462254,0.484268509054447,0.473975992051517,0.464346703700793,0.455055050419515,0.446128021889891,0.437592607794131,0.429475797814444,0.421804581633036,0.414605948932121,0.407906889393905,0.401553367556548,0.393015739985407,0.384575176327418,0.376110156242266,0.367619941026912,0.359103791978318,0.350560970393445,0.341990737569251,0.3333923548027,0.324765083390746,0.316108184630353
"ATG","Antigua and Barbuda",0.704451265117865,0.70896446124158,0.713957112046213,0.719248304707136,0.72465712639972,0.730002664299335,0.735142851927928,0.740824071728351,0.747585373157386,0.755069967114956,0.762952695702796,0.770908401022648,0.778611925176249,0.785738110265336,0.791961798391649,0.796957831656926,0.800430297464406,0.803006227724671,0.805246788635766,0.806944421509423,0.807913622815085,0.808732516014568,0.809529165850846,0.810303504461203,0.811055463982925,0.8117849765533,0.812491974309611,0.813176389389147,0.813838153929192,0.814477200067032
"ARG","Argentina",0.127269364564937,0.125006071201833,0.122832544973332,0.120723509167367,0.118653687071876,0.116597801974792,0.114526655987748,0.112443584683714,0.110388273276693,0.10837115401117,0.10639281167674,0.104453831062994,0.102554796959526,0.10069629415593,0.0988789074417977,0.097024984057509,0.0957945479864474,0.0947507984433938,0.0937023522676189,0.0926673203871492,0.0916464691334907,0.0906405648377907,0.0896503738307852,0.08867666244273,0.0877201970033275,0.0867817438416354,0.0858620692859502,0.0849619396636766,0.0840821213011556,0.0832233805234606
"ARM","Armenia",0.361991661889504,0.365617836066195,0.369136244754455,0.37238894555252,0.375217996058625,0.37746545387101,0.378935054550102,0.379831205063143,0.380620455369794,0.38136470952913,0.382052430363229,0.382672080694172,0.383212123344036,0.383661021134902,0.384007236888849,0.384239233427958,0.384343416472722,0.384277781180263,0.383937723200423,0.383335694943904,0.382488259050312,0.381411978159252,0.380123414910333,0.378639131943159,0.376975691897335,0.375149657412468,0.373177591128164,0.370967583743954,0.369532277650681,0.368286163053145
"AUS","Australia",0.158492497502625,0.158991010851136,0.159478257713805,0.159909834985763,0.160241339562145,0.160428368338085,0.159987263026545,0.158521159821415,0.157169277918437,0.155994465646761,0.154913805633265,0.153511619789623,0.151921672374882,0.150537126677644,0.149433708269201,0.148442170518964,0.147289174760224,0.146015565731937,0.144626755079236,0.1430316388791,0.141354029728984,0.139859225024926,0.138658523840057,0.137595574291122,0.136785541734417,0.137115361622721,0.137503227839222,0.13643693199864,0.13479558825553,0.133551924441743
"AUT","Austria",0.367730661955822,0.365059217974742,0.362726318814254,0.360753086506181,0.359160643082339,0.357970110574551,0.357196751615428,0.356680445419199,0.356275284473255,0.355957464269149,0.355699645263969,0.355474487914808,0.355254652678756,0.355012800012907,0.35472159037435,0.354353684220177,0.35388312714589,0.353235014100899,0.352270474064489,0.351006876898589,0.349475236465491,0.347706566627486,0.345731881246866,0.343582194185922,0.341288519306947,0.338881870472231,0.336376434370872,0.333958258113578,0.33149734568123,0.328919753476056
"AZE","Azerbaijan",0.513707287844082,0.515754768321498,0.517850244969541,0.522804082604389,0.527855739153685,0.526414068554314,0.526129707680399,0.525527166713026,0.520018455540535,0.514014044191449,0.511647890509233,0.51001955467256,0.508143676942177,0.505610605070677,0.504829539577341,0.503224223524614,0.500814385041636,0.497592446645683,0.493558646867787,0.488713224238982,0.483056417290306,0.47658846455279,0.46930960455747,0.461220075835379,0.451022420616308,0.449270325505472,0.448489042888542,0.447710379929395,0.446964369047989,0.446250595789699
"BHS","Bahamas",0.207420267775683,0.206947944769635,0.206449504175343,0.205874665059621,0.205173146489286,0.204282401312396,0.203026317880305,0.201381404039327,0.199479674728547,0.197445029059606,0.195401366144145,0.19347258509381,0.191782585020239,0.190455265035077,0.189614524249966,0.189376995128575,0.189449984157992,0.189646966566303,0.189982729262152,0.190472712784871,0.191132357673783,0.19197710446822,0.19302239370751,0.194283665930981,0.19577636167796,0.197515921487777,0.19951778589976,0.20122358057231,0.201209488268615,0.20117128602685
"BHR","Bahrain",0.126686461228406,0.127736233307583,0.128793214317133,0.129760353217399,0.130540598968722,0.13103690053144,0.130992802930513,0.127728054740702,0.120297972512492,0.10926330912667,0.0951381254113361,0.0784364821945934,0.0596724403045429,0.0393600605692888,0.0180134038169292,0,0,0,0,0,0,0,0,0,0,0,0,0,0,0
"BGD","Bangladesh",0.843879442998058,0.840466308297581,0.837048671294001,0.833556658452026,0.829920396236365,0.826070011111728,0.821918304809382,0.817465980327098,0.812733573535156,0.807811491883674,0.802775786938658,0.797702510266117,0.792667713432058,0.787747448002486,0.783017765543411,0.778554717620838,0.774411962645571,0.770439386532885,0.766540865904946,0.762730307678381,0.759013197112105,0.755395019465032,0.751881259996074,0.748477403964145,0.745188936628158,0.742021343247025,0.73898010907966,0.736022940143371,0.730808000143817,0.725201369064572
"BRB","Barbados",0.396025635124342,0.397316571779191,0.398737620913506,0.400259395724366,0.401852509408852,0.403548117202815,0.406058559853698,0.409713703207594,0.414143135810893,0.419016631233135,0.424003963043859,0.428774904812607,0.432999230108921,0.43634671250234,0.438487125562404,0.439110739278898,0.439109744935669,0.439104122926764,0.439089882347437,0.43906301373228,0.439019507615889,0.438955354532853,0.438866545017767,0.438749069605224,0.438598918829817,0.43841208322614,0.43819041099968,0.437847695469416,0.437096630819995,0.435845665775841
"BLR","Belarus",0.344534511319004,0.341761006575643,0.338089299522736,0.333685322126887,0.328758757092974,0.324057067517962,0.319775226464215,0.313680863387816,0.309062053817279,0.304143350365552,0.301287002916726,0.295035172951766,0.289864900530369,0.284890064570872,0.278019616549867,0.274150510467136,0.268660866266538,0.263615679755576,0.259074124295293,0.254864186212539,0.251784788066659,0.249420483551976,0.247535894187883,0.24546277192068,0.242858003564405,0.239260510770843,0.235575905166083,0.231889750942325,0.228212523714414,0.22454503263084
"BEL","Belgium",0.211779229556286,0.208070313972153,0.204410041161105,0.200799800359209,0.197240980802529,0.193734971727128,0.190283162369074,0.18688694196443,0.183547699749261,0.180266824959632,0.177045706831608,0.173885734601253,0.170788297504633,0.167754784777813,0.164786585656856,0.161885089377829,0.159051685176795,0.156287762289821,0.153594709952969,0.150973917402306,0.148426773873897,0.145954668603805,0.143558990828096,0.141241129782835,0.139002474704086,0.136844414827915,0.135400329444311,0.134768607123939,0.134097582432877,0.133438722794937
"BLZ","Belize",0.56588056081989,0.565191026965092,0.564544830216057,0.564010414291778,0.563656222911248,0.563560850471568,0.564184402822534,0.565684949799621,0.567902687646198,0.570681468912204,0.573865146147577,0.577297571902258,0.580822598726187,0.584284079169301,0.587525865781542,0.590407291581646,0.593097125870287,0.59580606142877,0.598523371900559,0.601249143849922,0.60398346384113,0.606726418438449,0.609478094206146,0.61223857770849,0.615007955509749,0.61778631417419,0.620573740266082,0.623307243774028,0.625368838715283,0.627444993778458
"BEN","Benin",0.680387003024001,0.677281793093789,0.674302151787982,0.671326681086149,0.66823398296786,0.664902659412686,0.661211312400196,0.657065301985427,0.652611407607021,0.647919041983286,0.642993946755499,0.637844795386917,0.632480261340796,0.626909018080391,0.621139739068958,0.615181097769754,0.609041767646032,0.60273042216105,0.596237147296564,0.589367031650155,0.582336164401488,0.575132638764816,0.567755616236332,0.560204258312522,0.552477726490141,0.544575182266179,0.536495787137844,0.528238702602541,0.519803090157855,0.511188111301529
"BTN","Bhutan",0.818734745516024,0.810799560450169,0.802953693236108,0.795201669572772,0.787548015159091,0.779997255693996,0.77255391687642,0.765222524405292,0.758007603979545,0.750913681298109,0.743948496764684,0.73717815040804,0.730635912805151,0.724281425683666,0.718077069714444,0.71198522556834,0.705968273916211,0.699988595428914,0.694008570777306,0.687990580632244,0.681897005664584,0.675690226545183,0.669334305060493,0.662853385950309,0.656298588152463,0.649682296450745,0.643018237090215,0.63624259544105,0.627638515319537,0.618705369349838
"BOL","Bolivia, Plurinational State of",0.437445302052754,0.431746409467654,0.426320467138248,0.421085920331197,0.415961214313162,0.410864794350805,0.405707495186822,0.400523036226158,0.395426631987368,0.390421918925227,0.38550076559932,0.380655040569233,0.375876612394548,0.371157349634853,0.366489120849731,0.361863794598768,0.357273239441548,0.352701214781513,0.348267804188948,0.344306659054407,0.34044612765019,0.336688492758792,0.333034904410902,0.329484540341155,0.326036249850404,0.322688634095076,0.319448601757241,0.316322314410599,0.313307379693229,0.309849466590296
"BIH","Bosnia and Herzegovina",0.636282747022862,0.632775829062845,0.629275736029444,0.625782712831028,0.622297004375966,0.618818855572629,0.615348511329385,0.611886216554602,0.60843221615665,0.604986755043898,0.601550078124715,0.598122430307472,0.594704056500536,0.591295201612276,0.587896110551063,0.584507028225264,0.58112819954325,0.577759869413389,0.574206591222222,0.569516803335538,0.564772938956685,0.559885383987354,0.554855253375613,0.549683662073442,0.544371725036139,0.538920557221842,0.533331273591125,0.527604989106666,0.521742818732966,0.515745877436105
"BWA","Botswana",0.54279019283325,0.534793927426478,0.527272333064465,0.519878520904085,0.512265602102213,0.504086687815724,0.494992632130995,0.484594143767826,0.472921143942604,0.460421906000698,0.447545846887517,0.434742383548471,0.422460932928974,0.411150911974434,0.401261737630264,0.393242826841875,0.387596225829197,0.383496939859731,0.379633510239014,0.375986709933292,0.372605901754931,0.369540448516294,0.366839713029748,0.364553058107654,0.36272984656238,0.361419441206289,0.360671204851744,0.359909589955492,0.355252917833145,0.350501435098292
"BRA","Brazil",0.240063453945264,0.233733272416958,0.226206664627205,0.217715828778749,0.209555492206976,0.203072465716983,0.198250745439027,0.193960141455347,0.190085555401185,0.186556061966252,0.183300735840261,0.180248651712922,0.177328884273947,0.174470508213046,0.171602598219934,0.168650934242095,0.165648405953829,0.162688085933204,0.159776676271028,0.156916896389212,0.154111465709667,0.151363103654306,0.148674529645041,0.146048463103784,0.143487623452445,0.140994730112938,0.138572502507174,0.136272877936328,0.133403009538526,0.130388049009958
"BRN","Brunei Darussalam",0.33595000463389,0.330358673752659,0.324981432222875,0.319802152450912,0.314804706843147,0.309972967805955,0.305306428697813,0.300520646637608,0.295398689678774,0.290121709413822,0.284893278907522,0.279916971224643,0.275396359429954,0.271535016588226,0.268536515764227,0.266604430022728,0.265942268307186,0.266380719308233,0.267411960028108,0.268687682942896,0.269859717023132,0.27057989123935,0.27094574673837,0.271273187602486,0.271541587205442,0.271730318920987,0.271817349504994,0.271703891417824,0.271244401998754,0.270399927599721
"BGR","Bulgaria",0.346502929611245,0.34796089547924,0.348378314230286,0.346159724117178,0.344192785158963,0.341875161851328,0.331818613546337,0.328703253867706,0.3255262196761,0.32403439349595,0.322228701946586,0.317698323676723,0.315792777080594,0.313447868278698,0.309142924077376,0.306846340187,0.295048273456533,0.29334281482585,0.29124443548539,0.289938785046453,0.289738746212028,0.288963739552773,0.28664282883619,0.284383310481691,0.283133519785265,0.287358826504846,0.287113481990241,0.285679157576172,0.282960789375284,0.280616024435646
"BFA","Burkina Faso",0.916771294949907,0.912197553405084,0.906865500333905,0.900090171283646,0.892115273422689,0.883315120427716,0.874064025975406,0.864736303742445,0.85570626740551,0.847348230641284,0.84003650712645,0.834274975110787,0.829736166016617,0.825543646915961,0.821430205590427,0.817446007157344,0.813641216734041,0.810065999437849,0.806770520386096,0.803804944696112,0.801219437485228,0.799064163870772,0.797389288970073,0.796244977900462,0.795862509171628,0.793286752108097,0.788400561490488,0.783362345351415,0.777888882851312,0.771985687961543
"BDI","Burundi",1,0.9981902671349,0.996367048214289,0.994505569018104,0.992581055326289,0.990568732918781,0.988443827575523,0.986181565076455,0.983757171201515,0.981145871730645,0.978322892443786,0.975263459120877,0.971942797541859,0.968349806581244,0.964131908176394,0.958893184140722,0.952673805938919,0.945534063654799,0.937534247372175,0.928734647174863,0.919195553146677,0.90897725537143,0.898140043932935,0.886744208915008,0.874850040401463,0.862517828476111,0.84980786322277,0.836780434725251,0.82349583306737,0.809741835847021
"KHM","Cambodia",0.888745393702082,0.884574584653031,0.881329948655233,0.879316426451863,0.877812307547093,0.87659466511436,0.875577122616276,0.874661919546318,0.873751295397963,0.87274748966469,0.871552741839976,0.870069291417298,0.868199377890136,0.865464531195588,0.859641931259247,0.849674946023926,0.836110036049282,0.8193202346945,0.799678575318762,0.777558091281252,0.753331815941154,0.727372782657652,0.700054024789928,0.671748575697167,0.650822638109547,0.648133536338559,0.645154728843432,0.642295464637379,0.639554347076039,0.636929979516548
"CMR","Cameroon",0.610077167897435,0.603490175817702,0.597084603474192,0.590870691150433,0.584858679129954,0.579058807696284,0.573481317132954,0.568136447723491,0.563034439751425,0.558185533500286,0.553864804514926,0.547179242784062,0.541811620675847,0.537684478306905,0.533530933975612,0.5294472602026,0.52543487282051,0.521495187661455,0.517629620556944,0.513839587337796,0.510126503834043,0.506491785874807,0.502936849288163,0.499463109900963,0.496071983538644,0.492764886024979,0.489543233181785,0.486408440828558,0.48336192478204,0.480405100855665
"CAN","Canada",0.240912859162457,0.238146399889375,0.236014838439119,0.234086160872082,0.232205891381654,0.230209066959102,0.227923458378187,0.225149115472877,0.221999790675901,0.218758164800603,0.215701501669674,0.21308381293863,0.210676279739566,0.208302812880002,0.206188347834114,0.204541223782434,0.203560380900863,0.203041099467021,0.202695402571836,0.202396547738085,0.202015386305268,0.20141500865379,0.20034216966354,0.198746383184531,0.196739169831189,0.194427226258859,0.191982597733039,0.19012803925649,0.188243266124993,0.186355978438925
"CPV","Cape Verde",0.542966734048314,0.533263679253064,0.523893192913478,0.514700690167637,0.505531586153618,0.496239776336564,0.487158802312226,0.478604359018258,0.470424326227845,0.462474353809819,0.45461009163301,0.446687189566254,0.438561297478379,0.430088065238219,0.421123142714604,0.411525063206066,0.401350019894017,0.390749627101653,0.379734260231102,0.368316927043547,0.356510635300163,0.344328392762133,0.331783207190634,0.318888086346845,0.305656037991947,0.292100069887117,0.278344630212083,0.268941108418798,0.2595403707721,0.250214650484042
"CAF","Central African Republic",0.673519707393206,0.673051441057035,0.672589517337244,0.672118844772704,0.67162433190229,0.671090887264875,0.67050341939933,0.669846836844528,0.669099873371133,0.668277183051097,0.667392117948684,0.666427117495878,0.665350973722753,0.664132478659386,0.662740424335853,0.66114807383932,0.659224478512331,0.65677808743698,0.653825144354317,0.65039575743559,0.646520034852046,0.642228084774934,0.637550015375501,0.632515934824994,0.627155951294661,0.621500172955749,0.615578707979507,0.611049884008419,0.60649139332248,0.601902590980065
"TCD","Chad",0.845725626336834,0.845326101881553,0.844949762298277,0.844597682540024,0.844270937559814,0.843970602310664,0.84369775174559,0.843453460817613,0.84323880447975,0.843054857685018,0.842902695386435,0.842783392537021,0.842698024089792,0.842647664997767,0.8426168559875,0.841875749687587,0.840705504464269,0.839086265291106,0.837024442036637,0.834526821632322,0.831600294202588,0.828251787524996,0.824488245789031,0.820316621269817,0.815743870601667,0.81077695293774,0.805422828969075,0.799688460368774,0.793580809460917,0.78710683901491
"CHL","Chile",0.167865848451042,0.163577092717171,0.159197223796352,0.154964177775924,0.151115890743222,0.147890298785581,0.145525337990339,0.144224307094952,0.143493028988183,0.142907257725734,0.142442448865885,0.14205801242612,0.141713358423924,0.141367896876784,0.140981037802184,0.140512191217609,0.139920767140545,0.139149716911782,0.138069445999519,0.136662681114545,0.135025720093365,0.133245110531224,0.131420297382805,0.129674990672931,0.127894142361827,0.126084626103724,0.124245791833081,0.122376989484375,0.120477568992103,0.118546880290775
"CHN","China",0.764389910422341,0.74888353116023,0.733478342454769,0.717964114503796,0.702564863680746,0.6847657895523,0.671540558132596,0.656135924177394,0.640619148484488,0.627371712280309,0.614122098167703,0.599547206230724,0.582890891318952,0.571038672564491,0.556472533353835,0.546860281485633,0.518895682107299,0.50521196564324,0.490241968243444,0.476666284255907,0.459651313028017,0.443383816409451,0.428299047344793,0.414726856229262,0.401695567163348,0.392932312672694,0.380030966906042,0.374681941623153,0.371315541195646,0.367388506871554
"COL","Colombia",0.303520090204627,0.298038028978492,0.292457879938509,0.286898091023378,0.281477110171797,0.276313385322464,0.271525364414078,0.267231495385334,0.263550226174935,0.260600004721577,0.258479156558094,0.256788136355978,0.255145543623938,0.253580643984596,0.25210767307416,0.250740866528834,0.249494459984825,0.248382689078337,0.247419789445577,0.246619996722753,0.245997546546067,0.245566674551727,0.245341616375939,0.24473877827784,0.24280979087125,0.240884796606422,0.238776641030088,0.236487484770739,0.234019488916768,0.231374814835677
"COM","Comoros",0.771860832904409,0.772515267186382,0.773217140465361,0.773926586075007,0.774603737348981,0.775208727620946,0.775701690224563,0.776042758493494,0.776190770955689,0.776031950628372,0.775415079649138,0.77436558489124,0.772911226749598,0.771079765619136,0.768898961894771,0.766396575971428,0.763600368244025,0.760538099107484,0.757237528956727,0.753726418186675,0.750032527192246,0.746183616368364,0.742207020791307,0.738892328392234,0.735430215061687,0.731821008394232,0.728065425022726,0.724164181183697,0.720117993113563,0.715927577048654
"COG","Congo",0.469593703235595,0.465042429071468,0.459997455670269,0.45450065473713,0.448713017871129,0.442793348246814,0.436900449038737,0.431193123421447,0.425830174569493,0.420970405657426,0.416772619859795,0.413395620351152,0.4109559681629,0.408960688336197,0.40700286697202,0.405117114267773,0.403313164796667,0.401600753131914,0.399989613846724,0.39848948151431,0.39711009070788,0.395861176000648,0.394752471965824,0.39379371317662,0.392994634206245,0.392364969627913,0.391914454014833,0.391652821940218,0.391432256918433,0.389019984023772
"COD","Congo, the Democratic Republic o",0.727594394056723,0.722530489631458,0.717359158004087,0.712086298796173,0.706717811629277,0.701259596124959,0.695717551904777,0.690097578590296,0.684405575803074,0.678647443164672,0.674318384925782,0.670002953621287,0.665701636310698,0.661414920053533,0.657143291909302,0.65288723893752,0.648647248197702,0.64442380674936,0.640217401652008,0.63602851996516,0.631857648748331,0.627705275061032,0.62357188596278,0.619457968513085,0.615364009771463,0.611290496797428,0.607237916650494,0.603206756390174,0.59919750307598,0.595210643767428
"CRI","Costa Rica",0.499882060934632,0.488212891140423,0.47643119414871,0.464612183975034,0.452831074634933,0.441161364108081,0.429349428367556,0.417112194341946,0.404475966679339,0.391465374988655,0.378105048878815,0.364419617958742,0.350433711837355,0.336171960123577,0.321658992426331,0.306919438354535,0.292543813620919,0.286653117201432,0.280688823582021,0.274833941434775,0.269091040857579,0.263462691949514,0.257951464811033,0.252559929544165,0.247290656252774,0.242146215042844,0.237129176022846,0.232242109304164,0.227487585001625,0.222868173234139
"CIV","Cote d'Ivoire",0.632412302240168,0.62868838193565,0.624896788477044,0.621046367600007,0.617130845026287,0.613109420049898,0.608983583971514,0.604760703011657,0.600448143390849,0.596053271329609,0.59158345304846,0.587046054767921,0.582448442708517,0.577797983090764,0.573102042135188,0.568367986062307,0.563603181092644,0.558814993446719,0.554010789345053,0.549194749052106,0.544323837677762,0.539363231174387,0.534324651674192,0.529217379277254,0.524050694083652,0.518833876193462,0.51363543555897,0.507916389833364,0.50190265573795,0.495807849837917
"HRV","Croatia",0.483058697210738,0.481348900760996,0.479896090615404,0.478732644608146,0.477890940573402,0.477403356345355,0.477300471448239,0.477481832398124,0.477868024148165,0.478402412115924,0.479031142625513,0.479700362001043,0.480356216566628,0.480944852646378,0.481412416564406,0.481705054644824,0.481760193183993,0.481470318792059,0.480806115699861,0.479801765700897,0.478486741305418,0.47689051502368,0.475042559365933,0.472972346842433,0.470709349963433,0.468283041239186,0.465699183532454,0.463227970549924,0.460584489091622,0.457646461607944
"CUB","Cuba",0.273794073152058,0.271630793694483,0.268575968930483,0.26596502655955,0.265192978568347,0.262460073325481,0.259743522942126,0.260132145569597,0.260000996819121,0.259419107419745,0.258496466881214,0.257324225658421,0.255993534206254,0.254595542979605,0.253221402433363,0.251962263022421,0.250909275201668,0.250154919746764,0.249737882885809,0.249437989004619,0.249157490836216,0.248712622220463,0.248187540826403,0.247591780139983,0.246975719703314,0.246596434896054,0.246696207757595,0.246622569797183,0.246403020341686,0.245966685657231
"CYP","Cyprus",0.342887460207488,0.341101775206093,0.339509451974354,0.338159843563973,0.337102303026653,0.336386183414092,0.336066140520778,0.336239011098669,0.337038970718519,0.338345455130802,0.340033959297021,0.341979978178683,0.344059006737293,0.346146539934355,0.348118072731372,0.349849100089853,0.351194781269343,0.352239255889467,0.353217322071114,0.354156413726378,0.35504843751478,0.35588530009584,0.356658908129081,0.357361168274024,0.357983987190189,0.358519271537097,0.359017030441977,0.359042383835092,0.358994288074577,0.358902959719868
"CZE","Czech Republic",0.272436151015186,0.274080400585367,0.275737662830584,0.27733273639177,0.278790419909858,0.280035512025784,0.281012014549219,0.281843287567392,0.282609100679255,0.283317374890565,0.283981050879727,0.284613069325146,0.285226370905228,0.285833896298379,0.286448586183005,0.287083381237511,0.287748305813181,0.288425982469327,0.289101454982068,0.289776079977896,0.290449856420542,0.291122783273738,0.291794859501218,0.292466084066711,0.293136455933951,0.293805974066668,0.294284589884995,0.294115419230076,0.293700959522944,0.293059372483031
"DNK","Denmark",0.161569591295475,0.161160424746272,0.160821640752595,0.160590814915567,0.160505522836308,0.160505522836308,0.159554237853396,0.158351037197667,0.157058427999706,0.153901860761257,0.15074622564062,0.148116109897717,0.146230788287501,0.144528879724329,0.142604668597978,0.141489998893721,0.138349655972231,0.137521767553795,0.134182038068315,0.132687439908344,0.132224159781954,0.132497867015763,0.129091730848075,0.128124584440078,0.127007801669019,0.126686796405373,0.126447692920363,0.12508631481752,0.123313056886748,0.121768145864701
"DJI","Djibouti",0.264953805835658,0.268656139551588,0.272844020168124,0.277394686555024,0.282185377582047,0.287093332118952,0.291995789035496,0.29676998720144,0.301293165486539,0.305442562760555,0.309095417893244,0.312128969754364,0.314420457213676,0.315847119140935,0.316289294607736,0.316178014493709,0.315865645274283,0.315338046572078,0.314580740710188,0.313579250011702,0.312319096799714,0.310785803397317,0.308964892127602,0.306841885313662,0.304402305278588,0.301631674345474,0.298515514837411,0.295039349077492,0.292563570546392,0.291869422942066
"DMA","Dominica",0.378180760932596,0.377562618180352,0.376966237328079,0.376310045598784,0.375512470215473,0.374491938401153,0.373163379786653,0.371414858167819,0.369222813193733,0.366627869282682,0.363668071188518,0.360381463665091,0.356806091466254,0.352979999345858,0.348941232057755,0.344727834355795,0.340424460155426,0.336581023556547,0.332648155402932,0.32865080871148,0.324588289006653,0.320459901812908,0.316264952654703,0.312002747056493,0.307672590542732,0.303273788637876,0.298805646866373,0.294267470752676,0.289658565821233,0.284978237596492
"DOM","Dominican Republic",0.46178500695824,0.454276377588447,0.445888955001307,0.436751841785466,0.426994140529568,0.41674495382226,0.406133384252184,0.395431682595391,0.383207466002145,0.367423942791468,0.349278100228751,0.330341298001795,0.312184895798405,0.296380253306381,0.284498730213524,0.278307097473746,0.277447890678462,0.277492820943646,0.277651516743299,0.277996039258769,0.278598449671405,0.279530809162552,0.28086517891356,0.282673620105775,0.285028193920547,0.288000961539223,0.29166398414315,0.297093370246477,0.297766808069104,0.297180927499231
"ECU","Ecuador",0.450078239463331,0.443866294724601,0.438018567891413,0.432618205211836,0.427748352933941,0.423492157305796,0.419982000015848,0.417022101766347,0.41427820968184,0.411680925318612,0.409268892872619,0.407080756539823,0.405155160516183,0.403530748997659,0.402246166180211,0.401365823142555,0.400780037360088,0.400284862499388,0.39982321655651,0.399397558569373,0.399010347575897,0.398664042613998,0.398361102721597,0.39810398693661,0.397895154296956,0.397737063840555,0.397632174605325,0.397599246541813,0.397162010559646,0.396010245836064
"EGY","Egypt",0.617225530597975,0.617895606882598,0.617937603120043,0.617720464108976,0.61735331218202,0.616880401135857,0.616345984767169,0.61579431687264,0.615269651248949,0.614816241692779,0.614478342000812,0.614305211206021,0.614305561663434,0.614435557360685,0.614678489980806,0.615029980994386,0.615485651872017,0.616041124084291,0.616692019101798,0.617433958395131,0.618262563434881,0.619173455691638,0.619954124936414,0.61985591628917,0.619602931729793,0.61920489175672,0.618661405040914,0.617972991121463,0.617140316525432,0.616164088753257
"SLV","El Salvador",0.512797480960785,0.504389182853518,0.495643335554781,0.486612091437009,0.477347602872637,0.4679020222341,0.458327501893834,0.448676194224272,0.439000251597852,0.429351826387006,0.419783070964171,0.410346137701781,0.401073229702874,0.391706144120921,0.382090308738767,0.372364235152803,0.362651811182112,0.353076924645776,0.343763463362876,0.334835315152498,0.326416367833724,0.318867161927829,0.311470409611853,0.30423095981399,0.297151771202293,0.290234651851683,0.283482313874542,0.278498575022674,0.273526508856536,0.268577520903463
"GNQ","Equatorial Guinea",0.659212785524515,0.659183920151042,0.659163886724066,0.659146106646223,0.659124001320153,0.659090992148495,0.658569857427627,0.654981875320496,0.647452255584684,0.636308450037256,0.621754599780427,0.603994845916412,0.583233329547427,0.559674191775684,0.5335215737034,0.50497961643279,0.474252461066068,0.441544248705449,0.407059120453148,0.37100121741138,0.33446255254605,0.331209361903192,0.327995674761905,0.324892635236163,0.321899265839659,0.319014589086419,0.316237627490848,0.313567403567799,0.311002939832656,0.308543258801432
"ERI","Eritrea",0.78374597181207,0.762963412052176,0.744076563126186,0.728196838407042,0.716435651267681,0.709904415081045,0.707459569047159,0.705124604657328,0.702937327114441,0.700919310039712,0.69909085318339,0.697471639906544,0.696075806067647,0.694916542395099,0.69400638213551,0.693355187515721,0.692967684186093,0.69284058473768,0.692960082052903,0.693300616527201,0.693825369180366,0.694531792270464,0.695422803372937,0.696474281124636,0.69765783053078,0.698940741872347,0.700330617282528,0.701840729674944,0.703462203045441,0.705184147851881
"EST","Estonia",0.334378296383492,0.339888463285219,0.34470559729141,0.348456631936018,0.350768500753004,0.351329004841749,0.351252343939458,0.351075233528856,0.350804970928387,0.350447599288133,0.350009161758178,0.349495701488605,0.348913261629498,0.348267885330939,0.347565615743012,0.346812496015801,0.346028805358066,0.345108821204434,0.343715046350356,0.341835381972444,0.339542817318004,0.336910341634337,0.334010944168751,0.330917614168548,0.327703340881032,0.324441113553509,0.321250937144957,0.317895338361676,0.315872590030358,0.315645215108937
"ETH","Ethiopia",0.927672728795453,0.925300811874426,0.923096840457981,0.920875640964021,0.918723590062631,0.916504650662323,0.914366828077782,0.91204578381021,0.909776947705979,0.907463762400421,0.90504673606475,0.902548880561594,0.903841698969537,0.896313693104428,0.892463397560477,0.888771945507582,0.884786167622402,0.881098352265657,0.876688457533702,0.87226354345212,0.86768235416772,0.863106383645024,0.858451474214987,0.853331190955891,0.848323624731065,0.844258907938545,0.839080684096758,0.832293561223696,0.828826228275764,0.822754630506323
"FJI","Fiji",0.585387632951423,0.578514077870721,0.573013791373708,0.568097256362749,0.563609055850039,0.559453381673048,0.555534425669246,0.551756379676103,0.548023435531089,0.544239785071676,0.540309620135331,0.536137132559527,0.531613013347202,0.526781492971204,0.521774302227075,0.516617513866898,0.511317275515283,0.505879734796837,0.500311039336172,0.494617336757896,0.488804774686619,0.48287950074695,0.476767771561808,0.471467853956115,0.46632886853872,0.461192809004168,0.456074387678088,0.450974474187927,0.445893938161124,0.440833649225104
"FIN","Finland",0.379116820663105,0.37476611413913,0.369707762903508,0.364329033771637,0.359017193558916,0.35415950908074,0.35011486999187,0.346916341308639,0.344251403152082,0.341729584111766,0.339172340633429,0.336535579515764,0.333721780678132,0.330766653605512,0.328053219178302,0.325475221608705,0.322537148840865,0.3192213622166,0.315902716982689,0.312523428900266,0.309102441359765,0.305759345000316,0.302091788917113,0.297933264218044,0.293616046765444,0.289933872240826,0.286852192383416,0.283343281266817,0.280009344084812,0.27723589310719
"FRA","France",0.268236943381647,0.265434547109439,0.262569489857237,0.259697310322937,0.256719720403647,0.252991167221814,0.248757236137082,0.245019878347501,0.242706714540151,0.242481270038934,0.243059935377535,0.244025203683251,0.245112400617059,0.246077668922776,0.246677151344221,0.246722983746374,0.246486133010881,0.24596179972781,0.245130988162157,0.243963741148141,0.239561557311983,0.230525640698253,0.230020760048957,0.229755087338037,0.22956511774668,0.229319137978078,0.229054711482692,0.228809840693896,0.228581037398041,0.228370518981708
"GAB","Gabon",0.269419209866621,0.259156021887543,0.249059523729818,0.239164530943429,0.229505859078356,0.220118323684578,0.211036740312074,0.202295924510825,0.193930691830812,0.185975857822012,0.178466238034407,0.171436648017976,0.164921903322699,0.158956819498556,0.153576212095528,0.148814896663593,0.144707688752731,0.141289403912924,0.138441406181047,0.133320809468745,0.128347222243924,0.123399775127595,0.118483513171758,0.113603481429881,0.108764724957031,0.103972288810042,0.0992312180477134,0.0945330514885557,0.0900813318011284,0.087650985559887
"GMB","Gambia",0.650998906028797,0.636117096399798,0.620152482988607,0.603651357275151,0.587160010739361,0.571224734861164,0.556391821120487,0.543207560997261,0.532134916694535,0.522383997551507,0.513205980234668,0.504565448841266,0.49638632085688,0.488592513767088,0.481107945057468,0.473856532213599,0.466762192721057,0.459748844065421,0.452751502122931,0.445815570629353,0.43901110692062,0.432338846615011,0.425805891076898,0.419419341670652,0.413186299760645,0.407113866711249,0.401209143886834,0.395479232651774,0.389931234370439,0.384573236374215
"GEO","Georgia",0.498736926783188,0.502046402555214,0.505129920270393,0.5078597644397,0.510108219574108,0.511747570184593,0.512650100782131,0.512618311011238,0.511522748213938,0.509337618004916,0.506253454816568,0.502421104808056,0.497991414138541,0.49311522896718,0.487943395453135,0.482626759755567,0.477316168033636,0.472162466446502,0.467316501153326,0.462947849380624,0.459106287471839,0.455680484281894,0.452435046568036,0.449158844089295,0.445640746604693,0.441669623873261,0.437034345654022,0.430777795705587,0.422783269448186,0.419264506914683
"DEU","Germany",0.214942045685919,0.214858085860176,0.214766344996154,0.214665251467406,0.21455323364749,0.214428719909959,0.214290138628368,0.214135918176271,0.213964486927223,0.213774273254779,0.213563705532494,0.213331212133922,0.213075221432618,0.212794161802136,0.212486461616032,0.212150549247859,0.211774883062996,0.211205344598064,0.210345893413155,0.209241654337056,0.207930712947055,0.206451154820439,0.204841065534494,0.203138530666508,0.20138163579377,0.199608466493565,0.197857108343182,0.196196057187729,0.194939467214384,0.193671510460978
"GHA","Ghana",0.646756172773392,0.637558623607896,0.628573425369695,0.61990753296208,0.611667901288342,0.603916740107044,0.596336656780428,0.588716216412466,0.581107521331701,0.57354110761577,0.56604751134231,0.558657268588954,0.551400915433341,0.544308987953104,0.537412022225881,0.530748699800352,0.524277678088977,0.517928735490421,0.51169393023146,0.50557791173002,0.499585329404027,0.493720832671407,0.487989070950084,0.482394693657985,0.476942350213036,0.471636690033161,0.466486571553444,0.460504198251745,0.454505556215579,0.448494538539166
"GRC","Greece",0.300724982081928,0.299691084311486,0.298604320899902,0.297407074116157,0.296041726229233,0.294450659508108,0.292507062051853,0.289796343958534,0.286192434541803,0.28194289217329,0.277257236859399,0.272344988606536,0.267415667421102,0.2626787933095,0.258343886278133,0.254620466333404,0.25168921249763,0.249182323830717,0.246734666348242,0.244387960985549,0.242164647283754,0.240087164783971,0.238177953027316,0.236459451554904,0.234954099907849,0.233684337627267,0.232803112638393,0.23106093596079,0.228643536825108,0.226250439949695
"GRD","Grenada",0.705656131422989,0.701930230719539,0.698323187484762,0.695095226890383,0.692506574108129,0.690817454309728,0.690281427397116,0.690282282719583,0.690287447661548,0.690300834081657,0.690326361571889,0.69036794972422,0.69042951813063,0.690514986383094,0.690628274073593,0.690773300794104,0.690926554886989,0.6908709007544,0.69072064298528,0.69048108935421,0.69015268133727,0.689736311665368,0.689232946754554,0.688643573758143,0.687969187514943,0.687210786247377,0.686369369856573,0.68544593915337,0.684441495476345,0.683357040487298
"GTM","Guatemala",0.692052017316165,0.679903790567792,0.664432857576153,0.646969995318687,0.628845980772829,0.611391590916017,0.595937602725688,0.58411645196483,0.575379504080717,0.567405067916598,0.559552409581964,0.551884334834278,0.544463649431007,0.537353159129617,0.530615669687573,0.524313986862339,0.518510916411382,0.513269264092168,0.50865183566216,0.504721436878825,0.501540873499629,0.499172951282037,0.497680475983514,0.497179677371858,0.493492742836485,0.48961378725727,0.4857746855201,0.481967627770775,0.4781961885753,0.474463942498827
"GIN","Guinea",0.759449317821515,0.756513601214138,0.75348359942833,0.750391832358565,0.74726390753337,0.74410879995485,0.740935484625107,0.737752936546244,0.734570130720363,0.73139604214957,0.728239645835965,0.725109916781653,0.722015829988736,0.718966360459318,0.715970483195501,0.713037173199389,0.710175405473083,0.707394155018688,0.704702396838307,0.702154583221035,0.699789797418134,0.696852127690481,0.693914499055441,0.6909768704204,0.688039118507524,0.684246599053257,0.680260923759198,0.67607831288699,0.671694986698274,0.667107165454695
"GNB","Guinea-Bissau",0.700933469529961,0.696241664615372,0.691881031537857,0.68780875466671,0.683982018371233,0.680358007020721,0.676893904984475,0.673546896631792,0.67027416633197,0.667032898454307,0.663780277368103,0.660473487442654,0.657069713047258,0.653526138551215,0.649868014949863,0.646227920166803,0.641600686610839,0.636974151629278,0.632352506668523,0.627725190927335,0.623097299889583,0.618472860631223,0.61384653111272,0.609221722020855,0.604593461149595,0.599969227354296,0.595341706150049,0.590717184706467,0.586088718372148,0.580478349832823
"GUY","Guyana",0.760877558259595,0.761940075134679,0.763151855042081,0.764484523379744,0.76590970554561,0.767399026937619,0.768924112953713,0.770429902794533,0.772275505332416,0.77487658034781,0.778011607794903,0.781409119800276,0.784797648490514,0.787905725992201,0.790461884431922,0.792194655936259,0.792832572631798,0.792832572631798,0.792828376685683,0.792813014841024,0.792785258934664,0.79274542923976,0.792693547630721,0.792629643761411,0.792553747003588,0.792465886310263,0.792366090378819,0.792254387757967,0.792130806907743,0.791995376233297
"HTI","Haiti",0.755879120356805,0.741976320177291,0.727423780680642,0.71227091304697,0.696567128456387,0.68036183808901,0.663704453124951,0.646644384744324,0.633396089890884,0.62618072852061,0.61854753313198,0.610948111169198,0.60338633366199,0.595866071640111,0.588391196133343,0.580965578171496,0.573593088784402,0.56627759900192,0.559022979853933,0.551833102370346,0.544711837581084,0.537663056516093,0.530690630205338,0.523798429678797,0.51699032596646,0.510270190098329,0.503641893104402,0.497109306014678,0.49067629985914,0.484346745667748
"HND","Honduras",0.61551032241919,0.610421970359895,0.605260401932094,0.599990673490356,0.59457784138925,0.588986961983345,0.583181101691309,0.577179750707561,0.571031360017398,0.564742635722777,0.558317990165722,0.551761835688255,0.545078584632403,0.538272649340189,0.531348442153638,0.524310375414772,0.517162861465619,0.5099103126482,0.502453556208892,0.49684739209807,0.491396253862088,0.485967138058545,0.480571451637768,0.475212016177071,0.469891653253474,0.464613184443675,0.459379431324015,0.454193215470447,0.449057358458503,0.443974681863236
"HUN","Hungary",0.402595850503518,0.399070229544254,0.395544248003464,0.392021016522314,0.388503645741973,0.384995246303609,0.380830227044584,0.376595460185979,0.378692827094166,0.37678358216297,0.364895407373152,0.35531408962667,0.35543712090651,0.343657385251196,0.339762590676761,0.328222470309207,0.328788598948861,0.32771957563813,0.323943592460448,0.31985725450104,0.317943400013722,0.318066102552669,0.318272140908423,0.318089854082312,0.318247649711768,0.320022850543148,0.320947160334867,0.321457989132279,0.320016711465445,0.317867410731638
"ISL","Iceland",0.0900555272498297,0.0878992335362679,0.0859738803012326,0.0896675351775584,0.0882011777700266,0.0865284193616866,0.0856902224123085,0.084374165550194,0.0826920498342492,0.0814621531682668,0.0821115899285511,0.0840779451623467,0.0822837708073683,0.0747089122108595,0.0706209787468733,0.0704626195393027,0.0709772463679756,0.0698587550873604,0.0687623631109229,0.0687300560917288,0.0675639874981963,0.0669785739236693,0.0670902435126186,0.0662201908666091,0.0648799371508215,0.0631604217768367,0.062362091594048,0.0627080242384538,0.0629975906532863,0.0626735869865366
"IND","India",0.79104247738999,0.788902188591995,0.786695805274441,0.78439524052095,0.781972407415142,0.77939921904064,0.776643431507309,0.773704536028623,0.770576931345879,0.767274417949531,0.76380638955138,0.760182239863227,0.756411362596877,0.75250315146413,0.748467000176788,0.744312302446655,0.740321950229493,0.736926092410008,0.733481306393844,0.730043424761454,0.726612747090282,0.723189572957766,0.719774201941353,0.716366933618482,0.712968067566599,0.709577903363147,0.706196740585571,0.702824878811317,0.699462617617828,0.696110256582552
"IDN","Indonesia",0.68616265013228,0.672864198015637,0.65983241810751,0.647327174782697,0.635608332416004,0.624935685956915,0.615071217265482,0.605586124065483,0.596453799726927,0.587647568254857,0.579140753654312,0.570906679930336,0.562918671087968,0.555150051132251,0.547574144068225,0.540201883423718,0.533406099736304,0.52611988654617,0.518887915603661,0.511676326596624,0.504438890336741,0.497539522994446,0.490628690813447,0.48371744770633,0.476796095816702,0.470975629604986,0.464537727011863,0.457888057388339,0.451161207874769,0.444342113133332
"IRN","Iran, Islamic Republic of",0.426326971810098,0.419445195856518,0.408114027669309,0.399591502159431,0.390925193600734,0.382649305947105,0.374690242330743,0.367038798006597,0.359737791476202,0.352716379076749,0.34610071512658,0.341368442709718,0.336025388001926,0.329854895289522,0.323272343252462,0.316602360899695,0.310195193650852,0.304170178243771,0.298356173848124,0.292654246035641,0.287012495592962,0.281373585419185,0.275755094774169,0.27142204322635,0.26710822302087,0.2628558773627,0.258611668041674,0.254932071207295,0.251250830668443,0.247543373043238
"IRQ","Iraq",0.346370138385557,0.348955698388942,0.350208632955342,0.350185017875007,0.349619450310594,0.348661141430389,0.347381943440459,0.345853708546867,0.344148288955681,0.342337536872961,0.340493304504778,0.338687444057191,0.33699180773627,0.335478247748076,0.334215199177958,0.333309662795655,0.332588701693628,0.331543821753586,0.329149930558379,0.32675620373362,0.324021572601057,0.324109331100222,0.324302440842993,0.324495653197281,0.324583719530994,0.324583966086665,0.324584459198008,0.32458429482756,0.324584377012783,0.324391868351453
"IRL","Ireland",0.453086637448247,0.450553863354908,0.448060049200182,0.445529155291612,0.442952002713752,0.440315081141944,0.437604880251532,0.434800519023557,0.431835063839083,0.428738483648977,0.425627222127429,0.422588724244369,0.419466620747714,0.416256591938108,0.413198241550509,0.410516327446063,0.408402775348549,0.406618274384302,0.404983230379844,0.403575457535484,0.402457190694949,0.4015552621772,0.399610024420557,0.397661006104236,0.39562236461359,0.393493396340266,0.391273397679999,0.388961665031888,0.386557494797821,0.384060183382011
"ISR","Israel",0.0985527652742694,0.0976721598835405,0.0967524188549254,0.095808772877643,0.0948595367415655,0.0939230252365642,0.0930175531525136,0.0921614352792852,0.0913729864067501,0.0906705213247817,0.0900723548232522,0.0895968016920344,0.0892621767209992,0.0890936238948656,0.0890646793793155,0.0890682469985487,0.08908160669071,0.0891112537320255,0.0891636833987261,0.0892453909670386,0.0893628717131913,0.0895226209134142,0.0897311338439337,0.0899949057809785,0.0903204320007784,0.0907142077795598,0.0911827283935526,0.0915852668061004,0.0914670577094785,0.0911737111201831
"ITA","Italy",0.357457504996064,0.356781201979089,0.356011222952558,0.355173695219565,0.354294746083205,0.35340050284657,0.352517502332138,0.351669948871516,0.350850586525314,0.350017805183174,0.349129456134107,0.348143390667127,0.347017460071245,0.345709515635473,0.344177408648823,0.342378990400308,0.34038470187851,0.33651348104662,0.330626272990777,0.327681536959105,0.327366593389854,0.327507465063663,0.328356795856874,0.328766947416054,0.328497667530682,0.328349569757619,0.328753510131983,0.328724132090486,0.328140537993781,0.327423116061515
"JAM","Jamaica",0.532501563008663,0.529988452205299,0.527478450545477,0.524986651866304,0.522528150004885,0.52011803879833,0.517773629644332,0.515484200076209,0.513224552812698,0.510991733205223,0.508786040714748,0.506607774802242,0.504457234928666,0.502334720554986,0.500240531142166,0.498174966151172,0.495988017644651,0.492850127871492,0.489608368625627,0.486191219805144,0.482598856286182,0.478831452984481,0.474889184846484,0.470772226842737,0.46648075396292,0.462014941212061,0.457374963607607,0.452560996177145,0.447573213956612,0.442411791988859
"JPN","Japan",0.236782421848962,0.235507847351618,0.234490032357246,0.233469374720585,0.232158375649683,0.230388092230236,0.224516522059241,0.209551399414843,0.189367651354296,0.168357843069683,0.151269846685078,0.138464654394901,0.126356177663279,0.11534683641142,0.106503311658023,0.101012269496082,0.0984236414355265,0.0966638731831087,0.0953159303519104,0.0942038647428502,0.0931442063433088,0.0920577125248493,0.0910266371802375,0.0900798712953682,0.0892322198610635,0.088536640304465,0.0875336176836398,0.0864181764274067,0.0852866972087026,0.0841288878911415
"JOR","Jordan",0.234304342399541,0.234180875458327,0.234090935320231,0.234024275616165,0.233970649977038,0.23391981203376,0.233861515417242,0.233785513758392,0.233681560688123,0.23355667874894,0.232548497411421,0.22884840013597,0.222598224137905,0.214052980503124,0.203467680317525,0.191097334667007,0.177196954637468,0.162021551314805,0.145826135784919,0.128865719133707,0.108926801296632,0.10166000871699,0.0982804195927529,0.0947856552271607,0.0913915499616433,0.0880984314839535,0.0849066274805673,0.0818164656364459,0.0788282736347376,0.0759423791564131
"KAZ","Kazakhstan",0.465865030761011,0.467262263868389,0.468711299507184,0.470174742536311,0.471711095266164,0.473717882330205,0.47633109566875,0.479312626425384,0.48246955862842,0.485608976306178,0.488537963486973,0.491063604199122,0.492992982470941,0.494133182330746,0.494263085803357,0.493307611876042,0.491215698445089,0.488065123086021,0.483908196860142,0.478797230828758,0.47278453605317,0.465922423594687,0.458263204514611,0.449859189874248,0.440762690734901,0.431026018157877,0.419789179261495,0.415330540459087,0.411970324044649,0.408561578827259
"KEN","Kenya",0.877041292404263,0.87619738306585,0.875157940156685,0.873840777223708,0.872235909731048,0.867641241867019,0.857017215583679,0.8417527422032,0.823383662612823,0.803445817699786,0.783475048351329,0.765007195454692,0.749578099897113,0.738723602565834,0.734013131724424,0.733894421206472,0.733936797548236,0.73406155975233,0.734313279470249,0.734736528353486,0.73537587805354,0.736275900221903,0.737481166510073,0.739036248569545,0.741238594410431,0.741057699090817,0.740178862081898,0.738640070967583,0.736461374879671,0.7336525383148
"KIR","Kiribati",0.685828737608588,0.678089115196051,0.661379503144881,0.640590504592573,0.621580050535427,0.610486669765567,0.608868007519666,0.608643928409204,0.608513341511891,0.608371857315047,0.608150759237525,0.606096986811853,0.596550339765385,0.582278078366052,0.567144333606217,0.555194105549671,0.548058256981054,0.543132550721754,0.538946204562818,0.534397903297807,0.528330298041622,0.519530952492505,0.506578325877897,0.490129930705645,0.470909445863146,0.447989489032069,0.434803335613767,0.424704974127493,0.414465423404223,0.404365689731814
"PRK","Korea, Democratic People's Repub",0.440890802169884,0.440013125116395,0.439217841786486,0.438486215742925,0.437799510548481,0.437138989765925,0.436485916958022,0.435821555687544,0.435127169517257,0.434384022009931,0.433573376728334,0.432676497235237,0.431674647093407,0.430552582216311,0.429223594019914,0.427580125279637,0.425677589964037,0.423582497482479,0.421361357244326,0.419101478081677,0.41661674120659,0.413995028910071,0.411275349645043,0.408452990964102,0.405527151380187,0.402497029405037,0.399361823549347,0.396120732322918,0.392772954234771,0.389317687793255
"KOR","Korea, Republic of",0.232674413903147,0.228900082710788,0.226304119245074,0.224263496881275,0.222312627578316,0.219968371893528,0.21674953963671,0.21246373002124,0.207819152520172,0.20354697777814,0.200468843569986,0.198569418367939,0.197000302626022,0.195675781973869,0.194712520623948,0.19423851134318,0.194313558870609,0.194881802101365,0.195763521001,0.196790864702473,0.19778275017857,0.198682934872668,0.199597425764561,0.200552682650112,0.201546372778383,0.202775982747292,0.20293009939678,0.202921034477648,0.202898832910522,0.202859000884577
"KWT","Kuwait",0.0210098415710967,0.0199522306412114,0.0180399805180428,0.015640906991115,0.0131024830383156,0.0107721816375345,0.00824336930922665,0.00528884292299715,0.00252522098045643,0.000569121983217395,0,0,0,0,0,0,0,0,0,0,0,0,0,0,0,0,0,0,0,0
"KGZ","Kyrgyzstan",0.687467551588053,0.691240630514547,0.694233346389057,0.696123103200661,0.696656885937197,0.69672739973847,0.696787502166887,0.696832282667283,0.696866951231896,0.696896717852962,0.696926792522722,0.696962385233409,0.697008705977264,0.697070964746522,0.697158873284248,0.69730735831741,0.697534839262049,0.697833601133837,0.698198382745901,0.698623922911365,0.699104960443359,0.699636234155004,0.70021248285943,0.70082844536976,0.701478860499124,0.702158467060644,0.702862003867447,0.703420171647769,0.703354096964405,0.70318649677819
"LAO","Lao People's Democratic Republic",0.891085131794628,0.883708589897821,0.874181163964284,0.863103877984441,0.85096356235957,0.838247047490948,0.825441163779853,0.813032741627561,0.801508611435353,0.791355603604505,0.782895255422631,0.77518907479886,0.767687011063682,0.760479023160942,0.753599947441058,0.747084620254448,0.74096787795153,0.735284556882723,0.730069493398446,0.725357523849114,0.720400198973677,0.712830316446127,0.705453643973674,0.697983433764289,0.690418334358824,0.682756994298135,0.67499806212308,0.66714018637453,0.659182015593358,0.651122198320444
"LVA","Latvia",0.33186458838309,0.335558277671894,0.338859331823717,0.341535753720279,0.343355546243298,0.344149054160479,0.344533514311115,0.344910766693295,0.34525505660141,0.345564366520506,0.345836678935629,0.346069976331826,0.346262241194142,0.346411456007625,0.346515603257318,0.346572665428271,0.346576742423453,0.346507001236244,0.346354353080737,0.346125238972515,0.345824306979552,0.345456205169825,0.345025581611308,0.344537084371979,0.343995361519813,0.343405061122785,0.342761349381971,0.341941126769244,0.340846567295392,0.339496623038322
"LBN","Lebanon",0.160148572707231,0.157453640215647,0.155163805414243,0.153288180863614,0.151843054452932,0.150810542925483,0.149247242872056,0.147640455066102,0.145989612687278,0.144294148915235,0.142553496929631,0.140767089910118,0.138934361036351,0.137054743487984,0.135127670444672,0.13315257508607,0.131128890591831,0.12905605014161,0.126933486915062,0.12476063409184,0.1225369248516,0.120261792373995,0.11793466983868,0.115554990425309,0.113122187313536,0.110635693683018,0.108094942713407,0.105499367584358,0.102848401475524,0.100141477566562
"LSO","Lesotho",0.899810942316595,0.893118929897079,0.886950069820478,0.880943718921187,0.875004338546284,0.869019912697283,0.862878425375697,0.856467860583036,0.849676202320816,0.84239143459055,0.834501541393747,0.825870972145839,0.816328905072859,0.80579548479742,0.79435033846785,0.782055200070932,0.768971803593445,0.755161883022168,0.740687172343885,0.725609405545374,0.709990316613416,0.694721745700886,0.683727983131564,0.672517072720914,0.661367872296637,0.650285037121276,0.639273222457728,0.628337083569278,0.617481275719632,0.606710454172946
"LBR","Liberia",0.59755721070112,0.614402144317375,0.613763191173576,0.611973836826141,0.609225338901014,0.605708955024137,0.601615942821457,0.597137559918915,0.592465063942457,0.587789712518025,0.583302763271564,0.579195473829016,0.575121552291444,0.569761694856762,0.564198123672254,0.558637242211222,0.553061791829545,0.547471088948128,0.541864449987871,0.536241191369677,0.530600629514444,0.52494208084307,0.519264861776451,0.513568288735481,0.507851678141055,0.502114346414063,0.496355609975397,0.490574785245949,0.484771188646606,0.478944136598258
"LBY","Libyan Arab Jamahiriya",0.169230695137411,0.162444963077644,0.156149350250972,0.150380313863305,0.145174311120554,0.140567799228629,0.136597235393442,0.133299076820902,0.13070978071692,0.128865804287407,0.127803604738273,0.127543104302692,0.127585409641035,0.12767786801767,0.127816432304787,0.127998143834331,0.128220783605267,0.12848205043133,0.128779889681928,0.129113150763931,0.131249226912468,0.131248199990028,0.131241011532948,0.131221500006584,0.131183503876299,0.131120861607451,0.131027411665398,0.130896992515501,0.130723442623117,0.130500600453607
"LIE","Liechtenstein",0.900123491879415,0.902551623208158,0.906210080833106,0.910216439952978,0.91368827576649,0.915743163472361,0.916758327301926,0.917696507635571,0.918553553895587,0.919325315504268,0.920007641883908,0.920596382456798,0.921087386645233,0.921476503871505,0.921759583557909,0.921932475126736,0.92199102800028,0.921964585637696,0.921881412975671,0.9217357416528,0.921521803307675,0.921233829578889,0.920866052105034,0.920412702524706,0.919868012476494,0.919226213598995,0.918878771404483,0.918949963997966,0.91910003000805,0.919323996790432
"LTU","Lithuania",0.351744326883397,0.35261322649776,0.353478627614509,0.354308296724003,0.355070000316599,0.355731504882655,0.356251022777049,0.356680829896385,0.358070910769625,0.359766556304489,0.360022563276236,0.359379874827097,0.358514382236575,0.358145124026603,0.35783397076977,0.357945742673968,0.358155283206836,0.357058224443501,0.355382796473662,0.353850075708777,0.353023258701951,0.353441499305233,0.354390820823904,0.35390414733976,0.352834890169288,0.350898852855175,0.342650045232747,0.341622017781405,0.338510911106732,0.335784162252012
"LUX","Luxembourg",0.191864777821537,0.187245981899483,0.182369230424881,0.177400380397086,0.172505288815455,0.167849812679345,0.163550528461556,0.159391386478144,0.155220356229857,0.151026959041872,0.146786433858795,0.142474019625228,0.13806495528578,0.133534479785057,0.128857832067663,0.124010251078206,0.118964941811113,0.113748024679368,0.108353339100527,0.102790518795662,0.0970641652698674,0.0911788800282337,0.0851392645758557,0.0789499204178263,0.0726154490592399,0.0661404520051884,0.0583187133671996,0.0564404137898121,0.0559988627317162,0.05554276581901
"MKD","Macedonia",0.433819610943535,0.434566646696776,0.435569439879369,0.43797724360921,0.44224296148031,0.447133457926868,0.451415597383087,0.453803849413229,0.454045525977486,0.454017357153798,0.453924430743813,0.453727980754835,0.453389241194168,0.452869446069116,0.452129829386982,0.451131625155069,0.449836067380684,0.448204390071128,0.446197827233707,0.443777612875723,0.44090498100448,0.437541165627284,0.433647400751435,0.42918492038424,0.424114958533003,0.418398749205026,0.412744783441255,0.409848584403634,0.406630119437807,0.403261599657659
"MDG","Madagascar",0.824286729151062,0.820940329731562,0.817618723025431,0.814322690427403,0.811053013332208,0.807810473134582,0.804595851229255,0.801409929010963,0.798253487874437,0.79512730921441,0.792032174425614,0.788968864902785,0.785938162040652,0.78294084723395,0.779977701877412,0.77704950736577,0.774157045093758,0.771301096456108,0.768482442847552,0.765701865662825,0.762960146296658,0.760258066143785,0.757596406598938,0.75493482127756,0.750770460645774,0.746491209554132,0.742055603207139,0.737465910279873,0.732724399454276,0.727833339417911
"MWI","Malawi",0.930334735884937,0.926823401593468,0.923938706900393,0.921853762926675,0.920378501065795,0.919114203986929,0.918001002471292,0.917011598923884,0.916118695749706,0.91529499535376,0.914513200141044,0.913746012516561,0.91296613488531,0.912147374536804,0.91131007134483,0.910489601006042,0.909685797478748,0.908899450698875,0.908131350602353,0.907382287125105,0.906653050203062,0.905944429772147,0.90525721576829,0.904624668213625,0.903372660560875,0.901673106385449,0.899604358406291,0.897165422105884,0.894361730571143,0.891198707106815
"MYS","Malaysia",0.474802307439297,0.460707135671151,0.447036770533824,0.433900673400759,0.421408305645391,0.409671922904755,0.398375875870529,0.38719132760565,0.376217438789017,0.365556257756691,0.355309832844739,0.345580212389224,0.336469444726209,0.328079578191756,0.320512661121932,0.313874103321962,0.307820296830527,0.301965657859062,0.296361334282902,0.291061970521811,0.286122210995556,0.281596700123899,0.277540082326606,0.274007002023441,0.271052103634168,0.268753117726303,0.263822978221452,0.258810974159715,0.253755163780781,0.248653949183526
"MDV","Maldives",0.802014310966964,0.800356551229436,0.796861790476845,0.792036125709876,0.786357724258802,0.779864384485544,0.769673259285611,0.755257387188091,0.739064994327588,0.723306815384598,0.710193585039618,0.701615203083959,0.695515837795647,0.690135843806481,0.685414234526357,0.681183066321823,0.677274395559424,0.673520278605711,0.669752771827231,0.66578668646024,0.661658085352328,0.657576116205059,0.653571127228714,0.649645116745358,0.645800083077059,0.642038024545886,0.638360939473905,0.634867390646805,0.630068315600441,0.624805760394006
"MLI","Mali",0.887375688457937,0.884944083052628,0.882300176902175,0.87939356211389,0.876218700501643,0.87278767516927,0.869119058182772,0.865229190807538,0.861134414308958,0.856851069952424,0.852395499003326,0.847784042727053,0.843033042388999,0.838158839254553,0.833165819249902,0.827993549119449,0.82258568533619,0.816955610194866,0.811109053847476,0.805051746446019,0.798789418142494,0.7923277990889,0.785672619437237,0.778829609339503,0.771804498947698,0.764603018413821,0.757230897889871,0.749726923526583,0.743246181554825,0.7367357634963
"MLT","Malta",0.0786655086535654,0.0769854976577188,0.0756311439805087,0.0744382384719853,0.0733743269489518,0.0724069552282077,0.0715036691265569,0.0706320144607998,0.0697595370477391,0.0688537827041751,0.0678806979862387,0.066801664673924,0.0655829472040591,0.0643155632307674,0.063099406399645,0.0620343703562911,0.0612334793312658,0.0607268204638149,0.0604248639725662,0.0601894272969744,0.0599065837082722,0.0594624064776919,0.0585017726616258,0.0568314737990149,0.0545804548849225,0.0518776609144084,0.0483182505846385,0.0473942004387053,0.0471042973157888,0.046809153173762
"MHL","Marshall Islands",0.349667235659971,0.34874111090979,0.347617490458837,0.346201598180175,0.344386874796842,0.34174101592234,0.338062528011408,0.333527419398012,0.32830241705413,0.322554247951738,0.316449639062814,0.310155317359334,0.303838009813275,0.297664443396615,0.29180134508133,0.286415441839399,0.281634691170821,0.277162704691151,0.272761762967567,0.268452940332,0.264238849049101,0.260122101383522,0.256105309599912,0.252191085962921,0.248382042737201,0.244680792187399,0.241121112532394,0.237143151856497,0.233116550552372,0.229096661749314
"MRT","Mauritania",0.660856217126576,0.66273661583051,0.664420716796437,0.665807804709807,0.666797164256071,0.66727648060903,0.666721816012426,0.663673703027987,0.658323651747529,0.650978474512451,0.64194498366415,0.631529991544023,0.62004031049347,0.607782752853887,0.595064130966674,0.582191257173227,0.569470943814947,0.55721000323323,0.545552859001811,0.533551767492124,0.520640705825505,0.507169794007139,0.493397752409486,0.483342321039467,0.473333737584704,0.463379718999464,0.453492310115605,0.443683544165023,0.433965454379414,0.424350073990249
"MUS","Mauritius",0.611813811827576,0.614377747083707,0.617011349258179,0.619592325947719,0.621998384749048,0.624106561873743,0.626049881164301,0.628032376497333,0.630035748798595,0.632041017588326,0.634029202386767,0.635981322714161,0.637878398090746,0.639701448036765,0.641431492072457,0.643049549718063,0.644536335490676,0.645932853628581,0.647290862771215,0.648606444093737,0.649875365460475,0.651093394735757,0.652256299783909,0.653359848469262,0.654399808656142,0.655371948208878,0.656272034991797,0.65710294428315,0.657060097708303,0.656928412165932
"MEX","Mexico",0.287657845891796,0.284094829634835,0.280601238929769,0.277150497441095,0.273716028833307,0.270162961044043,0.266172467113967,0.261935557737222,0.258035004006145,0.255005118925713,0.253417054865559,0.253165167538295,0.253095287802353,0.253048857505986,0.252991224428344,0.252882951750158,0.252426899736747,0.251438663174495,0.249962261420648,0.248038781729787,0.245709311356493,0.243014937555351,0.239996747580943,0.236695828687849,0.233153268130652,0.229684881269046,0.226944005876055,0.224064790517756,0.221115255596223,0.218094875657736
"FSM","Micronesia, Federated States of",0.804802321020675,0.811719544075276,0.820510830246507,0.829011241368376,0.835055839274894,0.836675348609154,0.836675348609154,0.836675348609154,0.836675348609154,0.836675348609154,0.836675348609154,0.836702126978413,0.836774102258112,0.836878734706134,0.837003484580366,0.837102432607189,0.837090438579717,0.837060379180703,0.83701324531389,0.836948753165853,0.83686673056806,0.836767023213733,0.83664948173741,0.83651395857913,0.836360306964455,0.836188380504772,0.83599803301876,0.835789118444465,0.835561490792565,0.83531500411997
"MDA","Moldova, Republic of",0.584722717769445,0.591535502978598,0.59340217596393,0.638462402752196,0.640654940149399,0.641821682677302,0.649838029394565,0.650416572276625,0.650698631964278,0.652297668768711,0.653113028372792,0.654752171566378,0.65245484800899,0.65310583716572,0.653596359673225,0.65408154014119,0.653366035583875,0.653209801473668,0.652497419954854,0.650318237656498,0.64961206112207,0.649160494410588,0.646614683829418,0.642821219367637,0.638011657892951,0.631930074618833,0.626816633279608,0.620425047341789,0.614001614629796,0.608450824622783
"MCO","Monaco",0,0,0,0,0,0,0,0,0,0,0,0,0,0,0,0,0,0,0,0,0,0,0,0,0,0,0,0,0,0
"MNG","Mongolia",0.465446429590076,0.465981676400041,0.466440866626373,0.466785710228934,0.466977917167586,0.46610643176853,0.460881420827685,0.451020343196496,0.437838568786406,0.422452653109448,0.405979151677657,0.389534620003067,0.374235613597712,0.361198687973624,0.35154039864284,0.346543217988442,0.345575832465759,0.345223879719461,0.344950301295928,0.344772983458523,0.344709812502259,0.344950296162915,0.345506325583148,0.346128029540178,0.346565536614872,0.34374594799721,0.331618117195788,0.325494331809313,0.318356216392241,0.312860737040764
"MNE","Montenegro",0.508076654696721,0.494594394143451,0.480680466925721,0.466769079292555,0.453294437492978,0.440690747776019,0.429392216390705,0.419833049586063,0.412588973949673,0.407075376081732,0.402056942582495,0.397371684251198,0.39314607507437,0.389506589038544,0.386579700130251,0.384491882336023,0.383262465004086,0.382149597572938,0.381062706743371,0.380007942316672,0.378985113797794,0.377994030691886,0.377034502504323,0.376106338740736,0.375209348907055,0.374343342509557,0.373508129054919,0.372703518050291,0.371929319003375,0.371185341422529
"MAR","Morocco",0.519661784977081,0.514799529726474,0.510555948501467,0.506773976845619,0.503296550302484,0.499966604415618,0.496627074728576,0.493120896784916,0.489291006128191,0.484977007508895,0.480010785074303,0.47437715926664,0.468262597866499,0.461852796493099,0.455333450765658,0.448890256303394,0.442708908725525,0.436975103651272,0.431874536699852,0.427622770752269,0.423974622175445,0.420483862460237,0.417140823077985,0.413979440136454,0.411033649743413,0.408337388006628,0.405924591033865,0.403829194932892,0.402085135811475,0.400727177757955
"MOZ","Mozambique",0.779614118088186,0.773766453398797,0.769646727608787,0.766759034184875,0.764317358755619,0.762214045497623,0.760368339408085,0.758699485484213,0.757126728723207,0.755569314122271,0.753946486678607,0.752177491389419,0.750176742184722,0.74799297714055,0.745741338717175,0.743429426275225,0.741059061340715,0.738632065439655,0.736150260098057,0.733615466841935,0.731029507197301,0.728394202690166,0.725749441325571,0.721841134850684,0.717236369278277,0.711993801730085,0.706117304126483,0.699613730187133,0.692489930165378,0.684752752212533
"MMR","Myanmar",0.790167274620359,0.788267673830985,0.786355767718187,0.784437971829446,0.782520701712241,0.780610372914051,0.778713400982358,0.776836201464639,0.774985189908377,0.77316678186105,0.771387392870138,0.769653438483121,0.767971334247479,0.766347495710692,0.764788338420239,0.763300277923601,0.761889729768257,0.760563109501687,0.759326832671372,0.758184554969504,0.757104666300894,0.756068011443756,0.755074210769455,0.754121936120154,0.753209859338017,0.752336652265209,0.751500986743895,0.750701534616238,0.749936967724403,0.7492062195425
"NAM","Namibia",0.768367666301064,0.761839064134316,0.754713389198265,0.747140161744057,0.73926890202284,0.73124913028576,0.723271142660912,0.714778092861217,0.705082308263235,0.694421712477059,0.683096338504148,0.671406219345959,0.659651388003948,0.648131877479574,0.637147720774294,0.626998950889565,0.618025832320391,0.609916530144279,0.602049939946809,0.594393634327937,0.586972348516187,0.579810817740078,0.572933777228132,0.56636596220887,0.560132107910813,0.554256949562483,0.548765222392399,0.543681661629084,0.539098313614653,0.534205381435129
"NRU","Nauru",0,0,0,0,0,0,0,0,0,0,0,0,0,0,0,0,0,0,0,0,0,0,0,0,0,0,0,0,0,0
"NPL","Nepal",0.817607768997591,0.804782346711154,0.790820681538021,0.775731902374307,0.759525138116131,0.742209517659609,0.723794169900856,0.699805145129504,0.667387191274076,0.628977483689026,0.587013197728805,0.543931508747868,0.502169592100667,0.464164623141656,0.432353777225288,0.409174229706015,0.397063155938292,0.391505886310967,0.386382460101618,0.381722115997794,0.377554092687044,0.373907628856916,0.370811963194959,0.368296334388721,0.366389981125752,0.365122142093599,0.364700447100481,0.363030095406308,0.36040172107712,0.357934354837516
"NLD","Netherlands",0.315693568623977,0.297060891891968,0.263334194745592,0.250428244825189,0.247105841721386,0.231788448770785,0.213460927994808,0.206734027418114,0.201427614492474,0.191195956671627,0.177688267486265,0.165318215147597,0.157177730115719,0.154958282632772,0.148415693443883,0.136265092009922,0.129202402978573,0.1235111821233,0.116608874444833,0.109483297415883,0.104718815211984,0.101470461428203,0.0956357510146322,0.0796468477126173,0.0658201531569398,0.0619052742200726,0.0578522350033931,0.0540158361448133,0.0503904537201918,0.0469704638050525
"NZL","New Zealand",0.157351847989374,0.15651071773071,0.155770380213716,0.155113384040984,0.154521455836565,0.153977930089822,0.153454925602926,0.152898646115339,0.152340601459752,0.151868685392647,0.151565321921121,0.151503364765357,0.151573385024136,0.151731862744198,0.151975720823677,0.152303520701896,0.152713823818182,0.15320519161186,0.153955880155316,0.156114054705666,0.159946684653723,0.164907390444042,0.170522530231948,0.174490117754192,0.174455849256473,0.174359633876001,0.17418684216861,0.173919775621758,0.173540932596963,0.1730328439367
"NIC","Nicaragua",0.490721977628615,0.488820678243873,0.487076172942771,0.485449549585521,0.483908475980799,0.482420619937286,0.480953649263662,0.479475231768605,0.477953035260796,0.476354727548912,0.474648735885535,0.47283570526823,0.470941879603301,0.468979720086274,0.466962242836535,0.464902463973473,0.462813399616477,0.460708065884931,0.458599478898224,0.456500654775744,0.454424609636877,0.452384359601013,0.450392920787537,0.448463309315836,0.446608541305301,0.444841632875316,0.44317560014527,0.441708593902671,0.440311897118926,0.438828083998084
"NER","Niger",0.907027030121812,0.906868566737413,0.906015021823784,0.905161518002765,0.904308055274358,0.903454602819106,0.901968529604613,0.901968550150919,0.901968529604613,0.901968529604613,0.901968529604613,0.901980918095195,0.902017368849213,0.90207680979007,0.902158168841175,0.902260373925931,0.902382352967745,0.90255662752965,0.90253367018824,0.902223615652301,0.901593246998838,0.900663958944315,0.899437322688981,0.897916264904514,0.896103895760363,0.894003368808381,0.891617851235179,0.888950515351737,0.886004535648736,0.882783087631999
"NGA","Nigeria",0.655633642732055,0.646865668399325,0.638014589520743,0.62908555808989,0.620083726100355,0.611014245545719,0.601882268419569,0.592692946715488,0.583451432427061,0.574162877547874,0.564832434071511,0.555583110163739,0.546841196901391,0.538064857997307,0.529296155466183,0.520535312733082,0.51178255322307,0.503038100361214,0.494302177572576,0.485575008282223,0.476856815915219,0.46814782389663,0.45944825565152,0.450758334604956,0.442078284182002,0.433408327807724,0.424748688907187,0.416099590905457,0.407461257227599,0.398833911298679
"NOR","Norway",0.280941273807851,0.277922319122479,0.27250995298657,0.265742896334017,0.26025594781174,0.257090047718332,0.254268062715722,0.24996261218191,0.244959387425671,0.241636629873041,0.23886219525226,0.236043030323943,0.232601022217742,0.228864687367323,0.225600916489314,0.223576600300348,0.222858982283094,0.220931062392494,0.215740966017728,0.208854117388386,0.202109566741031,0.197346364312222,0.194222708632551,0.191257809456919,0.188582233858359,0.186326548909897,0.184621321684565,0.183597119255393,0.182353041197953,0.179579013514895
"OMN","Oman",0.305302063990772,0.305490943285863,0.30573572552003,0.306013400675591,0.306300958734865,0.30657538968017,0.306813683493823,0.306992830158145,0.307086705562875,0.306545132501622,0.303153101819212,0.297398109275599,0.290117203605402,0.282147433543241,0.274325847823738,0.267602832834122,0.262210193769429,0.257582720166131,0.253238656944231,0.248953114104286,0.244501201646859,0.239658029572512,0.233603096435287,0.226586550092785,0.2199894745009,0.21525363417143,0.214107944594722,0.215317540968906,0.220072468038619,0.221432639543648
"PAK","Pakistan",0.733429788777504,0.730997965801511,0.728579082801934,0.72618322372148,0.723873572543101,0.72168566488893,0.719594151920205,0.717581254649533,0.715629194089524,0.713720191252788,0.711836467151931,0.709960242799562,0.708073739208292,0.706159177390729,0.70419877835948,0.702174763127155,0.700069352706363,0.697864768109712,0.695543230349811,0.693086960439268,0.690478179390693,0.687699108216695,0.684732058015512,0.681363636322319,0.677471517630771,0.673174967045607,0.668593339987309,0.66384599187636,0.659050839122807,0.655234786788596
"PLW","Palau",0.308156078196241,0.309716888390729,0.314922222777017,0.321341610533454,0.326508097621039,0.327607679448801,0.317416218367396,0.297509309748705,0.274211433348627,0.253735249491952,0.241574056201499,0.233682059164438,0.226004665617279,0.219063933405129,0.213088065870704,0.208305266356724,0.20494373820591,0.203286510964761,0.203856109705771,0.207538316054879,0.211261373418406,0.214270180477058,0.217291515386138,0.220268634486277,0.22319549485501,0.225357396462272,0.225256229759556,0.224993353054224,0.224565525383583,0.223958996145481
"PAN","Panama",0.449755693152787,0.439067620292383,0.429007281875527,0.420022175579199,0.412559799080384,0.407010326316432,0.402516552111063,0.398214264330253,0.394175724400261,0.390433674815852,0.387020858071794,0.383970016662851,0.381313893083792,0.379085229829382,0.377316769394388,0.376028748105973,0.374983220605161,0.373978402679946,0.373030125575012,0.372145304320399,0.371330853946146,0.37059368948229,0.369940725958872,0.369378878405929,0.368915061853501,0.368556191331626,0.368309181870343,0.368180948499689,0.36776091177146,0.36629893658411
"PNG","Papua New Guinea",0.922592248574797,0.925954575871816,0.929109577682801,0.931802471265101,0.93377847387607,0.934778928485893,0.935171765778383,0.935530910429702,0.935859059924787,0.936154642213076,0.936416085244005,0.936641816967012,0.936830265331536,0.936979858287014,0.937089023782885,0.937156189768583,0.937179775518494,0.937024902725551,0.936552349025864,0.935761748138645,0.934657647121933,0.933244022229121,0.931524789645474,0.929503846878423,0.927185084243485,0.924572388818325,0.921669646049311,0.918480740488532,0.915009556164557,0.911259976782928
"PRY","Paraguay",0.494097726009867,0.485807988478087,0.477842904837875,0.470379482297016,0.463594728063297,0.457665649344502,0.452769253348418,0.449103312411302,0.446483947068917,0.444437193893383,0.442800445860719,0.441441540086365,0.440228313685759,0.43902860377434,0.437710247467546,0.436141081880815,0.434188944129585,0.431735133733292,0.428328532391441,0.423236898783666,0.41655728160914,0.408451382245437,0.399080902070128,0.388607542460787,0.377193004794986,0.364998990450298,0.352187200804297,0.337819345676847,0.330203904562979,0.32464922462761
"PER","Peru",0.313579786766759,0.309472572615616,0.305422639208139,0.301398309935766,0.297367908189938,0.293299757362098,0.289162180843685,0.284923502026141,0.280552044300905,0.276016131059419,0.271284085693123,0.266324231593459,0.261101254682639,0.255575525658925,0.24967603665907,0.243428751470474,0.236860706557099,0.229998938382904,0.222870483411847,0.215502378107888,0.207921658934986,0.2001553623571,0.191818460468408,0.186515014410459,0.182014318149443,0.177452908820979,0.172914932240568,0.168408458263216,0.163941556735645,0.159522297495166
"PHL","Philippines",0.674380958914657,0.670961609736272,0.667383791781305,0.663638755055884,0.659717749566142,0.655612025318207,0.651312832318211,0.646811420572284,0.642099040086557,0.63716694086716,0.632006372920224,0.62660858625188,0.621048049383323,0.612347366410357,0.599626195275358,0.586859647494414,0.574336495411408,0.561033764197697,0.547966134113782,0.536031944912993,0.526168237871509,0.518018327972705,0.510590117836636,0.504042338672869,0.498581960214513,0.494359415879201,0.49066845429057,0.487007807298563,0.483409497259575,0.479878088451315
"POL","Poland",0.413680089770821,0.413224348881696,0.412834402408595,0.412512311459391,0.412260137141965,0.412079940564194,0.411973782833956,0.411948117131324,0.412271455125048,0.413053732915686,0.414193604010821,0.415591103130512,0.417146264994814,0.418759124323786,0.420329715837485,0.421758074255966,0.422962073818078,0.424055943473358,0.425142259093031,0.426212070435028,0.427264702751702,0.428299481295405,0.429315731318486,0.430312778073298,0.431289946812192,0.432246562787519,0.432937736050833,0.432701852372787,0.43211576670803,0.43120453997281
"PRT","Portugal",0.527747587909664,0.520368943081755,0.512975817161947,0.505612840874377,0.49832464494318,0.491155860092496,0.484015845223209,0.476245692126387,0.467657558656136,0.458709809579325,0.449791621938125,0.441292172774706,0.433600639131239,0.427106198049896,0.422198026572846,0.419265301742262,0.418595453928632,0.418596428251817,0.418601252787756,0.418612862888417,0.418634240547588,0.418668367759058,0.418718226516614,0.418786798814045,0.418877066645139,0.418992012003685,0.419090380843292,0.418758590672592,0.41790823803564,0.416579753664006
"QAT","Qatar",0.053067146259,0.0496757866931003,0.0466828628475451,0.0440972463271853,0.0418910336989068,0.0399187762715424,0.0380534775524509,0.0361681410489931,0.0341357702685255,0.0318074736277858,0.0290669494409734,0.0260391866274909,0.0229844691873739,0.0201491568402023,0.0177796093055566,0.0160869259633454,0.0147572315131473,0.0135427754741141,0.0125413812362716,0.0118318644257776,0.0114374633011899,0.0109280924363694,0.010438109067984,0.00995814428557348,0.00948846433669931,0.00902933546920234,0.00858102393124823,0.00814379597138046,0.00771791783858765,0.00730365578238903
"ROU","Romania",0.496613259518327,0.498994134922829,0.501494279547797,0.503920618903742,0.506080078501175,0.507779583850607,0.508826060462546,0.509021746808744,0.50842166532233,0.507180923605603,0.505489933692516,0.50352798508238,0.501474367274506,0.499508369768205,0.497809282062792,0.496556393657576,0.495941683095078,0.495991000025696,0.496487957887413,0.497386972292332,0.498674622983219,0.500337489702841,0.502362152193964,0.504735190199355,0.50744318346178,0.510472711724008,0.514563943566971,0.515303647362443,0.515291890027528,0.515260616319314
"RUS","Russian Federation",0.291546081465866,0.290177697491677,0.289602976222517,0.288789178137687,0.29122235386981,0.289159586940791,0.28837151283097,0.287693723561072,0.286478211833169,0.287546373185272,0.289110357991809,0.288221360427316,0.286695098638447,0.285654058410155,0.285151824508278,0.283635519726797,0.281655007611351,0.280371274417548,0.279254859225375,0.278163069554613,0.277104472284781,0.276087634295401,0.275121122465995,0.274213503676083,0.273373344805188,0.272609212732828,0.271979445756608,0.270872007955687,0.269514546910328,0.268098987120712
"RWA","Rwanda",0.982255286306139,0.96628011909927,0.949734929142236,0.933674625892343,0.919154118806898,0.90722831734321,0.898952130958584,0.895406523981916,0.895224920947057,0.895146642492999,0.895090611073521,0.895049650083808,0.895016582919039,0.894984232974397,0.894945423645065,0.894892978326223,0.894819720413055,0.894726366531605,0.893291558073162,0.888682668863678,0.881214925773808,0.871239021725902,0.859105649642305,0.845165502445364,0.82976927305743,0.813267654400848,0.796011339397965,0.777959737551876,0.766381141878621,0.755291823283333
"KNA","Saint Kitts and Nevis",0.713696046978139,0.715883058942213,0.718074695863601,0.720230745252508,0.722310994619139,0.724275231473702,0.72608748481811,0.727802680691924,0.729482465493867,0.731121756965918,0.732718434983289,0.734270379421197,0.735775470154855,0.73723158705948,0.738636610010285,0.739988418882487,0.74112539821604,0.74108824450421,0.740984458004214,0.740813686894153,0.740572482259397,0.740257673641939,0.739866136509895,0.739394759318346,0.738840435350016,0.738200060017555,0.737470529791992,0.736648741718589,0.735731593176048,0.734715981747434
"LCA","Saint Lucia",0.76306244120592,0.765268908588053,0.767827806347844,0.770695039292902,0.773826512230836,0.777178129969255,0.780810453185383,0.787033632271735,0.797012622297452,0.80957342977348,0.823620369586443,0.83805775662296,0.851789905769654,0.863721131913144,0.872755749940054,0.877798074737002,0.878209131939295,0.876647594638604,0.873345608869914,0.868328923192527,0.861554468068852,0.852979173961297,0.842559971332273,0.830253790644188,0.816017562359454,0.799808216940476,0.781582684849667,0.763772685433507,0.76377319390065,0.763776381400597
"VCT","Saint Vincent and the Grenadines",0.600372066854067,0.599084541345904,0.597735467750095,0.596358107681909,0.594985722756622,0.593651574589507,0.592387505826971,0.591161959850785,0.589926110167932,0.588681214242372,0.58742729306924,0.58616436764367,0.5848924589608,0.583611588015764,0.582321775803698,0.581023043319739,0.57971541155902,0.578398165500963,0.577044929343792,0.575687005973664,0.574323562047131,0.572954470777589,0.571579605378437,0.57019883906307,0.568812045044887,0.567419096537285,0.56601986675366,0.56461422890741,0.563202056211933,0.561783221880625
"WSM","Samoa",0.844979244223862,0.8438554459921,0.842830853469703,0.841943914197021,0.841233075714407,0.840736785562214,0.840499584833827,0.840842131402233,0.842592641479279,0.845311573808449,0.848467758232366,0.851467753863757,0.854293809604668,0.857424231007237,0.860648491714505,0.863603537717123,0.865895672853892,0.86738987141955,0.868382241488754,0.869178596711735,0.870025908616034,0.871184437055359,0.87291599177402,0.875518468929136,0.878851299471246,0.882762393685154,0.887980635108704,0.888696421264933,0.888691196914584,0.888673621773397
"SMR","San Marino",0.0854438762810976,0.0810024407211828,0.0767233901219305,0.0728306871943583,0.0695482946494848,0.0671001751983312,0.0657102915519155,0.0651844453123283,0.0646330898252068,0.0623237583981885,0.0576797577205554,0.0516156881911161,0.0450461502086767,0.0388857441720447,0.034049070480029,0.0315127702938966,0.0312393431858947,0.0312393431858947,0.0312393431858947,0.0312393431858947,0.0312393431858947,0.0312393431858947,0.0312393431858947,0.0312393431858947,0.0312393431858947,0.0312393431858947,0.0312009040431125,0.0310864809309693,0.030897514263728,0.0306354857719345
"STP","Sao Tome and Principe",0.554763831259219,0.54545437661387,0.536121967546185,0.526633411543736,0.516855516094095,0.506655088684836,0.495938272970737,0.483797301369627,0.469528728243876,0.453751387492307,0.437148039254521,0.420401443670119,0.4041943608787,0.389209551019864,0.376129774233212,0.365637790658344,0.35841636043486,0.355120167824097,0.354074407712755,0.352673971501333,0.35126391961874,0.349860113813146,0.348458527008592,0.347048639496447,0.345647052691893,0.344239384180787,0.342836564597878,0.34070157000846,0.338199190808047,0.335327058868562
"SAU","Saudi Arabia",0.227075016893826,0.224442254479792,0.222051057634697,0.219844896510915,0.217767241260827,0.21576156203681,0.213771328991243,0.211740012276505,0.209611082044973,0.207318912378999,0.204913283259083,0.202507763546571,0.200114801530745,0.197732624593076,0.195359460115037,0.19304646973985,0.191158959869786,0.189254393058089,0.187358525075709,0.185472653589529,0.183598076266643,0.181736090774377,0.179887994780296,0.17805508595224,0.176238661958342,0.174440020467057,0.172660459147202,0.170901275667992,0.169163767699095,0.167449232910685
"SEN","Senegal",0.648393992968042,0.646692084619221,0.644954142310778,0.643142603512462,0.64121990569402,0.639148486325198,0.636890782875746,0.634393735805127,0.631692156755095,0.628828048659222,0.625801705702169,0.622582101676463,0.619138210374629,0.615439005589195,0.611453461112688,0.607150550737632,0.602499248256555,0.597468527461985,0.592040448740487,0.585984161468197,0.578737968793585,0.570329300455262,0.560866186938659,0.550456658729198,0.539208746312309,0.527230480173419,0.514629890797952,0.501515008671337,0.487988148407881,0.482197138965684
"SRB","Serbia",0.50724779652201,0.501212144110456,0.495211243273671,0.489340157577386,0.483693950587334,0.478367685869247,0.473456426988856,0.468989532977218,0.464513422748565,0.45981643757462,0.455115076292444,0.450590498216444,0.446423862661032,0.442796328940615,0.4398890563696,0.4378832042624,0.436974423056895,0.437923183592811,0.435076492907766,0.432202146894956,0.429391987541835,0.426735806699981,0.424195498034086,0.421802428691117,0.419584824800693,0.417710714052619,0.416195095250216,0.410405240193443,0.407797472017421,0.405217124553533
"SYC","Seychelles",0.572523788629797,0.58765533749932,0.59917381421082,0.603743575289511,0.60711362237824,0.609733239831665,0.611673573506141,0.612992650128769,0.613961215623671,0.614835455460569,0.615619032373412,0.616297591137909,0.61685677652977,0.617282233324705,0.617559606298421,0.617673585401771,0.617526251671994,0.616964036859683,0.616006456830363,0.614675489323428,0.612993112078274,0.610981302834298,0.608662039330893,0.606057299307455,0.603189060503379,0.60007930065806,0.596749997510894,0.593430642470947,0.591423923626224,0.589347541300173
"SLE","Sierra Leone",0.705560849692619,0.703430529560813,0.701280184829603,0.699084168302294,0.696816832782196,0.694452531072618,0.691965615976865,0.689330440298247,0.686521356840071,0.683504314134627,0.680278868882167,0.676812073100995,0.673129005946525,0.669247689617594,0.665186146313035,0.660962398231682,0.656594467572369,0.652100376533931,0.647498147315201,0.642805802115013,0.638069103324434,0.633087453849146,0.627903269566944,0.622620222030755,0.61722613863386,0.611720245848978,0.606101770148816,0.600369938006079,0.594523975893456,0.588563110283631
"SGP","Singapore",0,0,0,0,0,0,0,0,0,0,0,0,0,0,0,0,0,0,0,0,0,0,0,0,0,0,0,0,0,0
"SVK","Slovakia",0.467241595903344,0.46821677266676,0.469297120615149,0.47044925388865,0.4716397866274,0.472835332971538,0.474010003341355,0.475294355864109,0.476791832550884,0.478453090187521,0.480234793753427,0.482093608228009,0.483986198590673,0.485869229820825,0.487699366897871,0.489433274801219,0.491031169289929,0.492542355210184,0.494029459428187,0.495488980809072,0.496920062444711,0.498321847426971,0.499693478847721,0.501034099798829,0.502342853372164,0.503618882659594,0.504244228309493,0.504242772770238,0.50423715063514,0.50422459803893
"SVN","Slovenia",0.536423291084938,0.53564943835009,0.534563208206937,0.533331120631323,0.5321196955991,0.531095453086114,0.530424913068215,0.53026650519618,0.530471945391331,0.530934537360275,0.531620290792643,0.53249850494744,0.533538479083665,0.534709512460323,0.535980904336416,0.537321953970944,0.539186666059663,0.541173425225832,0.538106472613628,0.528014954526281,0.499169797793619,0.499319983680142,0.482107767915432,0.48268699110851,0.479875617240417,0.480607435564631,0.481466655383449,0.481109526921798,0.47895389497228,0.47658532855457
"SLB","Solomon Islands",0.919719256592414,0.917730159124845,0.915568039043295,0.913181535192093,0.910508280501261,0.907530887407957,0.904196181168232,0.900526148706521,0.89653300479624,0.892228964210803,0.887626241723624,0.882737052108121,0.877573610137705,0.872148130585792,0.866477944506639,0.860488269814399,0.853927111982063,0.846793696542318,0.839123581920157,0.83095232654057,0.822315488828548,0.813248627209083,0.803787300107166,0.793967065947787,0.783405759656331,0.775244229545247,0.76817569451005,0.761042040165727,0.753957034937676,0.746924558915236
"SOM","Somalia",0.742574795661431,0.738622200028238,0.73451192246348,0.730229863168047,0.72576192234283,0.721094000188718,0.716211996906604,0.711101812697378,0.70587987850743,0.700600388774648,0.695155888937172,0.689438924433139,0.683342040700688,0.676757783177955,0.669578697303079,0.661697328514199,0.653006222249453,0.643397923946978,0.632764979044913,0.620999932981396,0.604730771501873,0.582313516930105,0.556232769571694,0.528368814047293,0.520919898525114,0.513980448972943,0.50730442213351,0.500895549128361,0.494750752421742,0.488866954475775
"ZAF","South Africa",0.50310163775094,0.500099403435391,0.495477090979011,0.488451177616708,0.479999233936526,0.471186045607571,0.463188363775254,0.455961039802715,0.44841970075325,0.440606583854375,0.43278127531179,0.425203361331198,0.418132428118301,0.4118280618788,0.406549848818397,0.402557375142792,0.400179785549425,0.398983768794805,0.398006232313206,0.397113969310223,0.396312494358807,0.395607322031907,0.395003966902474,0.39450794354346,0.394124766527814,0.393859950428488,0.393719009818429,0.393435945618262,0.39229731960626,0.391118541642981
"ESP","Spain",0.262967295839116,0.261793912371981,0.260640917160392,0.25945331953142,0.258176128812136,0.25675435432961,0.255131700579278,0.253217130855719,0.250891267474126,0.248245327049975,0.245382970550946,0.242407858944716,0.239423653198962,0.236534014281362,0.233842603159593,0.231453080801334,0.229497042928024,0.227879383617963,0.226368685754943,0.224926692509976,0.223571359335373,0.222320641683445,0.22119249500651,0.220204874756877,0.21937573638686,0.218723035348772,0.217763698929069,0.215929679437824,0.214059504339908,0.212048243024529
"LKA","Sri Lanka",0.906315273805358,0.91017906763174,0.913536585580768,0.916303900533482,0.918397085370921,0.919732212974124,0.920224884584211,0.919828148135178,0.918590646735976,0.916572553218038,0.91383353415984,0.910433256139858,0.906431385736566,0.901887589528439,0.896861534093953,0.891412886011584,0.885601311859807,0.880499074565558,0.878661933136199,0.876689825976467,0.874741473421863,0.872818517007998,0.87092259827121,0.869055358748671,0.867218439978498,0.865413483499904,0.863642130853364,0.861906023580822,0.860206803225946,0.858546111334425
"SDN","Sudan",0.731322738096089,0.730715158084754,0.730160445133353,0.729657964228942,0.729207080358576,0.728807158509314,0.72845756366821,0.728157660822321,0.727906814958704,0.727704391064415,0.727549754126509,0.727442269132043,0.727381301068073,0.72732022010789,0.72628782259717,0.724780359600716,0.722749013168147,0.720200528849688,0.717142073433966,0.713522831053751,0.709978985574512,0.708936707830084,0.707869974422144,0.70684843060245,0.705871239034888,0.704937562383583,0.704046563312945,0.703197404487716,0.702389248573029,0.701621258234484
"SUR","Suriname",0.360186407403566,0.359829675743107,0.359498065193014,0.359195904829017,0.358927523726851,0.358697250962248,0.358509415610938,0.358368346748658,0.358278373451136,0.3582439306394,0.358366971188344,0.358748138611237,0.35932423718423,0.360031127459817,0.360804669990496,0.361580725328764,0.362295154027116,0.362879722243771,0.363363379797482,0.363831225294074,0.36428414285954,0.364717559534816,0.365126902360842,0.365507598378559,0.365855074628903,0.366164758152813,0.366411478194286,0.367347074780603,0.368879993572589,0.368794409932103
"SWZ","Swaziland",0.828876013978703,0.828793721242641,0.828778875157416,0.829140291224668,0.829980621671291,0.831171483885855,0.832586637910818,0.834099843788637,0.835584861561768,0.836915451272671,0.8379653729638,0.838608386677614,0.83872217037026,0.838407505082936,0.837705313103263,0.836642178012923,0.835237526894804,0.833510786831797,0.831481384906791,0.829168748202675,0.82659230380234,0.823771478788673,0.820784220089204,0.818061776921007,0.814959114873694,0.811519288613835,0.807745382316544,0.803640482364043,0.799207676496823,0.79445005332831
"SWE","Sweden",0.17343210792726,0.173038172232814,0.172759196409149,0.172526378547263,0.172270916738155,0.171924009072824,0.171463882154099,0.170908731792047,0.17024970988852,0.169477968345373,0.168584659064459,0.167450115789087,0.165991912669635,0.164257062218563,0.162292576948328,0.160145469371388,0.157703932465802,0.15484939050651,0.151618702951295,0.148048729257941,0.144176328884231,0.140038361287948,0.137481327739353,0.134935114645692,0.13240258625013,0.129886606795837,0.12739004052598,0.124915751683725,0.122466604512242,0.120045463254698
"CHE","Switzerland",0.306689713950577,0.301234184536863,0.296413534231023,0.292403940787835,0.289381581962072,0.287591067668337,0.286795340221753,0.286329624850665,0.285981211521104,0.285719926511071,0.285515596098565,0.285338046561585,0.285157104178132,0.284942595226203,0.284664345983799,0.28429218272892,0.283840657641516,0.282745390986764,0.278868746516344,0.272102422232477,0.262792800072974,0.251286261975641,0.237929189878286,0.223067965718715,0.207048971434737,0.190218588964158,0.170193492075102,0.162437748938515,0.159585332984858,0.156610964144207
"SYR","Syrian Arab Republic",0.538119558180411,0.534670188806227,0.530915163463604,0.526912039619165,0.522718374739535,0.518391726291339,0.513989651741198,0.509569708555738,0.505189454201582,0.500906446145353,0.497430045129223,0.494876497931047,0.492413691070969,0.489209511069135,0.484431844445693,0.477248577720788,0.447241910322368,0.376060455826107,0.290180499083222,0.258532359300827,0.261194093006744,0.267645521187199,0.274264488212057,0.27941681616309,0.281963159668663,0.286405345783757,0.290714243724439,0.295023132816498,0.299818034702558,0.300800950371277
"TJK","Tajikistan",0.771025483227743,0.778082035245112,0.784034983238988,0.788467913045318,0.790964410500052,0.791372825159053,0.791383665079242,0.791392851408611,0.791398570977444,0.79140226772584,0.791405385593894,0.7914093685217,0.791415660449356,0.791425705316959,0.791440947064605,0.791459855451433,0.791979181815463,0.792722423885767,0.791881217028842,0.791072678798327,0.79198337326187,0.793135795014547,0.794199004706925,0.794622094238404,0.795740265299115,0.795067319727795,0.794996134110918,0.795033188838442,0.795105361425796,0.795215306534156
"TZA","Tanzania, United Republic of",0.856254988227367,0.852926433590582,0.849502782680067,0.845931498156188,0.84216004267931,0.8381358789098,0.833806469508022,0.829127368214638,0.823854203202152,0.817789053596377,0.811078614157158,0.803883713898676,0.796365181835109,0.788683846980635,0.781000538349434,0.773476084955684,0.766271315813563,0.7595694024234,0.753271614276204,0.747112114868624,0.74105977601068,0.735118124304341,0.729290686351579,0.723580988754365,0.717992558114671,0.712528921034466,0.707193604115724,0.702093380478091,0.695077153662554,0.687605095118895
"THA","Thailand",0.817511792653788,0.801007707922268,0.784241490346401,0.767823344501792,0.752363474964046,0.738297092691537,0.724506715839327,0.710174623054392,0.695591703133162,0.680957900706503,0.666473160405286,0.652337426860377,0.638750644702646,0.625912758562961,0.614023713072191,0.60322198827185,0.594571940490897,0.588445871265484,0.583506087324737,0.578316636627663,0.571441567133278,0.561444926800594,0.546890763588622,0.489225378119196,0.474766490625435,0.460662889853621,0.446950983857842,0.433662455041826,0.420823972510653,0.410754770717713
"TLS","Timor-Leste",0.834156038382585,0.830990057670595,0.827783663166516,0.824490494461663,0.82106419114735,0.817458392814892,0.8136267390556,0.809522869460789,0.805100423621775,0.800329112767375,0.7938049637192,0.785058307835322,0.775584522712723,0.766896660989704,0.760507775304568,0.757931949568003,0.758002310179306,0.758214996903666,0.758537274828824,0.758939954306394,0.759392145732348,0.760017371104728,0.760945837118274,0.762146743288342,0.763587436249093,0.765235262634686,0.767057569079283,0.769287496258392,0.769182547157887,0.768443192169411
"TGO","Togo",0.744813356470843,0.740016278907909,0.735198483721266,0.730364342230977,0.725518225757105,0.720664505619711,0.715807553138856,0.710951739634601,0.70610143642701,0.701261014836143,0.696434846182061,0.691627301784827,0.686842752964503,0.68208557104115,0.67736012733483,0.672673317289263,0.668012816201732,0.663357021182638,0.658700844465909,0.654044311956553,0.649387449559583,0.644730283180007,0.640072838722836,0.635415142093083,0.630757219195756,0.626099095935867,0.621440798218426,0.616888018099056,0.611324697900702,0.605236650174293
"TON","Tonga",0.83139320902693,0.830689324218185,0.830190692623383,0.829800264178702,0.829471157807148,0.829187050834828,0.828931620587848,0.828688544392314,0.828441499574333,0.828174163460013,0.827870213375456,0.82751746236405,0.827045042633986,0.826345901999005,0.82556700063444,0.824886682516468,0.824494652947316,0.824514564464384,0.824965129936947,0.825762006473344,0.826835581611876,0.828082337015763,0.829768978268488,0.832671178219508,0.836688106761891,0.841559232147825,0.848223084516384,0.849416474689403,0.849408663893659,0.849380843967438
"TTO","Trinidad and Tobago",0.477213689450811,0.47630614807613,0.475602338956821,0.475104467040876,0.474814737276286,0.474739235283862,0.475042232349308,0.475809286548879,0.477005074850299,0.478595920809745,0.480548147983399,0.482828079927442,0.485402040198055,0.488236352351417,0.491297339943711,0.494551326531115,0.496324374294354,0.496323902519236,0.496322031895689,0.49631782043111,0.496310330702958,0.496298620582369,0.496281747307561,0.496258767980813,0.496228739665059,0.496190719409325,0.496143764256969,0.496086931248768,0.496019277424226,0.495939859822178
"TUN","Tunisia",0.413399583425477,0.408497666836734,0.403950089237316,0.399706300497872,0.395715750489053,0.391927889081508,0.388292166145888,0.384758031552843,0.381274935173024,0.377809773421298,0.374504695440889,0.37141425572739,0.36840857912959,0.36552591804454,0.362632355054036,0.359489181174585,0.356352508904686,0.353220996350114,0.350096396331212,0.347376311514903,0.345993956521026,0.34403832142638,0.34160978576408,0.338801011947004,0.335869748031493,0.332813912928224,0.329631425547876,0.326320204801128,0.322878169598658,0.319303238851143
"TUR","Turkey",0.48404539677065,0.476233368574767,0.46830263972764,0.460077877006163,0.451383747187229,0.44197602000598,0.432263453267542,0.4229316401677,0.413818678359914,0.404615550595182,0.395013239624502,0.384702728198872,0.373374999069289,0.36072103498675,0.346431818702254,0.330198332966798,0.312362325982051,0.282458796393349,0.231366674816607,0.176637009182279,0.137703913217116,0.128166384521685,0.128920960618366,0.127482576132333,0.122136985182223,0.11924469523039,0.116595887736802,0.118083400635399,0.118258683156284,0.114785003513093
"TKM","Turkmenistan",0.595589457313685,0.59417632455029,0.591578190174086,0.588238342073433,0.58454946245858,0.580904233539769,0.57769533752725,0.575315456631266,0.574157273062064,0.573752864074604,0.573372329723547,0.573015386418687,0.572681750569823,0.572371138586752,0.572083266879272,0.571817851857179,0.571574609930272,0.571353257508345,0.571153511001198,0.570975086818627,0.570817701370429,0.570681071066403,0.570564912316344,0.57046894153005,0.570392875117319,0.570336429487946,0.57029932105173,0.570287802235948,0.570194330250055,0.569982787379262
"TUV","Tuvalu",0.613353858629906,0.608085180206068,0.60300143788375,0.597912166683574,0.59262690162616,0.586955177732127,0.580706530022098,0.573688172316531,0.565554065934943,0.555831509633877,0.544846400258722,0.532975380369891,0.520595092527801,0.508082179292868,0.495813283225508,0.484165046886136,0.473514112835167,0.464318835374595,0.456401892114115,0.449200408814708,0.442576695548196,0.436548296491338,0.431392184681151,0.42485871143839,0.417522726877926,0.410191092460024,0.402773706548276,0.395268219525901,0.387672281776089,0.379983543682003
"UGA","Uganda",0.961660965018578,0.959974494192085,0.958227787734589,0.956339627365684,0.954228794804966,0.951814071772031,0.949014239986474,0.945767454883002,0.941591940787701,0.935864391544263,0.92866198045448,0.920104256902543,0.910310770272644,0.899401069948977,0.88749470531573,0.874711225757098,0.861170180657271,0.84699111940044,0.8322935913708,0.816597613388447,0.808152919763152,0.800423113995356,0.792682554496755,0.784989908591442,0.777353178559046,0.769780366675851,0.76227947521443,0.754858506443199,0.747525462625875,0.740288346020809
"UKR","Ukraine",0.346422957602394,0.347732268128878,0.348696916380266,0.34950693048946,0.350298815116891,0.351131569880722,0.352519853614294,0.352602877126174,0.350961126266562,0.349049958397446,0.346717697164012,0.344393812823779,0.34244515255588,0.340667997473484,0.339052863423989,0.337843654705338,0.336916893226258,0.335831398492097,0.334663365478532,0.333340486399312,0.33222774384265,0.33167305791766,0.331101198471781,0.330535783582203,0.330137583499178,0.329802081954456,0.329599638042763,0.329376052195763,0.328816045449082,0.328211523356337
"ARE","United Arab Emirates",0.234210841854962,0.234090609098945,0.232872210594385,0.230572615068916,0.227290164795461,0.223123202046947,0.218170069096297,0.212529108216437,0.20629866168029,0.199577071760781,0.191612515464149,0.187878730932608,0.185727400918417,0.183494458496896,0.181293670068038,0.179125977334364,0.176992321998221,0.17489364576177,0.172830890326948,0.170804997395443,0.168816908668651,0.166867565847636,0.164957910633072,0.163088884725185,0.161261429823671,0.159476487627602,0.15773499983532,0.156037908144288,0.154386154250926,0.152780679850393
"GBR","United Kingdom",0.229888048185983,0.227334560334661,0.224655317623146,0.221997815984314,0.219509551351044,0.217338019656212,0.215617817528653,0.214209073217426,0.212931998062109,0.211756008044392,0.210643615263048,0.209557331816843,0.208459669804549,0.207313141324933,0.206080258476765,0.204723533358815,0.203206773095783,0.20154141302478,0.199744504398216,0.197824920960188,0.195791109858437,0.193651518240705,0.191414593254733,0.189088782048263,0.186682531769037,0.184204289564795,0.18324942586365,0.182314883658012,0.181401456630426,0.180509938463433
"USA","United States",0.245630460302011,0.240733051551985,0.236066108202074,0.231833114471245,0.228237554578469,0.225417705754516,0.222891278195743,0.220333083156447,0.217842220300014,0.2154857121579,0.213330581261557,0.211443850142436,0.209892541331992,0.208743677361679,0.208064280762948,0.207905535083231,0.2079488289308,0.20807816068049,0.208324413371142,0.208719387295166,0.209294882744975,0.210082700012977,0.211114639391584,0.212422501173205,0.214038085650253,0.215471082827378,0.215363094383573,0.215093560288052,0.214672763376719,0.214099482029567
"URY","Uruguay",0.10122156725128,0.0991178928271729,0.0974589511204931,0.0961271106988738,0.095002225099194,0.0939659901518587,0.0929001016872696,0.0916862555358306,0.0902061475279445,0.0883217268526111,0.085301987074089,0.0809578110286817,0.0758321859059524,0.0704526986247797,0.0653469361040421,0.0610424852626164,0.0581301125456335,0.0564391247840929,0.0551053804756477,0.0539709770356569,0.0529991311808959,0.0521530596281405,0.051395979094167,0.0506911062957496,0.0501129332471962,0.0495545668375483,0.0490165001781476,0.0484991441951123,0.048001266110089,0.04741704128219
"UZB","Uzbekistan",0.608862595451837,0.600322283443668,0.59133703947437,0.582103178553536,0.572817015690753,0.563674865895614,0.554873044177711,0.546607865546633,0.539075645011971,0.532472697583317,0.52699533827026,0.522839882082394,0.520202644029307,0.519279939120591,0.521260438640713,0.524258761063437,0.52417920576692,0.524217791729435,0.526461325057928,0.529055542735843,0.531502320122484,0.531529400153684,0.531297596730309,0.53234508849866,0.532231837260435,0.530346384951495,0.528623371737147,0.528001270686539,0.527874774029194,0.52785124156072
"VUT","Vanuatu",0.859180628512297,0.856186958978185,0.85318708490733,0.850152293017533,0.847040787352701,0.843922343110361,0.840939293029895,0.838063387651668,0.835230397068665,0.832376091373875,0.829436240660284,0.826346615020877,0.823042984548641,0.819461119336563,0.815603071833338,0.81068741520673,0.81021710945824,0.809870334257837,0.809629240588772,0.809475979434297,0.809392701777662,0.80936261520509,0.810451073263996,0.815745292897616,0.824045321465834,0.835720014602227,0.837535159171713,0.837492687356552,0.837373420895311,0.837141855037331
"VEN","Venezuela, Bolivarian Republic o",0.147009390215519,0.141946009536092,0.137252725620935,0.133080386991163,0.129579842167888,0.126901939672226,0.125250589087233,0.124360731779608,0.123640145565428,0.122980023025166,0.122386274873318,0.121864811824379,0.121421544592845,0.121062383893214,0.12079324043998,0.120620024947641,0.120563033664285,0.120215534246273,0.119800860733648,0.119394645549947,0.118989729417551,0.118586177317632,0.118184054231366,0.117783425139924,0.11738435502448,0.116986908866201,0.116591151646261,0.116197148345827,0.11580496394607,0.115414663428154
"VNM","Viet Nam",0.846113432862354,0.839449064656011,0.832815371882508,0.826475717655387,0.82061157010132,0.814729691747768,0.808463690562651,0.80194483704403,0.795261256159612,0.788501072877108,0.781752412164226,0.775103398988673,0.768642158318158,0.762456815120393,0.75665813118769,0.751355330981995,0.746516451454268,0.741963332806672,0.737534434003076,0.733068214007349,0.728403131783362,0.723377646294983,0.717830216506081,0.711599301380526,0.704243078529692,0.694044471074997,0.682373910896598,0.672745886623014,0.66647605809407,0.662596134776983
"YEM","Yemen",0.820856550669414,0.814388197769787,0.808119663013038,0.802061553306257,0.796224475556534,0.790619036670959,0.785255843556622,0.780145503120613,0.775298622270022,0.770742568658411,0.766415100197348,0.762261662699022,0.75826297986671,0.754433363485925,0.75078712534218,0.74733857722099,0.744102030907868,0.741091798188326,0.73851148572202,0.73398827440511,0.728325320720693,0.722261843555336,0.715717846066621,0.708695317276115,0.701196245878583,0.69262369757449,0.688660238504353,0.685944184736206,0.683270885243983,0.680718376129117
"ZMB","Zambia",0.663532840863819,0.668044639629544,0.674598307024288,0.681627602981127,0.687566287433141,0.690781809224453,0.690662214339239,0.688659070289576,0.685263113759451,0.680763227686934,0.675448295010097,0.669607198667011,0.663528821595747,0.657502046734375,0.651815757020968,0.646806104739664,0.642361896733028,0.638037873009157,0.633746548869034,0.629488870551912,0.625265784297047,0.621078236343692,0.616927172931103,0.612813540298533,0.608738284685238,0.604702352330469,0.600706689473484,0.596791238686643,0.592162063458772,0.587402929802227
"ZWE","Zimbabwe",0.738648644264745,0.735988761364365,0.733585872709475,0.731468917166468,0.729666833601739,0.728208560881683,0.727123037872693,0.726441583431567,0.726041409651984,0.725745394495716,0.725525058688492,0.725354766743093,0.725208883172304,0.725061772488908,0.724887799205686,0.724661327835423,0.724356722890899,0.723964123889319,0.722792551064558,0.719982376707092,0.715690130056891,0.710102794461682,0.703407353269191,0.695790789827145,0.68744008748327,0.678542229585293,0.669284199480941,0.660275264215603,0.653958280641641,0.647479517860519
