"ISO3","Name","1995","1996","1997","1998","1999","2000","2001","2002","2003","2004","2005","2006","2007","2008","2009","2010","2011","2012","2013","2014","2015","2016","2017","2018","2019","2020","2021","2022","2023","2024"
"AFG","Afghanistan","0.233012720314844","0.233003509788528","0.232995615051686","0.232987720314844","0.232981141367476","0.232978590376023","0.232977151452487","0.23304297014126","0.233592453722994","0.234331724800807","0.238128647587886","0.242484520699648","0.245463669026325","0.250424592381206","0.258333843319033","0.258599405576756","0.265826466350855","0.268674223166656","0.271083749351125","0.275142534649766","0.279301668092062","0.286934202431431","0.293190553670672","0.301449572055353","0.303422514366666","0.301434039473973","0.299492205129195","0.297784948406497","0.297680936173326","0.300036163429519"
"ALB","Albania","0.234534718035151","0.235512568605539","0.236514485098783","0.237784132476191","0.238951723691102","0.239849668202706","0.247310008015243","0.254843920075719","0.261360662343946","0.268218701574075","0.281512122059626","0.294647782468615","0.310877120677326","0.3422473883543","0.390510646625768","0.400843424728817","0.409407638492124","0.418612822795702","0.426354414428169","0.43411025512174","0.44510963905482","0.456126504599367","0.468195373927848","0.483955334702866","0.502105913739305","0.520940563066417","0.545218331931202","0.556856885283126","0.565272878346162","0.581336320496068"
"DZA","Algeria","0.238444423423906","0.238810015555906","0.239273753192809","0.239535832986155","0.240509820256148","0.241848220647688","0.242648144213521","0.245676188239554","0.248948797974476","0.261347056061666","0.277209603475181","0.290489776224658","0.29770974832097","0.301545619441223","0.305786950531615","0.310769828492612","0.31773658762339","0.328221864028732","0.339269620555015","0.359445508376768","0.387929138081382","0.405358082400709","0.422013579651734","0.42349490288582","0.445717417837009","0.466462522472344","0.491912083136369","0.503583349185181","0.515674319428557","0.525440026326988"
"AND","Andorra","0.306805647776673","0.310944544902357","0.318136567114283","0.332680681893875","0.339708904983367","0.350202660468605","0.355362681472058","0.358420900640676","0.380189684160451","0.421989476514081","0.466824077570291","0.515396912873168","0.586701924841723","0.592385855161359","0.624532883657427","0.645626600291374","0.659453180833274","0.67198323499527","0.685604557894232","0.699164722660834","0.720367235849967","0.73455781406029","0.743102768478864","0.752242507469568","0.744972722423562","0.770089483113114","0.779238856525046","0.783767252902993","0.786462886368513","0.790730047722814"
"AGO","Angola","0.233438308077058","0.233423630194799","0.233517581982305","0.233562097262048","0.233733867586993","0.2337828407338","0.234061981569051","0.234560297204888","0.235323177618374","0.236484814024675","0.240078503258364","0.243964083224972","0.248244326693338","0.252185228980362","0.256325629864469","0.259197137522022","0.267359318768359","0.275550924717079","0.288804950651241","0.311398459297702","0.312767492459711","0.312711564054516","0.318951254103102","0.32589066737451","0.335027332942948","0.337067590537986","0.340520310826029","0.350395228332404","0.35542567505825","0.362398096215053"
"ATG","Antigua and Barbuda","0.297568765955686","0.302113502797791","0.308182156612703","0.31417486994637","0.324652984447672","0.337522715677895","0.342272892131178","0.359089875715207","0.374300474562409","0.39156667728754","0.415972866400876","0.402797080078644","0.416079343303293","0.438368930788788","0.498734113529664","0.465943012551655","0.470907750644992","0.514087273163706","0.538301250466721","0.506552667654375","0.508275740604385","0.508853226723089","0.510141567898332","0.510419806306336","0.51070052426434","0.511001319090936","0.511292251603845","0.520350475097509","0.520852470172509","0.522368221072508"
"ARG","Argentina","0.255945978014738","0.258111326549327","0.261920226844086","0.264722786940289","0.272339530433192","0.28687756689048","0.29446859368582","0.295732797833531","0.303614716258431","0.323340077854026","0.342849641781774","0.358693313725162","0.381111083475505","0.391855320762709","0.409892277134908","0.442197995874346","0.461080022056162","0.476978655585362","0.497493453325225","0.511579144430066","0.522857077621368","0.533165074995685","0.544744104965582","0.558171305911473","0.560028458299899","0.57921083919385","0.591946375658309","0.599425619715096","0.604193906352622","0.606427163364242"
"ARM","Armenia","0.256064245047106","0.256304533721486","0.256147465912977","0.255965481372841","0.257944517255053","0.258723256737672","0.259884402327658","0.262068174112594","0.270257759453539","0.273287313826717","0.276793968492925","0.292165006561627","0.302110394352475","0.299238348064429","0.329388990353456","0.360818334461728","0.387390556946709","0.408084471861714","0.423112032267296","0.458766582045789","0.470872410481552","0.484917102984254","0.486844267469007","0.499101206872971","0.499091286549193","0.529454629938841","0.539921567345921","0.5394144074826","0.548212003846608","0.557011916741857"
"AUS","Australia","0.312381322791183","0.318982619030025","0.353596817917987","0.390939160030982","0.419842067531056","0.440814412022969","0.460427917798616","0.47219337343035","0.483431533656121","0.498305395363919","0.521929279824971","0.563528784455038","0.581834375047296","0.595704254513852","0.605523931020316","0.612037346634271","0.618748680802349","0.61753093425577","0.629573426741267","0.631455052827327","0.631572783830381","0.642899246911162","0.648990605962233","0.661681978545165","0.663744858966152","0.665552412424425","0.679383060883693","0.677625505468994","0.678570580965458","0.675134495577052"
"AUT","Austria","0.305054337104167","0.32035776709604","0.331022659153504","0.352403460885282","0.380860702590409","0.418411935134183","0.438276770826703","0.435943881691749","0.458185415659939","0.498882659678582","0.521009936808619","0.544837872523895","0.564910938264559","0.576479127301471","0.584270574135966","0.598768435178326","0.60929106712149","0.61324209732034","0.61794137586659","0.62645331037746","0.637847851715094","0.639465099122174","0.648930411780373","0.647768772463414","0.647399902905967","0.6509505119412","0.663661214623826","0.663797250986554","0.667203778669353","0.66748169770415"
"AZE","Azerbaijan","0.243755082246428","0.243773180887871","0.244010685768055","0.244425699523742","0.246913963804333","0.248326587945088","0.251227715652152","0.264108419838326","0.268088918324328","0.273584548770483","0.281053433617327","0.297326091808695","0.310756132593899","0.323577623063143","0.35222024620857","0.416452164229865","0.450114380084855","0.477289412142768","0.53812372142272","0.550120529556939","0.553891004934234","0.550512724932479","0.551453146340841","0.55611770280355","0.560648496688618","0.570510878603882","0.575750601293705","0.581709971126748","0.586165292743176","0.589283678458237"
"BHS","Bahamas","0.277421979357664","0.281349663020761","0.283696384912303","0.289021976711865","0.295199713127028","0.308546620006607","0.324877844955111","0.353113288179731","0.3634251897734","0.380940965950687","0.38795202473422","0.392727101733469","0.399187068366361","0.415138641976534","0.425356953064818","0.43971283813766","0.485225813020969","0.568981303147736","0.562987820256826","0.575559635738798","0.579674600856942","0.588107778930147","0.588156016825092","0.587505498172133","0.599801483199897","0.604507625838858","0.601574044054748","0.60309424579139","0.617433181104074","0.622138239760106"
"BHR","Bahrain","0.267458840459705","0.26949871742236","0.273585031646436","0.27995990077606","0.286934958861507","0.295809965793374","0.322363626189051","0.333768583679881","0.345393713204188","0.348364988573113","0.348696313320369","0.370805714500183","0.392439530138074","0.448215950512621","0.465221999306694","0.472434273972823","0.578625727048718","0.608878032190378","0.610313332642822","0.601708907458384","0.593743396851663","0.594976577914055","0.576483378468563","0.563540951573458","0.570476821853831","0.573312061822478","0.598194814540194","0.603884962559823","0.599781356303996","0.59814202855355"
"BGD","Bangladesh","0.233203200520245","0.233228729298032","0.233283921369265","0.233346387141746","0.233465767152861","0.23364086991178","0.233925827250644","0.234153069771006","0.234416427940487","0.235002739227353","0.237177315717131","0.242101386331087","0.248560391516934","0.253345540644843","0.25726667690498","0.263657470314706","0.270005303524894","0.273771189759629","0.280299767700845","0.290211470594986","0.302870791116516","0.318246924511365","0.331311141896924","0.343767314147399","0.355715158250138","0.374563025834875","0.383113340019394","0.391976877750398","0.402098159786261","0.425175087165112"
"BRB","Barbados","0.320126671426133","0.324512800368852","0.331703328567282","0.337695630966221","0.341007273143643","0.350916960969359","0.377389771656402","0.425941161709216","0.462578673696437","0.494757512984763","0.503963284738755","0.520322820817867","0.53933186250961","0.550052092570358","0.569788136219727","0.569407247484379","0.58332126276111","0.602059695370539","0.606998045046717","0.615107701643165","0.622278279757291","0.628454565700933","0.621483954268779","0.623622888929966","0.64719693381514","0.676000852043386","0.635079109332986","0.638723632341864","0.640252391341864","0.641976386566864"
"BLR","Belarus","0.258201213237498","0.260375201814319","0.262931322936366","0.265510481815247","0.268716478715765","0.273881468469299","0.282029805372834","0.29673430704871","0.30587649387018","0.317184318847179","0.331970528185534","0.345999850052616","0.365805297134938","0.387893272278487","0.42876681683461","0.466340942047645","0.505471811782705","0.544962450164123","0.574727864829937","0.583016002787732","0.600427357903589","0.628992245827521","0.641203589480533","0.65473094259385","0.664881594408532","0.67352421444054","0.678424886791497","0.680232888875903","0.688926353648217","0.700478372400951"
"BEL","Belgium","0.297488844493039","0.302554813690636","0.311312079934608","0.323067030032652","0.346222412058371","0.400555621801291","0.420727827385023","0.469233182027347","0.493777079903445","0.516629992098189","0.535752837518003","0.566218685569115","0.5890544033022","0.601115785569017","0.618857285165608","0.632756446182374","0.647165847805551","0.649167688031337","0.656262538962109","0.668386672201848","0.67078067768345","0.677357323122021","0.682291614904164","0.686126081471492","0.690135006129504","0.69401160599411","0.701351010808661","0.702504707169356","0.702155182521796","0.703948751803443"
"BLZ","Belize","0.253334414025369","0.255419104702758","0.256493612870097","0.259062537935148","0.266033645678344","0.271692334539678","0.27429684537823","0.273301588407715","0.280131647403985","0.289803727269452","0.313315756512595","0.336423377483753","0.336889787114896","0.345497677017126","0.347146602652389","0.353030003041183","0.359151586815059","0.354707648181125","0.359937651752236","0.370986745564895","0.390961559235344","0.398664651759113","0.408989743993676","0.426164437365595","0.442949243261637","0.463401320812971","0.47844795968784","0.478869389739157","0.479379147714157","0.503925698139157"
"BEN","Benin","0.233382756988185","0.233470510829249","0.233594645832995","0.233679659603565","0.234028778721373","0.234613489086488","0.235462390179665","0.236847684864873","0.237558727570333","0.239359257108728","0.240232852209155","0.24314633673525","0.248886004458857","0.256514886434389","0.26398566207497","0.269624970716626","0.272755162615065","0.273746388849441","0.274702250413666","0.277888038834141","0.291882762367882","0.297319953017383","0.307224938513782","0.307791952160522","0.311326210122819","0.315448570404107","0.330143275556228","0.335872230272435","0.340584254749184","0.344985685714984"
"BTN","Bhutan","0.235584087134101","0.235785402923575","0.235838034502522","0.236732771344627","0.237035402923575","0.238100514801274","0.239922764244674","0.242302765277595","0.245107656585874","0.249278729063609","0.252526386313808","0.256787324314118","0.264156921344746","0.271699715443194","0.278916065139608","0.301143507241327","0.30749425762927","0.31224579570283","0.331051607912485","0.352615907330746","0.377397750651982","0.387725939611422","0.407364392003346","0.427142111651228","0.45267035342975","0.456618524669385","0.477795804132522","0.485625422384664","0.492332648001585","0.498829142027554"
"BOL","Bolivia, Plurinational State of","0.237262882381094","0.239319877829812","0.24087523691879","0.242904276413014","0.245363774189436","0.247287496847439","0.249988304595287","0.254455242809344","0.256824573410003","0.261714135073908","0.266747618808115","0.271381326621131","0.284274317728461","0.300069024378701","0.315320615395569","0.329685235427032","0.347924081990419","0.362724620261666","0.367940658523128","0.362428857884053","0.369744738802943","0.378687511957215","0.391811309082913","0.39535614483452","0.410653893448375","0.447100961115258","0.467861448280786","0.489914454169374","0.501508504537786","0.510577600632019"
"BIH","Bosnia and Herzegovina","0.241235229455233","0.242080890706811","0.242942794291823","0.244126557388375","0.245536671355923","0.261133758539788","0.267081240143478","0.275565320698443","0.283568151856126","0.317124052611142","0.335501071343514","0.351791936520655","0.37207652562281","0.399110272772806","0.417371666220559","0.441460173285544","0.448431227331248","0.456276283692394","0.470127706138729","0.47617932604342","0.492301895411434","0.515900958260773","0.532349396744523","0.547968505474405","0.551998930208117","0.563952283923689","0.574847712067908","0.59251416070312","0.6069673334654","0.616499146116001"
"BWA","Botswana","0.238521355404063","0.239699973825116","0.241064315930379","0.243383001141394","0.248212491023042","0.256808075743994","0.261534960430704","0.261052986759806","0.262133888507067","0.263577616712813","0.264381366255391","0.272271242111714","0.282271795987912","0.285959154060416","0.28537615685929","0.285160364670785","0.294597234449155","0.313151301258222","0.348657228530598","0.36717195165903","0.372438029352109","0.380807656159517","0.381786695207757","0.389364897256177","0.397451850509841","0.410291003688479","0.423086391235305","0.426806678725629","0.432634760734015","0.436789686659942"
"BRA","Brazil","0.244170465891244","0.246664060231041","0.249337670178637","0.253878247576728","0.260873540016723","0.269367553199689","0.279884777392787","0.294409721619196","0.307681384917061","0.331549415404382","0.341084278475459","0.364143204183459","0.379810768907365","0.393119538900299","0.409914984934115","0.41840263792613","0.438809042463809","0.448934217279021","0.459603042130146","0.472432212528766","0.483988732762658","0.491390524940435","0.510276504146139","0.520336388261204","0.528802625186697","0.551577714882072","0.558471900902653","0.561474033906165","0.575301247240007","0.580809285016503"
"BRN","Brunei Darussalam","0.273622392240233","0.28423552444661","0.286416488873501","0.290204348306656","0.295653127739895","0.302671271069997","0.320942680906087","0.325473161019332","0.339587678225513","0.370154774880673","0.389917115364848","0.403172275469105","0.411410411209582","0.420001582688053","0.429838825222986","0.440420772941608","0.448529261380873","0.452262364628485","0.469895223599366","0.482620208495833","0.493348213679079","0.540684077660347","0.559678456076662","0.566608655748895","0.571331165124678","0.594053497629675","0.606328325925105","0.621219443300339","0.622469324590787","0.621218457097126"
"BGR","Bulgaria","0.273920881686592","0.277042679638409","0.279429820891105","0.282995475671641","0.288445009458733","0.297957249905696","0.308573975558307","0.318267909668543","0.330252814724788","0.35086798774192","0.360042362013064","0.388177964160913","0.416212804699285","0.441292215411069","0.463710630025438","0.473528206372013","0.487802984222863","0.500141037372255","0.505366706723115","0.513103009451503","0.52126767718206","0.531474081225447","0.543446619880633","0.550751020230842","0.563229545491793","0.573444434713102","0.593823937819485","0.610554015503228","0.62063871035901","0.624517048807194"
"BFA","Burkina Faso","0.233158068686286","0.233201010437215","0.233265000656588","0.233382410230611","0.233487073257281","0.233647440566732","0.234060636190541","0.234301437322684","0.235174547597725","0.235886758843793","0.236800941863576","0.238350556048357","0.241328620473268","0.245251924109538","0.247778995340871","0.255649129133898","0.26180620861352","0.268800365749904","0.272715466378832","0.274917816521793","0.27598978425996","0.277524507237024","0.279127615334085","0.280912384905026","0.28278173288893","0.292053506069328","0.30506420584836","0.323682563152749","0.324619857887265","0.333408701259591"
"BDI","Burundi","0.233159201124125","0.233116453844064","0.233149298468787","0.233204297959146","0.233279750791772","0.233491050684708","0.233673123520158","0.233834553642603","0.234126625877394","0.234752309792729","0.235496780882951","0.235999038037008","0.23643124293208","0.237737051972974","0.23996934618459","0.243572116009937","0.244554206782211","0.245794612790794","0.246842399365747","0.248581593270236","0.25783164289768","0.259375156172132","0.262234093553537","0.266427833952921","0.271514607768054","0.272059291952048","0.275998648615577","0.275400962626215","0.277049841740437","0.280609091380437"
"KHM","Cambodia","0.23295818005071","0.233068077594622","0.233145426764168","0.233309510362425","0.233478858935409","0.233675094414555","0.234084573213789","0.234992480138938","0.23541729709301","0.236700472140968","0.237360667310504","0.23977404034707","0.242727292384045","0.248054493722696","0.25455932061355","0.264643289632229","0.271986477378692","0.277194571956714","0.278415127215061","0.298710236173473","0.279289304164268","0.34425668449212","0.345578841256836","0.426215682930497","0.394610002618256","0.405892909965669","0.41907831402043","0.434828823040824","0.446094231122047","0.446963173917218"
"CMR","Cameroon","0.233465251950418","0.23349882890935","0.233527036400187","0.233700465817547","0.233975425117688","0.234548646140481","0.235571543716415","0.236550921522296","0.237942482509096","0.240019452574038","0.242802676006712","0.246615310104492","0.252432273364815","0.257543763132168","0.263623813042105","0.266375119808887","0.272405649157793","0.282579532562104","0.289128834384069","0.306639533170393","0.311081151337923","0.322545564807208","0.328104727652406","0.344346765212451","0.360981694606596","0.369062155526624","0.369346129360089","0.372034189654076","0.375348514027003","0.383404831349929"
"CAN","Canada","0.327311127886528","0.336160125167751","0.360213140009042","0.388296238795064","0.42849734264952","0.480442598275237","0.523694222804977","0.533981433872238","0.55360268793265","0.569949437838821","0.595131478325097","0.610610681302195","0.624791713587011","0.640678182972318","0.654658571641862","0.657531223806618","0.667183911608942","0.667695764578587","0.674185071283561","0.6789940494213","0.68757008953763","0.689622558357374","0.694379698596727","0.69997865357209","0.697071814628152","0.699560722969099","0.702996888335632","0.702106499460497","0.70295996730618","0.70197236729325"
"CPV","Cape Verde","0.240389860702842","0.241416176492316","0.24372083022581","0.246254961478957","0.250508149782546","0.255323049473578","0.261037568655497","0.265585545027671","0.268663519296497","0.271963533175937","0.275490455205312","0.280132718213405","0.288973407474518","0.316663795505123","0.337671044573087","0.365143406449077","0.374826688050812","0.379379382620348","0.386281375796992","0.389823492816396","0.394927835755015","0.413505691873259","0.430218747772563","0.435967300123359","0.444306446141109","0.466468745092921","0.472311577279217","0.483044380188808","0.489659429094006","0.494476652693952"
"CAF","Central African Republic","0.23318927567286","0.233244660668274","0.23326390649907","0.233282238028655","0.233344314551798","0.233360004038129","0.233463026337189","0.233599015597781","0.233953160601676","0.234340540673151","0.234837671748266","0.234973215954726","0.237307103379758","0.240943428240384","0.245751654976462","0.247362244393068","0.247834819089512","0.249645004608001","0.251894009011738","0.250555641247785","0.251925208924802","0.252172978752135","0.253560253866952","0.257050561881621","0.265688554912528","0.272703503464302","0.277640445873822","0.284180302214666","0.284400550914666","0.284252552589666"
"TCD","Chad","0.232884445233779","0.232892076812726","0.232913655760095","0.23293794891799","0.232969866023253","0.233059868405433","0.233167242040095","0.23353320040535","0.234055587141909","0.234398473917927","0.234832959974645","0.236377816526382","0.238890305595706","0.242345383465051","0.24553025346492","0.247750347225147","0.250863672059251","0.253403380132549","0.254262332397274","0.256645481060819","0.258235778583953","0.263617525029694","0.266485083960186","0.269068954218574","0.27187488621272","0.275632702213591","0.282215833523545","0.286838320685711","0.28898903972334","0.29046653872334"
"CHL","Chile","0.250883682176019","0.254842677877521","0.260511807509543","0.266369899074136","0.276419510052219","0.312054380172655","0.325577077923465","0.338711774803105","0.351742839198433","0.367209421132145","0.382105358460784","0.396734578604016","0.407343491737135","0.413749042870496","0.429391172107293","0.439740640993316","0.461655354191324","0.470941849156489","0.480944735078085","0.492924738280996","0.536144914292112","0.555999883563498","0.55371371924043","0.561165129099623","0.56208086275563","0.573069585978438","0.589922483290638","0.596191133884377","0.600683065465797","0.604796244719329"
"CHN","China","0.237317820811385","0.238925096485677","0.240774859699021","0.243234211270007","0.247407898031931","0.255154937557569","0.262969555474151","0.274167117629099","0.287542952760345","0.301420233878517","0.313813216231848","0.326531879419616","0.347164830632548","0.368751574533932","0.391128883098019","0.41086985858694","0.428457016481331","0.442774417000485","0.453920763057088","0.460338522218053","0.48615876915932","0.503588819238784","0.524852762455616","0.55546885766075","0.563582553500961","0.587064785057965","0.609134558574051","0.630745386021739","0.681729908489877","0.693974719590752"
"COL","Colombia","0.247877942936735","0.251022028572377","0.254798217880824","0.259861105098032","0.262097374498293","0.265109014655455","0.268055773930511","0.274925228091016","0.2836839676453","0.29173665823735","0.309897479896886","0.327391396795955","0.348733662139077","0.363013915761816","0.375307289146897","0.394984709716034","0.410221698759422","0.43630713186482","0.448018061571339","0.454004713061783","0.465850873335731","0.474066030398105","0.486507805424893","0.492673340596056","0.495860786319675","0.51385061825591","0.527131608763002","0.528431480394379","0.539002325343711","0.542190367930029"
"COM","Comoros","0.233948194808248","0.234087668492459","0.234195563229301","0.23446136586088","0.23477608954509","0.235116271104383","0.236016414080588","0.236576573494551","0.238106381852812","0.240138614210238","0.242677556405334","0.245104229573223","0.249011147645","0.252715262493535","0.25619103023548","0.260977462198947","0.265430169592939","0.271182456275098","0.275855069916481","0.278902500510479","0.280402968342555","0.281945039871802","0.283960882406568","0.292533981501613","0.302191503160425","0.316787606799877","0.337398073224488","0.339378555216287","0.341642087694671","0.343117092844672"
"COG","Congo","0.233819376099135","0.233833519561496","0.233829715082044","0.233824619813118","0.233853668460002","0.234737206842517","0.235746476211875","0.236924813482216","0.238372950931489","0.2406744705113","0.243585627865853","0.248687865550296","0.254213467071065","0.262921286827537","0.270517536201693","0.271816926225104","0.273418892355151","0.27469849727586","0.27586027007886","0.277145694635652","0.278560177491382","0.279956131948152","0.281407803356452","0.289432374274905","0.300337442165859","0.315174975625942","0.335386415907438","0.363501370761098","0.372254290027425","0.382507290302425"
"COD","Congo, the Democratic Republic o","0.232889217966694","0.232885799839601","0.232809044641677","0.23281039104904","0.232813065244442","0.23282706182087","0.232952980497974","0.233483922104691","0.234114728197874","0.234809412241262","0.235426873043272","0.2367069054247","0.238300334473153","0.240670129158584","0.240459081866353","0.2421611709712","0.245495419200197","0.249025405376491","0.25449596904841","0.260882081993788","0.262564306972911","0.27301151806127","0.277716361363659","0.279679758163347","0.282790370837327","0.287686583546993","0.293888919908599","0.299089134230287","0.303441688305379","0.307572606386668"
"CRI","Costa Rica","0.252694232299322","0.255395657501389","0.26285190605803","0.267363900204402","0.272320643676148","0.280531730087765","0.292124326083144","0.322275433730403","0.330094186518221","0.339075695876333","0.346311942511923","0.358300992967631","0.370638672668871","0.384556157129268","0.397632318097015","0.415724015496676","0.422970218943566","0.444372642875298","0.442132940219292","0.459245641610379","0.478372781232813","0.499030051085202","0.520496389064102","0.530636522963592","0.551474510702501","0.554096390856744","0.56294463033869","0.565543872314501","0.579184351615783","0.586060629709332"
"CIV","Cote d'Ivoire","0.233807995898079","0.233949932322744","0.234098817127587","0.234527532876581","0.235436006151495","0.236484857813295","0.23764173370042","0.23871580337046","0.239232266178586","0.24036652483503","0.242189150338293","0.24712972644596","0.254475266607653","0.261038405421289","0.265740524065489","0.267692435914001","0.268320213561421","0.272238100091644","0.277839754942857","0.287279494563994","0.35819040795721","0.365491156236396","0.372149867118118","0.356788293573213","0.353978782241022","0.35377337164792","0.354496392978302","0.36110247365675","0.367041672737111","0.369923544714514"
"HRV","Croatia","0.271391725366878","0.275832797139872","0.281950027763574","0.289023968381776","0.295852588542403","0.31244908237145","0.33423900170178","0.35664690910432","0.372791676806692","0.39624229907669","0.409990879093361","0.43311838394914","0.454835049293137","0.475946398017667","0.508973962425556","0.535627208356176","0.543985926428496","0.554335066071105","0.567939769633627","0.573001326887344","0.574671197646083","0.587719808881885","0.579795166951957","0.604030829466099","0.617024182595652","0.60271648562229","0.611921808064827","0.616800844227949","0.622045952487458","0.624370076679164"
"CUB","Cuba","0.237101053619272","0.237208802769629","0.237459661541716","0.238045024756029","0.238808693910438","0.240008838409185","0.24235812401178","0.250174906001986","0.254585192304177","0.263150458166421","0.267712290074885","0.272549677914926","0.275132697542932","0.27916208157859","0.284141073984743","0.290073991688784","0.291935561342971","0.306591513444776","0.324890123904025","0.33023711481145","0.354330359583591","0.371589263278601","0.410486756458956","0.430070317676944","0.449738108531081","0.462539966376933","0.456960181595473","0.458950875620922","0.463699877011507","0.466543364286514"
"CYP","Cyprus","0.307777266709369","0.312874186292426","0.326341765053497","0.341872710078001","0.352800108332741","0.368985806317593","0.38177156094648","0.411182908127338","0.41689474676197","0.427931781281041","0.432413463693109","0.452809311089201","0.480706789126069","0.507182992750363","0.536364799449575","0.549157213388999","0.561769928256479","0.570250098725401","0.583040621313561","0.596060046603057","0.608745686160627","0.625779059014639","0.643501489057118","0.657622914225911","0.666706139601795","0.676631353339963","0.676173646686929","0.67186663347195","0.671981568364352","0.66726252765408"
"CZE","Czech Republic","0.267887650270583","0.274621758792236","0.284375231148171","0.294612547572168","0.307023977116937","0.325573446548324","0.345534735844451","0.366555147608932","0.392564969330137","0.400842553828722","0.415970170554585","0.458978447322698","0.477486989893659","0.515869129542538","0.530391919224899","0.547550559653708","0.558818107693369","0.570601140364203","0.578413181484197","0.583947772766363","0.584413741787125","0.589204125169083","0.596097732369326","0.602244033506434","0.622064100592734","0.625364183994048","0.632531757218466","0.637091973618235","0.640841685561617","0.648490093842173"
"DNK","Denmark","0.33449302137097","0.344313744182396","0.36138802035605","0.397144499792877","0.425830580146462","0.456373853399454","0.479035675264967","0.543837532234973","0.591313392833499","0.621881362184516","0.646678707235286","0.678749010773374","0.679587305580575","0.689406535664651","0.689252700013026","0.695692576737525","0.696630551130856","0.700274359880623","0.707166815430163","0.709267865905805","0.704936699098835","0.706035864633573","0.70180863923367","0.70355532762802","0.702016190840111","0.695332632521382","0.70309567771213","0.700580829053679","0.699124114493548","0.69805347236704"
"DJI","Djibouti","0.23438175890191","0.234519294052588","0.234614876933223","0.23451334634207","0.234663180567429","0.234984187661666","0.235498904690964","0.236489801905077","0.237223174695316","0.238327373598266","0.239122339079433","0.240038140596048","0.242911302955254","0.247228700092323","0.253686244440097","0.262869509739918","0.26648151425254","0.274755574114414","0.285305232984386","0.298669903938401","0.315909327066866","0.336822353497992","0.401230434531097","0.405562181712107","0.409013148950423","0.413424504190261","0.414101524720648","0.421489472056024","0.424954614964797","0.426305113164797"
"DMA","Dominica","0.268299749583565","0.271984570705067","0.2751658598885","0.279136485208154","0.281864572060067","0.299639348028512","0.316631439248207","0.345371390611035","0.365620374566888","0.39391924539409","0.411507555393525","0.415972822952997","0.422118772963353","0.436093784681734","0.438072847297632","0.45561161420379","0.457306457146009","0.463726275692226","0.480240762179843","0.494987648991336","0.54638099776446","0.541074972880646","0.548325905781988","0.510918065136905","0.543157560798466","0.569168112300274","0.552911803788751","0.558776495040824","0.560668241565824","0.562444231090824"
"DOM","Dominican Republic","0.243521397739717","0.244212663853083","0.245901060235735","0.247354487772414","0.251273698754277","0.259990743761199","0.265272316187974","0.272379940572821","0.276648949383711","0.281739626048868","0.294010222960144","0.308415751351111","0.322307998965535","0.33453454126632","0.354381709710662","0.366950318169152","0.385576999382784","0.398747837837348","0.409527221143819","0.421861280085483","0.437315094632158","0.464341261695539","0.475143835500132","0.493627322443095","0.507114948069188","0.514419585625949","0.527132696904353","0.518976469462053","0.532245657918149","0.54466247393828"
"ECU","Ecuador","0.241090810156031","0.242213060600332","0.243432056113264","0.244679324572989","0.248178253300218","0.250862187056573","0.25604255299639","0.262928867902985","0.267002592366307","0.271923581726368","0.284140761891772","0.29479402141039","0.305445112997714","0.327411015264391","0.344804700997448","0.355575249960835","0.373570991889449","0.388015990221011","0.406438266059549","0.425980354581451","0.438324377047503","0.452787956829693","0.460005810114732","0.466910790895322","0.47205193063847","0.505426880241675","0.501798831459583","0.506061396699264","0.515698700210228","0.52997264667952"
"EGY","Egypt","0.238572911072082","0.239135147212871","0.239955772019562","0.24094373128148","0.242685290802668","0.245328333734796","0.248569379022967","0.255862108412203","0.261158093701318","0.282830033871921","0.289531849137132","0.294853063986149","0.308204947601731","0.320500568987921","0.329354769026703","0.333627295665083","0.343626459434893","0.346857989091915","0.353094003708495","0.364796972242025","0.377123036972055","0.387607609750488","0.399937505209547","0.411190769309396","0.441118245487268","0.484866118352069","0.491362786910823","0.495901537408571","0.501916308955335","0.507443448052303"
"SLV","El Salvador","0.240904924421648","0.241846054165225","0.243147088736803","0.244808565167013","0.250984384805883","0.256321387620613","0.258423160348221","0.259976695721004","0.265192140647371","0.275479311486959","0.284875124417709","0.299492984301538","0.303823286190518","0.31583569003594","0.323011781576703","0.331958509800204","0.341989309387907","0.348405279104114","0.355878515079381","0.361960369173737","0.368937408407157","0.376980997384657","0.392295350023042","0.419728895183281","0.437934183195482","0.44857380787175","0.456518640252545","0.466246277712605","0.480511402019264","0.493552911031048"
"GNQ","Equatorial Guinea","0.2335328646608","0.233771634426192","0.23378601458341","0.234251439960661","0.234276972855101","0.234631891866808","0.235345148919121","0.236850393689599","0.23777255029952","0.239490251555848","0.241567231867146","0.242649518914897","0.24431053696259","0.245830509138898","0.246989238906392","0.26429393731907","0.280288093925852","0.28647176635846","0.292798501219928","0.298525459397808","0.304121982671436","0.310703064618727","0.315580178588092","0.323485683783698","0.372800797849326","0.390446368824953","0.401025317817764","0.414728152025558","0.414378153550558","0.413827654600558"
"ERI","Eritrea","0.233919570239047","0.233949833396942","0.234144751817995","0.234262547870626","0.234475425502205","0.234911020908895","0.23495299552023","0.235321634225504","0.235448281652213","0.235854606233239","0.236148429365252","0.236539259305748","0.236938401200658","0.237522801293079","0.238470010050679","0.239476941061285","0.240621928665475","0.241778682845701","0.242719334877709","0.243867412411092","0.245004032637168","0.245627640652386","0.251511236945546","0.262589758007107","0.281503027111169","0.295722978581624","0.295246860905957","0.297688939385318","0.297688939385318","0.297688939385318"
"EST","Estonia","0.282931572599373","0.289029519084822","0.299945148772774","0.318900843523751","0.334377878194901","0.375877791853829","0.385066105801112","0.421553316666154","0.442917129944643","0.475668532427556","0.508603378257193","0.535453797778717","0.552412873153864","0.572924209313998","0.583167690773723","0.596795290833364","0.602566124582261","0.605650474636231","0.611543449163897","0.623692749320441","0.638017783450034","0.640630559719597","0.646006810825711","0.650801615066249","0.652664922082463","0.649408541131516","0.665769160741181","0.673234789494478","0.656469414587411","0.653547500214074"
"ETH","Ethiopia","0.233100488381672","0.23310732621062","0.233122080157988","0.233139068315883","0.233201993740001","0.233276485986735","0.233421436416528","0.233635633900174","0.233790311967578","0.234089095211778","0.234576207100056","0.235201330605674","0.235730488687718","0.236280878243243","0.237512491289962","0.239284194374497","0.243325670003676","0.250483498758707","0.257607812216007","0.268093371189557","0.288126863235583","0.295610262055768","0.289205407278798","0.290047839420528","0.290481772337259","0.291064610505071","0.300071933024572","0.305256062781421","0.3126904763562","0.316901949726166"
"FJI","Fiji","0.246776377975259","0.247785397076191","0.248432108225774","0.250287864099005","0.25244767993511","0.256073816819512","0.259037076751745","0.270858889930661","0.273794366048144","0.27737579631132","0.283986543845744","0.29152596584385","0.30872779216534","0.315998771716845","0.326919762463092","0.337927155665035","0.357845444257514","0.361907249152519","0.361774554708006","0.368703725877162","0.381114168903647","0.39845968204","0.409202605955476","0.420930721136752","0.433710812099098","0.4475678156218","0.452388900779055","0.45641563342552","0.462613103848153","0.463912505411897"
"FIN","Finland","0.351467317065113","0.363279076661639","0.375850389529877","0.395786723460374","0.414997958645966","0.427154199672604","0.448212687820591","0.505067568200452","0.53461313061103","0.560958574235215","0.588212084652156","0.614809372109124","0.626998271580643","0.631298828672036","0.61820390339586","0.623624346477096","0.626816867298062","0.62750512074548","0.632969665478107","0.619993557209331","0.614709383277377","0.614290880325708","0.611344468532573","0.615374007960622","0.620100734117745","0.628826939851674","0.631010738372122","0.633457330142062","0.638370942181177","0.643298299717079"
"FRA","France","0.311244140556271","0.315388414684323","0.32355422716999","0.333386898223405","0.347497574494418","0.366318279499457","0.403612671916812","0.419800877617612","0.446325812740836","0.472361163923769","0.49980089414786","0.530753986290782","0.598838607745236","0.623287961629248","0.649606862899219","0.671580870557889","0.680223475209865","0.694490357781188","0.699207281348128","0.708508337778803","0.69912731171625","0.706819298114304","0.713507560762247","0.719057156276213","0.724848285722362","0.732788076908036","0.741418029669366","0.741299063587536","0.74539161730945","0.750965422107031"
"GAB","Gabon","0.236728472357108","0.237080569743429","0.237438583939326","0.237794496090442","0.237784065768395","0.243980143746953","0.244920556578745","0.24985026061923","0.252578391522987","0.25897171477261","0.270863246720939","0.276071420460626","0.276069124695676","0.280914554082294","0.286430654982323","0.29467730404004","0.306575322087008","0.321598046179748","0.338437858271825","0.357501152196985","0.376751683927981","0.383090230127548","0.39195434832502","0.402577385929882","0.413306253395724","0.427852302136722","0.435729275505114","0.443710139637805","0.448247651257433","0.453042448771532"
"GMB","Gambia","0.234856338859361","0.235134780666339","0.235501716117509","0.235907182967717","0.237448738152492","0.238266025361432","0.240812052289176","0.243395907697936","0.246497207864179","0.24924173660761","0.252225388512258","0.2597233874291","0.271713024825936","0.279702746070732","0.281445276975902","0.285303507356705","0.289509768717045","0.294254966788944","0.297997950727056","0.301703020100239","0.306205171420062","0.31151268965346","0.317674480211226","0.332826775779929","0.340726189238447","0.352863582171331","0.366926708636204","0.383478020853664","0.384870801860309","0.386822465463884"
"GEO","Georgia","0.247714124734137","0.248462464237263","0.250485479282316","0.25167688161321","0.255043510264806","0.251451418923697","0.256198768293271","0.26255882431489","0.268375233074006","0.273866004968326","0.279546044799836","0.291079156000632","0.302724765924922","0.315990092370546","0.345271344182625","0.382518370337878","0.409102028263744","0.443441549886249","0.46314327425001","0.483377327218704","0.478163487821392","0.506377109113627","0.515159699726436","0.527444824467985","0.54820549148387","0.556184153063724","0.569073542433355","0.58048889345792","0.590988106395715","0.599533564392993"
"DEU","Germany","0.308043442599771","0.315179036498536","0.32751252344883","0.340811892866156","0.376224813733452","0.416059300770199","0.432363416975741","0.482690389080473","0.507429531371177","0.542383271699876","0.571372773559294","0.600571416802699","0.630365144721658","0.648005894979005","0.667647422977829","0.680070279553815","0.681174779550492","0.685076653547512","0.690411080636157","0.696443300399447","0.700911758394325","0.696036743045497","0.700872213199682","0.708181134605335","0.708733418003892","0.717831519065315","0.725051086580614","0.727637322704013","0.732672058082999","0.735671154712823"
"GHA","Ghana","0.233283022636513","0.233410632540583","0.23367306671472","0.233907474331247","0.234315803358089","0.234886935732887","0.235412843537703","0.237424293084508","0.239197601453967","0.242342547783343","0.244845832143633","0.251679822467851","0.258774070739402","0.265385908829772","0.274373395323377","0.280656206277984","0.283838154793811","0.28782596104027","0.298707972771385","0.308626723837524","0.31868692592007","0.331211809367214","0.355692744752254","0.368398416084775","0.316049059497176","0.417450418004255","0.433090370298536","0.437503716129172","0.439057305817934","0.443039101326391"
"GRC","Greece","0.300747682856881","0.305119271566421","0.308775576686141","0.317646527618531","0.334637398016926","0.349022008333132","0.354671329496335","0.372003062381117","0.379711607231665","0.390687806694925","0.400384834144274","0.431033015195034","0.450767008972867","0.471475687521989","0.505309767223886","0.521028188201873","0.545209732494109","0.55943040067678","0.579995884226365","0.59759124919106","0.617662144059345","0.629937315538142","0.638155534494183","0.65056950156367","0.661212439264443","0.673826717472635","0.684681125245885","0.700937313352535","0.710287879139488","0.715530341895746"
"GRD","Grenada","0.264370240036778","0.266105638761275","0.270898791181626","0.273217813729977","0.278171659669209","0.285158736930285","0.290172170270446","0.315506804073475","0.337910419421293","0.340553135644853","0.347270947939504","0.357849844820839","0.370339034998855","0.380645241465581","0.397214640718867","0.411840546291466","0.419465755239382","0.428259890227848","0.44327563233333","0.48557786525097","0.490398250216615","0.495421713357306","0.508832338313073","0.531833604766897","0.557447343176951","0.555238808762024","0.560735802107827","0.568688278570756","0.571170273220756","0.573041515745756"
"GTM","Guatemala","0.237397505703571","0.238030005116654","0.239311651443725","0.241312713169231","0.24341112239969","0.246187317724537","0.250433685542084","0.256781517056353","0.261969321681707","0.268758494225853","0.275409647985404","0.286916692491224","0.292452282530863","0.296055035142873","0.299639781646512","0.305925672178707","0.311436886963476","0.321569661612758","0.333294388656892","0.342930990806726","0.356643668647305","0.377524444580054","0.386074758604056","0.394988773227156","0.398831785603779","0.409074939211133","0.417320525951814","0.429237311455007","0.435219062910777","0.445079955322825"
"GIN","Guinea","0.232989829797347","0.233078403786194","0.23314619927948","0.233173507777221","0.233414799594628","0.233628762075409","0.233908578301501","0.234648096193888","0.234855947808955","0.235189810015109","0.235394751556731","0.239658914460955","0.244055671597271","0.247548543583666","0.250405512942659","0.252274365139642","0.257878477079266","0.262814804655815","0.270178012731235","0.274930811796423","0.281933438017582","0.291685902389494","0.305685855183314","0.31351271255168","0.318664073320293","0.324293092152007","0.330461848719501","0.337209503637297","0.339713509062297","0.342186253037297"
"GNB","Guinea-Bissau","0.233884526274288","0.233931894695341","0.233881894695341","0.233934039432183","0.233937210484814","0.234739621955619","0.234760870913654","0.23667923440769","0.237460027463166","0.239719837257778","0.241762766185353","0.243593082672685","0.247798901830883","0.253912412249833","0.25513959983129","0.257933936862013","0.259541497644043","0.26642701206306","0.264999093410478","0.267521242084011","0.274385694583802","0.293593638248717","0.296081896022951","0.298400988466396","0.303953610275595","0.310518173464633","0.317923703060034","0.328964548472291","0.331927778146209","0.33489419346601"
"GUY","Guyana","0.241803601982213","0.242748306070277","0.243753883975936","0.244902622355606","0.246018024959336","0.249364849095241","0.254374351523444","0.25596745737448","0.263622200634078","0.270605462177407","0.283225938790567","0.299584428492931","0.316974398800843","0.331024445056527","0.348019751749487","0.365969030702151","0.371817816987174","0.378480812119457","0.383677873013092","0.39085955579327","0.399045566995681","0.402554128252283","0.422768548045516","0.439816429387222","0.458839808928928","0.483928784722852","0.505007357203465","0.522079401064407","0.529061651264407","0.538175401739407"
"HTI","Haiti","0.233835939672138","0.233816202830033","0.233818431777401","0.233956256559719","0.23421343856342","0.234789318237844","0.235341910645913","0.237702820932495","0.240585703306203","0.25029908061115","0.253227852172766","0.2575745167741","0.263908087187516","0.267884406105826","0.270869979262062","0.272136371337335","0.274382147151508","0.284052626244677","0.285927029152509","0.28791935158211","0.294521933690158","0.316020228862295","0.327338184239867","0.341294434206578","0.349505396428014","0.358547635610205","0.368511845492628","0.379584352433116","0.380129348708116","0.379801103533116"
"HND","Honduras","0.236598061703508","0.237184780187406","0.238417382756195","0.239078366402674","0.240521981276902","0.242834655021468","0.243921060038184","0.247479635758999","0.253322559250562","0.258022796615831","0.265219238071174","0.277353209771343","0.293371495083614","0.296507713373902","0.294955963195506","0.297263575114163","0.310808593639845","0.316241978503593","0.315681820538545","0.331053962813248","0.34241483359553","0.348320440800791","0.354964949109658","0.370770189378661","0.379631066917172","0.394695088242708","0.411189510744645","0.424026219859401","0.427085334085221","0.429445432148529"
"HUN","Hungary","0.263217706626742","0.271144565907347","0.28035080283162","0.291121458324378","0.302514016950371","0.31259370005235","0.340041960362284","0.352611465989298","0.370376483061774","0.391124472817237","0.426990700618823","0.46849309588487","0.493024273068902","0.523071525585202","0.533691769548976","0.54760982459928","0.561198710602726","0.571722981995824","0.58566248108185","0.593341955526552","0.593400846830222","0.614171198924881","0.614292418756532","0.617146425143803","0.632072063511496","0.645498291840979","0.660562212754445","0.66722143658903","0.671944298151925","0.678418625790008"
"ISL","Iceland","0.339072549570888","0.354173980183006","0.392393325615876","0.423616449086986","0.450029686323875","0.465287548056488","0.487792597515184","0.576617213080072","0.611914090466098","0.631077024075447","0.667943269112421","0.680350487148795","0.693181322555284","0.703245427836717","0.704972337512414","0.710381310007305","0.715244320067163","0.715296472385189","0.714263803219487","0.72000763230231","0.722338887712736","0.722327487399256","0.718011833938838","0.710173329393905","0.70509426040103","0.701585527835683","0.69793199514794","0.685417994043531","0.682162054212569","0.678124955455793"
"IND","India","0.234506157699236","0.234870100057946","0.235349871574826","0.235980390397329","0.236909075427372","0.238292755382113","0.239411119699872","0.242129772655788","0.243302404126967","0.245149871581214","0.248330098277156","0.251313836881418","0.256585945859571","0.262113089170215","0.270748761132465","0.284913785233659","0.291753646572223","0.294541439783708","0.297226352427248","0.30017935937742","0.303804325353826","0.30811583780866","0.311924983051774","0.316507085951604","0.340239568833758","0.375868903892387","0.39208741904477","0.41063602437915","0.423392082960059","0.437475806959165"
"IDN","Indonesia","0.235063849974767","0.235754915001859","0.236634760872174","0.237142029827619","0.238099588367152","0.239891726799212","0.243479128578438","0.245063945907344","0.247141189231708","0.251209773380186","0.258512852499588","0.265230008555933","0.276552058632987","0.296341524351929","0.298110156448759","0.311785321478747","0.314375086557694","0.31972027325192","0.317156414635344","0.320364034769728","0.325385582816161","0.335802025742707","0.354521688156085","0.375917642838087","0.397957679184991","0.413633517301822","0.436480787009329","0.448460578460694","0.455561474200023","0.462789790531216"
"IRN","Iran, Islamic Republic of","0.243559880647022","0.245040983218412","0.246479453850138","0.248291954235266","0.250895728690693","0.254534205185394","0.259091758530082","0.270826973338429","0.281753873439826","0.285505969347263","0.295842323558058","0.304914834466677","0.316940102256418","0.332427063826636","0.339908723338809","0.347648536765226","0.363877071883942","0.38265668796013","0.40814279273613","0.435007001062895","0.452824194937454","0.476907684240046","0.507733133784358","0.526732684971121","0.523610804967945","0.535272953866951","0.547476737618381","0.555381249129489","0.558620141913109","0.561272535393747"
"IRQ","Iraq","0.237063657397002","0.23694523634437","0.236879446870686","0.236761025818054","0.236787341607528","0.236660589945797","0.236548921923435","0.239766249602499","0.240213175233305","0.240865009377308","0.242538449074295","0.255110887226692","0.262927438693645","0.266315564899329","0.268774330727247","0.272481980261097","0.285036668967041","0.296519434968316","0.307797646285616","0.320094262604113","0.335258433242311","0.353123817602674","0.378494802506245","0.397390562903309","0.423321979341606","0.461198616213709","0.488749827327132","0.521062260831711","0.538438988992501","0.548520441616214"
"IRL","Ireland","0.286318218599251","0.293105376257525","0.306391687182568","0.32320011919549","0.341658811626745","0.368001495514228","0.381184977581761","0.390759035336539","0.413303887686799","0.431611739959915","0.459088987656951","0.515915996060509","0.548830844285045","0.567275242380862","0.575759894509282","0.583395513405464","0.598879830085272","0.605770930738053","0.61573169987718","0.633342232867579","0.633592565708566","0.635717215729386","0.637250398910307","0.643723556301893","0.642661894097071","0.655527951191027","0.652545825366664","0.654692014437831","0.659010761342977","0.658663306827162"
"ISR","Israel","0.298954835793964","0.309931306693228","0.321637524573316","0.341082696141559","0.353694758245782","0.37793216894477","0.368912401268741","0.379803887224156","0.405946522340992","0.432959330630828","0.452745440207462","0.469798913336758","0.525540958648189","0.562811098683324","0.573327325373225","0.585274373700161","0.593790621444827","0.600368845257905","0.596100775018348","0.611974985435501","0.616460425011833","0.622081374770328","0.626383153262279","0.632686783888772","0.638744441704281","0.653417936370513","0.65551421170546","0.657391426263128","0.631166785187774","0.633014098590393"
"ITA","Italy","0.294867210356073","0.299203072354216","0.307337935246377","0.320385967909148","0.353667256830436","0.379865498332477","0.392494143849011","0.397143356559932","0.407765730453332","0.433339266501025","0.449566620071108","0.472210210909461","0.47958815908141","0.494986707532051","0.511771609411951","0.529867490989001","0.533042114113942","0.537117435545882","0.5436529524396","0.537904416805729","0.54699369284017","0.559711165040302","0.572060454291168","0.603772320488864","0.587990066670061","0.599758664435004","0.615817371788844","0.640735387913618","0.648882102139524","0.654672322984823"
"JAM","Jamaica","0.249588033860366","0.25437015982201","0.257836223587231","0.26323205388538","0.266327540373589","0.272086436665522","0.278480453180357","0.291587356997947","0.30218946827576","0.308787697664708","0.31324940616038","0.326746494963032","0.343308341113893","0.347530715232519","0.350662286861362","0.357726297556082","0.382584578713312","0.373222624468665","0.383809587301112","0.39369100570839","0.409142436437588","0.425252091842941","0.444583895581046","0.486985319804995","0.499800433848713","0.524874965099573","0.545316301561737","0.5543308955337","0.567266813348278","0.569425434255838"
"JPN","Japan","0.306179466743054","0.319961193218118","0.33754490825624","0.347552449847751","0.370860019263353","0.397523426563481","0.430219889353118","0.467729958961066","0.489000127907734","0.5377319728298","0.559118054354427","0.571211475217019","0.586072497678005","0.591553876364665","0.62547166360781","0.628682349113525","0.63493913058876","0.637193535601037","0.661550205797428","0.666373686312166","0.675132006128093","0.684003598226391","0.682623765925266","0.677926200063364","0.690683973981114","0.689002055825856","0.674913865753131","0.682934375947355","0.689422703601158","0.690751773251158"
"JOR","Jordan","0.24175366161196","0.242393774458021","0.245254951453379","0.249832752539133","0.254249140603081","0.257649577646717","0.267215037168186","0.273323874109166","0.27860559416372","0.288922934290085","0.303038739583948","0.309176449202841","0.32490033490866","0.334552842048889","0.346525019587683","0.351804420820899","0.3702688049883","0.374837839719704","0.385140841882898","0.396097481243746","0.412574801483704","0.416528075534968","0.437774395318054","0.441889449951267","0.455720978071883","0.483004506248963","0.504706126646944","0.518817178982445","0.524187040633188","0.531690571303392"
"KAZ","Kazakhstan","0.248234459592826","0.248299948038422","0.24786003736168","0.248078777955134","0.249100561699425","0.250594556133996","0.253327180589407","0.257338346200713","0.260099509090238","0.267341301479812","0.277287130166542","0.286657646041598","0.301830193449568","0.322353131001683","0.34889013237529","0.390363505232107","0.446388312336919","0.484842590550859","0.49490981641782","0.504497255460487","0.517281944797936","0.524956536784902","0.531472190036084","0.530680341264289","0.537198675287419","0.548679764401428","0.562116068184393","0.566419231832088","0.566131449723033","0.569536049139987"
"KEN","Kenya","0.234108355750572","0.234145191612122","0.234203181812725","0.234289406757085","0.234436841388479","0.235063181192307","0.236497574418742","0.238734369260249","0.243531359194826","0.244721295543386","0.247253069632079","0.25167349202348","0.258557845596505","0.266083364343034","0.271233443539971","0.278169944175718","0.2822806682515","0.28640109957915","0.292659265994807","0.301551957233078","0.301760775797873","0.301705972682531","0.306008667553844","0.310794622773272","0.319606872115235","0.326062409948757","0.332414955247186","0.338500054782656","0.348835716318633","0.358703939195428"
"KIR","Kiribati","0.238912476451885","0.239004581715042","0.239530897504516","0.23994995645186","0.241876321581512","0.243682912896757","0.245412126092044","0.2469576999837","0.247984429951774","0.249010784368069","0.250019444028741","0.251205927475979","0.255234503896605","0.258382614127062","0.272391836152861","0.272984076704858","0.276348313479194","0.278858725312025","0.278579695157608","0.278749638848617","0.287372593500985","0.30177349361046","0.313953204268279","0.334549695882028","0.356802123636587","0.384649682790989","0.418691796304279","0.466931844546161","0.475268666304505","0.479834513167364"
"PRK","Korea, Democratic People's Repub","0.302376565244012","0.302323933665064","0.302288845945766","0.302253758226468","0.302236214366819","0.302205939988958","0.304834661992764","0.305210946584913","0.305636238702077","0.305732479199437","0.305690529939862","0.305652975654734","0.306898882398992","0.306858780182148","0.306982199894693","0.307787838136706","0.309060989777284","0.310625227613333","0.312219153246247","0.313020303634675","0.313948659706195","0.314701581304317","0.315085398413815","0.315509235457865","0.315933072501914","0.319747861894577","0.319669921571715","0.32037475570791","0.32037475570791","0.32037475570791"
"KOR","Korea, Republic of","0.290467190223362","0.296426277619793","0.306964700586513","0.320280162655805","0.388617173230873","0.475509813194371","0.539270804251398","0.567391131045627","0.586772389298233","0.606098936862421","0.610753507766739","0.633173975813925","0.641422891174475","0.656270871655927","0.671112923350048","0.686830419871782","0.693302935937551","0.696797331014399","0.700908300289131","0.707196176103103","0.716004776363635","0.723938258386922","0.730605097780387","0.730598214419055","0.731063786605245","0.733702798757741","0.739559435589017","0.742430921977773","0.745896359366872","0.74988845746679"
"KWT","Kuwait","0.267244098583417","0.269512855159021","0.274653576476049","0.277908262967407","0.284211075710472","0.292646118482936","0.305144100713008","0.317160359132308","0.347747428063101","0.350253686502532","0.357900928037604","0.360335466597937","0.378385401878399","0.394271751209746","0.417243280993028","0.441899085152009","0.450967839857314","0.46079318838022","0.471989006416488","0.478642581656032","0.486134213406355","0.500597880359224","0.532452603512882","0.533236114689714","0.532690649859872","0.530864606072345","0.531572962330953","0.530159276373532","0.527911860198055","0.527911830048055"
"KGZ","Kyrgyzstan","0.242919172402938","0.242366540823991","0.242484961876622","0.242852444842054","0.243127907545798","0.245305767321236","0.250587221335966","0.250879213849721","0.253826887498429","0.258382192885425","0.27482425002672","0.285581639738548","0.297789862608881","0.311759701029159","0.31233819599342","0.31305344668163","0.317260491735253","0.323543369989073","0.336309320371627","0.351165459737269","0.357623793867827","0.384291854786681","0.410244433196003","0.438649478924143","0.441855215476828","0.461676132396517","0.474224211888604","0.495985095624793","0.515864575676747","0.523170867169618"
"LAO","Lao People's Democratic Republic","0.233256752487803","0.233340344248138","0.233468914488128","0.2335677566609","0.233833038557087","0.234145136416422","0.23471680805616","0.235325219812833","0.236079266307548","0.236925537716427","0.24183474577666","0.245153529873332","0.249638678268514","0.258892034256588","0.27272988887087","0.278914344814415","0.28401248886254","0.295318444953476","0.304663204864262","0.313589421424596","0.321613454439978","0.337940496644212","0.34223797630937","0.375743864485857","0.407135159941261","0.425065250438908","0.444980843476362","0.452894070530366","0.452004501292549","0.454991237592549"
"LVA","Latvia","0.272345522061672","0.274949436449161","0.279290456844414","0.284609580558547","0.288983447193208","0.296815358446161","0.304223139266808","0.346559009613182","0.364437688020894","0.401871838153419","0.427750938771494","0.45181443562554","0.507146717718423","0.529287524874652","0.545801317971817","0.546622818216951","0.55548541814452","0.566527567840025","0.57364527396401","0.576618469235322","0.5828783733341","0.589314320242863","0.591220878062568","0.59566575785143","0.597258447977029","0.599446597845298","0.604512604652393","0.607058980260536","0.609154705659183","0.608550684188484"
"LBN","Lebanon","0.249140827856923","0.250260875154017","0.257863694817318","0.262602144721908","0.27027915956983","0.277634431079714","0.276028307425077","0.277846546421431","0.28077985495854","0.281670486492289","0.285265236715024","0.299284167452944","0.314044283504302","0.329908624442778","0.366012501136425","0.41497046169602","0.442700035818107","0.470358699472678","0.488663292656222","0.533096510427635","0.527656133173827","0.541625913739728","0.519889489415595","0.518432015292517","0.5117595163572","0.514713590560834","0.516048066880492","0.513036727477813","0.513639487802813","0.510959739277813"
"LSO","Lesotho","0.233985428541289","0.23387932431636","0.234224775242323","0.234402963386776","0.23459586507361","0.235234833303414","0.236077720338512","0.240386375293455","0.241698927437055","0.24503669809781","0.248033719649092","0.251845849160926","0.255370252491459","0.257643177782889","0.259341598714214","0.266587696853922","0.27918688403172","0.287506101634875","0.300064984035588","0.31733417669737","0.324329398916298","0.342996545439226","0.357946196846995","0.36246164194343","0.366264684963509","0.36963365590514","0.37351829432963","0.381058861272144","0.38332397226621","0.390364703568811"
"LBR","Liberia","0.233068980154203","0.233062401206835","0.233143980154203","0.233115373575256","0.233121531469993","0.233153022865268","0.233195526484803","0.233230881239265","0.233773954397957","0.234369939237616","0.236435799042064","0.237720404941717","0.240918734403122","0.243918207396685","0.249850553284915","0.255586929647008","0.26016271412793","0.263431903837329","0.266400118381803","0.273241953405802","0.284757130681148","0.299046610115259","0.298355702166612","0.297261523819956","0.3002683405733","0.305195641497619","0.313558280765901","0.323942349454718","0.326052349104718","0.328576100379718"
"LBY","Libyan Arab Jamahiriya","0.244615142486072","0.246115142486072","0.246572383159582","0.249066293784462","0.250162875177263","0.251555389746014","0.25314410022006","0.259116784998535","0.261335542695355","0.266718637602392","0.27955353370138","0.292632221377897","0.294570937997157","0.303801754078575","0.311849818019914","0.32327397444338","0.319077005413568","0.318608563192116","0.320739637143173","0.325947067129984","0.346570714879094","0.383901750114288","0.427384151669456","0.426624777410626","0.485625649426797","0.49316333962629","0.500256495359597","0.500862517222973","0.504506258822974","0.504130759097974"
"LIE","Liechtenstein","0.434609670254892","0.434609670254892","0.432899143939102","0.431846512360155","0.432664248433118","0.434083609761492","0.456080250325478","0.490968543277697","0.500497001960394","0.550767524341713","0.593036263737778","0.608646727475115","0.65671313750448","0.682953406270559","0.698421252736766","0.700765001311017","0.693122135730771","0.707118220415547","0.722113516867918","0.729594302125839","0.730134561040034","0.731680346337793","0.733649558451158","0.728491763815696","0.718270487950888","0.724658693281546","0.727576548396804","0.736397559722699","0.736921645400418","0.738142773016661"
"LTU","Lithuania","0.267997990177392","0.270659230355174","0.276263829165525","0.282474405773406","0.287359016684903","0.300284106915173","0.307398605760741","0.335892667484046","0.363286993236444","0.384285884195463","0.409490001506381","0.445846456402906","0.485720083074888","0.503376270045807","0.519898915301671","0.534323554003653","0.545477757452473","0.560099671837877","0.571454871574767","0.575404267396969","0.578025032618798","0.589321047011354","0.589026328394459","0.591351147547018","0.593823234181278","0.596215975107638","0.60529137327956","0.60417090159539","0.602828482916015","0.602968540622849"
"LUX","Luxembourg","0.314668158981219","0.331443413070215","0.338986252817461","0.355623081972146","0.3755677775341","0.392308730569642","0.426859855085117","0.43699741608088","0.480272460859489","0.525943193796663","0.563560762976857","0.593362929239336","0.631862896280281","0.652273992093143","0.672720571077343","0.689422761225452","0.686333141768565","0.683300902591607","0.688672346453545","0.69463631765615","0.701606181566258","0.706434349580375","0.7076015740022","0.708956029649676","0.708564668112952","0.710855963959957","0.713087636379667","0.710892094848606","0.713866997631911","0.720187049449457"
"MKD","Macedonia","0.258424695686042","0.259325520018371","0.263140986705118","0.266736954681766","0.270226720232657","0.276276014852819","0.282831827641071","0.3216794378069","0.332262240804084","0.350695401257801","0.358455460208241","0.368382505638329","0.398349357391337","0.438168846849857","0.461642703040013","0.465824409090557","0.483315444484315","0.490921875603998","0.515473340464983","0.525529814087286","0.533444259431046","0.542175270133664","0.552087508864784","0.57264363697844","0.586398430615168","0.593692327792993","0.60211283397706","0.612412517153762","0.629583206878509","0.645942184702459"
"MDG","Madagascar","0.233162236186811","0.233175675919312","0.233228313412668","0.233395851365274","0.233736154374585","0.233896982266465","0.234186010095949","0.234501303563714","0.234977059991311","0.235311390584358","0.236014748347169","0.237494270434105","0.240064755629716","0.248064583482367","0.250769101259452","0.25310103206403","0.255003902761094","0.256150939454709","0.256983697751201","0.260295753402145","0.262665177232213","0.259056815277054","0.263693406623899","0.269744802691272","0.277056502034935","0.285695244368171","0.291193913895962","0.304030443233352","0.305015920289656","0.306108668914656"
"MWI","Malawi","0.233234151335939","0.233254711008971","0.233274657758429","0.233319207244123","0.23357835704673","0.233821632721123","0.234015242056064","0.234438799841843","0.234874216261653","0.235399646176183","0.236228608259082","0.237198608199872","0.240284536247354","0.240297368806756","0.244013524896187","0.248958217232051","0.253911296230696","0.258465603248792","0.260142543360444","0.262461060368228","0.264758084705727","0.26660902582777","0.269401685108447","0.271753653123314","0.281121755688297","0.290159787604797","0.297316186859855","0.301218899176748","0.304219209966482","0.30667999841837"
"MYS","Malaysia","0.256959363292532","0.261987613956777","0.268768042008722","0.280424996733495","0.295333475673275","0.322526863664661","0.339589676677787","0.355789557153004","0.365998659538474","0.390774470459243","0.410219520358372","0.421044064207515","0.434756937150058","0.439317083349847","0.442011525544145","0.450233195532128","0.466347333570395","0.483323477850192","0.460458409680723","0.477037862354646","0.494891225427021","0.510258189533005","0.519392870557025","0.524520729173655","0.534126574611854","0.551607433492218","0.576199506314934","0.583419490904857","0.586957065784331","0.588798985125183"
"MDV","Maldives","0.240140893743649","0.241264325968422","0.24284585643414","0.244360773558247","0.246806897697951","0.251123593423948","0.257447308808476","0.265588674000713","0.271496637024978","0.280312310785847","0.294216017733445","0.308014563110525","0.325942155503299","0.353625108091002","0.350163683900056","0.352895125980666","0.371347023518673","0.382855838646106","0.397008811641363","0.408549297332707","0.423538300289771","0.440433757631193","0.459171215892233","0.481713153873681","0.500874294392021","0.511411354303412","0.526934021122725","0.541955214034815","0.548357469434427","0.553946647615425"
"MLI","Mali","0.233089946559512","0.233142416181647","0.233198307907441","0.233256582599404","0.233436205333881","0.233704434417727","0.233979006261592","0.234199048055188","0.235118923357081","0.235957701960138","0.237318540038563","0.240171398045122","0.243238156093928","0.24757576241884","0.250794115310043","0.259239006309776","0.265442710318633","0.266870567949994","0.268668528138463","0.277598084984514","0.285995930302242","0.295725095442673","0.30788873364441","0.316244709828885","0.32553121395282","0.337900282793709","0.348165101158606","0.351758565197445","0.353857564222445","0.355764312022445"
"MLT","Malta","0.294651909845742","0.299791368681604","0.309245221229862","0.317134836495241","0.323492200136325","0.346869710353288","0.380350447228372","0.415960719229281","0.427508993705167","0.448421366535684","0.476322625441537","0.477126807853747","0.529714626754055","0.554015020745806","0.591784457976414","0.613181263726538","0.62267203336463","0.628130835826151","0.636351798534351","0.65161470738815","0.664256394997226","0.672984735677219","0.684714328858877","0.691490226246409","0.701537094614089","0.706719214851345","0.711821560865249","0.726877732419646","0.73123675720349","0.734695539746647"
"MHL","Marshall Islands","0.251865202773884","0.252460658726098","0.253313907051762","0.254785645038344","0.255898634742101","0.257550959046219","0.25841110695989","0.260464630758984","0.261249753715069","0.266493717137576","0.266427257494727","0.266887903616084","0.267942354780408","0.270235781002928","0.273404207582948","0.277572634400468","0.285741060980488","0.292659487560508","0.297077914140528","0.30563739710122","0.30930203722215","0.336344512725082","0.35943228708837","0.37307103644889","0.388464484759244","0.405898153483766","0.425070315103003","0.426568125969301","0.426089877369301","0.430689639319301"
"MRT","Mauritania","0.233332981844491","0.233376402897123","0.233518508160281","0.233696425265544","0.233946504212912","0.234486264974123","0.236466316360681","0.239150017396715","0.241102679127789","0.243718084048928","0.247353133464351","0.25219228667929","0.258495519983529","0.267472093414375","0.268411291731078","0.272364858998358","0.273567000418576","0.274508626415164","0.277112223326906","0.290993029861888","0.30557760641423","0.30978936686868","0.314431290455667","0.319360623049887","0.324438296811909","0.337054047084196","0.351236242367373","0.368011033848484","0.374454034579762","0.377558384251943"
"MUS","Mauritius","0.250609137042462","0.254758519809954","0.260356640911272","0.268468079557305","0.276206721027159","0.287890385593124","0.297424920427598","0.304643406755031","0.316720471007767","0.324153003463221","0.332592828125093","0.346723407424685","0.357960562586717","0.367512587342595","0.376666525662179","0.39891711449853","0.421531122040391","0.426967514799593","0.446737815700732","0.465417612417023","0.484320815987594","0.495183158886322","0.516111888660683","0.535374497464804","0.556117059009133","0.578524808906251","0.589418175973316","0.600561540386729","0.613692691984065","0.603104900249675"
"MEX","Mexico","0.246175652493277","0.246386559108855","0.248163247074943","0.251233117961788","0.255847983015949","0.268205687863973","0.278139923695509","0.29396102693489","0.300287045969164","0.310910968173345","0.326756792467216","0.339743609733229","0.351755007874615","0.36502615493658","0.38225547603077","0.397017150817874","0.415000235684881","0.426447069012432","0.43150757781657","0.433970288860101","0.473378454979073","0.482500371758886","0.468966520174423","0.482632514249181","0.518542885879787","0.534382655180383","0.551198778165837","0.565414197597694","0.574445568482795","0.583731934174732"
"FSM","Micronesia, Federated States of","0.242898185566401","0.24327976451377","0.244183317145349","0.248208448724296","0.251413711882191","0.253461407162701","0.256247904884845","0.258584611371039","0.271211331994839","0.279490460085831","0.282853921170584","0.282910820328601","0.288537396089342","0.292024950684088","0.295471563146236","0.307987403022187","0.316236969655119","0.326905677821547","0.334810386571658","0.337716708854704","0.340892294015193","0.3454780612659","0.352435374025424","0.357836646492079","0.363359417058733","0.369909931895369","0.369220358873608","0.370026911934048","0.370954407884048","0.371266164009048"
"MDA","Moldova, Republic of","0.249647632654716","0.250580540921543","0.251836161166117","0.253519252183017","0.251586607859928","0.255571810349194","0.258927457859195","0.26868166926903","0.281829179713538","0.296129599231277","0.3129527887297","0.33330073017851","0.34758767102636","0.368427375716523","0.387397938767246","0.405120852534868","0.422970251543273","0.439369875488173","0.454979478137861","0.5355656340526","0.544857821035314","0.553176474421668","0.558971853125005","0.565886688517178","0.574077232694601","0.582391052404284","0.591029065807075","0.593118647848257","0.596247591255947","0.603225550819626"
"MCO","Monaco","0.481507715996444","0.486474938763886","0.485974177287143","0.486810279323653","0.486643560429071","0.488326034470604","0.521760288964596","0.570456992787217","0.594050867972382","0.617673016441181","0.652025959813169","0.690193225466461","0.718500891088875","0.735766338897385","0.776073337891796","0.783864807465801","0.820569899882015","0.838009193403805","0.851092611108275","0.872202906514783","0.868666411132515","0.86198141217476","0.871096265376949","0.85960645452824","0.872135012268166","0.876939660576996","0.882117053534703","0.871851178915742","0.876720841068412","0.85587387632503"
"MNG","Mongolia","0.237185369409254","0.237501786273307","0.237903460128817","0.238941858430157","0.240263562567439","0.244959813682568","0.246943522662398","0.248385810680044","0.256468259084843","0.264510513666255","0.273030163520984","0.278804633026464","0.285612983643531","0.298371070690362","0.299265625716603","0.305226148185248","0.31290639750995","0.324052349478288","0.330943570048249","0.346277624298963","0.354536329644443","0.354196779795523","0.367489637692781","0.430930654320154","0.440429120886487","0.465867666016804","0.524426780796771","0.530109543655264","0.545204067162806","0.554787516535305"
"MNE","Montenegro","0.36260447558131","0.36260447558131","0.36260447558131","0.36260447558131","0.36260447558131","0.36260447558131","0.36260447558131","0.36260447558131","0.36260447558131","0.36260447558131","0.366979305022253","0.37416289555317","0.38384762629258","0.402575566213869","0.420077815711832","0.429261744165284","0.424560808143384","0.491930854412903","0.50554425586916","0.519036971180105","0.533451584662962","0.538730605089728","0.558417334827949","0.57840560591115","0.600520424104575","0.616163897843461","0.63104016677595","0.648409168088182","0.648459218123132","0.650531284465166"
"MAR","Morocco","0.23847664137257","0.238818035869356","0.239261651539661","0.239968602742606","0.240714145888232","0.244720249175809","0.248880722321923","0.253059140358136","0.257456060377484","0.281982382693477","0.297370409208684","0.315380296406311","0.328899576805677","0.360372161538452","0.382609279790656","0.410338354865318","0.395691531046212","0.418681536911258","0.420326528285397","0.422076683035635","0.423372994612579","0.426758671401924","0.436532520539259","0.446390384103395","0.496100500212997","0.50077118972257","0.512864422051546","0.518977600781174","0.52464286684456","0.526738058483335"
"MOZ","Mozambique","0.233317387133131","0.233312123975237","0.233361665273334","0.233456537557183","0.233566810566454","0.233835075016904","0.234194586267138","0.23465687806729","0.235369987407577","0.236567884774538","0.238605165690477","0.240268960465997","0.241950615821632","0.246141926020477","0.251815650467568","0.257682188025559","0.259709429396243","0.261989235727615","0.268948827999815","0.274918747560631","0.276236207759368","0.27528822028615","0.271878653517732","0.28239919119063","0.286793931230741","0.291658738208765","0.293540000410059","0.301041456955538","0.304037697357513","0.306325894737809"
"MMR","Myanmar","0.233265907816222","0.233328273742772","0.233426771289691","0.233466165662198","0.233518845862491","0.233577651843259","0.233646880687433","0.233796373462434","0.233921517571129","0.23410995669795","0.234454749061273","0.23503052901627","0.234863560570619","0.235109027062396","0.235166240274539","0.235438539489776","0.237892367337871","0.241114658844144","0.244811231996132","0.277820357045351","0.287734391665181","0.300913461003622","0.320225898224032","0.334649948724405","0.35526560078673","0.379039725980675","0.380527154044893","0.382255432495486","0.385191570493331","0.385398608438758"
"NAM","Namibia","0.239358922954283","0.239841203219242","0.241045957734368","0.242047286073513","0.242388929515448","0.246847533874743","0.24966120893519","0.251293977391843","0.255020985173554","0.257395168043315","0.262064356481438","0.266114819174412","0.271182563145352","0.277879318668698","0.284658212780231","0.299491556637959","0.30194723027335","0.305923934146445","0.310746014890488","0.31355264575026","0.345149299655749","0.357215759854248","0.371669279595316","0.382988145059767","0.40074234699613","0.42192059684884","0.4266210772489","0.433527796742554","0.435884833276552","0.435836865113059"
"NRU","Nauru","0.300362972182793","0.301435854119474","0.302719620721502","0.30379321306242","0.305077747380566","0.306684192213298","0.308729807769193","0.323215233298021","0.338292511892331","0.353313736278171","0.368363072120757","0.383421870285483","0.398478414738474","0.413527956861517","0.429848671727729","0.419156910825946","0.432076701988199","0.435737074175244","0.439397446362288","0.443057818549333","0.446718190736377","0.450378562923422","0.454038935110466","0.469646513155844","0.485254091201222","0.4922424179966","0.499479997116978","0.506975583287355","0.506508340087355","0.506438340387355"
"NPL","Nepal","0.233285434513454","0.233450975960822","0.23363680622398","0.234107279908191","0.234547383429634","0.23474878945357","0.234990690748333","0.235310585572921","0.235788634941154","0.236222185456065","0.237654757046411","0.240567409745277","0.245220262325051","0.247977995583426","0.2508563835994","0.272177824666177","0.281881927232623","0.294112487699602","0.30063953701121","0.305119420394338","0.311230227045637","0.317911227847676","0.330913844412868","0.345478419861384","0.360349942519963","0.37222824255501","0.381926952112976","0.410310038285741","0.418988192037672","0.416961354395536"
"NLD","Netherlands","0.321082022626745","0.332596527710254","0.348815669312342","0.377115332804758","0.432908493922864","0.456392529328025","0.460239581563802","0.505848651493882","0.531659502840302","0.571602244352124","0.622189290114099","0.654077254602222","0.666243667318398","0.676002499147103","0.687814248345182","0.694079269158556","0.698099337158534","0.7049875130816","0.709904533302567","0.703385773190721","0.70678179169827","0.705428969889713","0.710841232655676","0.704031303668746","0.70473314185519","0.695514783294936","0.698887044359516","0.698839737339728","0.706263414232019","0.70281011840899"
"NZL","New Zealand","0.31136390651566","0.32003520343238","0.338130454259855","0.383787414673608","0.415748770369939","0.431567314586681","0.45489311233314","0.469802671650538","0.478409539995709","0.490390171157746","0.50191218901946","0.53200761592382","0.568887420724227","0.579272447437231","0.61075517487147","0.617870817310574","0.626423035546236","0.634941025383599","0.63923525681324","0.647986348226508","0.651014487675395","0.654709835663712","0.659257794598132","0.645301738526105","0.645775263348817","0.64799687505604","0.65396488426688","0.656900830241264","0.66118572123247","0.659821832370324"
"NIC","Nicaragua","0.235682237891485","0.236191479829349","0.236767320294482","0.237552721683835","0.238443027538971","0.240372165348317","0.242010130060049","0.243632675530041","0.246890578137923","0.250408055126727","0.254546151311269","0.261924792999783","0.27031759612612","0.279408500969077","0.288282470298943","0.294955797662399","0.297778864109692","0.306217337905576","0.313638293855793","0.317645210765253","0.323335096215004","0.339482059657889","0.356097026970257","0.362461139126856","0.374556383169904","0.393349619887019","0.410198708344683","0.431689770068822","0.435991555174623","0.440256882000997"
"NER","Niger","0.232964277336952","0.232980066810636","0.232989477378751","0.233011205699514","0.233078583233393","0.233103120976268","0.233286060546639","0.233535578022899","0.233681878876223","0.234055366692351","0.234587474458787","0.235268484880272","0.236780625979817","0.240473172241304","0.242426916702344","0.245200914340306","0.247750486299099","0.249394510285293","0.252974340651736","0.255906263540031","0.259802134486918","0.260481423223134","0.277031493944335","0.280737183561402","0.28450839945011","0.28906696746729","0.290633070405574","0.292301740183331","0.292646420517539","0.298812658299167"
"NGA","Nigeria","0.233284090170218","0.233280404679162","0.233279207032605","0.233327245932295","0.233393377454448","0.233521868995135","0.233697556162692","0.23478027234171","0.23602327187193","0.239772647636378","0.24833887343427","0.25763785556317","0.262671650204715","0.271441693513009","0.277453334208123","0.285402268635778","0.292141105052713","0.299494122505362","0.306944705141697","0.311563046743199","0.315347003894789","0.319568971804684","0.323907996030747","0.328493767569239","0.333486745613729","0.33880974076593","0.347859053975759","0.35699880757518","0.359330015052795","0.362302267491011"
"NOR","Norway","0.334525777786813","0.36774960841534","0.385326303166576","0.385269000149177","0.432959485711642","0.461331314550949","0.494933303883062","0.526357598690014","0.553784656958654","0.574384807651069","0.610054512979392","0.630600059625489","0.656130504913328","0.670681632664996","0.67618554225095","0.678350267110546","0.6779346798842","0.680876775758565","0.67970089133864","0.681979990330689","0.683635137792754","0.684127998437007","0.68180091160751","0.681005624275106","0.684702953473434","0.682309645072415","0.692681588167195","0.693395494864133","0.69089828744296","0.689608352736203"
"OMN","Oman","0.243094305540407","0.24471410660652","0.246639971892312","0.249698221505271","0.254282299393043","0.257570155204677","0.266869262441966","0.27143604139125","0.274798738941143","0.277197220464584","0.288615417727985","0.296523291066618","0.318254697870642","0.328036189316518","0.345376410779192","0.368489108755914","0.400195397814703","0.433372844503062","0.453774067552272","0.464374829918543","0.478097395531823","0.488960332723284","0.503788250986972","0.525524317925854","0.542586033587553","0.560217369785093","0.560178586480668","0.55269485542272","0.555506841182231","0.552370459500389"
"PAK","Pakistan","0.234899910610567","0.235099476786584","0.235272870137906","0.235370436835493","0.235536175002018","0.237204956140204","0.238993236022232","0.242650732521153","0.249223497411057","0.252953462976505","0.255727999626972","0.2612824761484","0.268134790204532","0.273921877001843","0.277626286565756","0.280057219723258","0.282040900678504","0.284865596206568","0.288470269248024","0.290674125109289","0.290960894435245","0.296260568665932","0.299253814521571","0.302779884779247","0.306702640009755","0.312024756373765","0.33654574678801","0.360685898235044","0.384900909802622","0.409253092630007"
"PLW","Palau","0.337112142660458","0.337112142660458","0.337112142660458","0.337112142660458","0.337112142660458","0.337112142660458","0.337112142660458","0.337112142660458","0.346297023548124","0.361777084837162","0.376202627419103","0.385378958321656","0.400534272658825","0.410684249967373","0.418178126958416","0.427773137975157","0.442229357053849","0.462665646828685","0.491071418066714","0.481643112483079","0.492286065716301","0.501518735899247","0.510751406082193","0.519984076265139","0.529216746448084","0.537019152868923","0.544831556970729","0.539016738162335","0.555000457446272","0.557523460071272"
"PAN","Panama","0.248668215952394","0.249845832005077","0.252473736061166","0.261041198851651","0.267494516697416","0.274871100236277","0.275073225580812","0.279224907396107","0.284822141806762","0.296762833879941","0.30528219677671","0.334733227820782","0.351149012548895","0.385665230830615","0.402822051235517","0.40731015996338","0.416377392274702","0.411105834540287","0.421099171161752","0.423112793472858","0.43961024765545","0.458096965547276","0.47329795935252","0.488492027576527","0.488967159111622","0.501343996873112","0.510165317058849","0.518160672393275","0.525982438076791","0.536539897351791"
"PNG","Papua New Guinea","0.234182935734508","0.234245830112896","0.234648327787479","0.235022881231526","0.2361398633645","0.236637050107018","0.236697656578817","0.237733715625234","0.237852491930666","0.238362562968985","0.239013840306095","0.239171663583617","0.240427103088989","0.242338487993239","0.246993048074038","0.249273157690966","0.253630214973024","0.258840499527827","0.264022520454506","0.269045199737864","0.273199833993615","0.278176577797896","0.28291059865659","0.286679778416473","0.290493760051915","0.294782273194542","0.298148717446867","0.302923638482458","0.297150784394912","0.299843762840805"
"PRY","Paraguay","0.23777560676909","0.238087677166706","0.239782746801717","0.242320672736189","0.244567133499263","0.248959130024102","0.252521964576937","0.257928401978919","0.25949993374554","0.263176251897424","0.275771252561494","0.28659959734528","0.296880895954504","0.304172065088344","0.320622139893563","0.322989089575741","0.337454566070898","0.350697278923287","0.371291931218666","0.386735342899539","0.404593178078645","0.415649498326229","0.436098457604782","0.44763090733553","0.461122686350848","0.482978872235557","0.498906270798223","0.497642850338814","0.509857845211221","0.518565968086221"
"PER","Peru","0.238989442746111","0.241346565014446","0.243072345826963","0.244949801153858","0.247817510152248","0.251060916432693","0.262565821771575","0.267410964212225","0.27654241729576","0.288068670011647","0.3004673877121","0.317311607054242","0.340451631829814","0.359566667052207","0.365066902960538","0.373001817696211","0.380135629982545","0.389226790804577","0.392780790407329","0.396338244876085","0.399988000739017","0.41326866734729","0.4276070100241","0.440979647169706","0.448463701805876","0.464681208092933","0.481539288448494","0.490627077258058","0.505397088316016","0.516092897505511"
"PHL","Philippines","0.235836786514279","0.236814691695443","0.237667581867917","0.240915494906362","0.24292041688162","0.246367190155998","0.250995829914606","0.257013874473184","0.261932808463234","0.268131682959696","0.269068772099641","0.274509872680168","0.281705716705011","0.284768041671805","0.294448037177485","0.333283924113003","0.343486726204331","0.349098170077042","0.354836323288217","0.360801727725528","0.366242422509357","0.372801036860541","0.38059960151044","0.388023644345707","0.394413275357398","0.427320035555427","0.465796944427095","0.483166393133281","0.485143164334013","0.460766579803178"
"POL","Poland","0.254210195689821","0.258764251912003","0.264785427774474","0.275600432322965","0.286041508403402","0.296436897458969","0.308259703855054","0.343582313780977","0.359177956336234","0.392722417395843","0.406736865428404","0.44073721419088","0.460819138230318","0.471659203743074","0.494904149326235","0.502977087192874","0.510697390305548","0.507508701362695","0.518267447172327","0.534825589596712","0.536318269463484","0.547110123128183","0.554536695899955","0.557879769310285","0.563190094851382","0.57488139874603","0.582394075439718","0.58999035734897","0.590121897706318","0.597344221990045"
"PRT","Portugal","0.285750194467249","0.293100073359305","0.303742850661181","0.32390169839263","0.343885975288711","0.356247840008843","0.363700157046032","0.372353530970766","0.406253951317969","0.42369620235793","0.444001684171612","0.461317154070208","0.47475028151962","0.483248439916477","0.506060371926054","0.52873255890283","0.539017963553783","0.558177093540795","0.5696196543724","0.588752223490727","0.611655506922891","0.626947137390526","0.643952243406827","0.657498352816102","0.666139613435199","0.681913564758489","0.698850914348228","0.711359684679357","0.72002684121211","0.731663228712621"
"QAT","Qatar","0.266386130369111","0.270752592711016","0.277988225729473","0.280709628846862","0.282356754655478","0.285899944534957","0.292256228372705","0.30745395998662","0.337111060966093","0.348801690666147","0.3659410491304","0.381536509216985","0.40639096921924","0.42406498072113","0.452212742005738","0.48645836261416","0.490374003343045","0.498367605677462","0.541456896187696","0.553234719749231","0.555403060299104","0.55957978094548","0.56289745129005","0.568564025714318","0.570609825105721","0.571819784233682","0.574065555147699","0.578618250592853","0.574270824055073","0.574244815460086"
"ROU","Romania","0.250325675112608","0.252024461085211","0.254388962335929","0.260931388411832","0.264548712781795","0.270125425274974","0.27657571129148","0.285214274186159","0.299263123019427","0.319989182993912","0.346978473642666","0.367629564322587","0.395076559714013","0.41893952033003","0.435570811163806","0.446713688935695","0.454332595188206","0.474543273926198","0.490180020128963","0.504967709479789","0.512771054846554","0.525409390350155","0.541302097945775","0.564532805178128","0.574586853967269","0.593356344359218","0.613051062226827","0.621366450552107","0.634715482753984","0.642903266643726"
"RUS","Russian Federation","0.25543695336977","0.256571021394128","0.259261101395892","0.26111001051384","0.263391908092024","0.267476533331531","0.272441743027818","0.28038530163131","0.297838510305558","0.323794506924588","0.337871415165423","0.352128906131521","0.375594243732983","0.406494808001873","0.442807706452485","0.466290558701729","0.493425400099293","0.520621689681544","0.531636824282073","0.539066913559718","0.540679793319699","0.546626048700152","0.563174640636416","0.576102628713597","0.580459335036782","0.587709282560445","0.596364198560202","0.603807267651071","0.612113303530225","0.6226752283824"
"RWA","Rwanda","0.232988873427505","0.23302966290119","0.233027583032769","0.233059462921155","0.233257886188998","0.233471380937975","0.234110714628509","0.234378416637896","0.234773031896482","0.234924019991944","0.235631434385525","0.237988463243278","0.241383785786802","0.250168844915677","0.263063771575043","0.268409767588774","0.269395787930481","0.276456662901752","0.28203778316006","0.286076827607507","0.290960539318835","0.296372284885174","0.302749532657009","0.3071937044294","0.312691074910154","0.319060716727154","0.321080334715826","0.330447055067152","0.332783023633052","0.340636478824965"
"KNA","Saint Kitts and Nevis","0.287054629822245","0.290344103506456","0.295099416867762","0.300791268231226","0.308030184581312","0.31666467747146","0.323120095303349","0.361941925963046","0.395311503275025","0.416731898625081","0.457665833260354","0.489428509897953","0.507853992093462","0.534481356233226","0.566987579971426","0.597248179729025","0.580452976431999","0.585918779494766","0.587615816094484","0.596185206248642","0.619266172099092","0.596084980720635","0.717822208233998","0.614161163506525","0.652146421229005","0.664298826649888","0.6618951938464","0.680092263061392","0.682160267686392","0.682896523336393"
"LCA","Saint Lucia","0.264381738583367","0.267901849605164","0.270995929341978","0.274345205529102","0.279051907815893","0.290202862270403","0.29847162272939","0.318299353747552","0.354367553055014","0.355332582761582","0.360835294663451","0.368530023405636","0.386313471698213","0.40277118329371","0.41023449263348","0.41716017657568","0.421310708055899","0.458863180493435","0.465051127942711","0.481727434903474","0.49359999399896","0.499226044369821","0.505452689906974","0.509531279170775","0.459004898973569","0.505346953300632","0.483201276608326","0.503365291340604","0.504596046190604","0.506498798115603"
"VCT","Saint Vincent and the Grenadines","0.254649292775554","0.256874762868732","0.259323213314395","0.262445324055834","0.267921408348198","0.270940313282635","0.278903363226727","0.286050389163075","0.301854256408451","0.304209964697597","0.321260700025505","0.335647496687198","0.35466975055831","0.372282599104473","0.40564971096582","0.414806845812915","0.426679012172208","0.432667381067987","0.445121617927564","0.461637243023168","0.476703929984341","0.495690353244835","0.491464130659401","0.518123267156556","0.514208154905769","0.5355170669597","0.555577878079161","0.576509265117032","0.583585712040383","0.579627394677775"
"WSM","Samoa","0.239161937962067","0.239451411646277","0.239730326348632","0.240011952709627","0.240347053545532","0.241028297153117","0.244608450904406","0.247498931858874","0.251735831554443","0.255853744378037","0.260606397690285","0.266779692627336","0.275179276848787","0.274445400188512","0.275448528355724","0.276445928176647","0.288350207819094","0.295060736611541","0.30103214472767","0.320768149012453","0.323398595906092","0.322440530839571","0.320624420573291","0.314614479511097","0.310213441077106","0.306882258741289","0.306701071701697","0.318217140150719","0.318217140150719","0.318217140150719"
"SMR","San Marino","0.333006302741919","0.337098372543209","0.338454481990576","0.350667549798679","0.463178718892154","0.486675701379727","0.492101123592781","0.493247330465129","0.490338175680978","0.497472130847675","0.498039244488027","0.500441702839082","0.501209086562507","0.555854510302213","0.556480970042912","0.551310376295153","0.540993936687143","0.578012463873981","0.583972619908239","0.602973560062258","0.595917135464819","0.599182503305484","0.600980018674948","0.608177756399922","0.617773477759079","0.641454193553069","0.663446764584194","0.707782095819563","0.707803343669563","0.707842844869563"
"STP","Sao Tome and Principe","0.23625127667781","0.236317066151495","0.237896013519916","0.237830224046231","0.23816877667781","0.248888840029214","0.253745367208723","0.258190904288884","0.265808294367098","0.274404665612236","0.276485103592669","0.279407017171832","0.283636912517724","0.290720872451439","0.30028065387112","0.311194298450339","0.316539173333146","0.320061449266486","0.323186255351447","0.326717881528257","0.330316849128655","0.335413908734558","0.346852220010217","0.360177679029144","0.375585906457673","0.394116726733276","0.404022533226739","0.414908873251487","0.416819360918759","0.41971923375145"
"SAU","Saudi Arabia","0.250142023017424","0.250703822323682","0.251196216537982","0.253769612881266","0.259099161857034","0.2664470234081","0.276229349246791","0.286792884994595","0.29506921470572","0.30479467807256","0.31658775012149","0.335859606026598","0.368599223699579","0.390149749414482","0.40041661552307","0.410526684120487","0.431039613044836","0.454963225859348","0.486795660421842","0.509696622080369","0.534319886397303","0.547943487515009","0.601108978257364","0.605795877346857","0.611127740520673","0.63026958593738","0.672406154326701","0.704657413634741","0.710842184027933","0.71197441008096"
"SEN","Senegal","0.234041975510361","0.234236422038412","0.234566272166142","0.235083079648518","0.236237929835492","0.237640611843356","0.239621597224488","0.240462444790722","0.2441029782411","0.251404429850911","0.255212528162691","0.262339980861538","0.267740285832925","0.274224765972086","0.280767140203638","0.284960370570303","0.289791425008861","0.292145417517507","0.298075957037201","0.308984453771143","0.318626551631699","0.328192441757715","0.338381171037301","0.352926093858539","0.372755062972341","0.398209235961668","0.403358702449889","0.408824706707802","0.417704180969464","0.427533496178037"
"SRB","Serbia","0.353835167328917","0.353835167328917","0.353835167328917","0.353835167328917","0.353835167328917","0.353835167328917","0.353835167328917","0.353835167328917","0.353835167328917","0.353835167328917","0.370935780690781","0.381615389879178","0.412731797299716","0.428013037817797","0.442336640468741","0.464688480696696","0.473649399289195","0.493186297740974","0.514288715528115","0.53418484838359","0.548675940941697","0.559527452815021","0.56875396197149","0.580514619871445","0.595373028763222","0.605269884417612","0.617392325938212","0.635976444366575","0.647172267935076","0.660511555738953"
"SYC","Seychelles","0.258126532086575","0.262777470351668","0.268316756636088","0.274125735657102","0.290398950814382","0.29898653973105","0.313824547555979","0.325375288327188","0.32751157869186","0.352914422404411","0.358249623235207","0.387391734183093","0.4028807847242","0.406572099021619","0.416892630974484","0.420683910760193","0.443642840019043","0.446976152735503","0.461782854916977","0.459111861464532","0.471025450372639","0.476504110716177","0.492684379006592","0.523971469701559","0.565119010981096","0.594487034519109","0.618840523568415","0.610801881412656","0.616521757781842","0.621721308877238"
"SLE","Sierra Leone","0.233306441735553","0.233327190419763","0.233333390419763","0.233352652261869","0.233459270682921","0.233760475105763","0.234070716610057","0.234445284165478","0.234853220025946","0.236124643432866","0.237400666512818","0.238676206629662","0.23995269962548","0.241562571569458","0.242486297457244","0.248523468568172","0.249930478201362","0.254083289424105","0.269037408929489","0.274367204425633","0.275087067276077","0.278418921025817","0.28245410242524","0.295039778610137","0.298200579370964","0.301713573570875","0.305547546612892","0.312684701254046","0.318196700379046","0.321675198829046"
"SGP","Singapore","0.297905764763866","0.315879806159668","0.33580966130415","0.355141734613402","0.376452161561677","0.41922444026183","0.44007103527742","0.463711490254207","0.494073885758688","0.524958038755334","0.53003210072848","0.533578690145156","0.567897181039888","0.572302916339377","0.58229360484129","0.59406284032848","0.59683242294104","0.597074432649835","0.620638601859613","0.613131123872526","0.612527555828511","0.631851232814922","0.622606883867674","0.632563816101264","0.632224584243255","0.64112412881602","0.656908661175785","0.655078856745013","0.648049051291163","0.6526486371841"
"SVK","Slovakia","0.261986639859415","0.265795606777235","0.271706947566297","0.281208118176432","0.292585201830945","0.308239608363087","0.319846097359109","0.391420438153349","0.399864389138222","0.427615546259716","0.439735940332456","0.450432128220583","0.486309929434371","0.500718092255408","0.521534844068126","0.54034517772562","0.54168838830004","0.552133139080171","0.559495751351252","0.569575246275433","0.568458280934642","0.579013778396298","0.585243030289268","0.588781091997322","0.599594973966421","0.624685327458143","0.626194190283289","0.631182748977953","0.622283575795838","0.630205538478695"
"SVN","Slovenia","0.282389521674926","0.291408253348886","0.302013303461494","0.310700013098253","0.329489430371361","0.349799577643951","0.388478563188818","0.393312560090978","0.403875451086334","0.44975428365259","0.482667531085712","0.517652093931574","0.535210444292634","0.551852166189128","0.56824163037342","0.5849892944924","0.580806295150363","0.582975191183563","0.594182615045937","0.595569660944058","0.600749074085964","0.609038205412346","0.620522618100435","0.623205864001893","0.632435365493785","0.644059580255554","0.65148773338477","0.651726886317","0.653137970093225","0.661093686667603"
"SLB","Solomon Islands","0.235255777569063","0.236048395864416","0.236482152388728","0.23677488489352","0.236781015320925","0.236557068428506","0.236373016389348","0.236190760809215","0.236191956736435","0.236772675329391","0.23781717909875","0.240075102910443","0.241578157719116","0.246094799565635","0.250609019791895","0.258685210937788","0.273181657572487","0.276545736689662","0.279378308769662","0.283873857203269","0.286323517917671","0.288866818858166","0.298874621646637","0.313269702784944","0.316981702230156","0.321172175432206","0.325728768659806","0.330548153888751","0.332185903563751","0.333106657038751"
"SOM","Somalia","0.234334749617554","0.234329314091239","0.234323703564923","0.234452649617554","0.234470815407028","0.23487997028746","0.235164309320083","0.235290894737963","0.237210876678496","0.240094778373833","0.240038454969082","0.240195021347148","0.240338667631483","0.240389427443723","0.24039868200648","0.240451839691629","0.244494532249288","0.24628136879164","0.256587516742619","0.257474659157586","0.25845110475656","0.260679635672244","0.262142604057592","0.263642933141582","0.265151439420171","0.297050762354808","0.318219044431746","0.326764494133286","0.324868033295847","0.329418285270847"
"ZAF","South Africa","0.246847204750907","0.248251325164071","0.252057555474935","0.257713742513588","0.26349467409172","0.267710544030138","0.272159077653583","0.275469658281791","0.278918426575849","0.286018225111651","0.29197969363432","0.293476655642341","0.294781787854072","0.295872465068432","0.300018226969672","0.336822401827371","0.362753324946737","0.381529870691657","0.39634566392287","0.402365717963326","0.408263597556825","0.412368364564285","0.418129927672828","0.42999876765585","0.446044295651994","0.452387037225342","0.460542577816666","0.469943879734332","0.471242745516889","0.478365533320142"
"ESP","Spain","0.285113025785108","0.290504975426044","0.296801466862444","0.304129629928955","0.320518742521856","0.348205994806253","0.364743160386542","0.37746835061549","0.43375736899542","0.455119301851635","0.482877506628725","0.503892962232821","0.526165751126387","0.54585784592056","0.556465022226709","0.571475112369853","0.577792067948179","0.586695767325234","0.597478840898041","0.615396351941587","0.62680049801381","0.636520048286947","0.651154070624045","0.65888715616324","0.672466151990452","0.682038223931082","0.686543742475495","0.690314617533911","0.697575275897308","0.706009129662824"
"LKA","Sri Lanka","0.234443460411958","0.234953990227492","0.235917200266852","0.237639715697478","0.238893820840737","0.240603725263235","0.241801329293269","0.243326455343953","0.245722797703361","0.248084138881623","0.253008350558587","0.263330017439336","0.278283874190178","0.292194137207831","0.298635098107063","0.303125700327324","0.308256022881331","0.309559566547187","0.308668829255834","0.31228199421319","0.328537587550174","0.34562832575384","0.359300014728338","0.372253749819434","0.382283455114744","0.396299775846373","0.429016725385666","0.433249274264626","0.431897338707403","0.438410320682157"
"SDN","Sudan","0.233184246952064","0.233304050856883","0.233367772286805","0.233617812061764","0.234048040727886","0.234714237787881","0.235360385565716","0.237191576589699","0.239021188000534","0.240687828927597","0.246271072337009","0.256318863272715","0.267252910587673","0.272962643006885","0.277586261961224","0.281978942576437","0.286678805640596","0.287550866860481","0.288532284169442","0.289476253899496","0.289572392788856","0.294841380998209","0.306128045611876","0.306091446997392","0.306086518955597","0.306010391878885","0.306013577131695","0.306057281794284","0.306057281794284","0.306057281794284"
"SUR","Suriname","0.24988539845038","0.250757173710782","0.254382771759103","0.256933447364154","0.259194571393568","0.26365478019807","0.269218527518367","0.273605218582088","0.279972668514585","0.287243393754218","0.289693515174753","0.30510738390858","0.317674876657689","0.336182392389761","0.364275821054395","0.36926692572336","0.375495154594679","0.386722803930322","0.398236871540532","0.410919894286339","0.423005713530244","0.441019356516165","0.449193975779737","0.465037519144784","0.487470333930833","0.512574445875987","0.551204749246573","0.564873339492324","0.574841286695556","0.57848335518149"
"SWZ","Swaziland","0.235927319717356","0.236182323664724","0.236553889454198","0.237237015125734","0.238832421736679","0.240776707400978","0.24276244987679","0.244745928399582","0.248317400672625","0.252468238176793","0.255746128454802","0.257709229896805","0.263886880020128","0.276674034996168","0.287173109505776","0.294090816605275","0.316034008633325","0.317414449741564","0.327499207298688","0.328344170394862","0.330067350374823","0.337578839871488","0.35680505325977","0.36983822880225","0.381686658841332","0.395815145841841","0.408512618644805","0.415226033415456","0.427822451745669","0.431252587084764"
"SWE","Sweden","0.356389448323018","0.368739139307919","0.411994044981531","0.443066924881023","0.463301208232075","0.474210472462383","0.50289252030741","0.559373637058733","0.590736050254213","0.614836852832157","0.665317426350985","0.668818655267307","0.665153932984274","0.686594212292524","0.686400129805757","0.67884812394124","0.681982201227878","0.679198739984921","0.681441968552262","0.677469243019056","0.676519492350897","0.67319754785975","0.67966938831937","0.665674490269456","0.675429606239022","0.6762511400806","0.67559494284811","0.673378325822172","0.672712897682147","0.670813463179219"
"CHE","Switzerland","0.33125503558047","0.336386095105302","0.367069763998176","0.398728970823052","0.432859019649891","0.475700157969068","0.502457272797568","0.534922166343765","0.560116485163251","0.588803241768768","0.615577971203884","0.646663506172013","0.664601088691127","0.674449037790104","0.691772971536108","0.700768972162938","0.709621185916496","0.710950737167714","0.720192325718094","0.711708274077531","0.722860928609394","0.722178359597689","0.724692625548015","0.723124686688275","0.728920075681283","0.728208114906074","0.735899419280742","0.732545845044086","0.733099724491216","0.731457396976201"
"SYR","Syrian Arab Republic","0.241418545974691","0.243286967027323","0.244065835448375","0.245235690711533","0.246081604485609","0.246568228228695","0.248203142559512","0.254797215861018","0.261899515204332","0.268234596201407","0.274082581398754","0.284558178329385","0.296405788855682","0.304275423135636","0.319690435206468","0.332237875880757","0.340405820576426","0.347225414247043","0.356289164039567","0.362611251053753","0.372911982400759","0.383462630372589","0.38905315724517","0.389010576134763","0.391183269011764","0.390737760274013","0.389763044770946","0.388485615392106","0.386599395842979","0.386049459754952"
"TJK","Tajikistan","0.238672211577446","0.238212421117328","0.237687647292764","0.237569918764098","0.237360818863745","0.237478869218772","0.237572154694223","0.237787471650776","0.238092460269354","0.239182128465953","0.240613125663407","0.260961281588324","0.269233118748737","0.281865860242033","0.290410567099822","0.294343599079599","0.298122038083113","0.301897507862163","0.305988695472979","0.30979747259497","0.310100341868243","0.313790050970366","0.317549854700363","0.344097796296975","0.319147383509342","0.332435506111846","0.35568279179499","0.386496877835949","0.401801801166437","0.405246549091437"
"TZA","Tanzania, United Republic of","0.233200196616499","0.233211794492462","0.23328594954219","0.233368840840756","0.233645133733392","0.233900508564561","0.234234168562205","0.234676743259666","0.236538124067842","0.23772538617055","0.239362581629506","0.242611111091714","0.245996798607448","0.251270797245313","0.25679208460263","0.261018402717899","0.265760734723925","0.268506875439096","0.269157000149995","0.277469757255081","0.285079322052355","0.295354320958262","0.300870801443362","0.303935914936614","0.307606082460194","0.315243263482411","0.324188199426492","0.326668130085624","0.330550616297871","0.337945062241888"
"THA","Thailand","0.241671959681758","0.243537046999114","0.245720479800605","0.247679458650749","0.251503468410464","0.255794333819278","0.26434431217009","0.276890659203421","0.284056776941522","0.292111181640479","0.307831114391447","0.321172884280331","0.330492538541954","0.331105402766113","0.338546113122964","0.347067342539485","0.353455810473604","0.36328544048886","0.372528725530875","0.387909009329789","0.402575823444058","0.427337992040689","0.455886195865985","0.463844937155187","0.492286781061963","0.527078481602647","0.550159189746742","0.55722590744492","0.548557649826723","0.55305427742136"
"TLS","Timor-Leste","0.234013025499753","0.234013025499753","0.234013025499753","0.234013025499753","0.234013025499753","0.234013025499753","0.234013025499753","0.234013025499753","0.234095551972934","0.234447121084927","0.23487309181172","0.236562287656378","0.239002406741176","0.24215996769428","0.25274424534649","0.259800210843869","0.267421916787416","0.274660165989195","0.285283518648646","0.303394792396012","0.306039038766638","0.312880386105869","0.320723749097801","0.328148821568408","0.329148148634595","0.339155831511516","0.3467278907167","0.346721303270531","0.346697179158217","0.346687244240497"
"TGO","Togo","0.233499172888739","0.233569843941371","0.234107700378626","0.23453587127671","0.235482812331739","0.236370049004312","0.237091967140532","0.237923550505467","0.239210285814427","0.240667136304277","0.241996882493562","0.244776996348645","0.248842377761592","0.252399709616736","0.257654965624846","0.259901615626695","0.261616454856123","0.266574206704823","0.27101303953226","0.274766126600216","0.281068603110585","0.290234022922253","0.292910655709289","0.299522414690581","0.312910081515488","0.334607129567949","0.338563578553754","0.353035789778643","0.358747160964056","0.364381353289348"
"TON","Tonga","0.241938741140573","0.243568140498607","0.243685254964555","0.245811042745245","0.247162988705043","0.251409096180527","0.253737448565499","0.255679058184123","0.260106098127386","0.267008145316117","0.27692120028168","0.284961318050448","0.298573905897858","0.307689103516655","0.321097902899369","0.336882947535321","0.359088898266745","0.372807295936822","0.382513629449819","0.370380551201857","0.38123263896609","0.38391427818828","0.404198546623959","0.408825836075143","0.40961820662957","0.422218660403028","0.442221095143276","0.44987186351265","0.456181868687651","0.46445762553765"
"TTO","Trinidad and Tobago","0.254749218841396","0.256362322985006","0.260791774274049","0.267071954493582","0.276515097134133","0.289051649532639","0.310655277083722","0.327844826213446","0.340250620046495","0.354198997223458","0.365917767860761","0.371526879307137","0.379708445956949","0.401111327482044","0.436477381489796","0.455173650325952","0.474082387627595","0.487165540854934","0.496226918103672","0.511804090294614","0.524897288065685","0.524789023558615","0.549692979566138","0.562889138723198","0.568624442627215","0.583105605284682","0.600188459441712","0.59647059856407","0.599090449367975","0.598894864899844"
"TUN","Tunisia","0.240317787956024","0.24115019376736","0.242050573205668","0.243588759426689","0.248612788178138","0.25305312405803","0.259317860650279","0.263571165455758","0.272506166239191","0.2857854332405","0.297852827413523","0.309199622308768","0.32138611430144","0.35185338901323","0.37393800121554","0.384658264322075","0.392016040882112","0.394882325922065","0.399223029871046","0.405607443943512","0.40626653339673","0.416333845803765","0.437875799810622","0.46856943858756","0.48216323904088","0.491930593683034","0.49772254793791","0.511916403289697","0.520012742940297","0.531333799567767"
"TUR","Turkey","0.26165469480862","0.264299579474131","0.267800503017789","0.2717771325539","0.280609093308398","0.289976137321824","0.296227767511252","0.313567681732056","0.319375505075182","0.331328945820735","0.342781920329711","0.355786157657128","0.391323154499043","0.409331250673002","0.415690100481142","0.426401277155117","0.434634529368305","0.438025483427136","0.444636567580308","0.453273864239233","0.459893867012554","0.474291797249803","0.496194786664087","0.518459935912408","0.528618278186668","0.550209343989422","0.565173742046945","0.572109167740036","0.579014705475928","0.584903223292333"
"TKM","Turkmenistan","0.242944588631626","0.243326167578995","0.243653745150389","0.243487223413056","0.243443810061921","0.243646666281652","0.244202296086433","0.243927231270886","0.244099044234951","0.245401403196991","0.246545596912464","0.248747149863764","0.250960693422617","0.25816061612642","0.266649368435862","0.277644581663504","0.284140867628831","0.290010913370339","0.2963576569602","0.303074720056221","0.3119315841605","0.320583747838622","0.322311695774909","0.325486986614227","0.329101941966031","0.332343880917093","0.335154821756393","0.338225060064828","0.338225060064828","0.338225060064828"
"TUV","Tuvalu","0.255069488763762","0.255016857184814","0.255030015079551","0.256280015079551","0.256648436132183","0.25702388281679","0.25799265544119","0.259595084557044","0.261570937968051","0.266091989165305","0.277063620660759","0.286834817350025","0.292926476618912","0.290743201302525","0.282839879795896","0.299799817611369","0.317099925110259","0.324661361251894","0.333011284492942","0.342519018866308","0.367647639039287","0.37701991409574","0.387747890796091","0.388352799651093","0.388957708506095","0.389668392706236","0.390452698000732","0.392901644981989","0.392901644981989","0.392901644981989"
"UGA","Uganda","0.233045545613199","0.233103172994432","0.233146734861903","0.233340137514396","0.233480131690355","0.233763716013942","0.234178335505941","0.234700306413739","0.235535200967406","0.23680088885035","0.239601410339354","0.242646114355495","0.248874830530363","0.255460135504658","0.257068767468336","0.26227114928134","0.26833240179129","0.267171215474262","0.26927594469501","0.272421341868721","0.272499589793398","0.275357202148997","0.279039856754125","0.282504799304687","0.288369178182117","0.27798065402223","0.284537537357024","0.283658714130719","0.282838293060382","0.28262369718016"
"UKR","Ukraine","0.255454925190582","0.258239103797352","0.259040219621636","0.260399317917823","0.261933747798945","0.264472236845094","0.267990305516749","0.271632922016306","0.278427194164653","0.28911446913639","0.302124167167515","0.309639036737053","0.318813119195634","0.337858864107807","0.357581609518393","0.380272639361243","0.395232147647427","0.414717855289621","0.431385535324214","0.444350556172079","0.455941776623872","0.46586847120172","0.478057900083307","0.485661976376614","0.512254103855045","0.531753199649433","0.537603278886511","0.536148268171025","0.553754073202405","0.557100972171656"
"ARE","United Arab Emirates","0.271701870604391","0.274407907560017","0.284924215267188","0.297054507881614","0.321112712770219","0.348283472236301","0.358890608958075","0.367747559999513","0.371146334018382","0.37460764338165","0.404927079883731","0.442604771876856","0.470944914639867","0.485267390376335","0.491263417708043","0.502524683545586","0.535652300766606","0.557115790076179","0.567404683385288","0.571755485379988","0.576592198643815","0.576440205388186","0.649200319739674","0.668014954124937","0.670440778981397","0.68006615923846","0.685719961148394","0.686338957947023","0.68589136626709","0.700373447927047"
"GBR","United Kingdom","0.308773850077053","0.318078424494855","0.329927928518986","0.35215351287769","0.382623879244441","0.404801052158751","0.421586854304226","0.486020555336769","0.517860865814132","0.539433161341122","0.573517304959197","0.589551261300856","0.620083332687312","0.63954615042282","0.653258726556136","0.663310620701042","0.671511354391092","0.68213381813959","0.695513423690509","0.702357706238179","0.707314869336185","0.716347321786895","0.705671483051064","0.707790403787287","0.715222479263046","0.722940792088544","0.726615188525442","0.721456315777755","0.715512046830124","0.712255475014515"
"USA","United States","0.340729199576354","0.362852780651452","0.380328057585571","0.40563522999646","0.429132118998772","0.457489047020347","0.481909443004301","0.515811442052578","0.532625966922731","0.551914094076592","0.57627108933007","0.586015061011418","0.610913404742587","0.615751023457928","0.606056549208281","0.610613289893351","0.606243328636974","0.620385396964842","0.612712454363124","0.615363993713093","0.621595762804048","0.650310072710834","0.654027834147993","0.656305148535888","0.659894515907461","0.667740397902747","0.673382962663221","0.676402350289235","0.678284412558341","0.682838750161592"
"URY","Uruguay","0.263052895545089","0.269264127892858","0.276862601477392","0.288994219711983","0.301557068380662","0.305332759192542","0.309008568845185","0.30943041330124","0.320145892356989","0.326635399738318","0.344520606067937","0.384893264046096","0.402564860852969","0.425129545640768","0.439849438693304","0.459491729573401","0.482688881522044","0.504871472490434","0.532897963064507","0.555608367275905","0.571040758840592","0.577855844921837","0.591905468784567","0.621130078464624","0.632166516426107","0.644918363234791","0.656705085884529","0.666978728754858","0.663213926102059","0.668528604385266"
"UZB","Uzbekistan","0.24169620840542","0.241476857378788","0.241414054883397","0.241298640369452","0.241557243714049","0.242906695367303","0.243253925735611","0.244550858207762","0.246928901583016","0.249101749195406","0.251401639024084","0.262078474457282","0.269792660259377","0.284887633599982","0.298130309527916","0.309090723635654","0.316259445612471","0.329831732515439","0.338893466061377","0.369475290635262","0.401314702064449","0.425507469866027","0.436822211560975","0.462146039398947","0.49991757361666","0.521613451200309","0.560512403370674","0.593732211853734","0.625754959712284","0.645131979955782"
"VUT","Vanuatu","0.236292514495519","0.236431592715304","0.236822655140904","0.237356954643112","0.238192221621057","0.242850145050401","0.244617603830093","0.247109472190625","0.248540571249547","0.251231874516002","0.252561865622832","0.255172316175203","0.260370849673815","0.264240445575126","0.281105364512335","0.283669844280256","0.283996878329206","0.287889972459943","0.286127260015359","0.31583429019259","0.323638588088391","0.323458059182869","0.324845856268525","0.326090102683202","0.327349857039689","0.320051034646059","0.320492887265991","0.320748495481409","0.321033027349178","0.320640382431307"
"VEN","Venezuela, Bolivarian Republic o","0.248552688790417","0.250115539257475","0.251771613845008","0.254494000376724","0.260770463255029","0.264521252046451","0.270483375771603","0.272183919123582","0.280158849246078","0.287628384043406","0.307744926752657","0.325276502271621","0.348163589043715","0.369673011334312","0.39222416497678","0.408002386507823","0.417505307797548","0.44327064283273","0.460348355559867","0.467237471540622","0.471418580546345","0.475803019218432","0.459581024084872","0.450248902307832","0.441420332292191","0.499682804111175","0.496334789283163","0.499465658496987","0.50358805604084","0.513803568988346"
"VNM","Viet Nam","0.234214570494886","0.234951259371375","0.235249537900038","0.235990413240879","0.236916572103631","0.238196325132499","0.241789142355138","0.245031504202356","0.251051310874668","0.2714142500448","0.28596676738276","0.302167502072057","0.331888027021448","0.351178579422328","0.366734405822339","0.374010681341212","0.379140972875888","0.386384431034042","0.387779225590998","0.397352013628546","0.414932609778945","0.438128883961281","0.457893346279028","0.493650895483355","0.496717424752426","0.507367540087589","0.527080377936741","0.544394539253746","0.548275079597616","0.567999265822509"
"YEM","Yemen","0.234297775548161","0.234377504467008","0.234487316530242","0.234674723926338","0.234968785626916","0.235402245384858","0.236092255314197","0.238538446463037","0.239937374328779","0.242664179455379","0.244977368757493","0.246860037825542","0.258797415457073","0.266625417286805","0.27753100594784","0.288096710353751","0.295171482429744","0.305149312966938","0.316446489016235","0.323389279615503","0.323896480496141","0.324740614022398","0.317736249538264","0.31119427685577","0.30441698880619","0.303654111397512","0.304291361782417","0.304342028550894","0.30627546391045","0.30627546391045"
"ZMB","Zambia","0.233954367680898","0.233950118900245","0.233922309755787","0.233966166887789","0.234392107761385","0.234776477816924","0.234960596121062","0.235622199613806","0.237243062909517","0.238380344811102","0.240623471948692","0.243835768592625","0.247758090692148","0.251199507463959","0.254447031637789","0.258667475486442","0.267385150483525","0.270281669869547","0.272239331951032","0.276615212514146","0.28240448143665","0.286193234650346","0.290991976653966","0.296999400789407","0.297695766070586","0.297745284847452","0.298048420765298","0.298751598256884","0.303280055970039","0.305280350152476"
"ZWE","Zimbabwe","0.234647844452266","0.234907486557529","0.235351789064501","0.235759546032441","0.23652239472708","0.237538319462403","0.23873009944324","0.239972227033439","0.242014965466492","0.24318735528365","0.244816014223259","0.245518229458486","0.248464551550391","0.251175154800981","0.261292682727307","0.27860232210876","0.284349644624682","0.293862761802561","0.303484844721606","0.307168231485543","0.323382075044726","0.324156327738635","0.327327091757369","0.329179405268764","0.333038615424942","0.339547338087579","0.347630870390372","0.358441754081978","0.36440680152795","0.373154041039297"
