regioncode_int,mergekey,iso_3166,region_name,population,population_share,model_region_id,n_leaves,member_leaf_ids,polygon_ids
1,AD.nat,AD,Andorra,113995.285644531,1,GM-A-0001,7,GM-R-000001|GM-R-000002|GM-R-000003|GM-R-000004|GM-R-000005|GM-R-000006|GM-R-000007,GADM 3.6:AND.1_1|GADM 3.6:AND.2_1|GADM 3.6:AND.3_1|GADM 3.6:AND.4_1|GADM 3.6:AND.5_1|GADM 3.6:AND.6_1|GADM 3.6:AND.7_1
2,AE-AJ,AE,‘Ajmān,405085.28125,0.0446300745397304,GM-R-000008,1,GM-R-000008,GADM 3.6:ARE.2_1
3,AE-AZ,AE,Abū Z̧aby,2447896,0.269695755442874,GM-R-000009,1,GM-R-000009,GADM 3.6:ARE.1_1
4,AE-DU,AE,Dubayy,3509190.25,0.38662333508716,GM-R-000012,1,GM-R-000012,GADM 3.6:ARE.3_1
5,AE-FU,AE,Al Fujayrah,237124.484375,0.0261250751451522,GM-R-000010,1,GM-R-000010,GADM 3.6:ARE.4_1
6,AE-RK,AE,Ra’s al Khaymah,345311.5625,0.0380445340453993,GM-R-000013,1,GM-R-000013,GADM 3.6:ARE.5_1
7,AE-SH,AE,Ash Shāriqah,2047572.5,0.225590307844596,GM-R-000011,1,GM-R-000011,GADM 3.6:ARE.6_1
8,AE-UQ,AE,Umm al Qaywayn,84329.1015625,0.0092909178950892,GM-R-000014,1,GM-R-000014,GADM 3.6:ARE.7_1
9,AF-BAL,AF,Balkh,1312606.875,0.0431876585274113,GM-R-000018,1,GM-R-000018,GADM 3.6:AFG.4_1
10,AF-BAM,AF,Bāmyān,432414.4375,0.0142273878224755,GM-R-000019,1,GM-R-000019,GADM 3.6:AFG.5_1
11,AF-BDG,AF,Bādghīs,652784.5,0.0214780484659483,GM-R-000016,1,GM-R-000016,GADM 3.6:AFG.2_1
12,AF-BDS,AF,Badakhshān,1236432.25,0.0406813455135063,GM-R-000015,1,GM-R-000015,GADM 3.6:AFG.1_1
13,AF-BGL,AF,Baghlān,1040586.0625,0.0342375743960913,GM-R-000017,1,GM-R-000017,GADM 3.6:AFG.3_1
14,AF-DAY,AF,Dāykundī,552004.8125,0.0181621746783382,GM-R-000020,1,GM-R-000020,GADM 3.6:AFG.6_1
15,AF-FRA,AF,Farāh,621372.125,0.0204445121110248,GM-R-000021,1,GM-R-000021,GADM 3.6:AFG.7_1
16,AF-FYB,AF,Fāryāb,1185629.125,0.0390098107559077,GM-R-000022,1,GM-R-000022,GADM 3.6:AFG.8_1
17,AF-GHA,AF,Ghaznī,912755,0.0300316507630567,GM-R-000023,1,GM-R-000023,GADM 3.6:AFG.9_1
18,AF-GHO,AF,Ghōr,804724.375,0.026477205154197,GM-R-000024,1,GM-R-000024,GADM 3.6:AFG.10_1
19,AF-HEL,AF,Helmand,1021093.1875,0.0335962158558829,GM-R-000025,1,GM-R-000025,GADM 3.6:AFG.11_1
20,AF-HER,AF,Herāt,2427122.75,0.0798576866596949,GM-R-000026,1,GM-R-000026,GADM 3.6:AFG.12_1
21,AF-JOW,AF,Jowzjān,559660.25,0.0184140554409069,GM-R-000027,1,GM-R-000027,GADM 3.6:AFG.13_1
22,AF-KAB,AF,Kābul,4809800.5,0.158253034884471,GM-R-000028,1,GM-R-000028,GADM 3.6:AFG.14_1
23,AF-KAN,AF,Kandahār,1405313.125,0.0462378984313862,GM-R-000029,1,GM-R-000029,GADM 3.6:AFG.15_1
24,AF-KAP,AF,Kāpīsā,484215.34375,0.0159317517818182,GM-R-000030,1,GM-R-000030,GADM 3.6:AFG.16_1
25,AF-KDZ,AF,Kunduz,912295,0.030016515749443,GM-R-000033,1,GM-R-000033,GADM 3.6:AFG.19_1
26,AF-KHO,AF,Khōst,809747.875,0.0266424893735201,GM-R-000031,1,GM-R-000031,GADM 3.6:AFG.17_1
27,AF-KNR,AF,Kunaṟ,535431.125,0.0176168638393332,GM-R-000032,1,GM-R-000032,GADM 3.6:AFG.18_1
28,AF-LAG,AF,Laghmān,538352.75,0.0177129917396576,GM-R-000034,1,GM-R-000034,GADM 3.6:AFG.20_1
29,AF-LOG,AF,Lōgar,433838.3125,0.0142742364474956,GM-R-000035,1,GM-R-000035,GADM 3.6:AFG.21_1
30,AF-NAN,AF,Nangarhār,1779829.25,0.0585603041932098,GM-R-000036,1,GM-R-000036,GADM 3.6:AFG.22_1
31,AF-NIM,AF,Nīmrōz,167874.203125,0.00552343119498271,GM-R-000037,1,GM-R-000037,GADM 3.6:AFG.23_1
32,AF-NUR,AF,Nūristān,182289.234375,0.00599771748674616,GM-R-000038,1,GM-R-000038,GADM 3.6:AFG.24_1
33,AF-PAN,AF,Panjshayr,149644.203125,0.00492362402502963,GM-R-000041,1,GM-R-000041,GADM 3.6:AFG.27_1
34,AF-PAR,AF,Parwān,695549.625,0.0228851153117486,GM-R-000042,1,GM-R-000042,GADM 3.6:AFG.28_1
35,AF-PIA,AF,Paktiyā,690035.9375,0.0227037028435434,GM-R-000040,1,GM-R-000040,GADM 3.6:AFG.26_1
36,AF-PKA,AF,Paktīkā,477517.9375,0.0157113923584041,GM-R-000039,1,GM-R-000039,GADM 3.6:AFG.25_1
37,AF-SAM,AF,Samangān,406516.15625,0.0133752773022774,GM-R-000043,1,GM-R-000043,GADM 3.6:AFG.29_1
38,AF-SAR,AF,Sar-e Pul,599579.4375,0.0197274846719109,GM-R-000044,1,GM-R-000044,GADM 3.6:AFG.30_1
39,AF-TAK,AF,Takhār,1172336.125,0.0385724417646742,GM-R-000045,1,GM-R-000045,GADM 3.6:AFG.31_1
40,AF-URU,AF,Uruzgān,419768.5,0.0138113086132995,GM-R-000046,1,GM-R-000046,GADM 3.6:AFG.32_1
41,AF-WAR,AF,Wardak,625094.25,0.0205669782252575,GM-R-000047,1,GM-R-000047,GADM 3.6:AFG.33_1
42,AF-ZAB,AF,Zābul,338886.53125,0.0111501136173494,GM-R-000048,1,GM-R-000048,GADM 3.6:AFG.34_1
43,AG.nat,AG,Antigua and Barbuda,90786.4184570312,1,GM-A-0002,8,GM-R-000049|GM-R-000050|GM-R-000051|GM-R-000052|GM-R-000053|GM-R-000054|GM-R-000055|GM-R-000056,GADM 3.6:ATG.1_1|GADM 3.6:ATG.2_1|GADM 3.6:ATG.3_1|GADM 3.6:ATG.4_1|GADM 3.6:ATG.5_1|GADM 3.6:ATG.6_1|GADM 3.6:ATG.7_1|GADM 3.6:ATG.8_1
44,AL01,AL,Northern Albania,767143.5625,0.275119341390006,GM-R-000058,1,GM-R-000058,gisco-statistical-regions-2024 2024-RG-01M-EPSG4326:AL01
45,AL02,AL,Central Albania,1242875.125,0.445730111722109,GM-R-000057,1,GM-R-000057,gisco-statistical-regions-2024 2024-RG-01M-EPSG4326:AL02
46,AL03,AL,Southern Albania,778384.1875,0.279150546887885,GM-R-000059,1,GM-R-000059,gisco-statistical-regions-2024 2024-RG-01M-EPSG4326:AL03
47,AM-AG,AM,Aragac̣otn,129419.125,0.0463757579384049,GM-R-000060,1,GM-R-000060,GADM 3.6:ARM.1_1
48,AM-AR,AM,Ararat,261442.1875,0.0936846049792645,GM-R-000061,1,GM-R-000061,GADM 3.6:ARM.2_1
49,AM-AV,AM,Armavir,304367.84375,0.109066488017009,GM-R-000062,1,GM-R-000062,GADM 3.6:ARM.3_1
50,AM-ER,AM,Erevan,995984.5,0.356898843833191,GM-R-000063,1,GM-R-000063,GADM 3.6:ARM.4_1
51,AM-GR,AM,Geġark'unik',210771.546875,0.0755274016740428,GM-R-000064,1,GM-R-000064,GADM 3.6:ARM.5_1
52,AM-KT,AM,Kotayk',212426.3125,0.0761203666633347,GM-R-000065,1,GM-R-000065,GADM 3.6:ARM.6_1
53,AM-LO,AM,Loṙi,191483.046875,0.0686156040012111,GM-R-000066,1,GM-R-000066,GADM 3.6:ARM.7_1
54,AM-SH,AM,Širak,220135.359375,0.0788828091679554,GM-R-000067,1,GM-R-000067,GADM 3.6:ARM.8_1
55,AM-SU,AM,Syunik',110738.6328125,0.039681832416518,GM-R-000068,1,GM-R-000068,GADM 3.6:ARM.9_1
56,AM-TV,AM,Tavuš,110477.671875,0.0395883202615805,GM-R-000069,1,GM-R-000069,GADM 3.6:ARM.10_1
57,AM-VD,AM,Vayoć Jor,43417.05859375,0.0155579710474885,GM-R-000070,1,GM-R-000070,GADM 3.6:ARM.11_1
58,AO-BGO,AO,Bengo,827654,0.0229367899711058,GM-R-002522,1,GM-R-002522,Angola-law-derived-ArcGIS-service DPA-2024-effective-2025-01-01:province-code-13
59,AO-BGU,AO,Benguela,1942424.25,0.0538304376672288,GM-R-002523,1,GM-R-002523,Angola-law-derived-ArcGIS-service DPA-2024-effective-2025-01-01:province-code-23
60,AO-BIE,AO,Bié,1075545,0.0298065976476558,GM-R-002524,1,GM-R-002524,Angola-law-derived-ArcGIS-service DPA-2024-effective-2025-01-01:province-code-21
61,AO-CAB,AO,Cabinda,1370054.125,0.0379683342485774,GM-R-002525,1,GM-R-002525,Angola-law-derived-ArcGIS-service DPA-2024-effective-2025-01-01:province-code-10
62,AO-CNN,AO,Cunene,1242907.75,0.034444724504696,GM-R-002527,1,GM-R-002527,Angola-law-derived-ArcGIS-service DPA-2024-effective-2025-01-01:province-code-26
63,AO-CNO,AO,Cuanza-Norte,316690.46875,0.00877644857340118,GM-R-002528,1,GM-R-002528,Angola-law-derived-ArcGIS-service DPA-2024-effective-2025-01-01:province-code-15
64,AO-CUS,AO,Cuanza-Sul,1881531.25,0.0521429088789785,GM-R-002529,1,GM-R-002529,Angola-law-derived-ArcGIS-service DPA-2024-effective-2025-01-01:province-code-16
65,AO-HUA,AO,Huambo,1693096.125,0.0469208029200826,GM-R-002530,1,GM-R-002530,Angola-law-derived-ArcGIS-service DPA-2024-effective-2025-01-01:province-code-22
66,AO-HUI,AO,Huíla,3211793,0.0890084763339121,GM-R-002531,1,GM-R-002531,Angola-law-derived-ArcGIS-service DPA-2024-effective-2025-01-01:province-code-25
67,AO-LNO,AO,Lunda-Norte,867912.5,0.024052474495136,GM-R-002532,1,GM-R-002532,Angola-law-derived-ArcGIS-service DPA-2024-effective-2025-01-01:province-code-18
68,AO-LSU,AO,Lunda-Sul,522927.625,0.0144919025398465,GM-R-002533,1,GM-R-002533,Angola-law-derived-ArcGIS-service DPA-2024-effective-2025-01-01:province-code-19
69,AO-MAL,AO,Malange,949144.3125,0.0263036531546782,GM-R-002535,1,GM-R-002535,Angola-law-derived-ArcGIS-service DPA-2024-effective-2025-01-01:province-code-17
70,AO-NAM,AO,Namibe,620699.375,0.0172014527804754,GM-R-002537,1,GM-R-002537,Angola-law-derived-ArcGIS-service DPA-2024-effective-2025-01-01:province-code-24
71,AO-UIG,AO,Uíge,921566.9375,0.0255394008725296,GM-R-002538,1,GM-R-002538,Angola-law-derived-ArcGIS-service DPA-2024-effective-2025-01-01:province-code-12
72,AO-ZAI,AO,Zaire,795115.5625,0.0220350516759662,GM-R-002539,1,GM-R-002539,Angola-law-derived-ArcGIS-service DPA-2024-effective-2025-01-01:province-code-11
73,AO2025-CCU,AO,Cubango,348907.96875,0.00966929272191505,GM-R-002610,1,GM-R-002610,Angola-law-derived-ArcGIS-service DPA-2024-effective-2025-01-01:province-code-27
74,AO2025-CUA,AO,Cuando,74159.5625,0.00205518526994564,GM-R-002609,1,GM-R-002609,Angola-law-derived-ArcGIS-service DPA-2024-effective-2025-01-01:province-code-30
75,AO2025-ICB,AO,Icolo e Bengo,2475561.25,0.0686052727973985,GM-R-002611,1,GM-R-002611,Angola-law-derived-ArcGIS-service DPA-2024-effective-2025-01-01:province-code-28
76,AO2025-LUA,AO,Luanda,13745158,0.380919807269299,GM-R-002612,1,GM-R-002612,Angola-law-derived-ArcGIS-service DPA-2024-effective-2025-01-01:province-code-14
77,AO2025-MOX,AO,Moxico,783824.4375,0.0217221405287205,GM-R-002613,1,GM-R-002613,Angola-law-derived-ArcGIS-service DPA-2024-effective-2025-01-01:province-code-20
78,AO2025-MXL,AO,Moxico Leste,417451.65625,0.0115688451484515,GM-R-002614,1,GM-R-002614,Angola-law-derived-ArcGIS-service DPA-2024-effective-2025-01-01:province-code-29
79,AR-A,AR,Salta,1388684.75,0.0307212181071305,GM-R-000087,1,GM-R-000087,GADM 3.6:ARG.17_1
80,AR-B,AR,Buenos Aires,17974340,0.397637850830954,GM-R-000071,1,GM-R-000071,GADM 3.6:ARG.1_1
81,AR-C,AR,Ciudad Autónoma de Buenos Aires,3093015,0.0684253128174889,GM-R-000075,1,GM-R-000075,GADM 3.6:ARG.5_1
82,AR-D,AR,San Luis,520052.0625,0.0115048666294676,GM-R-000089,1,GM-R-000089,GADM 3.6:ARG.19_1
83,AR-E,AR,Entre Ríos,1331248.375,0.0294505802581458,GM-R-000078,1,GM-R-000078,GADM 3.6:ARG.8_1
84,AR-F,AR,La Rioja,393851.34375,0.00871298761877394,GM-R-000082,1,GM-R-000082,GADM 3.6:ARG.12_1
85,AR-G,AR,Santiago del Estero,958876.1875,0.0212127658879535,GM-R-000092,1,GM-R-000092,GADM 3.6:ARG.22_1
86,AR-H,AR,Chaco,1144243.875,0.0253135678573724,GM-R-000073,1,GM-R-000073,GADM 3.6:ARG.3_1
87,AR-J,AR,San Juan,761510.875,0.0168465461162635,GM-R-000088,1,GM-R-000088,GADM 3.6:ARG.18_1
88,AR-K,AR,Catamarca,409292.4375,0.00905458365697224,GM-R-000072,1,GM-R-000072,GADM 3.6:ARG.2_1
89,AR-L,AR,La Pampa,344038.21875,0.00761099533598783,GM-R-000081,1,GM-R-000081,GADM 3.6:ARG.11_1
90,AR-M,AR,Mendoza,1937266.125,0.0428572252685,GM-R-000083,1,GM-R-000083,GADM 3.6:ARG.13_1
91,AR-N,AR,Misiones,1305673,0.0288847882930891,GM-R-000084,1,GM-R-000084,GADM 3.6:ARG.14_1
92,AR-P,AR,Formosa,589225.25,0.0130351524487314,GM-R-000079,1,GM-R-000079,GADM 3.6:ARG.9_1
93,AR-Q,AR,Neuquén,659250.625,0.014584290810342,GM-R-000085,1,GM-R-000085,GADM 3.6:ARG.15_1
94,AR-R,AR,Río Negro,749485.4375,0.0165805130311654,GM-R-000086,1,GM-R-000086,GADM 3.6:ARG.16_1
95,AR-S,AR,Santa Fe,3430108.25,0.0758826678836343,GM-R-000091,1,GM-R-000091,GADM 3.6:ARG.21_1
96,AR-T,AR,Tucumán,1582947.625,0.0350188041164773,GM-R-000094,1,GM-R-000094,GADM 3.6:ARG.24_1
97,AR-W,AR,Corrientes,1064100.625,0.0235405965166384,GM-R-000077,1,GM-R-000077,GADM 3.6:ARG.7_1
98,AR-X,AR,Córdoba,3615148,0.0799762150463283,GM-R-000076,1,GM-R-000076,GADM 3.6:ARG.6_1
99,AR-Y,AR,Jujuy,751320,0.0166210981925518,GM-R-000080,1,GM-R-000080,GADM 3.6:ARG.10_1
100,AR.A,AR,"Chubut, Santa Cruz, and Tierra del Fuego",1199111.265625,0.0265273732760318,GM-A-0003,3,GM-R-000074|GM-R-000090|GM-R-000093,GADM 3.6:ARG.20_1|GADM 3.6:ARG.23_1|GADM 3.6:ARG.4_1
101,AT-1,AT,Burgenland,296037.75,0.0337081754571605,GM-R-000095,1,GM-R-000095,GADM 3.6:AUT.1_1
102,AT-2,AT,Kärnten,556996,0.0634220429554561,GM-R-000096,1,GM-R-000096,GADM 3.6:AUT.2_1
103,AT-3,AT,Niederösterreich,1724507.5,0.196360097275396,GM-R-000097,1,GM-R-000097,GADM 3.6:AUT.3_1
104,AT-4,AT,Oberösterreich,1437458.375,0.163675406656296,GM-R-000098,1,GM-R-000098,GADM 3.6:AUT.4_1
105,AT-5,AT,Salzburg,548745.25,0.0624825758481255,GM-R-000099,1,GM-R-000099,GADM 3.6:AUT.5_1
106,AT-6,AT,Steiermark,1242931.5,0.141525711106883,GM-R-000100,1,GM-R-000100,GADM 3.6:AUT.6_1
107,AT-7,AT,Tirol,750898.4375,0.0855006372726373,GM-R-000101,1,GM-R-000101,GADM 3.6:AUT.7_1
108,AT-8,AT,Vorarlberg,385822.84375,0.0439315057370407,GM-R-000102,1,GM-R-000102,GADM 3.6:AUT.8_1
109,AT-9,AT,Wien,1838974.75,0.209393847691005,GM-R-000103,1,GM-R-000103,GADM 3.6:AUT.9_1
110,AU-ACT,AU,Australian Capital Territory,356821.125,0.0169585504422678,GM-R-000104,1,GM-R-000104,GADM 3.6:AUS.2_1
111,AU-NSW,AU,New South Wales,6726237,0.319676222788514,GM-R-000105,1,GM-R-000105,GADM 3.6:AUS.5_1
112,AU-NT,AU,Northern Territory,203685.921875,0.00968053105178964,GM-R-000106,1,GM-R-000106,GADM 3.6:AUS.6_1
113,AU-QLD,AU,Queensland,4218944,0.200512720868483,GM-R-000107,1,GM-R-000107,GADM 3.6:AUS.7_1
114,AU-SA,AU,South Australia,1571438,0.0746853499492119,GM-R-000108,1,GM-R-000108,GADM 3.6:AUS.8_1
115,AU-TAS,AU,Tasmania,465415.21875,0.0221196754081502,GM-R-000109,1,GM-R-000109,GADM 3.6:AUS.9_1
116,AU-VIC,AU,Victoria,5310449,0.252388412366535,GM-R-000110,1,GM-R-000110,GADM 3.6:AUS.10_1
117,AU-WA,AU,Western Australia,2187789.5,0.103978537125048,GM-R-000111,1,GM-R-000111,GADM 3.6:AUS.11_1
118,AZ-ABSHERON,AZ,Absheron,3161403.75,0.310012917848441,GM-R-000112,1,GM-R-000112,GADM 3.6:AZE.1_1
119,AZ-ARAN,AZ,Aran,2009412.25,0.197046566666121,GM-R-000113,1,GM-R-000113,GADM 3.6:AZE.2_1
120,AZ-GANJA,AZ,Ganja-Qazakh,322227.53125,0.0315982092366127,GM-R-000114,1,GM-R-000114,GADM 3.6:AZE.3_1
121,AZ-GUBA,AZ,Guba-Khachmaz,1266842.625,0.124228858345293,GM-R-000115,1,GM-R-000115,GADM 3.6:AZE.4_1
122,AZ-KALBAJAR,AZ,Kalbajar-Lachin,257002.609375,0.025202136496171,GM-R-000116,1,GM-R-000116,GADM 3.6:AZE.5_1
123,AZ-LANKARAN,AZ,Lankaran,937026,0.0918864489737678,GM-R-000117,1,GM-R-000117,GADM 3.6:AZE.6_1
124,AZ-NAKCHIVAN,AZ,Nakhchivan,544657.875,0.0534101274023862,GM-R-000119,1,GM-R-000119,GADM 3.6:AZE.8_1
125,AZ-SHEKI,AZ,Shaki-Zaqatala,621722.5625,0.0609672287802008,GM-R-000120,1,GM-R-000120,GADM 3.6:AZE.9_1
126,AZ-SHIRVAN,AZ,Mountainous Shirvan,429056.71875,0.0420740708307711,GM-R-000118,1,GM-R-000118,GADM 3.6:AZE.7_1
127,AZ-YUKHARI,AZ,Yukhari-Karabakh,648299.75,0.0635734354202353,GM-R-000121,1,GM-R-000121,GADM 3.6:AZE.10_1
128,BA-BIH,BA,Federacija Bosne i Hercegovine,2139182,0.638472425750819,GM-R-000123,1,GM-R-000123,GADM 3.6:BIH.2_1
129,BA-BRC,BA,Brčko distrikt,118337.390625,0.0353196506184916,GM-R-000122,1,GM-R-000122,GADM 3.6:BIH.1_1
130,BA-SRP,BA,Republika Srpska,1092949.5,0.326207923630689,GM-R-000124,1,GM-R-000124,GADM 3.6:BIH.3_1
131,BD-A,BD,Barisal,8268781.5,0.0501681294080232,GM-R-000136,1,GM-R-000136,GADM 3.6:BGD.1_1
132,BD-B,BD,Chittagong,32305822,0.196005017030449,GM-R-000137,1,GM-R-000137,GADM 3.6:BGD.2_1
133,BD-C,BD,Dhaka,45300984,0.27484891548081,GM-R-000138,1,GM-R-000138,globalmrp-mixed-source-partition-repairs worldpop-readiness-overlap-repair-2026-08-10:BD-C
134,BD-D,BD,Khulna,16604640,0.100743226591927,GM-R-000139,1,GM-R-000139,GADM 3.6:BGD.4_1
135,BD-E,BD,Rajshahi,20630230,0.125167178302786,GM-R-000141,1,GM-R-000141,GADM 3.6:BGD.5_1
136,BD-F,BD,Rangpur,17606240,0.106820107256276,GM-R-000142,1,GM-R-000142,GADM 3.6:BGD.6_1
137,BD-G,BD,Sylhet,12015196,0.0728982750107452,GM-R-000143,1,GM-R-000143,GADM 3.6:BGD.7_1
138,BD-H,BD,Mymensingh,12089510,0.0733491509189824,GM-R-000140,1,GM-R-000140,globalmrp-mixed-source-partition-repairs worldpop-readiness-overlap-repair-2026-08-10:BD-H
139,BE-BRU,BE,Brussels Hoofdstedelijk Gewest,1261529.375,0.108732154422094,GM-R-000146,1,GM-R-000146,GADM 4.1:BEL.1.1_1
140,BE-VAN,BE,Antwerpen,1882165.625,0.162225254077382,GM-R-000144,1,GM-R-000144,GADM 4.1:BEL.2.1_1
141,BE-VBR,BE,Vlaams-Brabant,1165318.375,0.100439656826384,GM-R-000153,1,GM-R-000153,GADM 4.1:BEL.2.4_1
142,BE-VLI,BE,Limburg,890405.5625,0.0767447171969667,GM-R-000149,1,GM-R-000149,GADM 4.1:BEL.2.2_1
143,BE-VOV,BE,Oost-Vlaanderen,1521633.625,0.131150733043652,GM-R-000152,1,GM-R-000152,GADM 4.1:BEL.2.3_1
144,BE-VWV,BE,West-Vlaanderen,1185571,0.102185245627242,GM-R-000154,1,GM-R-000154,GADM 4.1:BEL.2.5_1
145,BE-WBR,BE,Brabant wallon,409393.03125,0.0352858896315466,GM-R-000145,1,GM-R-000145,GADM 4.1:BEL.3.1_1
146,BE-WHT,BE,Hainaut,1359944.75,0.117214648737383,GM-R-000147,1,GM-R-000147,GADM 4.1:BEL.3.2_1
147,BE-WLG,BE,Liège,1130560,0.0974438066520981,GM-R-000148,1,GM-R-000148,GADM 4.1:BEL.3.3_1
148,BE-WLX,BE,Luxembourg,292058.5625,0.025172744564941,GM-R-000150,1,GM-R-000150,GADM 4.1:BEL.3.4_1
149,BE-WNA,BE,Namur,503594.09375,0.0434051492203099,GM-R-000151,1,GM-R-000151,GADM 4.1:BEL.3.5_1
150,BF-01,BF,Boucle du Mouhoun,1938578.25,0.0849553149273854,GM-R-000155,1,GM-R-000155,GADM 3.6:BFA.1_1
151,BF-02,BF,Cascades,1139585,0.0499406214639644,GM-R-000156,1,GM-R-000156,GADM 3.6:BFA.2_1
152,BF-03,BF,Centre,4218651.5,0.184876141446128,GM-R-000157,1,GM-R-000157,GADM 3.6:BFA.7_1
153,BF-04,BF,Centre-Est,1726232.5,0.0756495775578767,GM-R-000158,1,GM-R-000158,GADM 3.6:BFA.3_1
154,BF-05,BF,Centre-Nord,1737056.5,0.0761239232949002,GM-R-000159,1,GM-R-000159,GADM 3.6:BFA.4_1
155,BF-06,BF,Centre-Ouest,1713911.75,0.0751096389733023,GM-R-000160,1,GM-R-000160,GADM 3.6:BFA.5_1
156,BF-07,BF,Centre-Sud,881659.1875,0.0386374054968817,GM-R-000161,1,GM-R-000161,GADM 3.6:BFA.6_1
157,BF-08,BF,Est,2031701.375,0.0890362976844123,GM-R-000162,1,GM-R-000162,GADM 3.6:BFA.8_1
158,BF-09,BF,Hauts-Bassins,2480561,0.108706904635699,GM-R-000163,1,GM-R-000163,GADM 3.6:BFA.9_1
159,BF-10,BF,Nord,1598667.375,0.0700592252632885,GM-R-000164,1,GM-R-000164,GADM 3.6:BFA.10_1
160,BF-11,BF,Plateau-Central,923625.6875,0.0404765250804735,GM-R-000165,1,GM-R-000165,GADM 3.6:BFA.11_1
161,BF-12,BF,Sahel,1494114.75,0.0654773616303091,GM-R-000166,1,GM-R-000166,GADM 3.6:BFA.12_1
162,BF-13,BF,Sud-Ouest,934454.0625,0.0409510625453794,GM-R-000167,1,GM-R-000167,GADM 3.6:BFA.13_1
163,BG31,BG,Severozapaden,699004.625,0.101259796078027,GM-R-000170,1,GM-R-000170,gisco-nuts-2024 2024-RG-01M-EPSG4326:BG31
164,BG32,BG,Severen tsentralen,741976.1875,0.107484778718026,GM-R-000168,1,GM-R-000168,gisco-nuts-2024 2024-RG-01M-EPSG4326:BG32
165,BG33,BG,Severoiztochen,914618.125,0.132494180316428,GM-R-000169,1,GM-R-000169,gisco-nuts-2024 2024-RG-01M-EPSG4326:BG33
166,BG34,BG,Yugoiztochen,1000457.1875,0.144929070807001,GM-R-000171,1,GM-R-000171,gisco-nuts-2024 2024-RG-01M-EPSG4326:BG34
167,BG41,BG,Yugozapaden,2176414.75,0.315281624590409,GM-R-000172,1,GM-R-000172,gisco-nuts-2024 2024-RG-01M-EPSG4326:BG41
168,BG42,BG,Yuzhen tsentralen,1370610.625,0.198550549490108,GM-R-000173,1,GM-R-000173,gisco-nuts-2024 2024-RG-01M-EPSG4326:BG42
169,BH-13,BH,Al ‘Āşimah,604658.875,0.374943460306374,GM-R-000174,1,GM-R-000174,GADM 3.6:BHR.2_1
170,BH-14,BH,Al Janūbīyah,237404.9375,0.147212639126596,GM-R-000175,1,GM-R-000175,GADM 3.6:BHR.5_1
171,BH-15,BH,Al Muḩarraq,302659.28125,0.187676263257882,GM-R-000176,1,GM-R-000176,GADM 3.6:BHR.3_1
172,BH-17,BH,Ash Shamālīyah,467943.71875,0.290167637309148,GM-R-000177,1,GM-R-000177,GADM 3.6:BHR.4_1
173,BI2025-BUH,BI,Buhumuza,1998820.125,0.176088886551397,GM-R-002572,1,GM-R-002572,GADM 4.1|Organic-Law-1-05-2023:BI-CA|BI-RY|BI-MY
174,BI2025-BUJ,BI,Bujumbura,2690855.75,0.237054743926958,GM-R-002573,1,GM-R-002573,GADM 4.1|Organic-Law-1-05-2023:BI-BL|BI-BM|BI-CI|BI-BB
175,BI2025-BUR,BI,Burunga,1968626.375,0.173428925431429,GM-R-002574,1,GM-R-002574,GADM 4.1|Organic-Law-1-05-2023:BI-MA|BI-BR|BI-RT|BI-RM
176,BI2025-BUT,BI,Butanyerera,2564497.75,0.225923057164068,GM-R-002575,1,GM-R-002575,GADM 4.1|Organic-Law-1-05-2023:BI-KY|BI-NG|BI-KI
177,BI2025-GIT,BI,Gitega,2128399.75,0.187504386926148,GM-R-002576,1,GM-R-002576,GADM 4.1|Organic-Law-1-05-2023:BI-GI|BI-MW|BI-MU|BI-KR
178,BJ-AK,BJ,Atacora,1037561,0.079837999562802,GM-R-000197,1,GM-R-000197,GADM 3.6:BEN.2_1
179,BJ-AL,BJ,Alibori,1206923.5,0.09287006534106,GM-R-000196,1,GM-R-000196,GADM 3.6:BEN.1_1
180,BJ-AQ,BJ,Atlantique,1972170,0.151754072866821,GM-R-000198,1,GM-R-000198,GADM 3.6:BEN.3_1
181,BJ-BO,BJ,Borgou,1699929.75,0.130805794201299,GM-R-000199,1,GM-R-000199,GADM 3.6:BEN.4_1
182,BJ-CO,BJ,Collines,867204.625,0.0667294573250247,GM-R-000200,1,GM-R-000200,GADM 3.6:BEN.5_1
183,BJ-DO,BJ,Donga,721476.25,0.0555159846332621,GM-R-000202,1,GM-R-000202,GADM 3.6:BEN.6_1
184,BJ-KO,BJ,Couffo,930505.75,0.071600337389016,GM-R-000201,1,GM-R-000201,GADM 3.6:BEN.7_1
185,BJ-LI,BJ,Littoral,619235.5625,0.0476487922812697,GM-R-000203,1,GM-R-000203,GADM 3.6:BEN.8_1
186,BJ-MO,BJ,Mono,602292.4375,0.0463450566875624,GM-R-000204,1,GM-R-000204,GADM 3.6:BEN.9_1
187,BJ-OU,BJ,Ouémé,1452273.125,0.111749170524739,GM-R-000205,1,GM-R-000205,GADM 3.6:BEN.10_1
188,BJ-PL,BJ,Plateau,815986.875,0.0627883659558351,GM-R-000206,1,GM-R-000206,GADM 3.6:BEN.11_1
189,BJ-ZO,BJ,Zou,1070270.25,0.0823549032313088,GM-R-000207,1,GM-R-000207,GADM 3.6:BEN.12_1
190,BO-B,BO,El Beni,521599.15625,0.0439685790371976,GM-R-000210,1,GM-R-000210,GADM 3.6:BOL.3_1
191,BO-C,BO,Cochabamba,2054228.5,0.173162680729919,GM-R-000209,1,GM-R-000209,GADM 3.6:BOL.2_1
192,BO-H,BO,Chuquisaca,627178.5625,0.0528684716324582,GM-R-000208,1,GM-R-000208,GADM 3.6:BOL.1_1
193,BO-L,BO,La Paz,3105508,0.261781048363515,GM-R-000211,1,GM-R-000211,GADM 3.6:BOL.4_1
194,BO-N,BO,Pando,195487.515625,0.0164787618587012,GM-R-000213,1,GM-R-000213,GADM 3.6:BOL.6_1
195,BO-O,BO,Oruro,600452.8125,0.0506156051599515,GM-R-000212,1,GM-R-000212,GADM 3.6:BOL.5_1
196,BO-P,BO,Potosí,941684.5,0.0793799776518598,GM-R-000214,1,GM-R-000214,GADM 3.6:BOL.7_1
197,BO-S,BO,Santa Cruz,3245138.25,0.273551281519655,GM-R-000215,1,GM-R-000215,GADM 3.6:BOL.8_1
198,BO-T,BO,Tarija,571720.5,0.048193594046743,GM-R-000216,1,GM-R-000216,GADM 3.6:BOL.9_1
199,BR-AC,BR,Acre,939091.75,0.00434690014776359,GM-R-000217,1,GM-R-000217,GADM 3.6:BRA.1_1
200,BR-AL,BR,Alagoas,3432719,0.0158894876121858,GM-R-000218,1,GM-R-000218,GADM 3.6:BRA.2_1
201,BR-AM,BR,Amazonas,4395352.5,0.0203453586209474,GM-R-000220,1,GM-R-000220,GADM 3.6:BRA.4_1
202,BR-AP,BR,Amapá,934210.3125,0.00432430478219888,GM-R-000219,1,GM-R-000219,GADM 3.6:BRA.3_1
203,BR-BA,BR,Bahia,15103857,0.0699132520598761,GM-R-000221,1,GM-R-000221,GADM 3.6:BRA.5_1
204,BR-CE,BR,Ceará,9594337,0.0444105966461676,GM-R-000222,1,GM-R-000222,GADM 3.6:BRA.6_1
205,BR-DF,BR,Distrito Federal,3240356.5,0.0149990734650333,GM-R-000223,1,GM-R-000223,GADM 3.6:BRA.7_1
206,BR-ES,BR,Espírito Santo,3896721,0.0180372760070499,GM-R-000224,1,GM-R-000224,GADM 3.6:BRA.8_1
207,BR-GO,BR,Goiás,7308363,0.0338292016776954,GM-R-000225,1,GM-R-000225,GADM 3.6:BRA.9_1
208,BR-MA,BR,Maranhão,7751654.5,0.0358811245988076,GM-R-000226,1,GM-R-000226,GADM 3.6:BRA.10_1
209,BR-MG,BR,Minas Gerais,21664828,0.100282899976997,GM-R-000229,1,GM-R-000229,GADM 3.6:BRA.13_1
210,BR-MS,BR,Mato Grosso do Sul,2919632.5,0.0135144951977966,GM-R-000228,1,GM-R-000228,GADM 3.6:BRA.11_1
211,BR-MT,BR,Mato Grosso,3847836,0.017810995439977,GM-R-000227,1,GM-R-000227,GADM 3.6:BRA.12_1
212,BR-PA,BR,Pará,9678984,0.0448024135871723,GM-R-000230,1,GM-R-000230,GADM 3.6:BRA.14_1
213,BR-PB,BR,Paraíba,4113080.75,0.0190387694492456,GM-R-000231,1,GM-R-000231,GADM 3.6:BRA.15_1
214,BR-PE,BR,Pernambuco,9773618,0.0452404586968045,GM-R-000233,1,GM-R-000233,GADM 3.6:BRA.17_1
215,BR-PI,BR,Piauí,3422990.25,0.0158444548400285,GM-R-000234,1,GM-R-000234,GADM 3.6:BRA.18_1
216,BR-PR,BR,Paraná,11488648,0.0531790484676325,GM-R-000232,1,GM-R-000232,GADM 3.6:BRA.16_1
217,BR-RJ,BR,Rio de Janeiro,17741942,0.0821245105192469,GM-R-000235,1,GM-R-000235,GADM 3.6:BRA.19_1
218,BR-RN,BR,Rio Grande do Norte,3641438.5,0.0168556156027588,GM-R-000236,1,GM-R-000236,GADM 3.6:BRA.20_1
219,BR-RO,BR,Rondônia,1817845,0.00841450337425635,GM-R-000238,1,GM-R-000238,GADM 3.6:BRA.22_1
220,BR-RR,BR,Roraima,633049.875,0.00293028300501971,GM-R-000239,1,GM-R-000239,GADM 3.6:BRA.23_1
221,BR-RS,BR,Rio Grande do Sul,11262987,0.052134501079963,GM-R-000237,1,GM-R-000237,GADM 3.6:BRA.21_1
222,BR-SC,BR,Santa Catarina,7263431.5,0.0336212212072151,GM-R-000240,1,GM-R-000240,GADM 3.6:BRA.24_1
223,BR-SE,BR,Sergipe,2399841,0.011108466449108,GM-R-000242,1,GM-R-000242,GADM 3.6:BRA.26_1
224,BR-SP,BR,São Paulo,46060496,0.213206405943258,GM-R-000241,1,GM-R-000241,GADM 3.6:BRA.25_1
225,BR-TO,BR,Tocantins,1709800.125,0.0079143815457954,GM-R-000243,1,GM-R-000243,GADM 3.6:BRA.27_1
226,BS.nat,BS,Bahamas,373986,1,GM-A-0005,6,GM-R-000244|GM-R-000245|GM-R-000246|GM-R-000247|GM-R-000248|GM-R-000249, :
227,BW-FR,BW,Francistown,94972.296875,0.0395187766251303,GM-R-000252,1,GM-R-000252,GADM 3.6:BWA.3_1
228,BW-GA,BW,Gaborone,169885.875,0.0706909505908462,GM-R-000253,1,GM-R-000253,GADM 3.6:BWA.4_1
229,BW-KG,BW,Kgalagadi,59651.703125,0.0248215785936836,GM-R-000256,1,GM-R-000256,GADM 3.6:BWA.7_1
230,BW-KL,BW,Kgatleng,113146.71875,0.0470813074051779,GM-R-000257,1,GM-R-000257,GADM 3.6:BWA.8_1
231,BW-KW,BW,Kweneng,391362.34375,0.162849183930971,GM-R-000258,1,GM-R-000258,GADM 3.6:BWA.9_1
232,BW-NE,BW,North East,93939.4609375,0.0390890048490702,GM-R-000260,1,GM-R-000260,GADM 3.6:BWA.11_1
233,BW.A,BW,Central and Ghanzi,773479.625640869,0.321851419367295,GM-A-0056,4,GM-R-000250|GM-R-000254|GM-R-000262|GM-R-000265,GADM 3.6:BWA.1_1|GADM 3.6:BWA.13_1|GADM 3.6:BWA.16_1|GADM 3.6:BWA.5_1
234,BW.B,BW,Southern,245903.023681641,0.102322329606382,GM-A-0007,2,GM-R-000255|GM-R-000264,GADM 3.6:BWA.15_1|GADM 3.6:BWA.6_1
235,BW.C,BW,South-East,249203.671875,0.10369575725806,GM-A-0008,2,GM-R-000259|GM-R-000263,GADM 3.6:BWA.10_1|GADM 3.6:BWA.14_1
236,BW.D,BW,Chobe and North-West,211674.837890625,0.0880796917733835,GM-A-0057,2,GM-R-000251|GM-R-000261,GADM 3.6:BWA.12_1|GADM 3.6:BWA.2_1
237,BY-BR,BY,Brestskaya voblasts',1327776.625,0.117306080672663,GM-R-000266,1,GM-R-000266,GADM 3.6:BLR.1_1
238,BY-HM,BY,Horad Minsk,2149747.25,0.189925338032167,GM-R-000268,1,GM-R-000268,GADM 4.1:BLR.7_1
239,BY-HO,BY,Homyel'skaya voblasts',1354947,0.119706522239148,GM-R-000267,1,GM-R-000267,GADM 3.6:BLR.2_1
240,BY-HR,BY,Hrodzenskaya voblasts',976809.9375,0.086298962621242,GM-R-000269,1,GM-R-000269,GADM 3.6:BLR.3_1
241,BY-MA,BY,Mahilyowskaya voblasts',986098,0.0871195420684196,GM-R-000270,1,GM-R-000270,GADM 3.6:BLR.4_1
242,BY-MI,BY,Minskaya voblasts',3422218.5,0.302345313121083,GM-R-000271,1,GM-R-000271,GADM 3.6:BLR.5_1
243,BY-VI,BY,Vitsyebskaya voblasts',1101309.75,0.0972982412452775,GM-R-000272,1,GM-R-000272,GADM 3.6:BLR.6_1
244,BZ.nat,BZ,Belize,410415.875,1,GM-R-002483,1,GM-R-002483,GADM 4.1:BLZ
245,CA-AB,CA,Alberta,4397699.5,0.119812339852184,GM-R-000273,1,GM-R-000273,GADM 3.6:CAN.1_1
246,CA-BC,CA,British Columbia,4882202,0.133012281819394,GM-R-000274,1,GM-R-000274,GADM 3.6:CAN.2_1
247,CA-MB,CA,Manitoba,1328778,0.0362016552800174,GM-R-000275,1,GM-R-000275,GADM 3.6:CAN.3_1
248,CA-NB,CA,New Brunswick,776641.1875,0.0211590623461092,GM-R-000276,1,GM-R-000276,GADM 3.6:CAN.4_1
249,CA-NL,CA,Newfoundland and Labrador,493839.40625,0.0134543196446291,GM-R-000277,1,GM-R-000277,GADM 3.6:CAN.5_1
250,CA-NS,CA,Nova Scotia,905558.1875,0.0246713185647808,GM-R-000279,1,GM-R-000279,GADM 3.6:CAN.7_1
251,CA-NT,CA,Northwest Territories,40760.4609375,0.00111049110981216,GM-R-000278,1,GM-R-000278,GADM 3.6:CAN.6_1
252,CA-NU,CA,Nunavut,31117.828125,0.000847784119577596,GM-R-000280,1,GM-R-000280,GADM 3.6:CAN.8_1
253,CA-ON,CA,Ontario,14267242,0.388701330606456,GM-R-000281,1,GM-R-000281,GADM 3.6:CAN.9_1
254,CA-PE,CA,Prince Edward Island,141200.578125,0.00384691397255253,GM-R-000282,1,GM-R-000282,GADM 3.6:CAN.10_1
255,CA-QC,CA,Quebec,8233153.5,0.224306682436395,GM-R-000283,1,GM-R-000283,GADM 3.6:CAN.11_1
256,CA-SK,CA,Saskatchewan,1165397.375,0.0317504609754128,GM-R-000284,1,GM-R-000284,GADM 3.6:CAN.12_1
257,CA-YT,CA,Yukon,41306.1953125,0.00112535927267925,GM-R-000285,1,GM-R-000285,GADM 3.6:CAN.13_1
258,CD.nat,CD,Democratic Republic of the Congo,114387787.5625,1,GM-A-0010,26,GM-R-000286|GM-R-000287|GM-R-000288|GM-R-000289|GM-R-000290|GM-R-000291|GM-R-000292|GM-R-000293|GM-R-000294|GM-R-000295|GM-R-000296|GM-R-000297|GM-R-000298|GM-R-000299|GM-R-000300|GM-R-000301|GM-R-000302|GM-R-000303|GM-R-000304|GM-R-000305|GM-R-000306|GM-R-000307|GM-R-000308|GM-R-000309|GM-R-000310|GM-R-000311,GADM 3.6:COD.1_1|GADM 3.6:COD.10_1|GADM 3.6:COD.11_1|GADM 3.6:COD.12_1|GADM 3.6:COD.13_1|GADM 3.6:COD.14_1|GADM 3.6:COD.15_1|GADM 3.6:COD.16_1|GADM 3.6:COD.17_1|GADM 3.6:COD.18_1|GADM 3.6:COD.19_1|GADM 3.6:COD.2_1|GADM 3.6:COD.20_1|GADM 3.6:COD.21_1|GADM 3.6:COD.22_1|GADM 3.6:COD.23_1|GADM 3.6:COD.24_1|GADM 3.6:COD.25_1|GADM 3.6:COD.26_1|GADM 3.6:COD.3_1|GADM 3.6:COD.4_1|GADM 3.6:COD.5_1|GADM 3.6:COD.6_1|GADM 3.6:COD.7_1|GADM 3.6:COD.8_1|GADM 3.6:COD.9_1
259,CF-AC,CF,Ouham,508848.25,0.0941920544181842,GM-R-000325,1,GM-R-000325,GADM 3.6:CAF.15_1
260,CF-BB,CF,Bamingui-Bangoran,60133.69921875,0.0111312491871186,GM-R-000312,1,GM-R-000312,GADM 3.6:CAF.1_1
261,CF-BGF,CF,Bangui,285809.09375,0.0529056466475259,GM-R-000313,1,GM-R-000313,GADM 3.6:CAF.2_1
262,CF-BK,CF,Basse-Kotto,342606.78125,0.0634193722461243,GM-R-000314,1,GM-R-000314,GADM 3.6:CAF.3_1
263,CF-HK,CF,Haute-Kotto,124389.375,0.0230255106095853,GM-R-000317,1,GM-R-000317,GADM 3.6:CAF.5_1
264,CF-HM,CF,Haut-Mbomou,79914.3046875,0.0147928042120934,GM-R-000316,1,GM-R-000316,GADM 3.6:CAF.4_1
265,CF-HS,CF,Haute-Sangha/Mambéré-Kadéï,496957.25,0.0919909311577886,GM-R-000318,1,GM-R-000318,GADM 3.6:CAF.8_1
266,CF-KB,CF,Gribingui,161626.953125,0.029918496848904,GM-R-000315,1,GM-R-000315,GADM 3.6:CAF.10_1
267,CF-KG,CF,Kémo-Gribingui,162637.34375,0.0301055285793533,GM-R-000319,1,GM-R-000319,GADM 3.6:CAF.6_1
268,CF-LB,CF,Lobaye,341215.71875,0.0631618749771466,GM-R-000320,1,GM-R-000320,GADM 3.6:CAF.7_1
269,CF-MB,CF,Mbomou,226726.109375,0.0419688935400155,GM-R-000321,1,GM-R-000321,GADM 3.6:CAF.9_1
270,CF-MP,CF,Ombella-Mpoko,1096367.25,0.202946720705662,GM-R-000323,1,GM-R-000323,GADM 3.6:CAF.12_1
271,CF-NM,CF,Nana-Mambéré,322161.9375,0.0596348611761319,GM-R-000322,1,GM-R-000322,GADM 3.6:CAF.11_1
272,CF-OP,CF,Ouham-Pendé,594896.1875,0.11012024521293,GM-R-000326,1,GM-R-000326,GADM 3.6:CAF.14_1
273,CF-SE,CF,Sangha,144052.25,0.0266652727430268,GM-R-000327,1,GM-R-000327,GADM 3.6:CAF.16_1
274,CF-UK,CF,Ouaka,380993.03125,0.0705249872284104,GM-R-000324,1,GM-R-000324,GADM 3.6:CAF.13_1
275,CF-VK,CF,Vakaga,72906.2265625,0.0134955505099987,GM-R-000328,1,GM-R-000328,GADM 3.6:CAF.17_1
276,CG-11,CG,Bouenza,266502.40625,0.0659341864508368,GM-R-002489,1,GM-R-002489,GADM 3.6:COG.1_1
277,CG-12,CG,Pool,589411.6875,0.145823749386606,GM-R-002499,1,GM-R-002499,GADM 3.6:COG.11_1
278,CG-13,CG,Sangha,109945.984375,0.0272012517084057,GM-R-002500,1,GM-R-002500,GADM 3.6:COG.12_1
279,CG-14,CG,Plateaux,114447.21875,0.0283148822782616,GM-R-002497,1,GM-R-002497,GADM 3.6:COG.9_1
280,CG-15,CG,Cuvette-Ouest,173627.40625,0.0429563917930392,GM-R-002492,1,GM-R-002492,GADM 3.6:COG.3_1
281,CG-16,CG,Pointe Noire,92466.7578125,0.0228767932563977,GM-R-002498,1,GM-R-002498,GADM 3.6:COG.10_1
282,CG-2,CG,Lékoumou,161396.875,0.039930489929047,GM-R-002494,1,GM-R-002494,GADM 3.6:COG.6_1
283,CG-5,CG,Kouilou,405884.4375,0.100418080857827,GM-R-002493,1,GM-R-002493,GADM 3.6:COG.5_1
284,CG-7,CG,Likouala,1134219.25,0.280612188677483,GM-R-002495,1,GM-R-002495,GADM 3.6:COG.7_1
285,CG-8,CG,Cuvette,173571.9375,0.0429426685139283,GM-R-002491,1,GM-R-002491,GADM 3.6:COG.4_1
286,CG-9,CG,Niari,155770.5625,0.0385385087359853,GM-R-002496,1,GM-R-002496,GADM 3.6:COG.8_1
287,CG-BZV,CG,Brazzaville,664701.25,0.164450808412182,GM-R-002490,1,GM-R-002490,GADM 3.6:COG.2_1
288,CH-AG,CH,Aargau,674094.5625,0.0773869708744191,GM-R-000329,1,GM-R-000329,GADM 3.6:CHE.1_1
289,CH-AI,CH,Appenzell Innerrhoden,17314.443359375,0.00198772160242538,GM-R-000331,1,GM-R-000331,GADM 3.6:CHE.3_1
290,CH-AR,CH,Appenzell Ausserrhoden,53479.03515625,0.00613946583500109,GM-R-000330,1,GM-R-000330,GADM 3.6:CHE.2_1
291,CH-BE,CH,Bern,1029256.875,0.118160086490715,GM-R-000334,1,GM-R-000334,GADM 3.6:CHE.6_1
292,CH-BL,CH,Basel-Landschaft,292333.59375,0.0335602934123141,GM-R-000332,1,GM-R-000332,GADM 3.6:CHE.4_1
293,CH-BS,CH,Basel-Stadt,171784.6875,0.0197211153268036,GM-R-000333,1,GM-R-000333,GADM 3.6:CHE.5_1
294,CH-FR,CH,Fribourg,334680.71875,0.0384218008495446,GM-R-000335,1,GM-R-000335,GADM 3.6:CHE.7_1
295,CH-GE,CH,Genève,520143.28125,0.0597131547943892,GM-R-000336,1,GM-R-000336,GADM 3.6:CHE.8_1
296,CH-GL,CH,Glarus,39626.37890625,0.00454916209219039,GM-R-000337,1,GM-R-000337,GADM 3.6:CHE.9_1
297,CH-GR,CH,Graubünden,210917.046875,0.0242135633061632,GM-R-000338,1,GM-R-000338,GADM 3.6:CHE.10_1
298,CH-JU,CH,Jura,71837.953125,0.00824709454048187,GM-R-000339,1,GM-R-000339,GADM 3.6:CHE.11_1
299,CH-LU,CH,Luzern,418089.84375,0.0479972816294178,GM-R-000340,1,GM-R-000340,GADM 3.6:CHE.12_1
300,CH-NE,CH,Neuchâtel,179446.09375,0.020600655164845,GM-R-000341,1,GM-R-000341,GADM 3.6:CHE.13_1
301,CH-NW,CH,Nidwalden,42406.19921875,0.00486828923773765,GM-R-000342,1,GM-R-000342,GADM 3.6:CHE.14_1
302,CH-OW,CH,Obwalden,39449.01953125,0.00452880099517082,GM-R-000343,1,GM-R-000343,GADM 3.6:CHE.15_1
303,CH-SG,CH,St. Gallen,515505.375,0.059180716860821,GM-R-000347,1,GM-R-000347,GADM 3.6:CHE.16_1
304,CH-SH,CH,Schaffhausen,76891.78125,0.00882728086992388,GM-R-000344,1,GM-R-000344,GADM 3.6:CHE.17_1
305,CH-SO,CH,Solothurn,268348.4375,0.0308067649143934,GM-R-000346,1,GM-R-000346,GADM 3.6:CHE.19_1
306,CH-SZ,CH,Schwyz,166573.96875,0.0191229177406288,GM-R-000345,1,GM-R-000345,GADM 3.6:CHE.18_1
307,CH-TG,CH,Thurgau,275655.5,0.0316456256089048,GM-R-000348,1,GM-R-000348,GADM 3.6:CHE.20_1
308,CH-TI,CH,Ticino,367301.5625,0.0421667179956167,GM-R-000349,1,GM-R-000349,GADM 3.6:CHE.21_1
309,CH-UR,CH,Uri,36414.2734375,0.00418040802386823,GM-R-000350,1,GM-R-000350,GADM 3.6:CHE.22_1
310,CH-VD,CH,Vaud,838971.4375,0.0963150599487027,GM-R-000352,1,GM-R-000352,GADM 3.6:CHE.24_1
311,CH-VS,CH,Valais,367678.65625,0.0422100088700305,GM-R-000351,1,GM-R-000351,GADM 3.6:CHE.23_1
312,CH-ZG,CH,Zug,129756.4140625,0.0148962124817967,GM-R-000353,1,GM-R-000353,GADM 3.6:CHE.25_1
313,CH-ZH,CH,Zürich,1572741.25,0.180552830533695,GM-R-000354,1,GM-R-000354,GADM 3.6:CHE.26_1
314,CI-AB,CI,Abidjan,5451928.5,0.205772896415121,GM-R-000355,1,GM-R-000355,GADM 3.6:CIV.1_1
315,CI-BS,CI,Bas-Sassandra,2673666,0.100912548076636,GM-R-000356,1,GM-R-000356,GADM 3.6:CIV.2_1
316,CI-CM,CI,Comoé,1379250,0.0520572247747848,GM-R-000357,1,GM-R-000357,GADM 3.6:CIV.3_1
317,CI-DN,CI,Denguélé,343254,0.0129554835112155,GM-R-000358,1,GM-R-000358,GADM 3.6:CIV.4_1
318,CI-GD,CI,Gôh-Djiboua,1895127.875,0.0715280752335221,GM-R-000359,1,GM-R-000359,GADM 3.6:CIV.5_1
319,CI-LC,CI,Lacs,1461572.75,0.0551643437893423,GM-R-000360,1,GM-R-000360,GADM 3.6:CIV.6_1
320,CI-LG,CI,Lagunes,1591322.375,0.0600615019499869,GM-R-000361,1,GM-R-000361,GADM 3.6:CIV.7_1
321,CI-MG,CI,Montagnes,2866763,0.108200635031384,GM-R-000362,1,GM-R-000362,GADM 3.6:CIV.8_1
322,CI-SM,CI,Sassandra-Marahoué,2764349,0.104335209170891,GM-R-000363,1,GM-R-000363,GADM 3.6:CIV.9_1
323,CI-SV,CI,Savanes,1983587.625,0.0748668238934976,GM-R-000364,1,GM-R-000364,GADM 3.6:CIV.10_1
324,CI-VB,CI,Vallée du Bandama,1592707.5,0.0601137809157046,GM-R-000365,1,GM-R-000365,GADM 3.6:CIV.11_1
325,CI-WR,CI,Woroba,1027177.8125,0.038768915185053,GM-R-000366,1,GM-R-000366,GADM 3.6:CIV.12_1
326,CI-YM,CI,Yamoussoukro,405867.28125,0.0153187053027095,GM-R-000367,1,GM-R-000367,GADM 3.6:CIV.13_1
327,CI-ZZ,CI,Zanzan,1058307.75,0.0399438567501517,GM-R-000368,1,GM-R-000368,GADM 3.6:CIV.14_1
328,CL-AI,CL,Aisén del General Carlos Ibañez del Campo,123442.9609375,0.00598430514290289,GM-R-000369,1,GM-R-000369,GADM 3.6:CHL.1_1
329,CL-AN,CL,Antofagasta,692416.5,0.0335671762124919,GM-R-000370,1,GM-R-000370,GADM 3.6:CHL.2_1
330,CL-AP,CL,Arica y Parinacota,173332.40625,0.0084028607405066,GM-R-000371,1,GM-R-000371,GADM 3.6:CHL.4_1
331,CL-AR,CL,La Araucanía,1195365.125,0.0579492715571371,GM-R-000375,1,GM-R-000375,GADM 3.6:CHL.3_1
332,CL-AT,CL,Atacama,326006.34375,0.0158042339936245,GM-R-000372,1,GM-R-000372,GADM 3.6:CHL.5_1
333,CL-BI,CL,Biobío,1784000,0.0864852908084738,GM-R-000373,1,GM-R-000373,GADM 3.6:CHL.6_1
334,CL-CO,CL,Coquimbo,883706.8125,0.0428406057558811,GM-R-000374,1,GM-R-000374,GADM 3.6:CHL.7_1
335,CL-LI,CL,Libertador General Bernardo O'Higgins,1026676.875,0.0497715516259586,GM-R-000376,1,GM-R-000376,GADM 3.6:CHL.8_1
336,CL-LL,CL,Los Lagos,1007145.375,0.0488246976700025,GM-R-000377,1,GM-R-000377,GADM 3.6:CHL.9_1
337,CL-LR,CL,Los Ríos,351526.0625,0.017041386626721,GM-R-000378,1,GM-R-000378,GADM 3.6:CHL.10_1
338,CL-MA,CL,Magallanes,161173.46875,0.00781341609610662,GM-R-000379,1,GM-R-000379,GADM 3.6:CHL.11_1
339,CL-ML,CL,Maule,1151471.875,0.0558214013268798,GM-R-000380,1,GM-R-000380,GADM 3.6:CHL.12_1
340,CL-NB,CL,Ñuble,499582.03125,0.024218888596045,GM-R-000381,1,GM-R-000381,GADM 3.6:CHL.13_1
341,CL-RM,CL,Región Metropolitana de Santiago,8749553,0.424163472897508,GM-R-000382,1,GM-R-000382,GADM 3.6:CHL.14_1
342,CL-TA,CL,Tarapacá,440796.46875,0.0213690643425965,GM-R-000383,1,GM-R-000383,GADM 3.6:CHL.15_1
343,CL-VS,CL,Valparaíso,2061589.875,0.0999423766071638,GM-R-000384,1,GM-R-000384,GADM 3.6:CHL.16_1
344,CM-AD,CM,Adamaoua,1471471,0.0521616425360293,GM-R-000385,1,GM-R-000385,GADM 3.6:CMR.1_1
345,CM-CE,CM,Centre,5794755.5,0.205416188952884,GM-R-000386,1,GM-R-000386,GADM 3.6:CMR.2_1
346,CM-EN,CM,Far North,4733941,0.16781175995222,GM-R-000388,1,GM-R-000388,GADM 3.6:CMR.4_1
347,CM-ES,CM,East,1078026.25,0.0382145620925973,GM-R-000387,1,GM-R-000387,GADM 3.6:CMR.3_1
348,CM-LT,CM,Littoral,4450513.5,0.157764641157571,GM-R-000389,1,GM-R-000389,GADM 3.6:CMR.5_1
349,CM-NO,CM,North,3177842,0.112650170095082,GM-R-000390,1,GM-R-000390,GADM 3.6:CMR.7_1
350,CM-NW,CM,North-West,2358188,0.0835945523144893,GM-R-000391,1,GM-R-000391,GADM 3.6:CMR.6_1
351,CM-OU,CM,West,2158447.5,0.0765140236727643,GM-R-000394,1,GM-R-000394,GADM 3.6:CMR.8_1
352,CM-SU,CM,South,989027.1875,0.0350596665600542,GM-R-000392,1,GM-R-000392,GADM 3.6:CMR.10_1
353,CM-SW,CM,South-West,1997616.75,0.0708127926663078,GM-R-000393,1,GM-R-000393,GADM 3.6:CMR.9_1
354,CN-AH,CN,Anhui Sheng,59851492,0.0412757352605217,GM-R-000395,1,GM-R-000395,GADM 3.6:CHN.1_1
355,CN-BJ,CN,Beijing Shi,28381582,0.0195729567594871,GM-R-000396,1,GM-R-000396,GADM 3.6:CHN.2_1
356,CN-CQ,CN,Chongqing Shi,27266978,0.0188042858694729,GM-R-000397,1,GM-R-000397,GADM 3.6:CHN.3_1
357,CN-FJ,CN,Fujian Sheng,40471588,0.0279106584654716,GM-R-000398,1,GM-R-000398,GADM 3.6:CHN.4_1
358,CN-GD,CN,Guangdong Sheng,126310024,0.0871079222448479,GM-R-000400,1,GM-R-000400,GADM 3.6:CHN.6_1
359,CN-GS,CN,Gansu Sheng,26111164,0.0180071950855973,GM-R-000399,1,GM-R-000399,GADM 3.6:CHN.5_1
360,CN-GX,CN,Guangxi Zhuangzu Zizhiqu,48329504,0.0333297591374384,GM-R-000401,1,GM-R-000401,GADM 3.6:CHN.7_1
361,CN-GZ,CN,Guizhou Sheng,34487616,0.0237838967787559,GM-R-000402,1,GM-R-000402,GADM 3.6:CHN.8_1
362,CN-HA,CN,Henan Sheng,97708168,0.0673830566355568,GM-R-000406,1,GM-R-000406,GADM 3.6:CHN.12_1
363,CN-HB,CN,Hubei Sheng,55650372,0.0383784922491414,GM-R-000408,1,GM-R-000408,GADM 3.6:CHN.13_1
364,CN-HE,CN,Hebei Sheng,77398640,0.0533768777921931,GM-R-000404,1,GM-R-000404,GADM 3.6:CHN.10_1
365,CN-HI,CN,Hainan Sheng,9906681,0.00683200248819929,GM-R-000403,1,GM-R-000403,GADM 3.6:CHN.9_1
366,CN-HK,CN,Hong Kong SAR (en),7083909.5,0.00488531803236408,GM-R-000407,1,GM-R-000407,GADM 4.1:CHN.HKG
367,CN-HL,CN,Heilongjiang Sheng,40450960,0.0278964326569161,GM-R-000405,1,GM-R-000405,GADM 3.6:CHN.11_1
368,CN-HN,CN,Hunan Sheng,68370672,0.0471508673009515,GM-R-000409,1,GM-R-000409,GADM 3.6:CHN.14_1
369,CN-JL,CN,Jilin Sheng,28183032,0.019436029559143,GM-R-000412,1,GM-R-000412,GADM 3.6:CHN.17_1
370,CN-JS,CN,Jiangsu Sheng,84072800,0.0579796178750362,GM-R-000410,1,GM-R-000410,GADM 3.6:CHN.15_1
371,CN-JX,CN,Jiangxi Sheng,49411220,0.0340757492832325,GM-R-000411,1,GM-R-000411,GADM 3.6:CHN.16_1
372,CN-LN,CN,Liaoning Sheng,45763696,0.0315602859263558,GM-R-000413,1,GM-R-000413,GADM 3.6:CHN.18_1
373,CN-MO,CN,Macao SAR (en),571376.375,0.000394041638738372,GM-R-000414,1,GM-R-000414,GADM 4.1:CHN.MAC
374,CN-NM,CN,Nei Mongol Zizhiqu,26749982,0.0184477468875082,GM-R-000415,1,GM-R-000415,GADM 3.6:CHN.19_1
375,CN-NX,CN,Ningxia Huizi Zizhiqu,7429578.5,0.00512370377104824,GM-R-000416,1,GM-R-000416,GADM 3.6:CHN.20_1
376,CN-QH,CN,Qinghai Sheng,6658342,0.00459183142278245,GM-R-000417,1,GM-R-000417,GADM 3.6:CHN.21_1
377,CN-SC,CN,Sichuan Sheng,80221272,0.0553234660438256,GM-R-000422,1,GM-R-000422,GADM 3.6:CHN.26_1
378,CN-SD,CN,Shandong Sheng,101813240,0.0702140615016908,GM-R-000419,1,GM-R-000419,GADM 3.6:CHN.23_1
379,CN-SH,CN,Shanghai Shi,32253918,0.0222434585337083,GM-R-000420,1,GM-R-000420,GADM 3.6:CHN.24_1
380,CN-SN,CN,Shaanxi Sheng,39299576,0.0271023969599079,GM-R-000418,1,GM-R-000418,GADM 3.6:CHN.22_1
381,CN-SX,CN,Shanxi Sheng,39395528,0.0271685689001114,GM-R-000421,1,GM-R-000421,GADM 3.6:CHN.25_1
382,CN-TJ,CN,Tianjin Shi,16944534,0.0116855583064982,GM-R-000423,1,GM-R-000423,GADM 3.6:CHN.27_1
383,CN-XJ,CN,Xinjiang Uygur Zizhiqu,26011718,0.0179386135576929,GM-R-000424,1,GM-R-000424,GADM 3.6:CHN.28_1
384,CN-XZ,CN,Xizang Zizhiqu,3459338.5,0.00238568388742139,GM-R-000425,1,GM-R-000425,GADM 3.6:CHN.29_1
385,CN-YN,CN,Yunnan Sheng,49880848,0.0343996215936993,GM-R-000426,1,GM-R-000426,GADM 3.6:CHN.30_1
386,CN-ZJ,CN,Zhejiang Sheng,64141252,0.0442341075946846,GM-R-000427,1,GM-R-000427,GADM 3.6:CHN.31_1
387,CO-AMA,CO,Amazonas,139797.8125,0.00221545672503361,GM-R-000428,1,GM-R-000428,GADM 3.6:COL.1_1
388,CO-ANT,CO,Antioquia,7906931.5,0.125305712963535,GM-R-000429,1,GM-R-000429,GADM 3.6:COL.2_1
389,CO-ARA,CO,Arauca,456433.9375,0.00723337238462117,GM-R-000430,1,GM-R-000430,GADM 3.6:COL.3_1
390,CO-ATL,CO,Atlántico,3263890.5,0.0517247589836095,GM-R-000431,1,GM-R-000431,GADM 3.6:COL.4_1
391,CO-BOL,CO,Bolívar,3127281.25,0.0495598332512108,GM-R-000432,1,GM-R-000432,GADM 3.6:COL.5_1
392,CO-BOY,CO,Boyacá,1562655.75,0.0247643087423127,GM-R-000433,1,GM-R-000433,GADM 3.6:COL.6_1
393,CO-CAL,CO,Caldas,1067783.625,0.0169217841866232,GM-R-000434,1,GM-R-000434,GADM 3.6:COL.7_1
394,CO-CAQ,CO,Caquetá,664020.875,0.0105231225494423,GM-R-000435,1,GM-R-000435,GADM 3.6:COL.8_1
395,CO-CAS,CO,Casanare,872871.4375,0.0138328981098981,GM-R-000436,1,GM-R-000436,GADM 3.6:COL.9_1
396,CO-CAU,CO,Cauca,1829704,0.0289963766895201,GM-R-000437,1,GM-R-000437,GADM 3.6:COL.10_1
397,CO-CES,CO,Cesar,1224240.125,0.0194012407596667,GM-R-000438,1,GM-R-000438,GADM 3.6:COL.11_1
398,CO-CHO,CO,Chocó,633802.75,0.0100442384592556,GM-R-000439,1,GM-R-000439,GADM 3.6:COL.12_1
399,CO-COR,CO,Córdoba,2512448.75,0.0398162273067742,GM-R-000440,1,GM-R-000440,GADM 3.6:COL.13_1
400,CO-CUN,CO,Cundinamarca,4103859,0.0650362252280573,GM-R-000441,1,GM-R-000441,globalmrp-mixed-source-partition-repairs worldpop-readiness-overlap-repair-2026-08-10:CO-CUN
401,CO-DC,CO,Distrito Capital de Bogotá,10177550,0.161289516542799,GM-R-000442,1,GM-R-000442,globalmrp-mixed-source-partition-repairs worldpop-readiness-overlap-repair-2026-08-10:CO-DC
402,CO-GUA,CO,Guainía,107540.6015625,0.00170425806159021,GM-R-000443,1,GM-R-000443,GADM 3.6:COL.15_1
403,CO-GUV,CO,Guaviare,181988.9375,0.00288408386551898,GM-R-000444,1,GM-R-000444,GADM 3.6:COL.16_1
404,CO-HUI,CO,Huila,1500683.75,0.0237822026441663,GM-R-000445,1,GM-R-000445,GADM 3.6:COL.17_1
405,CO-LAG,CO,La Guajira,1489870.625,0.0236108408032943,GM-R-000446,1,GM-R-000446,GADM 3.6:COL.18_1
406,CO-MAG,CO,Magdalena,1616316.25,0.0256146976966726,GM-R-000447,1,GM-R-000447,GADM 3.6:COL.19_1
407,CO-MET,CO,Meta,1237486.375,0.0196111617385374,GM-R-000448,1,GM-R-000448,GADM 3.6:COL.20_1
408,CO-NAR,CO,Nariño,2182674.25,0.0345901002257829,GM-R-000449,1,GM-R-000449,GADM 3.6:COL.21_1
409,CO-NSA,CO,Norte de Santander,1592037.25,0.0252299343526318,GM-R-000450,1,GM-R-000450,GADM 3.6:COL.22_1
410,CO-PUT,CO,Putumayo,528124.875,0.00836950010198684,GM-R-000451,1,GM-R-000451,GADM 3.6:COL.23_1
411,CO-QUI,CO,Quindío,700414.625,0.0110998753379503,GM-R-000452,1,GM-R-000452,GADM 3.6:COL.24_1
412,CO-RIS,CO,Risaralda,1125625,0.0178384298832713,GM-R-000453,1,GM-R-000453,GADM 3.6:COL.25_1
413,CO-SAN,CO,Santander,2721915.75,0.0431357719085369,GM-R-000455,1,GM-R-000455,GADM 3.6:COL.27_1
414,CO-SAP,CO,"San Andrés, Providencia y Santa Catalina",85856.0625,0.00136061063938702,GM-R-000454,1,GM-R-000454,GADM 3.6:COL.26_1
415,CO-SUC,CO,Sucre,1042744.625,0.016524976683372,GM-R-000456,1,GM-R-000456,GADM 3.6:COL.28_1
416,CO-TOL,CO,Tolima,1693148,0.0268322948406451,GM-R-000457,1,GM-R-000457,GADM 3.6:COL.29_1
417,CO-VAC,CO,Valle del Cauca,5542966,0.0878425855292455,GM-R-000458,1,GM-R-000458,GADM 3.6:COL.30_1
418,CO-VAU,CO,Vaupés,103860.171875,0.00164593216538074,GM-R-000459,1,GM-R-000459,GADM 3.6:COL.31_1
419,CO-VID,CO,Vichada,104600.8828125,0.00165767063967046,GM-R-000460,1,GM-R-000460,GADM 3.6:COL.32_1
420,CR-A,CR,Alajuela,980971.625,0.204028591919301,GM-R-000461,1,GM-R-000461,GADM 3.6:CRI.1_1
421,CR-C,CR,Cartago,537120.0625,0.111713577896284,GM-R-000462,1,GM-R-000462,GADM 3.6:CRI.2_1
422,CR-G,CR,Guanacaste,390678.34375,0.0812557166153272,GM-R-000463,1,GM-R-000463,GADM 3.6:CRI.3_1
423,CR-H,CR,Heredia,511940.875,0.106476653564964,GM-R-000464,1,GM-R-000464,GADM 3.6:CRI.4_1
424,CR-L,CR,Limón,430576.53125,0.0895539902945045,GM-R-000465,1,GM-R-000465,GADM 3.6:CRI.5_1
425,CR-P,CR,Puntarenas,457680.125,0.095191164630475,GM-R-000466,1,GM-R-000466,GADM 3.6:CRI.6_1
426,CR-SJ,CR,San José,1499043,0.311780305079145,GM-R-000467,1,GM-R-000467,GADM 3.6:CRI.7_1
427,CV-B,CV,Ilhas de Barlavento,177742.015625,0.339009231413132,GM-R-000468,1,GM-R-000468,cabo-verde-ine-rgph2021 RGPH2021-ILHAS-live-retrieved-2026-08-06:SA|SV|SN|SL|SZ|BV
428,CV-S,CV,Ilhas de Sotavento,346556.4375,0.660990768586869,GM-R-000469,1,GM-R-000469,cabo-verde-ine-rgph2021 RGPH2021-ILHAS-live-retrieved-2026-08-06:BR|ST|FG|MA
429,CY-01,CY,Lefkosia,344656.375,0.262258693859024,GM-R-000473,1,GM-R-000473,globalmrp-verified-territorial-partition legacy-g1agg-sha256-5b7b575b-dls-verified-2026-08-07:CY-01
430,CY-02,CY,Lemesos,270393.40625,0.205749919905638,GM-R-000474,1,GM-R-000474,globalmrp-verified-territorial-partition legacy-g1agg-sha256-5b7b575b-dls-verified-2026-08-07:CY-02
431,CY-03,CY,Larnaka,156304.609375,0.118936557314028,GM-R-000472,1,GM-R-000472,globalmrp-verified-territorial-partition legacy-g1agg-sha256-5b7b575b-dls-verified-2026-08-07:CY-03
432,CY-04,CY,Ammochostos,50156.49609375,0.038165483386437,GM-R-000470,1,GM-R-000470,globalmrp-verified-territorial-partition legacy-g1agg-sha256-5b7b575b-dls-verified-2026-08-07:CY-04
433,CY-05,CY,Pafos,117730.078125,0.089584115532415,GM-R-000475,1,GM-R-000475,globalmrp-verified-territorial-partition legacy-g1agg-sha256-5b7b575b-dls-verified-2026-08-07:CY-05
434,CY-NC,CY,Northern Cyprus,374943.78125,0.285305230002459,GM-R-000476,1,GM-R-000476,globalmrp-verified-territorial-partition legacy-g1agg-sha256-5b7b575b-dls-verified-2026-08-07:CY-NC
435,CZ-10,CZ,"Praha, Hlavní město",1340494.875,0.123677898008817,GM-R-000487,1,GM-R-000487,GADM 3.6:CZE.11_1
436,CZ-20,CZ,Středočeský kraj,1587333.25,0.146451913737831,GM-R-000488,1,GM-R-000488,GADM 3.6:CZE.12_1
437,CZ-31,CZ,Jihočeský kraj,639538.125,0.0590056198435672,GM-R-000477,1,GM-R-000477,GADM 3.6:CZE.1_1
438,CZ-32,CZ,Plzeňský kraj,595831.875,0.0549731559896134,GM-R-000486,1,GM-R-000486,GADM 3.6:CZE.10_1
439,CZ-41,CZ,Karlovarský kraj,293795.4375,0.0271064088585798,GM-R-000479,1,GM-R-000479,GADM 3.6:CZE.3_1
440,CZ-42,CZ,Ústecký kraj,816531.8125,0.0753355645819456,GM-R-000489,1,GM-R-000489,GADM 3.6:CZE.13_1
441,CZ-51,CZ,Liberecký kraj,438178.875,0.0404276384957221,GM-R-000482,1,GM-R-000482,GADM 3.6:CZE.6_1
442,CZ-52,CZ,Královéhradecký kraj,553304.0625,0.0510494181559174,GM-R-000481,1,GM-R-000481,GADM 3.6:CZE.5_1
443,CZ-53,CZ,Pardubický kraj,516696.09375,0.0476718620683773,GM-R-000485,1,GM-R-000485,GADM 3.6:CZE.9_1
444,CZ-63,CZ,Kraj Vysočina,515522.875,0.0475636175449475,GM-R-000480,1,GM-R-000480,GADM 3.6:CZE.4_1
445,CZ-64,CZ,Jihomoravský kraj,1200559.625,0.110767070895555,GM-R-000478,1,GM-R-000478,GADM 3.6:CZE.2_1
446,CZ-71,CZ,Olomoucký kraj,611514.875,0.0564201145051931,GM-R-000484,1,GM-R-000484,GADM 3.6:CZE.8_1
447,CZ-72,CZ,Zlínský kraj,571640.3125,0.0527411731186987,GM-R-000490,1,GM-R-000490,GADM 3.6:CZE.14_1
448,CZ-80,CZ,Moravskoslezský kraj,1157654.75,0.106808544195234,GM-R-000483,1,GM-R-000483,GADM 3.6:CZE.7_1
449,DE-BB,DE,Brandenburg,2393931.25,0.0305620154438167,GM-R-000494,1,GM-R-000494,GADM 3.6:DEU.4_1
450,DE-BE,DE,Berlin,3224564.25,0.0411662542138916,GM-R-000493,1,GM-R-000493,GADM 3.6:DEU.3_1
451,DE-BW,DE,Baden-Württemberg,10396334,0.132724329600976,GM-R-000491,1,GM-R-000491,GADM 3.6:DEU.1_1
452,DE-BY,DE,Bayern,12529903,0.159962442110869,GM-R-000492,1,GM-R-000492,GADM 3.6:DEU.2_1
453,DE-HB,DE,Bremen,631209.6875,0.00805831003612227,GM-R-000495,1,GM-R-000495,GADM 3.6:DEU.5_1
454,DE-HE,DE,Hessen,5906363.5,0.0754033235097271,GM-R-000497,1,GM-R-000497,GADM 3.6:DEU.7_1
455,DE-HH,DE,Hamburg,1687803.75,0.0215472705298583,GM-R-000496,1,GM-R-000496,GADM 3.6:DEU.6_1
456,DE-MV,DE,Mecklenburg-Vorpommern,1459629.125,0.0186342894602736,GM-R-000498,1,GM-R-000498,GADM 3.6:DEU.8_1
457,DE-NI,DE,Niedersachsen,7595140,0.0969630126086328,GM-R-000499,1,GM-R-000499,GADM 3.6:DEU.9_1
458,DE-NW,DE,Nordrhein-Westfalen,17052306,0.217697496252112,GM-R-000500,1,GM-R-000500,GADM 3.6:DEU.10_1
459,DE-RP,DE,Rheinland-Pfalz,3980964.5,0.0508228039256709,GM-R-000501,1,GM-R-000501,GADM 3.6:DEU.11_1
460,DE-SH,DE,Schleswig-Holstein,2757280.5,0.0352006972731296,GM-R-000505,1,GM-R-000505,GADM 3.6:DEU.15_1
461,DE-SL,DE,Saarland,935543.5625,0.0119435747394535,GM-R-000502,1,GM-R-000502,GADM 3.6:DEU.12_1
462,DE-SN,DE,Sachsen,3766834.25,0.0480891197367501,GM-R-000503,1,GM-R-000503,GADM 3.6:DEU.14_1
463,DE-ST,DE,Sachsen-Anhalt,2044331.125,0.0260988611993453,GM-R-000504,1,GM-R-000504,GADM 3.6:DEU.13_1
464,DE-TH,DE,Thüringen,1968142.25,0.025126199359371,GM-R-000506,1,GM-R-000506,GADM 3.6:DEU.16_1
465,DJ.nat,DJ,Djibouti,1115473.5390625,1,GM-A-0011,6,GM-R-000507|GM-R-000508|GM-R-000509|GM-R-000510|GM-R-000511|GM-R-000512,globalmrp-mixed-source-partition-repairs worldpop-readiness-overlap-repair-2026-08-10:DJ-AR|globalmrp-mixed-source-partition-repairs worldpop-readiness-overlap-repair-2026-08-10:DJ-AS|globalmrp-mixed-source-partition-repairs worldpop-readiness-overlap-repair-2026-08-10:DJ-DI|globalmrp-mixed-source-partition-repairs worldpop-readiness-overlap-repair-2026-08-10:DJ-DJ|globalmrp-mixed-source-partition-repairs worldpop-readiness-overlap-repair-2026-08-10:DJ-OB|globalmrp-mixed-source-partition-repairs worldpop-readiness-overlap-repair-2026-08-10:DJ-TA
466,DK-81,DK,Nordjylland,576354.125,0.0991507839571533,GM-R-000515,1,GM-R-000515,GADM 3.6:DNK.3_1
467,DK-82,DK,Midtjylland,1338319.125,0.230232394760082,GM-R-000514,1,GM-R-000514,GADM 3.6:DNK.2_1
468,DK-83,DK,Syddanmark,1221365.5,0.210112744180013,GM-R-000517,1,GM-R-000517,GADM 3.6:DNK.5_1
469,DK-84,DK,Hovedstaden,1859479,0.319888055979236,GM-R-000513,1,GM-R-000513,GADM 3.6:DNK.1_1
470,DK-85,DK,Sjælland,817387.625,0.140616021123516,GM-R-000516,1,GM-R-000516,GADM 3.6:DNK.4_1
471,DM.nat,DM,Dominica,64701.4073486328,1,GM-A-0012,10,GM-R-000518|GM-R-000519|GM-R-000520|GM-R-000521|GM-R-000522|GM-R-000523|GM-R-000524|GM-R-000525|GM-R-000526|GM-R-000527,GADM 3.6:DMA.1_1|GADM 3.6:DMA.10_1|GADM 3.6:DMA.2_1|GADM 3.6:DMA.3_1|GADM 3.6:DMA.4_1|GADM 3.6:DMA.5_1|GADM 3.6:DMA.6_1|GADM 3.6:DMA.7_1|GADM 3.6:DMA.8_1|GADM 3.6:DMA.9_1
472,DO-33,DO,Cibao Nordeste,747140.4375,0.0624310670667078,GM-R-000528,1,GM-R-000528,GADM 4.1:DOM.6_1|DOM.23_1|DOM.15_1|DOM.22_1
473,DO-34,DO,Cibao Noroeste,552930.6875,0.0462028972090717,GM-R-000529,1,GM-R-000529,GADM 4.1:DOM.4_1|DOM.17_1|DOM.29_1|DOM.32_1
474,DO-35,DO,Cibao Norte,1723214.75,0.14399185243884,GM-R-000530,1,GM-R-000530,GADM 4.1:DOM.30_1|DOM.21_1|DOM.8_1
475,DO-36,DO,Cibao Sur,813417.875,0.0679692108183931,GM-R-000531,1,GM-R-000531,GADM 4.1:DOM.14_1|DOM.16_1|DOM.28_1
476,DO-37,DO,El Valle,309869.96875,0.0258927396109381,GM-R-000532,1,GM-R-000532,GADM 4.1:DOM.26_1|DOM.12_1
477,DO-38,DO,Enriquillo,495927,0.0414396681576898,GM-R-000533,1,GM-R-000533,GADM 4.1:DOM.10_1|DOM.2_1|DOM.3_1|DOM.19_1
478,DO-39,DO,Higuamo,713044.5,0.0595820099766011,GM-R-000534,1,GM-R-000534,GADM 4.1:DOM.18_1|DOM.27_1|DOM.9_1
479,DO-40,DO,Ozama,4385682.5,0.366467700780533,GM-R-000535,1,GM-R-000535,GADM 4.1:DOM.5_1|DOM.31_1
480,DO-41,DO,Valdesia,1311399.625,0.109580573919385,GM-R-000536,1,GM-R-000536,GADM 4.1:DOM.1_1|DOM.20_1|DOM.24_1|DOM.25_1
481,DO-42,DO,Yuma,914818.875,0.0764422800218402,GM-R-000537,1,GM-R-000537,GADM 4.1:DOM.11_1|DOM.13_1|DOM.7_1
482,DZ-01,DZ,Adrar,548603.9375,0.0124935172290476,GM-R-002435,1,GM-R-002435,GADM 3.6:DZA.1_1
483,DZ-02,DZ,Chlef,1201401.5,0.0273598662227131,GM-R-002448,1,GM-R-002448,GADM 3.6:DZA.14_1
484,DZ-03,DZ,Laghouat,742506.4375,0.0169093153283921,GM-R-002459,1,GM-R-002459,GADM 3.6:DZA.25_1
485,DZ-04,DZ,Oum el Bouaghi,778325.1875,0.0177250261530122,GM-R-002468,1,GM-R-002468,GADM 3.6:DZA.34_1
486,DZ-05,DZ,Batna,1490702,0.0339481907571539,GM-R-002440,1,GM-R-002440,GADM 3.6:DZA.6_1
487,DZ-06,DZ,Béjaïa,982559.125,0.0223761050871886,GM-R-002442,1,GM-R-002442,GADM 3.6:DZA.8_1
488,DZ-07,DZ,Biskra,1007477.875,0.0229435870375917,GM-R-002443,1,GM-R-002443,GADM 3.6:DZA.9_1
489,DZ-08,DZ,Béchar,337029.53125,0.00767527166239072,GM-R-002441,1,GM-R-002441,GADM 3.6:DZA.7_1
490,DZ-09,DZ,Blida,1384929.375,0.0315393999657114,GM-R-002444,1,GM-R-002444,GADM 3.6:DZA.10_1
491,DZ-10,DZ,Bouira,793544.6875,0.0180716242586218,GM-R-002446,1,GM-R-002446,GADM 3.6:DZA.12_1
492,DZ-11,DZ,Tamanrasset,241428.109375,0.00549811264169601,GM-R-002475,1,GM-R-002475,GADM 3.6:DZA.41_1
493,DZ-12,DZ,Tébessa,800896.625,0.0182390520722859,GM-R-002476,1,GM-R-002476,GADM 3.6:DZA.42_1
494,DZ-13,DZ,Tlemcen,1101779.75,0.0250911510988577,GM-R-002482,1,GM-R-002482,GADM 3.6:DZA.48_1
495,DZ-14,DZ,Tiaret,1147862.875,0.0261406155244678,GM-R-002477,1,GM-R-002477,GADM 3.6:DZA.43_1
496,DZ-15,DZ,Tizi Ouzou,1156143.25,0.026329186915692,GM-R-002481,1,GM-R-002481,GADM 3.6:DZA.47_1
497,DZ-16,DZ,Alger,4316086,0.0982914833764773,GM-R-002438,1,GM-R-002438,GADM 3.6:DZA.4_1
498,DZ-17,DZ,Djelfa,1678984.25,0.038235997266561,GM-R-002450,1,GM-R-002450,GADM 3.6:DZA.16_1
499,DZ-18,DZ,Jijel,704545.9375,0.0160448298073175,GM-R-002457,1,GM-R-002457,GADM 3.6:DZA.23_1
500,DZ-19,DZ,Sétif,1766439.125,0.0402276326028945,GM-R-002471,1,GM-R-002471,GADM 3.6:DZA.37_1
501,DZ-20,DZ,Saïda,410725.09375,0.00935356216827705,GM-R-002470,1,GM-R-002470,GADM 3.6:DZA.36_1
502,DZ-21,DZ,Skikda,1055345.125,0.0240336818613864,GM-R-002473,1,GM-R-002473,GADM 3.6:DZA.39_1
503,DZ-22,DZ,Sidi Bel Abbès,722503.5625,0.0164537840309286,GM-R-002472,1,GM-R-002472,GADM 3.6:DZA.38_1
504,DZ-23,DZ,Annaba,823620,0.0187565381084933,GM-R-002439,1,GM-R-002439,GADM 3.6:DZA.5_1
505,DZ-24,DZ,Guelma,558717.0625,0.0127238263697417,GM-R-002455,1,GM-R-002455,GADM 3.6:DZA.21_1
506,DZ-25,DZ,Constantine,1251301.5,0.0284962534542201,GM-R-002449,1,GM-R-002449,GADM 3.6:DZA.15_1
507,DZ-26,DZ,Médéa,877956.9375,0.0199939690097797,GM-R-002462,1,GM-R-002462,GADM 3.6:DZA.28_1
508,DZ-27,DZ,Mostaganem,879028.5,0.0200183720146447,GM-R-002464,1,GM-R-002464,GADM 3.6:DZA.30_1
509,DZ-28,DZ,M'sila,1296356.125,0.0295222955498181,GM-R-002460,1,GM-R-002460,GADM 3.6:DZA.26_1
510,DZ-29,DZ,Mascara,941268.8125,0.0214357887763683,GM-R-002461,1,GM-R-002461,GADM 3.6:DZA.27_1
511,DZ-30,DZ,Ouargla,777822.4375,0.0177135768808551,GM-R-002467,1,GM-R-002467,GADM 3.6:DZA.33_1
512,DZ-31,DZ,Oran,2149066,0.0489413058530234,GM-R-002466,1,GM-R-002466,GADM 3.6:DZA.32_1
513,DZ-32,DZ,El Bayadh,337036.375,0.00767542751710246,GM-R-002451,1,GM-R-002451,GADM 3.6:DZA.17_1
514,DZ-33,DZ,Illizi,88360.4921875,0.00201225922027156,GM-R-002456,1,GM-R-002456,GADM 3.6:DZA.22_1
515,DZ-34,DZ,Bordj Bou Arréridj,743876.875,0.0169405247006682,GM-R-002445,1,GM-R-002445,GADM 3.6:DZA.11_1
516,DZ-35,DZ,Boumerdès,1048718.875,0.0238827803404892,GM-R-002447,1,GM-R-002447,GADM 3.6:DZA.13_1
517,DZ-36,DZ,El Tarf,487452.46875,0.0111008970231278,GM-R-002453,1,GM-R-002453,GADM 3.6:DZA.19_1
518,DZ-37,DZ,Tindouf,100567.140625,0.00229024477986816,GM-R-002478,1,GM-R-002478,GADM 3.6:DZA.44_1
519,DZ-38,DZ,Tissemsilt,653832.5,0.0148899179267398,GM-R-002480,1,GM-R-002480,GADM 3.6:DZA.46_1
520,DZ-39,DZ,El Oued,880930.4375,0.0200616853912003,GM-R-002452,1,GM-R-002452,GADM 3.6:DZA.18_1
521,DZ-40,DZ,Khenchela,475094.625,0.0108194682486496,GM-R-002458,1,GM-R-002458,GADM 3.6:DZA.24_1
522,DZ-41,DZ,Souk Ahras,559796.9375,0.0127484186775899,GM-R-002474,1,GM-R-002474,GADM 3.6:DZA.40_1
523,DZ-42,DZ,Tipaza,689035.25,0.0156916004039729,GM-R-002479,1,GM-R-002479,GADM 3.6:DZA.45_1
524,DZ-43,DZ,Mila,899800.6875,0.0204914230897042,GM-R-002463,1,GM-R-002463,GADM 3.6:DZA.29_1
525,DZ-44,DZ,Aïn Defla,919334.75,0.0209362779835812,GM-R-002436,1,GM-R-002436,GADM 3.6:DZA.2_1
526,DZ-45,DZ,Naama,354601.09375,0.00807543397226302,GM-R-002465,1,GM-R-002465,GADM 3.6:DZA.31_1
527,DZ-46,DZ,Aïn Témouchent,435296.5625,0.00991313538164125,GM-R-002437,1,GM-R-002437,GADM 3.6:DZA.3_1
528,DZ-47,DZ,Ghardaïa,462621.8125,0.0105354212573474,GM-R-002454,1,GM-R-002454,GADM 3.6:DZA.20_1
529,DZ-48,DZ,Relizane,849774.625,0.0193521650001737,GM-R-002469,1,GM-R-002469,GADM 3.6:DZA.35_1
530,EC-A,EC,Azuay,859162.375,0.0487780918129908,GM-R-000538,1,GM-R-000538,GADM 3.6:ECU.1_1
531,EC-B,EC,Bolívar,200191.65625,0.0113656827543888,GM-R-000539,1,GM-R-000539,GADM 3.6:ECU.2_1
532,EC-C,EC,Carchi,185891.984375,0.0105538330646088,GM-R-000541,1,GM-R-000541,GADM 3.6:ECU.4_1
533,EC-D,EC,Orellana,226329.734375,0.0128496462189159,GM-R-000554,1,GM-R-000554,GADM 3.6:ECU.17_1
534,EC-E,EC,Esmeraldas,613641.6875,0.0348388982619887,GM-R-000545,1,GM-R-000545,GADM 3.6:ECU.8_1
535,EC-F,EC,Cañar,256102.078125,0.0145399415102169,GM-R-000540,1,GM-R-000540,GADM 3.6:ECU.3_1
536,EC-G,EC,Guayas,4399362.5,0.249769443108619,GM-R-000547,1,GM-R-000547,GADM 3.6:ECU.10_1
537,EC-H,EC,Chimborazo,529961.125,0.0300880173117054,GM-R-000542,1,GM-R-000542,GADM 3.6:ECU.5_1
538,EC-I,EC,Imbabura,474468.96875,0.0269375051719444,GM-R-000548,1,GM-R-000548,GADM 3.6:ECU.11_1
539,EC-L,EC,Loja,503120.53125,0.0285641692192506,GM-R-000549,1,GM-R-000549,GADM 3.6:ECU.12_1
540,EC-M,EC,Manabí,1609695.375,0.0913888585876409,GM-R-000551,1,GM-R-000551,GADM 3.6:ECU.14_1
541,EC-N,EC,Napo,172112.453125,0.00977151384299193,GM-R-000553,1,GM-R-000553,GADM 3.6:ECU.16_1
542,EC-O,EC,El Oro,695192.1875,0.0394688470262084,GM-R-000544,1,GM-R-000544,GADM 3.6:ECU.7_1
543,EC-P,EC,Pichincha,3229762.25,0.18336654880241,GM-R-000556,1,GM-R-000556,GADM 3.6:ECU.19_1
544,EC-R,EC,Los Ríos,954062.4375,0.0541659487494443,GM-R-000550,1,GM-R-000550,GADM 3.6:ECU.13_1
545,EC-S,EC,Morona Santiago,195280.234375,0.0110868416480716,GM-R-000552,1,GM-R-000552,GADM 3.6:ECU.15_1
546,EC-SD,EC,Santo Domingo de los Tsáchilas,539761.25,0.0306444096898385,GM-R-000558,1,GM-R-000558,GADM 3.6:ECU.21_1
547,EC-SE,EC,Santa Elena,384501.375,0.0218296842572642,GM-R-000557,1,GM-R-000557,GADM 3.6:ECU.20_1
548,EC-T,EC,Tungurahua,586022.25,0.0332708320880037,GM-R-000560,1,GM-R-000560,GADM 3.6:ECU.23_1
549,EC-U,EC,Sucumbíos,250677.9375,0.0142319913053294,GM-R-000559,1,GM-R-000559,GADM 3.6:ECU.22_1
550,EC-W,EC,Galápagos,31066.599609375,0.00176377538420897,GM-R-000546,1,GM-R-000546,GADM 3.6:ECU.9_1
551,EC-X,EC,Cotopaxi,487900.375,0.0277000599419203,GM-R-000543,1,GM-R-000543,GADM 3.6:ECU.6_1
552,EC-Y,EC,Pastaza,117828.28125,0.00668958381816872,GM-R-000555,1,GM-R-000555,GADM 3.6:ECU.18_1
553,EC-Z,EC,Zamora Chinchipe,111598.1875,0.00633587642386966,GM-R-000561,1,GM-R-000561,GADM 3.6:ECU.24_1
554,EE001,EE,Põhja-Eesti,624554.25,0.450738493220582,GM-R-000566,1,GM-R-000566,gisco-nuts-2024 2024-RG-01M-EPSG4326:EE001
555,EE004,EE,Lääne-Eesti,151840.921875,0.109583031954649,GM-R-000564,1,GM-R-000564,gisco-nuts-2024 2024-RG-01M-EPSG4326:EE004
556,EE006,EE,Kesk-Eesti,131622.15625,0.0949912235527483,GM-R-000562,1,GM-R-000562,gisco-nuts-2024 2024-RG-01M-EPSG4326:EE009
557,EE007,EE,Kirde-Eesti,169129.25,0.122059954446755,GM-R-000563,1,GM-R-000563,gisco-nuts-2024 2024-RG-01M-EPSG4326:EE00A
558,EE008,EE,Lõuna-Eesti,308477.8125,0.222627296825266,GM-R-000565,1,GM-R-000565,gisco-nuts-2024 2024-RG-01M-EPSG4326:EE008
559,EG-ALX,EG,Al Iskandarīyah,4979616,0.0519652652364176,GM-R-000572,1,GM-R-000572,GADM 3.6:EGY.6_1
560,EG-ASN,EG,Aswān,1527814.75,0.0159436588515783,GM-R-000583,1,GM-R-000583,GADM 3.6:EGY.17_1
561,EG-AST,EG,Asyūţ,4565108,0.047639626841285,GM-R-000584,1,GM-R-000584,GADM 3.6:EGY.18_1
562,EG-BA,EG,Al Baḩr al Aḩmar,330008.40625,0.00344383469750051,GM-R-000568,1,GM-R-000568,GADM 3.6:EGY.2_1
563,EG-BH,EG,Al Buḩayrah,6210317,0.0648083647629121,GM-R-000569,1,GM-R-000569,GADM 3.6:EGY.3_1
564,EG-BNS,EG,Banī Suwayf,3065966.75,0.0319951930770942,GM-R-000585,1,GM-R-000585,GADM 3.6:EGY.19_1
565,EG-C,EG,Al Qāhirah,8543100,0.0891523477796761,GM-R-000577,1,GM-R-000577,GADM 3.6:EGY.11_1
566,EG-DK,EG,Ad Daqahlīyah,6410034.5,0.0668925360845269,GM-R-000567,1,GM-R-000567,GADM 3.6:EGY.1_1
567,EG-DT,EG,Dumyāţ,1449641,0.0151278691093019,GM-R-000587,1,GM-R-000587,GADM 3.6:EGY.21_1
568,EG-FYM,EG,Al Fayyūm,3462313.75,0.0361313105971315,GM-R-000570,1,GM-R-000570,GADM 3.6:EGY.4_1
569,EG-GH,EG,Al Gharbīyah,5098202.5,0.053202786146857,GM-R-000571,1,GM-R-000571,GADM 3.6:EGY.5_1
570,EG-GZ,EG,Al Jīzah,9719473,0.101428502198402,GM-R-000574,1,GM-R-000574,GADM 3.6:EGY.8_1
571,EG-IS,EG,Al Ismā'īlīyah,1261095.625,0.0131602855805771,GM-R-000573,1,GM-R-000573,GADM 3.6:EGY.7_1
572,EG-JS,EG,Janūb Sīnā',164263.328125,0.00171418587590536,GM-R-000588,1,GM-R-000588,GADM 3.6:EGY.22_1
573,EG-KB,EG,Al Qalyūbīyah,5509473.5,0.057494644514861,GM-R-000578,1,GM-R-000578,GADM 3.6:EGY.12_1
574,EG-KFS,EG,Kafr ash Shaykh,3413196.75,0.0356187453847503,GM-R-000589,1,GM-R-000589,GADM 3.6:EGY.23_1
575,EG-KN,EG,Qinā,2612967.25,0.0272678729043209,GM-R-000591,1,GM-R-000591,GADM 3.6:EGY.25_1
576,EG-LX,EG,Al Uqşur,3227499.5,0.033680883740414,GM-R-000579,1,GM-R-000579,GADM 3.6:EGY.13_1
577,EG-MN,EG,Al Minyā,5519792,0.0576023242213569,GM-R-000576,1,GM-R-000576,GADM 3.6:EGY.10_1
578,EG-MNF,EG,Al Minūfīyah,4239824,0.0442450941429478,GM-R-000575,1,GM-R-000575,GADM 3.6:EGY.9_1
579,EG-MT,EG,Maţrūḩ,482124.46875,0.00503125660604366,GM-R-000590,1,GM-R-000590,GADM 3.6:EGY.24_1
580,EG-PTS,EG,Būr Sa‘īd,701683.8125,0.00732248941056162,GM-R-000586,1,GM-R-000586,GADM 3.6:EGY.20_1
581,EG-SHG,EG,Sūhāj,4917130,0.0513131865292316,GM-R-000593,1,GM-R-000593,GADM 3.6:EGY.27_1
582,EG-SHR,EG,Ash Sharqīyah,7024827.5,0.0733082680025087,GM-R-000582,1,GM-R-000582,GADM 3.6:EGY.16_1
583,EG-SIN,EG,Shamāl Sīnā',480176.90625,0.00501093262887815,GM-R-000592,1,GM-R-000592,GADM 3.6:EGY.26_1
584,EG-SUZ,EG,As Suways,669581.0625,0.00698747805254357,GM-R-000581,1,GM-R-000581,GADM 3.6:EGY.15_1
585,EG-WAD,EG,Al Wādī al Jadīd,240624.1875,0.00251105702241598,GM-R-000580,1,GM-R-000580,GADM 3.6:EGY.14_1
586,ES-AN,ES,Andalucía,9184392,0.175840408426196,GM-R-000594,1,GM-R-000594,GADM 3.6:ESP.1_1
587,ES-AR,ES,Aragón,1485632.125,0.0284432719804509,GM-R-000595,1,GM-R-000595,GADM 3.6:ESP.2_1
588,ES-AS,ES,"Asturias, Principado de",1067257.25,0.02043324704954,GM-R-000596,1,GM-R-000596,GADM 3.6:ESP.17_1
589,ES-CB,ES,Cantabria,624373.25,0.0119539809810373,GM-R-000598,1,GM-R-000598,GADM 3.6:ESP.3_1
590,ES-CE,ES,Ceuta,78780.7890625,0.00150830301286008,GM-R-000602,1,GM-R-000602,gisco-nuts-2024 2024-RG-01M-EPSG4326:ES63
591,ES-CL,ES,Castilla y León,2618433,0.0501313890082903,GM-R-000599,1,GM-R-000599,GADM 3.6:ESP.5_1
592,ES-CM,ES,Castilla-La Mancha,2497107.25,0.0478085385210055,GM-R-000600,1,GM-R-000600,GADM 3.6:ESP.4_1
593,ES-CN,ES,Canarias,2379993.75,0.045566333955671,GM-R-000597,1,GM-R-000597,GADM 3.6:ESP.14_1
594,ES-CT,ES,Catalunya,8627550,0.165179351634537,GM-R-000601,1,GM-R-000601,GADM 3.6:ESP.6_1
595,ES-EX,ES,Extremadura,1147705,0.0219734649776258,GM-R-000603,1,GM-R-000603,GADM 3.6:ESP.11_1
596,ES-GA,ES,Galicia,2733566.75,0.0523356901338998,GM-R-000604,1,GM-R-000604,GADM 3.6:ESP.12_1
597,ES-IB,ES,Illes Balears,1330889.75,0.0254806412019693,GM-R-000605,1,GM-R-000605,GADM 3.6:ESP.13_1
598,ES-MC,ES,"Murcia, Región de",1725722.125,0.0330399315806776,GM-R-000609,1,GM-R-000609,GADM 3.6:ESP.18_1
599,ES-MD,ES,"Madrid, Comunidad de",7480357.5,0.143215698760893,GM-R-000607,1,GM-R-000607,GADM 3.6:ESP.8_1
600,ES-ML,ES,Melilla,102866.3671875,0.00196943510463937,GM-R-000608,1,GM-R-000608,gisco-nuts-2024 2024-RG-01M-EPSG4326:ES64
601,ES-NC,ES,"Navarra, Comunidad Foral de",726830.625,0.0139155856976343,GM-R-000610,1,GM-R-000610,GADM 3.6:ESP.9_1
602,ES-PV,ES,País Vasco,2250327.25,0.043083795065868,GM-R-000611,1,GM-R-000611,GADM 3.6:ESP.16_1
603,ES-RI,ES,La Rioja,366064.0625,0.00700850467403313,GM-R-000606,1,GM-R-000606,GADM 3.6:ESP.15_1
604,ES-VC,ES,"Valenciana, Comunidad",5803558.5,0.111112428233172,GM-R-000612,1,GM-R-000612,GADM 3.6:ESP.10_1
605,ET-AA,ET,Ādīs Ābeba,3550134.25,0.0341952366038219,GM-R-000613,1,GM-R-000613,ocha-cod-ab ETH-v04-valid-2025-01-01:ET14
606,ET-AF,ET,Āfar,1849389.625,0.0178134998132897,GM-R-000614,1,GM-R-000614,ocha-cod-ab ETH-v04-valid-2025-01-01:ET02
607,ET-AM,ET,Āmara,22347806,0.215256229745765,GM-R-000615,1,GM-R-000615,ocha-cod-ab ETH-v04-valid-2025-01-01:ET03
608,ET-BE,ET,Bīnshangul Gumuz,1152960.375,0.011105425891417,GM-R-000616,1,GM-R-000616,ocha-cod-ab ETH-v04-valid-2025-01-01:ET06
609,ET-DD,ET,Dirē Dawa,471181.8125,0.00453846880913169,GM-R-000617,1,GM-R-000617,ocha-cod-ab ETH-v04-valid-2025-01-01:ET15
610,ET-GA,ET,Gambēla Hizboch,589295.9375,0.00567615548974902,GM-R-000618,1,GM-R-000618,ocha-cod-ab ETH-v04-valid-2025-01-01:ET12
611,ET-HA,ET,Hārerī Hizb,257856.953125,0.00248370312250867,GM-R-000619,1,GM-R-000619,ocha-cod-ab ETH-v04-valid-2025-01-01:ET13
612,ET-OR,ET,Oromīya,39751796,0.382893145420306,GM-R-000620,1,GM-R-000620,ocha-cod-ab ETH-v04-valid-2025-01-01:ET04
613,ET-SI,ET,Sidama,4616851,0.0444699555543826,GM-R-002567,1,GM-R-002567,ocha-cod-ab ETH-v04-valid-2025-01-01:ET16
614,ET-SN,ET,YeDebub Bihēroch Bihēreseboch na Hizboch,13652922,0.131506265748549,GM-R-000623,1,GM-R-000623,ocha-cod-ab ETH-v04-valid-2025-01-01:ET07|ET08
615,ET-SO,ET,Sumalē,6267384,0.0603680491144828,GM-R-000621,1,GM-R-000621,ocha-cod-ab ETH-v04-valid-2025-01-01:ET05
616,ET-SW,ET,Southwest Ethiopia Peoples,3360363,0.0323673415617251,GM-R-002568,1,GM-R-002568,ocha-cod-ab ETH-v04-valid-2025-01-01:ET11
617,ET-TI,ET,Tigray,4863725,0.0468478698096906,GM-R-000622,1,GM-R-000622,ocha-cod-ab ETH-v04-valid-2025-01-01:ET01
618,ET99,ET,Contested,1087889.125,0.0104786533151809,GM-R-002571,1,GM-R-002571,ocha-cod-ab ETH-v04-valid-2025-01-01:ET99
619,FI-01,FI,Åland,28764.2890625,0.00513752195705421,GM-R-000624,1,GM-R-000624,GADM 4.1:ALA
620,FI-02,FI,Etelä-Karjala,131891.28125,0.0235567912661977,GM-R-000625,1,GM-R-000625,GADM 4.1:FIN.4.4_1
621,FI-03,FI,Etelä-Pohjanmaa,197163.90625,0.0352149811628237,GM-R-000626,1,GM-R-000626,GADM 4.1:FIN.5.8_1
622,FI-04,FI,Etelä-Savo,146182.421875,0.0261092982512567,GM-R-000627,1,GM-R-000627,GADM 4.1:FIN.1.4_1
623,FI-05,FI,Kainuu,76081.5234375,0.0135887418019265,GM-R-000628,1,GM-R-000628,GADM 4.1:FIN.3.1_1
624,FI-06,FI,Kanta-Häme,179650.25,0.0320869082479267,GM-R-000629,1,GM-R-000629,GADM 4.1:FIN.5.9_1
625,FI-07,FI,Keski-Pohjanmaa,71190.859375,0.0127152318065612,GM-R-000630,1,GM-R-000630,GADM 4.1:FIN.5.2_1
626,FI-08,FI,Keski-Suomi,279533.46875,0.0499268148193834,GM-R-000631,1,GM-R-000631,GADM 4.1:FIN.5.1_1
627,FI-09,FI,Kymenlaakso,174841.84375,0.0312280901268135,GM-R-000632,1,GM-R-000632,GADM 4.1:FIN.4.2_1
628,FI-10,FI,Lappi,177900.953125,0.0317744704510045,GM-R-000633,1,GM-R-000633,GADM 4.1:FIN.2.1_1
629,FI-11,FI,Pirkanmaa,531758.3125,0.0949761004132185,GM-R-000635,1,GM-R-000635,GADM 4.1:FIN.5.6_1
630,FI-12,FI,Pohjanmaa,182544.4375,0.0326038322642573,GM-R-000636,1,GM-R-000636,GADM 4.1:FIN.5.4_1
631,FI-13,FI,Pohjois-Karjala,165326.078125,0.0295285016290622,GM-R-000637,1,GM-R-000637,GADM 4.1:FIN.1.1_1
632,FI-14,FI,Pohjois-Pohjanmaa,420769.875,0.0751527168629967,GM-R-000638,1,GM-R-000638,GADM 4.1:FIN.3.2_1
633,FI-15,FI,Pohjois-Savo,248316.234375,0.0443511780744045,GM-R-000639,1,GM-R-000639,GADM 4.1:FIN.1.2_1
634,FI-16,FI,Päijät-Häme,203585.515625,0.0363619296965421,GM-R-000634,1,GM-R-000634,GADM 4.1:FIN.1.3_1|FIN.4.3_1|FIN.5.5_1
635,FI-17,FI,Satakunta,222669.234375,0.0397704277785681,GM-R-000640,1,GM-R-000640,GADM 4.1:FIN.5.7_1
636,FI-18,FI,Uusimaa,1681816.5,0.300385285995144,GM-R-000641,1,GM-R-000641,GADM 4.1:FIN.4.1_1|FIN.4.5_1
637,FI-19,FI,Varsinais-Suomi,478877.46875,0.0855311773948582,GM-R-000642,1,GM-R-000642,GADM 4.1:FIN.5.3_1
638,FR-20R,FR,Corse,350119.15625,0.00516706145545961,GM-R-000647,1,GM-R-000647,GADM 3.6:FRA.5_1
639,FR-ARA,FR,Auvergne-Rhône-Alpes,8298661.5,0.122471716280325,GM-R-000643,1,GM-R-000643,GADM 3.6:FRA.1_1
640,FR-BFC,FR,Bourgogne-Franche-Comté,2948733.5,0.0435174338172835,GM-R-000644,1,GM-R-000644,GADM 3.6:FRA.2_1
641,FR-BRE,FR,Bretagne,3497843.75,0.0516212075095371,GM-R-000645,1,GM-R-000645,GADM 3.6:FRA.3_1
642,FR-CVL,FR,Centre-Val de Loire,2682490,0.0395882100028791,GM-R-000646,1,GM-R-000646,GADM 3.6:FRA.4_1
643,FR-GES,FR,Grand-Est,5769994,0.0851536200274195,GM-R-000648,1,GM-R-000648,GADM 3.6:FRA.6_1
644,FR-HDF,FR,Hauts-de-France,6074977,0.0896545617089572,GM-R-000649,1,GM-R-000649,GADM 3.6:FRA.7_1
645,FR-IDF,FR,Île-de-France,12763105,0.188358011037803,GM-R-000650,1,GM-R-000650,GADM 3.6:FRA.8_1
646,FR-NAQ,FR,Nouvelle-Aquitaine,6303346,0.0930248333335104,GM-R-000652,1,GM-R-000652,GADM 3.6:FRA.10_1
647,FR-NOR,FR,Normandie,3440070.75,0.0507685930891679,GM-R-000651,1,GM-R-000651,GADM 3.6:FRA.9_1
648,FR-OCC,FR,Occitanie,6343682.5,0.0936201197400882,GM-R-000653,1,GM-R-000653,GADM 3.6:FRA.11_1
649,FR-PAC,FR,Provence-Alpes-Côte-d’Azur,5319324,0.0785026283733975,GM-R-000655,1,GM-R-000655,GADM 3.6:FRA.13_1
650,FR-PDL,FR,Pays-de-la-Loire,3967473.25,0.0585520036241721,GM-R-000654,1,GM-R-000654,GADM 3.6:FRA.12_1
651,GA-1,GA,Estuaire,1136832.5,0.377729232069152,GM-R-000656,1,GM-R-000656,GADM 3.6:GAB.1_1
652,GA-2,GA,Haut-Ogooué,811137.5625,0.269512323570595,GM-R-000657,1,GM-R-000657,GADM 3.6:GAB.2_1
653,GA-3,GA,Moyen-Ogooué,109314.2890625,0.0363212720095207,GM-R-000658,1,GM-R-000658,GADM 3.6:GAB.3_1
654,GA-4,GA,Ngounié,152205.78125,0.050572597870001,GM-R-000659,1,GM-R-000659,GADM 3.6:GAB.4_1
655,GA-5,GA,Nyanga,71238.8046875,0.0236701352117693,GM-R-000660,1,GM-R-000660,GADM 3.6:GAB.5_1
656,GA-6,GA,Ogooué-Ivindo,97493.7421875,0.0323937223540251,GM-R-000661,1,GM-R-000661,GADM 3.6:GAB.6_1
657,GA-7,GA,Ogooué-Lolo,123504.5859375,0.0410362057763043,GM-R-000662,1,GM-R-000662,GADM 3.6:GAB.7_1
658,GA-8,GA,Ogooué-Maritime,180501.921875,0.0599744046170829,GM-R-000663,1,GM-R-000663,GADM 3.6:GAB.8_1
659,GA-9,GA,Woleu-Ntem,327420.0625,0.108790106521549,GM-R-000664,1,GM-R-000664,GADM 3.6:GAB.9_1
660,GD.nat,GD,Grenada,94609.3154296875,1,GM-A-0013,7,GM-R-000677|GM-R-000678|GM-R-000679|GM-R-000680|GM-R-000681|GM-R-000682|GM-R-000683,GADM 3.6:GRD.1_1|GADM 3.6:GRD.2_1|GADM 3.6:GRD.3_1|GADM 3.6:GRD.4_1|GADM 3.6:GRD.5_1|GADM 3.6:GRD.6_1|GADM 3.6:GRD.7_1
661,GE-AB,GE,Abkhazia,260978.171875,0.0703622226623049,GM-R-000684,1,GM-R-000684,GADM 3.6:GEO.1_1
662,GE-AJ,GE,Ajaria,310554.46875,0.0837284686377042,GM-R-000685,1,GM-R-000685,GADM 3.6:GEO.2_1
663,GE-GU,GE,Guria,100503.84375,0.0270968019338495,GM-R-000686,1,GM-R-000686,GADM 3.6:GEO.3_1
664,GE-IM,GE,Imereti,462053.59375,0.124574088368308,GM-R-000687,1,GM-R-000687,GADM 3.6:GEO.4_1
665,GE-KA,GE,K'akheti,281988.96875,0.0760269353752873,GM-R-000688,1,GM-R-000688,GADM 3.6:GEO.5_1
666,GE-KK,GE,Kvemo Kartli,476432.4375,0.128450762797802,GM-R-000689,1,GM-R-000689,GADM 3.6:GEO.6_1
667,GE-MM,GE,Mtskheta-Mtianeti,87885.8671875,0.023694874216831,GM-R-000690,1,GM-R-000690,GADM 3.6:GEO.7_1
668,GE-RL,GE,Rach'a-Lechkhumi-Kvemo Svaneti,26770.400390625,0.00721755716009232,GM-R-000691,1,GM-R-000691,GADM 3.6:GEO.8_1
669,GE-SJ,GE,Samtskhe-Javakheti,141682.171875,0.0381988748450677,GM-R-000693,1,GM-R-000693,GADM 3.6:GEO.10_1
670,GE-SK,GE,Shida Kartli,236539.484375,0.0637733177010383,GM-R-000694,1,GM-R-000694,GADM 3.6:GEO.11_1
671,GE-SZ,GE,Samegrelo-Zemo Svaneti,278677.40625,0.0751341063072044,GM-R-000692,1,GM-R-000692,GADM 3.6:GEO.9_1
672,GE-TB,GE,Tbilisi,1044999.8125,0.28174198999451,GM-R-000695,1,GM-R-000695,GADM 3.6:GEO.12_1
673,GH-AA,GH,Greater Accra,5588898.5,0.168937960059265,GM-R-000702,1,GM-R-000702,GADM 4.1:GHA7_2
674,GH-AF,GH,Ahafo,602621.3125,0.0182156851161256,GM-R-000696,1,GM-R-000696,GADM 4.1:GHA1_2
675,GH-AH,GH,Ashanti,6761669,0.204387781860051,GM-R-000697,1,GM-R-000697,GADM 4.1:GHA2_2
676,GH-BE,GH,Bono East,1185885.5,0.0358462543619035,GM-R-000699,1,GM-R-000699,GADM 4.1:GHA4_2
677,GH-BO,GH,Bono,1170521.5,0.0353818403421552,GM-R-000698,1,GM-R-000698,GADM 4.1:GHA3_2
678,GH-CP,GH,Central,2937253,0.088785568390257,GM-R-000700,1,GM-R-000700,GADM 4.1:GHA5_2
679,GH-EP,GH,Eastern,3354317.25,0.10139234298254,GM-R-000701,1,GM-R-000701,GADM 4.1:GHA6_2
680,GH-NE,GH,North East,663630.5625,0.0200598370970116,GM-R-000703,1,GM-R-000703,GADM 4.1:GHA8_2
681,GH-NP,GH,Northern,2126684,0.0642841620134409,GM-R-000704,1,GM-R-000704,GADM 4.1:GHA9_2
682,GH-OT,GH,Oti,790657.875,0.0238995445179928,GM-R-000705,1,GM-R-000705,GADM 4.1:GHA10_2
683,GH-SV,GH,Savannah,671059.25,0.0202843871245649,GM-R-000706,1,GM-R-000706,GADM 4.1:GHA11_2
684,GH-TV,GH,Volta,2131987.75,0.0644444806711629,GM-R-000709,1,GM-R-000709,GADM 4.1:GHA14_2
685,GH-UE,GH,Upper East,1193357.125,0.0360721022791322,GM-R-000707,1,GM-R-000707,GADM 4.1:GHA12_2
686,GH-UW,GH,Upper West,875970.9375,0.0264783379502153,GM-R-000708,1,GM-R-000708,GADM 4.1:GHA13_2
687,GH-WN,GH,Western North,828645.125,0.0250478009272407,GM-R-000711,1,GM-R-000711,GADM 4.1:GHA16_2
688,GH-WP,GH,Western,2199391.25,0.0664819143069419,GM-R-000710,1,GM-R-000710,GADM 4.1:GHA15_2
689,GM-B,GM,Banjul,363022.28125,0.152545294314442,GM-R-000712,1,GM-R-000712,GADM 3.6:GMB.1_1
690,GM-L,GM,Lower River,88744.265625,0.0372911548896413,GM-R-000714,1,GM-R-000714,GADM 3.6:GMB.2_1
691,GM-M,GM,Central River,259496.984375,0.10904301443672,GM-R-000713,1,GM-R-000713,GADM 3.6:GMB.3_1
692,GM-N,GM,North Bank,271520.5,0.114095406051346,GM-R-000715,1,GM-R-000715,GADM 3.6:GMB.4_1
693,GM-U,GM,Upper River,289516,0.121657280309816,GM-R-000716,1,GM-R-000716,GADM 3.6:GMB.5_1
694,GM-W,GM,Western,1107467.125,0.465367849998035,GM-R-000717,1,GM-R-000717,GADM 3.6:GMB.6_1
695,GN-B,GN,Boké,1216895.625,0.0986353526192592,GM-R-000718,1,GM-R-000718,GADM 3.6:GIN.1_1
696,GN-C,GN,Conakry,1898259.625,0.153863243180595,GM-R-000719,1,GM-R-000719,GADM 3.6:GIN.2_1
697,GN-D,GN,Kindia,2037639.25,0.165160644681086,GM-R-000722,1,GM-R-000722,GADM 3.6:GIN.5_1
698,GN-F,GN,Faranah,1092250,0.0885322140084001,GM-R-000720,1,GM-R-000720,GADM 3.6:GIN.3_1
699,GN-K,GN,Kankan,2518188.25,0.204111495593901,GM-R-000721,1,GM-R-000721,GADM 3.6:GIN.4_1
700,GN-L,GN,Labé,1078425.25,0.0874116502861638,GM-R-000723,1,GM-R-000723,GADM 3.6:GIN.6_1
701,GN-M,GN,Mamou,780564.625,0.06326858725373,GM-R-000724,1,GM-R-000724,GADM 3.6:GIN.7_1
702,GN-N,GN,Nzérékoré,1715094.5,0.139016812376864,GM-R-000725,1,GM-R-000725,GADM 3.6:GIN.8_1
703,GR-A,GR,Anatolikí Makedonía kai Thráki,597918.25,0.0573202898183671,GM-R-000726,1,GM-R-000726,GADM 4.1:GRC.6.2_1
704,GR-B,GR,Kentrikí Makedonía,1853764.625,0.177713802112641,GM-R-000732,1,GM-R-000732,GADM 4.1:GRC.6.1_1
705,GR-C,GR,Dytikí Makedonía,275189.25,0.0263814117814585,GM-R-000729,1,GM-R-000729,GADM 4.1:GRC.5.2_1
706,GR-D,GR,Ípeiros,331986.3125,0.0318263435649121,GM-R-000731,1,GM-R-000731,GADM 4.1:GRC.5.1_1
707,GR-E,GR,Thessalía,716954.625,0.0687318824799522,GM-R-000737,1,GM-R-000737,GADM 4.1:GRC.8.2_1
708,GR-F,GR,Ionía Nísia,188699.421875,0.0180899404733562,GM-R-000730,1,GM-R-000730,GADM 4.1:GRC.7.1_1
709,GR-G,GR,Dytikí Elláda,622335.25,0.0596610605115096,GM-R-000728,1,GM-R-000728,GADM 4.1:GRC.7.3_1
710,GR-H,GR,Stereá Elláda,514419.3125,0.0493155445258029,GM-R-000736,1,GM-R-000736,GADM 4.1:GRC.8.1_1
711,GR-I,GR,Attikí,3714436.75,0.356089801610828,GM-R-000727,1,GM-R-000727,GADM 4.1:GRC.3.1_1
712,GR-J,GR,Pelóponnisos,537711.8125,0.0515485134151023,GM-R-000735,1,GM-R-000735,GADM 4.1:GRC.7.2_1
713,GR-K,GR,Vóreio Aigaío,175085.578125,0.0167848298344152,GM-R-000738,1,GM-R-000738,GADM 4.1:GRC.1.1_1
714,GR-L,GR,Nótio Aigaío,288618.25,0.0276688021094354,GM-R-000734,1,GM-R-000734,GADM 4.1:GRC.1.2_1
715,GR-M,GR,Kríti,614060.375,0.0588677777622195,GM-R-000733,1,GM-R-000733,GADM 4.1:GRC.4.1_1
716,GT-01,GT,Guatemala,3629406.75,0.198770316670058,GM-R-000745,1,GM-R-000745,GADM 3.6:GTM.7_1
717,GT-02,GT,El Progreso,185133.375,0.0101391279924595,GM-R-000743,1,GM-R-000743,GADM 3.6:GTM.5_1
718,GT-03,GT,Sacatepéquez,386521.53125,0.0211684753069791,GM-R-000754,1,GM-R-000754,GADM 3.6:GTM.16_1
719,GT-04,GT,Chimaltenango,791261.1875,0.0433346956243196,GM-R-000741,1,GM-R-000741,GADM 3.6:GTM.3_1
720,GT-05,GT,Escuintla,843603.3125,0.046201296553365,GM-R-000744,1,GM-R-000744,GADM 3.6:GTM.6_1
721,GT-06,GT,Santa Rosa,413205.96875,0.0226298915817015,GM-R-000756,1,GM-R-000756,GADM 3.6:GTM.18_1
722,GT-07,GT,Sololá,572746.375,0.0313673793466047,GM-R-000757,1,GM-R-000757,GADM 3.6:GTM.19_1
723,GT-08,GT,Totonicapán,618191.1875,0.0338562378278527,GM-R-000759,1,GM-R-000759,GADM 3.6:GTM.21_1
724,GT-09,GT,Quetzaltenango,975607.625,0.053430725714877,GM-R-000751,1,GM-R-000751,GADM 3.6:GTM.13_1
725,GT-10,GT,Suchitepéquez,640933.75,0.0351017709580299,GM-R-000758,1,GM-R-000758,GADM 3.6:GTM.20_1
726,GT-11,GT,Retalhuleu,371322.6875,0.0203360861058496,GM-R-000753,1,GM-R-000753,GADM 3.6:GTM.15_1
727,GT-12,GT,San Marcos,1260011.5,0.0690065628116536,GM-R-000755,1,GM-R-000755,GADM 3.6:GTM.17_1
728,GT-13,GT,Huehuetenango,1438437.5,0.0787783505899652,GM-R-000746,1,GM-R-000746,GADM 3.6:GTM.8_1
729,GT-14,GT,Quiché,1292974.375,0.0708118278462506,GM-R-000752,1,GM-R-000752,GADM 3.6:GTM.14_1
730,GT-15,GT,Baja Verapaz,340231.375,0.0186333202113098,GM-R-000740,1,GM-R-000740,GADM 3.6:GTM.2_1
731,GT-16,GT,Alta Verapaz,1461217.75,0.0800259477368882,GM-R-000739,1,GM-R-000739,GADM 3.6:GTM.1_1
732,GT-17,GT,Petén,882429.0625,0.0483276513970189,GM-R-000750,1,GM-R-000750,GADM 3.6:GTM.12_1
733,GT-18,GT,Izabal,513918.25,0.0281455621624724,GM-R-000747,1,GM-R-000747,GADM 3.6:GTM.9_1
734,GT-19,GT,Zacapa,258020.8125,0.0141309261101943,GM-R-000760,1,GM-R-000760,GADM 3.6:GTM.22_1
735,GT-20,GT,Chiquimula,454729.625,0.0249040016141775,GM-R-000742,1,GM-R-000742,GADM 3.6:GTM.4_1
736,GT-21,GT,Jalapa,406645.8125,0.0222706140399331,GM-R-000748,1,GM-R-000748,GADM 3.6:GTM.10_1
737,GT-22,GT,Jutiapa,522749.71875,0.02862923179804,GM-R-000749,1,GM-R-000749,GADM 3.6:GTM.11_1
738,GY.nat,GY,Guyana,711602.857421875,1,GM-A-0014,10,GM-R-000761|GM-R-000762|GM-R-000763|GM-R-000764|GM-R-000765|GM-R-000766|GM-R-000767|GM-R-000768|GM-R-000769|GM-R-000770,GADM 3.6:GUY.1_1|GADM 3.6:GUY.10_1|GADM 3.6:GUY.2_1|GADM 3.6:GUY.3_1|GADM 3.6:GUY.4_1|GADM 3.6:GUY.5_1|GADM 3.6:GUY.6_1|GADM 3.6:GUY.7_1|GADM 3.6:GUY.8_1|GADM 3.6:GUY.9_1
739,HN-AT,HN,Atlántida,489468.03125,0.0513310118051972,GM-R-000772,1,GM-R-000772,GADM 3.6:HND.1_1
740,HN-CH,HN,Choluteca,466479.4375,0.0489201745250738,GM-R-000773,1,GM-R-000773,GADM 3.6:HND.2_1
741,HN-CL,HN,Colón,350911.78125,0.036800476509009,GM-R-000774,1,GM-R-000774,GADM 3.6:HND.3_1
742,HN-CM,HN,Comayagua,600658.75,0.0629916959201715,GM-R-000775,1,GM-R-000775,GADM 3.6:HND.4_1
743,HN-CP,HN,Copán,445128.25,0.0466810537089122,GM-R-000776,1,GM-R-000776,GADM 3.6:HND.5_1
744,HN-CR,HN,Cortés,1808102.375,0.189617540739296,GM-R-000777,1,GM-R-000777,GADM 3.6:HND.6_1
745,HN-EP,HN,El Paraíso,512033.6875,0.0536974951982038,GM-R-000778,1,GM-R-000778,GADM 3.6:HND.7_1
746,HN-FM,HN,Francisco Morazán,1743345.5,0.182826421191399,GM-R-000779,1,GM-R-000779,GADM 3.6:HND.8_1
747,HN-GD,HN,Gracias a Dios,102745.2734375,0.0107750016487896,GM-R-000780,1,GM-R-000780,GADM 3.6:HND.9_1
748,HN-IB,HN,Islas de la Bahía,70201.734375,0.00736212750554063,GM-R-000782,1,GM-R-000782,GADM 3.6:HND.11_1
749,HN-IN,HN,Intibucá,270282.375,0.0283447884153552,GM-R-000781,1,GM-R-000781,GADM 3.6:HND.10_1
750,HN-LE,HN,Lempira,363753,0.0381471482202667,GM-R-000784,1,GM-R-000784,GADM 3.6:HND.13_1
751,HN-LP,HN,La Paz,218464.265625,0.0229105704190167,GM-R-000783,1,GM-R-000783,GADM 3.6:HND.12_1
752,HN-OC,HN,Ocotepeque,174891.953125,0.0183410975535358,GM-R-000785,1,GM-R-000785,GADM 3.6:HND.14_1
753,HN-OL,HN,Olancho,602288.75,0.0631626356831399,GM-R-000786,1,GM-R-000786,GADM 3.6:HND.15_1
754,HN-SB,HN,Santa Bárbara,487250.75,0.0510984832583817,GM-R-000787,1,GM-R-000787,GADM 3.6:HND.16_1
755,HN-VA,HN,Valle,183565.21875,0.0192506717683206,GM-R-000788,1,GM-R-000788,GADM 3.6:HND.17_1
756,HN-YO,HN,Yoro,645951.625,0.06774160593039,GM-R-000789,1,GM-R-000789,GADM 3.6:HND.18_1
757,HR-01,HR,Zagrebačka županija,250785.171875,0.0613800105117265,GM-R-000810,1,GM-R-000810,GADM 3.6:HRV.21_1
758,HR-02,HR,Krapinsko-zagorska županija,125196.59375,0.0306420359024959,GM-R-000797,1,GM-R-000797,GADM 3.6:HRV.8_1
759,HR-03,HR,Sisačko-moslavačka županija,163060.6875,0.0399093241357508,GM-R-000804,1,GM-R-000804,GADM 3.6:HRV.15_1
760,HR-04,HR,Karlovačka županija,119597.90625,0.0292717495532968,GM-R-000795,1,GM-R-000795,GADM 3.6:HRV.6_1
761,HR-05,HR,Varaždinska županija,169904.421875,0.041584337394056,GM-R-000806,1,GM-R-000806,GADM 3.6:HRV.17_1
762,HR-06,HR,Koprivničko-križevačka županija,108460.640625,0.0265458887058495,GM-R-000796,1,GM-R-000796,GADM 3.6:HRV.7_1
763,HR-07,HR,Bjelovarsko-bilogorska županija,109273.5234375,0.0267448428752807,GM-R-000790,1,GM-R-000790,GADM 3.6:HRV.1_1
764,HR-08,HR,Primorsko-goranska županija,276037,0.0675604296496066,GM-R-000802,1,GM-R-000802,GADM 3.6:HRV.13_1
765,HR-09,HR,Ličko-senjska županija,48548.8671875,0.0118824010048986,GM-R-000798,1,GM-R-000798,GADM 3.6:HRV.9_1
766,HR-10,HR,Virovitičko-podravska županija,78070.4140625,0.0191078395902911,GM-R-000807,1,GM-R-000807,GADM 3.6:HRV.18_1
767,HR-11,HR,Požeško-slavonska županija,71778.0625,0.0175677780222083,GM-R-000801,1,GM-R-000801,GADM 3.6:HRV.12_1
768,HR-12,HR,Brodsko-posavska županija,143951.46875,0.035232316962733,GM-R-000791,1,GM-R-000791,GADM 3.6:HRV.2_1
769,HR-13,HR,Zadarska županija,164458,0.0402513182628235,GM-R-000809,1,GM-R-000809,GADM 3.6:HRV.20_1
770,HR-14,HR,Osječko-baranjska županija,283659.84375,0.0694261309827678,GM-R-000800,1,GM-R-000800,GADM 3.6:HRV.11_1
771,HR-15,HR,Šibensko-kninska županija,99016,0.0242343001198588,GM-R-000803,1,GM-R-000803,GADM 3.6:HRV.14_1
772,HR-16,HR,Vukovarsko-srijemska županija,158750.765625,0.0388544649189384,GM-R-000808,1,GM-R-000808,GADM 3.6:HRV.19_1
773,HR-17,HR,Splitsko-dalmatinska županija,420865,0.103007278823062,GM-R-000805,1,GM-R-000805,GADM 3.6:HRV.16_1
774,HR-18,HR,Istarska županija,197552.15625,0.0483511578319436,GM-R-000794,1,GM-R-000794,GADM 3.6:HRV.5_1
775,HR-19,HR,Dubrovačko-neretvanska županija,112825.09375,0.0276140945199634,GM-R-000792,1,GM-R-000792,GADM 3.6:HRV.3_1
776,HR-20,HR,Međimurska županija,107706.546875,0.0263613232390966,GM-R-000799,1,GM-R-000799,GADM 3.6:HRV.10_1
777,HR-21,HR,Grad Zagreb,876281.0625,0.214470976993352,GM-R-000793,1,GM-R-000793,GADM 3.6:HRV.4_1
778,HT-AR,HT,Artibonite,2290811.75,0.158342493751063,GM-R-000811,1,GM-R-000811,GADM 3.6:HTI.3_1
779,HT-CE,HT,Centre,949402.375,0.0656233492912203,GM-R-000812,1,GM-R-000812,GADM 3.6:HTI.1_1
780,HT-GA,HT,Grande’Anse,616019.5,0.0425796942194324,GM-R-000813,1,GM-R-000813,GADM 3.6:HTI.2_1
781,HT-ND,HT,Nord,1353553.875,0.0935585807056884,GM-R-000815,1,GM-R-000815,GADM 3.6:HTI.7_1
782,HT-NE,HT,Nord-Est,463398.53125,0.0320304272224485,GM-R-000816,1,GM-R-000816,GADM 3.6:HTI.5_1
783,HT-NI,HT,Nippes,444256.8125,0.0307073383734601,GM-R-000814,1,GM-R-000814,GADM 3.6:HTI.4_1
784,HT-NO,HT,Nord-Ouest,973851.6875,0.0673133026938729,GM-R-000817,1,GM-R-000817,GADM 3.6:HTI.6_1
785,HT-OU,HT,Ouest,5760642,0.398179562282719,GM-R-000818,1,GM-R-000818,GADM 3.6:HTI.8_1
786,HT-SD,HT,Sud,871334.0625,0.0602272134960432,GM-R-000819,1,GM-R-000819,GADM 3.6:HTI.10_1
787,HT-SE,HT,Sud-Est,744177.125,0.051438037964052,GM-R-000820,1,GM-R-000820,GADM 3.6:HTI.9_1
788,HU11,HU,Budapest,1794687.125,0.191649161838584,GM-R-002569,1,GM-R-002569,gisco-nuts-2024 2024-RG-01M-EPSG4326:HU11
789,HU12,HU,Pest,1130483.75,0.120720910147299,GM-R-002570,1,GM-R-002570,gisco-nuts-2024 2024-RG-01M-EPSG4326:HU12
790,HU21,HU,Közép-Dunántúl,966571.4375,0.103217214451232,GM-R-000825,1,GM-R-000825,gisco-nuts-2024 2024-RG-01M-EPSG4326:HU21
791,HU22,HU,Nyugat-Dunántúl,911888.25,0.0973777637163097,GM-R-000827,1,GM-R-000827,gisco-nuts-2024 2024-RG-01M-EPSG4326:HU22
792,HU23,HU,Dél-Dunántúl,815191.5625,0.0870518195147863,GM-R-000822,1,GM-R-000822,gisco-nuts-2024 2024-RG-01M-EPSG4326:HU23
793,HU31,HU,Észak-Magyarország,1100620,0.117531851409912,GM-R-000824,1,GM-R-000824,gisco-nuts-2024 2024-RG-01M-EPSG4326:HU31
794,HU32,HU,Észak-Alföld,1506858.625,0.160912834592543,GM-R-000823,1,GM-R-000823,gisco-nuts-2024 2024-RG-01M-EPSG4326:HU32
795,HU33,HU,Dél-Alföld,1138139.5,0.121538444329334,GM-R-000821,1,GM-R-000821,gisco-nuts-2024 2024-RG-01M-EPSG4326:HU33
796,ID-AC,ID,Aceh,4783318,0.0170194447883802,GM-R-000828,1,GM-R-000828,GADM 3.6:IDN.1_1
797,ID-BA,ID,Bali,4764540,0.0169526310966632,GM-R-000829,1,GM-R-000829,GADM 3.6:IDN.2_1
798,ID-BB,ID,Kepulauan Bangka Belitung,1631524.75,0.00580510127143977,GM-R-000843,1,GM-R-000843,GADM 3.6:IDN.3_1
799,ID-BE,ID,Bengkulu,1847065.25,0.00657201236524743,GM-R-000831,1,GM-R-000831,GADM 3.6:IDN.5_1
800,ID-BT,ID,Banten,14191472,0.05049444217797,GM-R-000830,1,GM-R-000830,GADM 3.6:IDN.4_1
801,ID-GO,ID,Gorontalo,1282420.875,0.0045629605385903,GM-R-000832,1,GM-R-000832,GADM 3.6:IDN.6_1
802,ID-JA,ID,Jambi,3999088.5,0.0142290907544922,GM-R-000834,1,GM-R-000834,GADM 3.6:IDN.8_1
803,ID-JB,ID,Jawa Barat,52745888,0.187674273094551,GM-R-000835,1,GM-R-000835,GADM 3.6:IDN.9_1
804,ID-JI,ID,Jawa Timur,40102208,0.142687004072934,GM-R-000837,1,GM-R-000837,GADM 3.6:IDN.11_1
805,ID-JK,ID,Jakarta Jakarta Raya,10652641,0.0379029860339486,GM-R-000833,1,GM-R-000833,GADM 3.6:IDN.7_1
806,ID-JT,ID,Jawa Tengah,33711940,0.119949897025283,GM-R-000836,1,GM-R-000836,GADM 3.6:IDN.10_1
807,ID-KB,ID,Kalimantan Barat,5209340.5,0.018535268410677,GM-R-000838,1,GM-R-000838,GADM 3.6:IDN.12_1
808,ID-KI,ID,Kalimantan Timur,4262719,0.0151671100831847,GM-R-000841,1,GM-R-000841,GADM 4.1:IDN.34_1
809,ID-KR,ID,Kepulauan Riau,2645124,0.00941157202519659,GM-R-000844,1,GM-R-000844,GADM 3.6:IDN.16_1
810,ID-KS,ID,Kalimantan Selatan,4480536.5,0.0159421229330921,GM-R-000839,1,GM-R-000839,GADM 3.6:IDN.13_1
811,ID-KT,ID,Kalimantan Tengah,2775164.5,0.00987426698087449,GM-R-000840,1,GM-R-000840,GADM 3.6:IDN.14_1
812,ID-KU,ID,Kalimantan Utara,831336.0625,0.00295796311604374,GM-R-000842,1,GM-R-000842,GADM 4.1:IDN.35_1
813,ID-LA,ID,Lampung,8710829,0.0309938568220889,GM-R-000845,1,GM-R-000845,GADM 3.6:IDN.17_1
814,ID-MA,ID,Maluku,1941279.375,0.00690723408764244,GM-R-000846,1,GM-R-000846,GADM 3.6:IDN.19_1
815,ID-MU,ID,Maluku Utara,1504467.375,0.00535302052356371,GM-R-000847,1,GM-R-000847,GADM 3.6:IDN.18_1
816,ID-NB,ID,Nusa Tenggara Barat,5143865,0.0183023011153306,GM-R-000848,1,GM-R-000848,GADM 3.6:IDN.20_1
817,ID-NT,ID,Nusa Tenggara Timur,5614325,0.0199762370725765,GM-R-000849,1,GM-R-000849,GADM 3.6:IDN.21_1
818,ID-PA,ID,Papua,1160381.5,0.00412873425365149,GM-R-002577,1,GM-R-002577,Indonesia-BIG-RBI live-2026-08-06-deterministic-kdpkab-repair-v1:KDPPUM-91
819,ID-PB,ID,Papua Barat,582663.0625,0.00207316382110645,GM-R-002578,1,GM-R-002578,Indonesia-BIG-RBI live-2026-08-06-deterministic-kdpkab-repair-v1:KDPPUM-92
820,ID-PD,ID,Papua Barat Daya,832611.75,0.00296250211867193,GM-R-002579,1,GM-R-002579,Indonesia-BIG-RBI live-2026-08-06-deterministic-kdpkab-repair-v1:KDPPUM-96
821,ID-PE,ID,Papua Pegunungan,2078249.375,0.0073945847828428,GM-R-002580,1,GM-R-002580,Indonesia-BIG-RBI live-2026-08-06-deterministic-kdpkab-repair-v1:KDPPUM-95
822,ID-PS,ID,Papua Selatan,801284.25,0.00285103625823615,GM-R-002581,1,GM-R-002581,Indonesia-BIG-RBI live-2026-08-06-deterministic-kdpkab-repair-v1:KDPPUM-93
823,ID-PT,ID,Papua Tengah,2662986.25,0.00947512740196042,GM-R-002582,1,GM-R-002582,Indonesia-BIG-RBI live-2026-08-06-deterministic-kdpkab-repair-v1:KDPPUM-94
824,ID-RI,ID,Riau,8253879.5,0.0293679923517928,GM-R-000852,1,GM-R-000852,GADM 3.6:IDN.24_1
825,ID-SA,ID,Sulawesi Utara,2738280.5,0.00974303062954376,GM-R-000857,1,GM-R-000857,GADM 3.6:IDN.29_1
826,ID-SB,ID,Sumatera Barat,5511872.5,0.0196117025241351,GM-R-000858,1,GM-R-000858,GADM 3.6:IDN.30_1
827,ID-SG,ID,Sulawesi Tenggara,2941573.25,0.0104663632063248,GM-R-000856,1,GM-R-000856,GADM 3.6:IDN.28_1
828,ID-SN,ID,Sulawesi Selatan,9194256,0.0327139304479094,GM-R-000854,1,GM-R-000854,GADM 3.6:IDN.26_1
829,ID-SR,ID,Sulawesi Barat,1649631.875,0.00586952793389746,GM-R-000853,1,GM-R-000853,GADM 3.6:IDN.25_1
830,ID-SS,ID,Sumatera Selatan,8133894.5,0.0289410757046174,GM-R-000859,1,GM-R-000859,GADM 3.6:IDN.31_1
831,ID-ST,ID,Sulawesi Tengah,3226226.75,0.0114791841241624,GM-R-000855,1,GM-R-000855,GADM 3.6:IDN.27_1
832,ID-SU,ID,Sumatera Utara,14600067,0.0519482573002989,GM-R-000860,1,GM-R-000860,GADM 3.6:IDN.32_1
833,ID-YO,ID,Yogyakarta,3851228,0.0137029907510778,GM-R-000861,1,GM-R-000861,GADM 3.6:IDN.33_1
834,IE041,IE,Border,473141.375,0.0869845910463896,GM-R-000862,1,GM-R-000862,gisco-nuts-2024 2024-RG-01M-EPSG4326:IE041
835,IE042,IE,West,508725.8125,0.0935266055627766,GM-R-000869,1,GM-R-000869,gisco-nuts-2024 2024-RG-01M-EPSG4326:IE042
836,IE051,IE,Mid-West,523520.6875,0.0962465666979816,GM-R-000865,1,GM-R-000865,gisco-nuts-2024 2024-RG-01M-EPSG4326:IE051
837,IE052,IE,South-East (IRL),482826.3125,0.0887651166403462,GM-R-000867,1,GM-R-000867,gisco-nuts-2024 2024-RG-01M-EPSG4326:IE052
838,IE053,IE,South-West (IRL),760956.5625,0.139897922461609,GM-R-000868,1,GM-R-000868,gisco-nuts-2024 2024-RG-01M-EPSG4326:IE053
839,IE061,IE,Dublin,1514640.125,0.278458741545436,GM-R-000863,1,GM-R-000863,gisco-nuts-2024 2024-RG-01M-EPSG4326:IE061
840,IE062,IE,Mid-East,811712.875,0.14922920761044,GM-R-000864,1,GM-R-000864,gisco-nuts-2024 2024-RG-01M-EPSG4326:IE062
841,IE063,IE,Midland,363846.25,0.066891248435021,GM-R-000866,1,GM-R-000866,gisco-nuts-2024 2024-RG-01M-EPSG4326:IE063
842,IL-D,IL,HaDarom,1254093.75,0.142523988714683,GM-R-000870,1,GM-R-000870,GADM 3.6:ISR.2_1
843,IL-HA,IL,H̱efa,1011182.375,0.114917840395095,GM-R-000873,1,GM-R-000873,GADM 3.6:ISR.3_1
844,IL-JM,IL,Yerushalayim,1170973.75,0.133077650319356,GM-R-000875,1,GM-R-000875,GADM 3.6:ISR.6_1
845,IL-M,IL,HaMerkaz,2430615,0.276232095750209,GM-R-000871,1,GM-R-000871,GADM 3.6:ISR.4_1
846,IL-TA,IL,Tel Aviv,1424776.625,0.161921584907383,GM-R-000874,1,GM-R-000874,GADM 3.6:ISR.7_1
847,IL-Z,IL,HaTsafon,1507535.125,0.171326839913274,GM-R-000872,1,GM-R-000872,GADM 3.6:ISR.5_1
848,IN-AN,IN,Andaman and Nicobar Islands,384060.96875,0.000272893426517812,GM-R-000876,1,GM-R-000876,GADM 3.6:IND.1_1
849,IN-AP,IN,Andhra Pradesh,53555356,0.0380536055376527,GM-R-000877,1,GM-R-000877,GADM 3.6:IND.2_1
850,IN-AR,IN,Arunachal Pradesh,1758244.75,0.00124931579495333,GM-R-000878,1,GM-R-000878,GADM 3.6:IND.3_1
851,IN-AS,IN,Assam,35806168,0.0254419706011649,GM-R-000879,1,GM-R-000879,GADM 3.6:IND.4_1
852,IN-BR,IN,Bihar,128196880,0.0910899276381954,GM-R-000880,1,GM-R-000880,GADM 3.6:IND.5_1
853,IN-CG,IN,Chhattisgarh,30133968,0.0214116050606824,GM-R-000882,1,GM-R-000882,GADM 3.6:IND.7_1
854,IN-CH,IN,Chandigarh,927228.5,0.000658839567461177,GM-R-000881,1,GM-R-000881,GADM 3.6:IND.6_1
855,IN-DH,IN,Dadra and Nagar Haveli and Daman and Diu,809746.6875,0.000575363200490085,GM-R-000883,1,GM-R-000883,GADM 4.1:IND.8_1|IND.9_1
856,IN-DL,IN,Delhi,19432342,0.0138075952130868,GM-R-000884,1,GM-R-000884,GADM 3.6:IND.25_1
857,IN-GA,IN,Goa,1559238.5,0.00110791247131512,GM-R-000885,1,GM-R-000885,GADM 3.6:IND.10_1
858,IN-GJ,IN,Gujarat,71226072,0.0506094824182374,GM-R-000886,1,GM-R-000886,GADM 3.6:IND.11_1
859,IN-HP,IN,Himachal Pradesh,7777536,0.00552630603368397,GM-R-000888,1,GM-R-000888,GADM 3.6:IND.13_1
860,IN-HR,IN,Haryana,29991800,0.0213105879935551,GM-R-000887,1,GM-R-000887,GADM 3.6:IND.12_1
861,IN-JH,IN,Jharkhand,39991300,0.0284157042133737,GM-R-000890,1,GM-R-000890,GADM 3.6:IND.15_1
862,IN-JK,IN,Jammu and Kashmir,14840112,0.0105445992774763,GM-R-000889,1,GM-R-000889,GADM 4.1:Z01.14.1_1|Z01.14.2_1|Z01.14.3_1|Z01.14.4_1|Z01.14.5_1|Z01.14.6_1|Z01.14.7_1|Z01.14.9_1|Z01.14.10_1|Z01.14.11_1|Z01.14.12_1|Z01.14.14_1|Z01.14.15_1|Z01.14.16_1|Z01.14.17_1|Z01.14.18_1|Z01.14.19_1|Z01.14.20_1|Z01.14.21_1|Z01.14.22_1
863,IN-KA,IN,Karnataka,70143616,0.0498403463931522,GM-R-000891,1,GM-R-000891,GADM 3.6:IND.16_1
864,IN-KL,IN,Kerala,34064168,0.0242041974670158,GM-R-000892,1,GM-R-000892,GADM 3.6:IND.17_1
865,IN-LA,IN,Ladakh,311116.21875,0.000221062742346042,GM-R-000893,1,GM-R-000893,GADM 4.1:Z01.14.8_1|Z01.14.13_1
866,IN-LD,IN,Lakshadweep,45017.42578125,3.19870035594618e-05,GM-R-000894,1,GM-R-000894,GADM 3.6:IND.18_1
867,IN-MH,IN,Maharashtra,128732656,0.0914706217476798,GM-R-000896,1,GM-R-000896,GADM 3.6:IND.20_1
868,IN-ML,IN,Meghalaya,3997803.25,0.00284062770290698,GM-R-000898,1,GM-R-000898,GADM 3.6:IND.22_1
869,IN-MN,IN,Manipur,3567705.5,0.00253502297270723,GM-R-000897,1,GM-R-000897,GADM 3.6:IND.21_1
870,IN-MP,IN,Madhya Pradesh,85790608,0.0609582719544874,GM-R-000895,1,GM-R-000895,GADM 3.6:IND.19_1
871,IN-MZ,IN,Mizoram,1366564.25,0.000971008332226531,GM-R-000899,1,GM-R-000899,GADM 3.6:IND.23_1
872,IN-NL,IN,Nagaland,2070269.75,0.00147102426922593,GM-R-000900,1,GM-R-000900,GADM 3.6:IND.24_1
873,IN-OD,IN,Odisha,47460852,0.0337231730938155,GM-R-000901,1,GM-R-000901,GADM 3.6:IND.26_1
874,IN-PB,IN,Punjab,31333020,0.022263588041192,GM-R-000903,1,GM-R-000903,GADM 3.6:IND.28_1
875,IN-PY,IN,Puducherry,1237348.875,0.000879194715869469,GM-R-000902,1,GM-R-000902,GADM 3.6:IND.27_1
876,IN-RJ,IN,Rajasthan,81953376,0.0582317376955338,GM-R-000904,1,GM-R-000904,GADM 3.6:IND.29_1
877,IN-SK,IN,Sikkim,668896.9375,0.000475282812142429,GM-R-000905,1,GM-R-000905,GADM 3.6:IND.30_1
878,IN-TN,IN,Tamil Nadu,82862776,0.0588779092731429,GM-R-000906,1,GM-R-000906,GADM 3.6:IND.31_1
879,IN-TR,IN,Tripura,4360387,0.00309826055286625,GM-R-000908,1,GM-R-000908,GADM 3.6:IND.33_1
880,IN-TS,IN,Telangana,40080304,0.0284789457518535,GM-R-000907,1,GM-R-000907,GADM 3.6:IND.32_1
881,IN-UK,IN,Uttarakhand,12201579,0.00866979717588856,GM-R-000910,1,GM-R-000910,GADM 3.6:IND.35_1
882,IN-UP,IN,Uttar Pradesh,236432848,0.167996686156578,GM-R-000909,1,GM-R-000909,GADM 3.6:IND.34_1
883,IN-WB,IN,West Bengal,102295176,0.0726855456979644,GM-R-000911,1,GM-R-000911,GADM 3.6:IND.36_1
884,IQ-AN,IQ,Al Anbār,2057032.375,0.0462559825453256,GM-R-000912,1,GM-R-000912,globalmrp-iraq-current19-derived CSO-OCHA-CODAB-2019-plus-MoP-Halabja-membership-2026-08-10:IQ-AN
885,IQ-AR,IQ,Arbīl,2497567,0.056162176619987,GM-R-000917,1,GM-R-000917,globalmrp-iraq-current19-derived CSO-OCHA-CODAB-2019-plus-MoP-Halabja-membership-2026-08-10:IQ-AR
886,IQ-BA,IQ,Al Başrah,3404918.25,0.0765655616578522,GM-R-000913,1,GM-R-000913,globalmrp-iraq-current19-derived CSO-OCHA-CODAB-2019-plus-MoP-Halabja-membership-2026-08-10:IQ-BA
887,IQ-BB,IQ,Bābil,2131568.75,0.0479320637304804,GM-R-000919,1,GM-R-000919,globalmrp-iraq-current19-derived CSO-OCHA-CODAB-2019-plus-MoP-Halabja-membership-2026-08-10:IQ-BB
888,IQ-BG,IQ,Baghdād,8298947,0.186616385936358,GM-R-000920,1,GM-R-000920,globalmrp-iraq-current19-derived CSO-OCHA-CODAB-2019-plus-MoP-Halabja-membership-2026-08-10:IQ-BG
889,IQ-DA,IQ,Dahūk,2689503.5,0.060478205624543,GM-R-000921,1,GM-R-000921,globalmrp-iraq-current19-derived CSO-OCHA-CODAB-2019-plus-MoP-Halabja-membership-2026-08-10:IQ-DA
890,IQ-DI,IQ,Diyālá,1489035,0.033483564870669,GM-R-000923,1,GM-R-000923,globalmrp-iraq-current19-derived CSO-OCHA-CODAB-2019-plus-MoP-Halabja-membership-2026-08-10:IQ-DI
891,IQ-DQ,IQ,Dhī Qār,2488750,0.0559639109032881,GM-R-000922,1,GM-R-000922,globalmrp-iraq-current19-derived CSO-OCHA-CODAB-2019-plus-MoP-Halabja-membership-2026-08-10:IQ-DQ
892,IQ-HALABJA,IQ,Halabja,147249.546875,0.00331116444876426,GM-R-000924,1,GM-R-000924,globalmrp-iraq-current19-derived CSO-OCHA-CODAB-2019-plus-MoP-Halabja-membership-2026-08-10:IQ-HALABJA
893,IQ-KA,IQ,Karbalā’,1638791.75,0.036851108181233,GM-R-000925,1,GM-R-000925,globalmrp-iraq-current19-derived CSO-OCHA-CODAB-2019-plus-MoP-Halabja-membership-2026-08-10:IQ-KA
894,IQ-KI,IQ,Kirkūk,1744005.5,0.0392170239746236,GM-R-000926,1,GM-R-000926,globalmrp-iraq-current19-derived CSO-OCHA-CODAB-2019-plus-MoP-Halabja-membership-2026-08-10:IQ-KI
895,IQ-MA,IQ,Maysān,1335457.5,0.0300301052918645,GM-R-000927,1,GM-R-000927,globalmrp-iraq-current19-derived CSO-OCHA-CODAB-2019-plus-MoP-Halabja-membership-2026-08-10:IQ-MA
896,IQ-MU,IQ,Al Muthanná,995118.75,0.0223769912860639,GM-R-000914,1,GM-R-000914,globalmrp-iraq-current19-derived CSO-OCHA-CODAB-2019-plus-MoP-Halabja-membership-2026-08-10:IQ-MU
897,IQ-NA,IQ,An Najaf,1794001,0.0403412605221134,GM-R-000916,1,GM-R-000916,globalmrp-iraq-current19-derived CSO-OCHA-CODAB-2019-plus-MoP-Halabja-membership-2026-08-10:IQ-NA
898,IQ-NI,IQ,Nīnawá,4469231,0.100498501452622,GM-R-000928,1,GM-R-000928,globalmrp-iraq-current19-derived CSO-OCHA-CODAB-2019-plus-MoP-Halabja-membership-2026-08-10:IQ-NI
899,IQ-QA,IQ,Al Qādisīyah,1838629.5,0.0413448106568185,GM-R-000915,1,GM-R-000915,globalmrp-iraq-current19-derived CSO-OCHA-CODAB-2019-plus-MoP-Halabja-membership-2026-08-10:IQ-QA
900,IQ-SD,IQ,Şalāḩ ad Dīn,1807081.5,0.0406353985177218,GM-R-000929,1,GM-R-000929,globalmrp-iraq-current19-derived CSO-OCHA-CODAB-2019-plus-MoP-Halabja-membership-2026-08-10:IQ-SD
901,IQ-SU,IQ,As Sulaymānīyah,2112478.25,0.0475027803387781,GM-R-000918,1,GM-R-000918,globalmrp-iraq-current19-derived CSO-OCHA-CODAB-2019-plus-MoP-Halabja-membership-2026-08-10:IQ-SU
902,IQ-WA,IQ,Wāsiţ,1531257.125,0.0344330034408941,GM-R-000930,1,GM-R-000930,globalmrp-iraq-current19-derived CSO-OCHA-CODAB-2019-plus-MoP-Halabja-membership-2026-08-10:IQ-WA
903,IR-00,IR,Markazī,1444150.375,0.0179996598477725,GM-R-000953,1,GM-R-000953,GADM 3.6:IRN.19_1
904,IR-01,IR,Gīlān,2616366.25,0.0326099714769608,GM-R-000939,1,GM-R-000939,GADM 3.6:IRN.8_1
905,IR-02,IR,Māzandarān,3128777,0.0389965773055553,GM-R-000954,1,GM-R-000954,GADM 3.6:IRN.20_1
906,IR-03,IR,Āz̄ārbāyjān-e Shārqī,4078541.5,0.0508342904907143,GM-R-000934,1,GM-R-000934,GADM 3.6:IRN.5_1
907,IR-04,IR,Āz̄ārbāyjān-e Ghārbī,3214818.75,0.040068987948877,GM-R-000933,1,GM-R-000933,GADM 3.6:IRN.29_1
908,IR-05,IR,Kermānshāh,2013362.625,0.0250942305092144,GM-R-000945,1,GM-R-000945,GADM 3.6:IRN.14_1
909,IR-06,IR,Khūzestān,4733638.5,0.0589993149725285,GM-R-000949,1,GM-R-000949,GADM 3.6:IRN.15_1
910,IR-07,IR,Fārs,4730670,0.0589623160621774,GM-R-000938,1,GM-R-000938,GADM 3.6:IRN.7_1
911,IR-08,IR,Kermān,3248409.75,0.0404876608131531,GM-R-000944,1,GM-R-000944,GADM 3.6:IRN.13_1
912,IR-09,IR,Khorāsān-e Raẕavī,6380575.5,0.0795264749580051,GM-R-000947,1,GM-R-000947,GADM 3.6:IRN.24_1
913,IR-10,IR,Eşfahān,5567108.5,0.0693875520654441,GM-R-000937,1,GM-R-000937,GADM 3.6:IRN.6_1
914,IR-11,IR,Sīstān va Balūchestān,2460098,0.0306622689428623,GM-R-000958,1,GM-R-000958,GADM 3.6:IRN.26_1
915,IR-12,IR,Kordestān,1541767.375,0.0192163425601667,GM-R-000951,1,GM-R-000951,GADM 3.6:IRN.17_1
916,IR-13,IR,Hamadān,1894248.875,0.0236096157348059,GM-R-000941,1,GM-R-000941,GADM 3.6:IRN.10_1
917,IR-14,IR,Chahār Maḩāl va Bakhtīārī,849154.6875,0.010583728535293,GM-R-000936,1,GM-R-000936,GADM 3.6:IRN.4_1
918,IR-15,IR,Lorestān,1773427.625,0.0221037189528432,GM-R-000952,1,GM-R-000952,GADM 3.6:IRN.18_1
919,IR-16,IR,Īlām,555407.5,0.00692251046010477,GM-R-000943,1,GM-R-000943,GADM 3.6:IRN.12_1
920,IR-17,IR,Kohgīlūyeh va Bowyer Aḩmad,592164.0625,0.0073806383902889,GM-R-000950,1,GM-R-000950,GADM 3.6:IRN.16_1
921,IR-18,IR,Būshehr,1428911.25,0.0178097218253019,GM-R-000935,1,GM-R-000935,GADM 3.6:IRN.3_1
922,IR-19,IR,Zanjān,1112682.75,0.0138683002581945,GM-R-000961,1,GM-R-000961,GADM 3.6:IRN.31_1
923,IR-20,IR,Semnān,679181.4375,0.00846520906794154,GM-R-000957,1,GM-R-000957,GADM 3.6:IRN.25_1
924,IR-21,IR,Yazd,1195236.75,0.0148972401420158,GM-R-000960,1,GM-R-000960,GADM 3.6:IRN.30_1
925,IR-22,IR,Hormozgān,1835604.5,0.0228786816020046,GM-R-000942,1,GM-R-000942,GADM 3.6:IRN.11_1
926,IR-23,IR,Tehrān,11614623,0.144762807862107,GM-R-000959,1,GM-R-000959,GADM 3.6:IRN.28_1
927,IR-24,IR,Ardabīl,1269792.375,0.0158264895560445,GM-R-000932,1,GM-R-000932,GADM 3.6:IRN.2_1
928,IR-25,IR,Qom,1384559.5,0.0172569286899932,GM-R-000956,1,GM-R-000956,GADM 3.6:IRN.23_1
929,IR-26,IR,Qazvīn,1350277,0.0168296370800518,GM-R-000955,1,GM-R-000955,GADM 3.6:IRN.22_1
930,IR-27,IR,Golestān,1956071.5,0.0243801630684908,GM-R-000940,1,GM-R-000940,GADM 3.6:IRN.9_1
931,IR-28,IR,Khorāsān-e Shomālī,893602.75,0.0111377220942342,GM-R-000948,1,GM-R-000948,GADM 3.6:IRN.21_1
932,IR-29,IR,Khorāsān-e Jonūbī,653942.375,0.0081506334200443,GM-R-000946,1,GM-R-000946,GADM 3.6:IRN.27_1
933,IR-30,IR,Alborz,4034920.5,0.0502906053068083,GM-R-000931,1,GM-R-000931,GADM 3.6:IRN.1_1
934,IS.A,IS,Höfuðborgarsvæðið,216961.6875,0.646823101853208,GM-A-0018,1,GM-R-000963,GADM 3.6:ISL.3_1
935,IS.B,IS,Landsbyggð,118464.93359375,0.353176898146792,GM-A-0019,7,GM-R-000962|GM-R-000964|GM-R-000965|GM-R-000966|GM-R-000967|GM-R-000968|GM-R-000969,GADM 3.6:ISL.1_1|GADM 3.6:ISL.2_1|GADM 3.6:ISL.4_1|GADM 3.6:ISL.5_1|GADM 3.6:ISL.6_1|GADM 3.6:ISL.7_1|GADM 3.6:ISL.8_1
936,IT-21,IT,Piemonte,4521356.5,0.0735632280219958,GM-R-000981,1,GM-R-000981,GADM 3.6:ITA.13_1
937,IT-23,IT,Valle d'Aosta,134124.125,0.00218222199258688,GM-R-000988,1,GM-R-000988,GADM 3.6:ITA.19_1
938,IT-25,IT,Lombardia,10423629,0.16959419080174,GM-R-000978,1,GM-R-000978,GADM 3.6:ITA.10_1
939,IT-32,IT,Trentino-Alto Adige,1120862.875,0.0182366268298053,GM-R-000986,1,GM-R-000986,GADM 3.6:ITA.17_1
940,IT-34,IT,Veneto,5169570.5,0.0841097784408911,GM-R-000989,1,GM-R-000989,GADM 3.6:ITA.20_1
941,IT-36,IT,Friuli Venezia Giulia,1254202.125,0.0204060787745993,GM-R-000975,1,GM-R-000975,GADM 3.6:ITA.7_1
942,IT-42,IT,Liguria,1505358,0.0244924269538877,GM-R-000977,1,GM-R-000977,GADM 3.6:ITA.9_1
943,IT-45,IT,Emilia-Romagna,4667922.5,0.0759478814060569,GM-R-000974,1,GM-R-000974,GADM 3.6:ITA.6_1
944,IT-52,IT,Toscana,3822587.25,0.0621941352126787,GM-R-000985,1,GM-R-000985,GADM 3.6:ITA.16_1
945,IT-55,IT,Umbria,942343.75,0.0153320907467377,GM-R-000987,1,GM-R-000987,GADM 3.6:ITA.18_1
946,IT-57,IT,Marche,1611149.875,0.0262136784905669,GM-R-000979,1,GM-R-000979,GADM 3.6:ITA.11_1
947,IT-62,IT,Lazio,5874840,0.0955846314071323,GM-R-000976,1,GM-R-000976,GADM 3.6:ITA.8_1
948,IT-65,IT,Abruzzo,1328865.5,0.021620864399227,GM-R-000970,1,GM-R-000970,GADM 3.6:ITA.1_1
949,IT-67,IT,Molise,307233.125,0.0049987344351823,GM-R-000980,1,GM-R-000980,GADM 3.6:ITA.12_1
950,IT-72,IT,Campania,5784322.5,0.0941118965116466,GM-R-000973,1,GM-R-000973,GADM 3.6:ITA.5_1
951,IT-75,IT,Puglia,4017085.25,0.0653586502700121,GM-R-000982,1,GM-R-000982,GADM 3.6:ITA.2_1
952,IT-77,IT,Basilicata,562502.125,0.00915200384756923,GM-R-000971,1,GM-R-000971,GADM 3.6:ITA.3_1
953,IT-78,IT,Calabria,1856253.625,0.0302015575817857,GM-R-000972,1,GM-R-000972,GADM 3.6:ITA.4_1
954,IT-82,IT,Sicilia,4925484.5,0.0801384583127444,GM-R-000984,1,GM-R-000984,GADM 3.6:ITA.15_1
955,IT-88,IT,Sardegna,1632488.75,0.0265608655631541,GM-R-000983,1,GM-R-000983,GADM 3.6:ITA.14_1
956,JM-01,JM,Kingston,68447.515625,0.0254415107423307,GM-R-000992,1,GM-R-000992,GADM 3.6:JAM.3_1
957,JM-02,JM,Saint Andrew,572610.0625,0.212835556166475,GM-R-000995,1,GM-R-000995,GADM 3.6:JAM.6_1
958,JM-03,JM,Saint Thomas,90994.359375,0.0338220306521251,GM-R-001001,1,GM-R-001001,GADM 3.6:JAM.12_1
959,JM-04,JM,Portland,77455.703125,0.0287897973376512,GM-R-000994,1,GM-R-000994,GADM 3.6:JAM.5_1
960,JM-05,JM,Saint Mary,108847.359375,0.0404578783835647,GM-R-001000,1,GM-R-001000,GADM 3.6:JAM.11_1
961,JM-06,JM,Saint Ann,169427.328125,0.0629750714715816,GM-R-000996,1,GM-R-000996,GADM 3.6:JAM.7_1
962,JM-07,JM,Trelawny,74526.2109375,0.0277009235300731,GM-R-001002,1,GM-R-001002,GADM 3.6:JAM.13_1
963,JM-08,JM,Saint James,181128.59375,0.0673243582554626,GM-R-000999,1,GM-R-000999,GADM 3.6:JAM.10_1
964,JM-09,JM,Hanover,65234.98828125,0.0242474345486259,GM-R-000991,1,GM-R-000991,GADM 3.6:JAM.2_1
965,JM-10,JM,Westmoreland,143416.609375,0.0533070510262615,GM-R-001003,1,GM-R-001003,GADM 3.6:JAM.14_1
966,JM-11,JM,Saint Elizabeth,151932.96875,0.0564725282031347,GM-R-000998,1,GM-R-000998,GADM 3.6:JAM.9_1
967,JM-12,JM,Manchester,192112.578125,0.0714070361133583,GM-R-000993,1,GM-R-000993,GADM 3.6:JAM.4_1
968,JM-13,JM,Clarendon,251899.140625,0.0936293250920282,GM-R-000990,1,GM-R-000990,GADM 3.6:JAM.1_1
969,JM-14,JM,Saint Catherine,542353.8125,0.201589498477327,GM-R-000997,1,GM-R-000997,GADM 3.6:JAM.8_1
970,JO-AJ,JO,‘Ajlūn,192859.671875,0.0270053213200337,GM-R-001004,1,GM-R-001004,GADM 3.6:JOR.1_1
971,JO-AM,JO,Al ‘A̅şimah,2493822.25,0.349199345418099,GM-R-001006,1,GM-R-001006,GADM 3.6:JOR.2_1
972,JO-AQ,JO,Al ‘Aqabah,149818.8125,0.0209784924552329,GM-R-001005,1,GM-R-001005,GADM 3.6:JOR.3_1
973,JO-AT,JO,Aţ Ţafīlah,99493.4375,0.013931643784314,GM-R-001010,1,GM-R-001010,GADM 3.6:JOR.11_1
974,JO-AZ,JO,Az Zarqā’,885908.25,0.124049972286715,GM-R-001011,1,GM-R-001011,GADM 3.6:JOR.12_1
975,JO-BA,JO,Al Balqā’,823939.625,0.115372768734433,GM-R-001007,1,GM-R-001007,GADM 3.6:JOR.4_1
976,JO-IR,JO,Irbid,1401660.375,0.196268553401706,GM-R-001012,1,GM-R-001012,GADM 3.6:JOR.5_1
977,JO-JA,JO,Jarash,133103.78125,0.0186379575710233,GM-R-001013,1,GM-R-001013,GADM 3.6:JOR.6_1
978,JO-KA,JO,Al Karak,271270.96875,0.0379849224291882,GM-R-001008,1,GM-R-001008,GADM 3.6:JOR.7_1
979,JO-MA,JO,Al Mafraq,385831.34375,0.0540263255247183,GM-R-001009,1,GM-R-001009,GADM 3.6:JOR.10_1
980,JO-MD,JO,Mādabā,177293.328125,0.0248256322712038,GM-R-001015,1,GM-R-001015,GADM 3.6:JOR.9_1
981,JO-MN,JO,Ma‘ān,126541.46875,0.0177190648033334,GM-R-001014,1,GM-R-001014,GADM 3.6:JOR.8_1
982,JP-01,JP,Hokkaidô,5171088,0.0407972872303148,GM-R-001023,1,GM-R-001023,GADM 3.6:JPN.12_1
983,JP-02,JP,Aomori,1227897.5,0.00968749458467647,GM-R-001018,1,GM-R-001018,GADM 3.6:JPN.3_1
984,JP-03,JP,Iwate,1213234,0.00957180693416622,GM-R-001030,1,GM-R-001030,GADM 3.6:JPN.16_1
985,JP-04,JP,Miyagi,2292876.25,0.0180896420549828,GM-R-001038,1,GM-R-001038,GADM 3.6:JPN.24_1
986,JP-05,JP,Akita,962176.4375,0.00759108885536826,GM-R-001017,1,GM-R-001017,GADM 3.6:JPN.2_1
987,JP-06,JP,Yamagata,1077622.375,0.00850189932151397,GM-R-001060,1,GM-R-001060,GADM 3.6:JPN.45_1
988,JP-07,JP,Hukusima,1896394.25,0.0149615982012233,GM-R-001026,1,GM-R-001026,GADM 3.6:JPN.8_1
989,JP-08,JP,Ibaraki,2938849.25,0.0231860445961943,GM-R-001028,1,GM-R-001028,GADM 3.6:JPN.14_1
990,JP-09,JP,Totigi,2001643.875,0.015791964882666,GM-R-001056,1,GM-R-001056,GADM 3.6:JPN.39_1
991,JP-10,JP,Gunma,1989740.375,0.0156980522459934,GM-R-001021,1,GM-R-001021,GADM 3.6:JPN.10_1
992,JP-11,JP,Saitama,7619940,0.0601174996166697,GM-R-001049,1,GM-R-001049,GADM 3.6:JPN.35_1
993,JP-12,JP,Tiba,6059163.5,0.0478037569047248,GM-R-001053,1,GM-R-001053,GADM 3.6:JPN.4_1
994,JP-13,JP,Tôkyô,14549746,0.114790188581228,GM-R-001055,1,GM-R-001055,GADM 3.6:JPN.41_1
995,JP-14,JP,Kanagawa,9319603,0.0735269870602673,GM-R-001033,1,GM-R-001033,GADM 3.6:JPN.19_1
996,JP-15,JP,Niigata,2236443.25,0.0176444140274829,GM-R-001043,1,GM-R-001043,GADM 3.6:JPN.29_1
997,JP-16,JP,Toyama,1038815.6875,0.00819573404712789,GM-R-001058,1,GM-R-001058,GADM 3.6:JPN.43_1
998,JP-17,JP,Isikawa,1140960.375,0.0090016043310968,GM-R-001029,1,GM-R-001029,GADM 3.6:JPN.15_1
999,JP-18,JP,Hukui,764407.25,0.00603078929215381,GM-R-001024,1,GM-R-001024,GADM 3.6:JPN.6_1
1000,JP-19,JP,Yamanasi,822604.5625,0.0064899368591832,GM-R-001062,1,GM-R-001062,GADM 3.6:JPN.47_1
1001,JP-20,JP,Nagano,2069998.25,0.016331246571611,GM-R-001040,1,GM-R-001040,GADM 3.6:JPN.26_1
1002,JP-21,JP,Gihu,2042756.25,0.0161163208734353,GM-R-001020,1,GM-R-001020,GADM 3.6:JPN.9_1
1003,JP-22,JP,Sizuoka,3654103,0.028829037459845,GM-R-001052,1,GM-R-001052,GADM 3.6:JPN.38_1
1004,JP-23,JP,Aiti,7640196,0.0602773092834433,GM-R-001016,1,GM-R-001016,GADM 3.6:JPN.1_1
1005,JP-24,JP,Mie,1779405.125,0.0140386127607419,GM-R-001037,1,GM-R-001037,GADM 3.6:JPN.23_1
1006,JP-25,JP,Siga,1469454.5,0.011593257996843,GM-R-001050,1,GM-R-001050,GADM 3.6:JPN.36_1
1007,JP-26,JP,Kyôto,2621615,0.0206832256891203,GM-R-001036,1,GM-R-001036,GADM 3.6:JPN.22_1
1008,JP-27,JP,Ôsaka,8819124,0.0695784591072058,GM-R-001047,1,GM-R-001047,GADM 3.6:JPN.33_1
1009,JP-28,JP,Hyôgo,5481801.5,0.0432486606948229,GM-R-001027,1,GM-R-001027,GADM 3.6:JPN.13_1
1010,JP-29,JP,Nara,1339716.25,0.0105696883631395,GM-R-001042,1,GM-R-001042,GADM 3.6:JPN.28_1
1011,JP-30,JP,Wakayama,895953.4375,0.00706862264472687,GM-R-001059,1,GM-R-001059,GADM 3.6:JPN.44_1
1012,JP-31,JP,Tottori,507252.15625,0.00400196475417316,GM-R-001057,1,GM-R-001057,GADM 3.6:JPN.42_1
1013,JP-32,JP,Simane,669450,0.00528162428029348,GM-R-001051,1,GM-R-001051,GADM 3.6:JPN.37_1
1014,JP-33,JP,Okayama,1903924.75,0.0150210100641597,GM-R-001045,1,GM-R-001045,GADM 3.6:JPN.31_1
1015,JP-34,JP,Hirosima,2706033.75,0.0213492472287603,GM-R-001022,1,GM-R-001022,GADM 3.6:JPN.11_1
1016,JP-35,JP,Yamaguti,1299408.25,0.0102516784871367,GM-R-001061,1,GM-R-001061,GADM 3.6:JPN.46_1
1017,JP-36,JP,Tokusima,716019.8125,0.00564903671203404,GM-R-001054,1,GM-R-001054,GADM 3.6:JPN.40_1
1018,JP-37,JP,Kagawa,897064.6875,0.00707738984912075,GM-R-001031,1,GM-R-001031,GADM 3.6:JPN.17_1
1019,JP-38,JP,Ehime,1303803.25,0.0102863528298238,GM-R-001019,1,GM-R-001019,GADM 3.6:JPN.5_1
1020,JP-39,JP,Kôti,677524.125,0.00534532507145357,GM-R-001034,1,GM-R-001034,GADM 3.6:JPN.20_1
1021,JP-40,JP,Hukuoka,4995994.5,0.0394158874530027,GM-R-001025,1,GM-R-001025,GADM 3.6:JPN.7_1
1022,JP-41,JP,Saga,830083.375,0.00654894093370372,GM-R-001048,1,GM-R-001048,GADM 3.6:JPN.34_1
1023,JP-42,JP,Nagasaki,1234226.875,0.00973743017460713,GM-R-001041,1,GM-R-001041,GADM 3.6:JPN.27_1
1024,JP-43,JP,Kumamoto,1744830,0.0137658323892516,GM-R-001035,1,GM-R-001035,GADM 3.6:JPN.21_1
1025,JP-44,JP,Ôita,1121928.125,0.00885144943721583,GM-R-001044,1,GM-R-001044,GADM 3.6:JPN.30_1
1026,JP-45,JP,Miyazaki,1075900.25,0.00848831262017152,GM-R-001039,1,GM-R-001039,GADM 3.6:JPN.25_1
1027,JP-46,JP,Kagosima,1543134,0.0121745522475859,GM-R-001032,1,GM-R-001032,GADM 3.6:JPN.18_1
1028,JP-47,JP,Okinawa,1386873.375,0.0109417343955375,GM-R-001046,1,GM-R-001046,GADM 3.6:JPN.32_1
1029,KE-01,KE,Baringo,793219.8125,0.014389746198174,GM-R-001063,1,GM-R-001063,GADM 3.6:KEN.1_1
1030,KE-02,KE,Bomet,1095167.5,0.019867358481403,GM-R-001064,1,GM-R-001064,GADM 3.6:KEN.2_1
1031,KE-03,KE,Bungoma,2109132.75,0.0382616325165943,GM-R-001065,1,GM-R-001065,GADM 3.6:KEN.3_1
1032,KE-04,KE,Busia,968956.8125,0.0175777790583953,GM-R-001066,1,GM-R-001066,GADM 3.6:KEN.4_1
1033,KE-05,KE,Elgeyo/Marakwet,509373.625,0.00924051198455646,GM-R-001067,1,GM-R-001067,GADM 3.6:KEN.5_1
1034,KE-06,KE,Embu,648015.25,0.011755600191903,GM-R-001068,1,GM-R-001068,GADM 3.6:KEN.6_1
1035,KE-07,KE,Garissa,1559023.125,0.0282821315508104,GM-R-001069,1,GM-R-001069,GADM 3.6:KEN.7_1
1036,KE-08,KE,Homa Bay,1193290.25,0.0216473965572508,GM-R-001070,1,GM-R-001070,GADM 3.6:KEN.8_1
1037,KE-09,KE,Isiolo,188820.90625,0.00342538710585562,GM-R-001071,1,GM-R-001071,GADM 3.6:KEN.9_1
1038,KE-10,KE,Kajiado,1021324.6875,0.0185277810859703,GM-R-001072,1,GM-R-001072,GADM 3.6:KEN.10_1
1039,KE-11,KE,Kakamega,1889939.375,0.0342852605389073,GM-R-001073,1,GM-R-001073,GADM 3.6:KEN.11_1
1040,KE-12,KE,Kericho,1113287.875,0.0201960789610944,GM-R-001074,1,GM-R-001074,GADM 3.6:KEN.12_1
1041,KE-13,KE,Kiambu,1902729.625,0.0345172875866573,GM-R-001075,1,GM-R-001075,GADM 3.6:KEN.13_1
1042,KE-14,KE,Kilifi,1504384.375,0.0272909337356582,GM-R-001076,1,GM-R-001076,GADM 3.6:KEN.14_1
1043,KE-15,KE,Kirinyaga,634035.5625,0.0115019956400692,GM-R-001077,1,GM-R-001077,GADM 3.6:KEN.15_1
1044,KE-16,KE,Kisii,1452397.125,0.0263478366000946,GM-R-001078,1,GM-R-001078,GADM 3.6:KEN.16_1
1045,KE-17,KE,Kisumu,1243382.625,0.022556118895441,GM-R-001079,1,GM-R-001079,GADM 3.6:KEN.17_1
1046,KE-18,KE,Kitui,1272171.25,0.0230783713664664,GM-R-001080,1,GM-R-001080,GADM 3.6:KEN.18_1
1047,KE-19,KE,Kwale,849867.5625,0.0154173891444949,GM-R-001081,1,GM-R-001081,GADM 3.6:KEN.19_1
1048,KE-20,KE,Laikipia,576037,0.0104498476968609,GM-R-001082,1,GM-R-001082,GADM 3.6:KEN.20_1
1049,KE-21,KE,Lamu,114434.046875,0.00207594019338896,GM-R-001083,1,GM-R-001083,GADM 3.6:KEN.21_1
1050,KE-22,KE,Machakos,1366777.625,0.024794619124687,GM-R-001084,1,GM-R-001084,GADM 3.6:KEN.22_1
1051,KE-23,KE,Makueni,1118685.25,0.020293992370672,GM-R-001085,1,GM-R-001085,GADM 3.6:KEN.23_1
1052,KE-24,KE,Mandera,2701107.5,0.0490006058427649,GM-R-001086,1,GM-R-001086,GADM 3.6:KEN.24_1
1053,KE-25,KE,Marsabit,363705.65625,0.00659795935729711,GM-R-001087,1,GM-R-001087,GADM 3.6:KEN.25_1
1054,KE-26,KE,Meru,1714583.375,0.0311041393735468,GM-R-001088,1,GM-R-001088,GADM 3.6:KEN.26_1
1055,KE-27,KE,Migori,1178274.125,0.0213749900638363,GM-R-001089,1,GM-R-001089,GADM 3.6:KEN.27_1
1056,KE-28,KE,Mombasa,1197745.75,0.0217282234770726,GM-R-001090,1,GM-R-001090,GADM 3.6:KEN.28_1
1057,KE-29,KE,Murang'a,1132107.25,0.0205374799518296,GM-R-001091,1,GM-R-001091,GADM 3.6:KEN.29_1
1058,KE-30,KE,Nairobi City,4833076.5,0.0876765092038839,GM-R-001092,1,GM-R-001092,GADM 3.6:KEN.30_1
1059,KE-31,KE,Nakuru,2380825.5,0.0431903920543346,GM-R-001093,1,GM-R-001093,GADM 3.6:KEN.31_1
1060,KE-32,KE,Nandi,1137893.375,0.0206424456484862,GM-R-001094,1,GM-R-001094,GADM 3.6:KEN.32_1
1061,KE-33,KE,Narok,1309373.875,0.0237532616342329,GM-R-001095,1,GM-R-001095,GADM 3.6:KEN.33_1
1062,KE-34,KE,Nyamira,767793.0625,0.0139284812708757,GM-R-001096,1,GM-R-001096,GADM 3.6:KEN.34_1
1063,KE-35,KE,Nyandarua,719196.75,0.0130468988998578,GM-R-001097,1,GM-R-001097,GADM 3.6:KEN.35_1
1064,KE-36,KE,Nyeri,825977.6875,0.0149840045611313,GM-R-001098,1,GM-R-001098,GADM 3.6:KEN.36_1
1065,KE-37,KE,Samburu,327144.125,0.00593469912726584,GM-R-001099,1,GM-R-001099,GADM 3.6:KEN.37_1
1066,KE-38,KE,Siaya,1084267.375,0.0196696200616023,GM-R-001100,1,GM-R-001100,GADM 3.6:KEN.38_1
1067,KE-39,KE,Taita/Taveta,397058.0625,0.00720300307087164,GM-R-001101,1,GM-R-001101,GADM 3.6:KEN.39_1
1068,KE-40,KE,Tana River,401660,0.00728648650333426,GM-R-001102,1,GM-R-001102,GADM 3.6:KEN.40_1
1069,KE-41,KE,Tharaka-Nithi,441381.6875,0.00800707491108812,GM-R-001103,1,GM-R-001103,GADM 3.6:KEN.41_1
1070,KE-42,KE,Trans Nzoia,1200153.75,0.0217719068398671,GM-R-001104,1,GM-R-001104,GADM 3.6:KEN.42_1
1071,KE-43,KE,Turkana,1238070.125,0.0224597451974154,GM-R-001105,1,GM-R-001105,GADM 3.6:KEN.43_1
1072,KE-44,KE,Uasin Gishu,1358307.375,0.0246409609005549,GM-R-001106,1,GM-R-001106,GADM 3.6:KEN.44_1
1073,KE-45,KE,Vihiga,721495.8125,0.0130886060349386,GM-R-001107,1,GM-R-001107,GADM 3.6:KEN.45_1
1074,KE-46,KE,Wajir,1779782.75,0.0322869167622918,GM-R-001108,1,GM-R-001108,GADM 3.6:KEN.46_1
1075,KE-47,KE,West Pokot,788525.8125,0.014304592666215,GM-R-001109,1,GM-R-001109,GADM 3.6:KEN.47_1
1076,KG-B,KG,Batken,430165.1875,0.0761739951329398,GM-R-001110,1,GM-R-001110,GADM 3.6:KGZ.1_1
1077,KG-C,KG,Chüy,761679.6875,0.134878847694955,GM-R-001112,1,GM-R-001112,GADM 3.6:KGZ.3_1
1078,KG-GB,KG,Bishkek,988772,0.175092535854234,GM-R-001111,1,GM-R-001111,GADM 3.6:KGZ.2_1
1079,KG-GO,KG,Osh,284701.1875,0.0504151137775815,GM-R-001115,1,GM-R-001115,GADM 3.6:KGZ.6_1
1080,KG-J,KG,Jalal-Abad,1102898.625,0.195302169803957,GM-R-001113,1,GM-R-001113,GADM 3.6:KGZ.4_1
1081,KG-N,KG,Naryn,256707.8125,0.0454580245640231,GM-R-001114,1,GM-R-001114,GADM 3.6:KGZ.5_1
1082,KG-O,KG,Osh,1140977,0.202045118876097,GM-R-001116,1,GM-R-001116,GADM 3.6:KGZ.7_1
1083,KG-T,KG,Talas,244430.046875,0.0432838680164012,GM-R-001117,1,GM-R-001117,GADM 3.6:KGZ.8_1
1084,KG-Y,KG,Ysyk-Köl,436808.09375,0.0773503262798113,GM-R-001118,1,GM-R-001118,GADM 3.6:KGZ.9_1
1085,KH-1,KH,Banteay Mean Chey,954652.8125,0.0487558827162237,GM-R-001120,1,GM-R-001120,GADM 3.6:KHM.1_1
1086,KH-10,KH,Kracheh,457767,0.0233790063477738,GM-R-001129,1,GM-R-001129,GADM 3.6:KHM.11_1
1087,KH-11,KH,Mondol Kiri,159406.40625,0.00814117964727592,GM-R-001130,1,GM-R-001130,GADM 3.6:KHM.14_1
1088,KH-12,KH,Phnom Penh,2337879.75,0.119399837724392,GM-R-001133,1,GM-R-001133,GADM 3.6:KHM.16_1
1089,KH-13,KH,Preah Vihear,396441.375,0.020246993388875,GM-R-001136,1,GM-R-001136,GADM 3.6:KHM.18_1
1090,KH-14,KH,Prey Veaeng,957276,0.0488898537478051,GM-R-001137,1,GM-R-001137,GADM 3.6:KHM.19_1
1091,KH-15,KH,Pousaat,452172.65625,0.023093292877727,GM-R-001134,1,GM-R-001134,GADM 3.6:KHM.17_1
1092,KH-16,KH,Rotanak Kiri,278203.75,0.0142083794533561,GM-R-001138,1,GM-R-001138,GADM 3.6:KHM.20_1
1093,KH-17,KH,Siem Reab,1628763.875,0.0831839799999773,GM-R-001139,1,GM-R-001139,GADM 3.6:KHM.21_1
1094,KH-18,KH,Preah Sihanouk,257170.109375,0.0131341525700538,GM-R-001135,1,GM-R-001135,GADM 3.6:KHM.13_1
1095,KH-19,KH,Stueng Traeng,171895.796875,0.00877903589882245,GM-R-001140,1,GM-R-001140,GADM 3.6:KHM.22_1
1096,KH-2,KH,Baat Dambang,1955386.875,0.0998652199983365,GM-R-001119,1,GM-R-001119,GADM 3.6:KHM.2_1
1097,KH-20,KH,Svaay Rieng,500521.53125,0.0255625592414726,GM-R-001141,1,GM-R-001141,GADM 3.6:KHM.23_1
1098,KH-21,KH,Taakaev,936290.9375,0.0478181078390875,GM-R-001142,1,GM-R-001142,GADM 3.6:KHM.24_1
1099,KH-22,KH,Otdar Mean Chey,977518.25,0.0499236628499099,GM-R-001131,1,GM-R-001131,GADM 3.6:KHM.15_1
1100,KH-23,KH,Kaeb,45002.3203125,0.00229835163358321,GM-R-001121,1,GM-R-001121,GADM 3.6:KHM.10_1
1101,KH-24,KH,Pailin,411228.96875,0.0210022231196104,GM-R-001132,1,GM-R-001132,GADM 3.6:KHM.12_1
1102,KH-25,KH,Tbong Khmum,987041.375,0.0504100264362445,GM-R-001143,1,GM-R-001143,GADM 3.6:KHM.25_1
1103,KH-3,KH,Kampong Chaam,947860.0625,0.0484089644251087,GM-R-001122,1,GM-R-001122,GADM 3.6:KHM.3_1
1104,KH-4,KH,Kampong Chhnang,552287.4375,0.0282063397036226,GM-R-001123,1,GM-R-001123,GADM 3.6:KHM.4_1
1105,KH-5,KH,Kampong Spueu,897776.5,0.045851104366156,GM-R-001124,1,GM-R-001124,GADM 3.6:KHM.5_1
1106,KH-6,KH,Kampong Thum,757073.9375,0.0386651645718162,GM-R-001125,1,GM-R-001125,GADM 3.6:KHM.6_1
1107,KH-7,KH,Kampot,780166.125,0.0398445252468899,GM-R-001126,1,GM-R-001126,GADM 3.6:KHM.7_1
1108,KH-8,KH,Kandaal,1617424.25,0.0826048444029238,GM-R-001127,1,GM-R-001127,GADM 3.6:KHM.8_1
1109,KH-9,KH,Kaoh Kong,163050.921875,0.00832731179295578,GM-R-001128,1,GM-R-001128,GADM 3.6:KHM.9_1
1110,KM-A,KM,Anjouan,63364.4453125,0.0767039320538117,GM-R-001144,1,GM-R-001144,GADM 3.6:COM.1_1
1111,KM-G,KM,Grande Comore,438573.90625,0.530902510700879,GM-R-001145,1,GM-R-001145,GADM 3.6:COM.2_1
1112,KM-M,KM,Mohéli,324152.875,0.392393557245309,GM-R-001146,1,GM-R-001146,GADM 3.6:COM.3_1
1113,KN.nat,KN,Saint Kitts and Nevis,54935.595703125,1,GM-A-0020,2,GM-R-001147|GM-R-001148,GADM 4.1:KNA.1_1|KNA.2_1|KNA.3_1|KNA.6_1|KNA.8_1|KNA.9_1|KNA.11_1|KNA.13_1|KNA.14_1|GADM 4.1:KNA.4_1|KNA.5_1|KNA.7_1|KNA.10_1|KNA.12_1
1114,KR-11,KR,Seoul,9051428,0.175241851029004,GM-R-001161,1,GM-R-001161,GADM 3.6:KOR.16_1
1115,KR-26,KR,Busan,2858308.25,0.0553388071519182,GM-R-001149,1,GM-R-001149,GADM 3.6:KOR.1_1
1116,KR-27,KR,Daegu,2135789.75,0.0413503536899121,GM-R-001150,1,GM-R-001150,GADM 3.6:KOR.4_1
1117,KR-28,KR,Incheon,2938996.5,0.0569009869854529,GM-R-001155,1,GM-R-001155,GADM 3.6:KOR.11_1
1118,KR-29,KR,Gwangju,1420758.625,0.0275068609406629,GM-R-001153,1,GM-R-001153,GADM 3.6:KOR.7_1
1119,KR-30,KR,Daejeon,1625804.375,0.0314766872239444,GM-R-001151,1,GM-R-001151,GADM 3.6:KOR.5_1
1120,KR-31,KR,Ulsan,1014678,0.0196448616636411,GM-R-001165,1,GM-R-001165,GADM 3.6:KOR.17_1
1121,KR-41,KR,Gyeonggi,15251658,0.295282554220319,GM-R-001154,1,GM-R-001154,GADM 3.6:KOR.8_1
1122,KR-42,KR,Gangwon,1451964.25,0.0281110232327915,GM-R-001152,1,GM-R-001152,GADM 3.6:KOR.6_1
1123,KR-43,KR,North Chungcheong,1660295.125,0.032144451788097,GM-R-001157,1,GM-R-001157,GADM 3.6:KOR.2_1
1124,KR-44,KR,South Chungcheong,2064343,0.0399670956316248,GM-R-001162,1,GM-R-001162,GADM 3.6:KOR.3_1
1125,KR-45,KR,North Jeolla,1654337.875,0.0320291153442737,GM-R-001159,1,GM-R-001159,GADM 3.6:KOR.13_1
1126,KR-46,KR,South Jeolla,1662601,0.032189095108824,GM-R-001164,1,GM-R-001164,GADM 3.6:KOR.14_1
1127,KR-47,KR,North Gyeongsang,2836880,0.0549239415423909,GM-R-001158,1,GM-R-001158,GADM 3.6:KOR.9_1
1128,KR-48,KR,South Gyeongsang,3418208.5,0.0661788598156086,GM-R-001163,1,GM-R-001163,GADM 3.6:KOR.10_1
1129,KR-49,KR,Jeju,542181.25,0.010497000676934,GM-R-001156,1,GM-R-001156,GADM 3.6:KOR.12_1
1130,KR-50,KR,Sejong,62831.140625,0.00121645395460127,GM-R-001160,1,GM-R-001160,GADM 3.6:KOR.15_1
1131,KW-AH,KW,Al Aḩmadī,716556.625,0.202326362828568,GM-R-001167,1,GM-R-001167,GADM 3.6:KWT.1_1
1132,KW-FA,KW,Al Farwānīyah,1077753.625,0.304313662540702,GM-R-001168,1,GM-R-001168,GADM 3.6:KWT.2_1
1133,KW-HA,KW,Ḩawallī,670254.3125,0.189252478432234,GM-R-001170,1,GM-R-001170,GADM 3.6:KWT.5_1
1134,KW-JA,KW,Al Jahrā’,360048.75,0.101663080748813,GM-R-001169,1,GM-R-001169,GADM 3.6:KWT.3_1
1135,KW-KU,KW,Al ‘Āşimah,347223.65625,0.0980417974044959,GM-R-001166,1,GM-R-001166,GADM 3.6:KWT.4_1
1136,KW-MU,KW,Mubārak al Kabīr,369751.0625,0.104402618045187,GM-R-001171,1,GM-R-001171,GADM 3.6:KWT.6_1
1137,KZ-10,KZ,Abay oblysy,625791.8125,0.034583147266405,GM-R-002519,1,GM-R-002519,KAZ-OSM published-2025-04-28-modified-2025-06-20:r14243026
1138,KZ-11,KZ,Aqmola oblysy,1153606.5,0.0637517824300107,GM-R-001174,1,GM-R-001174,KAZ-OSM published-2025-04-28-modified-2025-06-20:r215743
1139,KZ-15,KZ,Aqtöbe oblysy,898333.8125,0.0496446420543071,GM-R-001175,1,GM-R-001175,KAZ-OSM published-2025-04-28-modified-2025-06-20:r215683
1140,KZ-19,KZ,Almaty oblysy,1472821.125,0.0813925475622092,GM-R-001173,1,GM-R-001173,KAZ-OSM published-2025-04-28-modified-2025-06-20:r215718
1141,KZ-23,KZ,Atyraū oblysy,520212.1875,0.0287484980319892,GM-R-001177,1,GM-R-001177,KAZ-OSM published-2025-04-28-modified-2025-06-20:r214834
1142,KZ-27,KZ,Batys Qazaqstan oblysy,582777.8125,0.0322060635992755,GM-R-001178,1,GM-R-001178,KAZ-OSM published-2025-04-28-modified-2025-06-20:r215441
1143,KZ-31,KZ,Zhambyl oblysy,1075333.125,0.0594261591147272,GM-R-001188,1,GM-R-001188,KAZ-OSM published-2025-04-28-modified-2025-06-20:r215722
1144,KZ-33,KZ,Zhetisū oblysy,605045.625,0.0334366502314523,GM-R-002520,1,GM-R-002520,KAZ-OSM published-2025-04-28-modified-2025-06-20:r14312169
1145,KZ-35,KZ,Qaraghandy oblysy,1089802.25,0.0602257667009818,GM-R-001181,1,GM-R-001181,KAZ-OSM published-2025-04-28-modified-2025-06-20:r215776
1146,KZ-39,KZ,Qostanay oblysy,770407,0.0425750196852716,GM-R-001182,1,GM-R-001182,KAZ-OSM published-2025-04-28-modified-2025-06-20:r1288730
1147,KZ-43,KZ,Qyzylorda oblysy,815326.5625,0.0450574104964809,GM-R-001183,1,GM-R-001183,KAZ-OSM published-2025-04-28-modified-2025-06-20:r215727
1148,KZ-47,KZ,Mangghystaū oblysy,788418.625,0.0435703965301584,GM-R-001179,1,GM-R-001179,KAZ-OSM published-2025-04-28-modified-2025-06-20:r215686
1149,KZ-55,KZ,Pavlodar oblysy,694998.1875,0.0384077007530313,GM-R-001180,1,GM-R-001180,KAZ-OSM published-2025-04-28-modified-2025-06-20:r215772
1150,KZ-59,KZ,Soltüstik Qazaqstan oblysy,489575.875,0.0270554427926526,GM-R-001186,1,GM-R-001186,KAZ-OSM published-2025-04-28-modified-2025-06-20:r215760
1151,KZ-61,KZ,Türkistan oblysy,2081142,0.115010198009423,GM-R-001187,1,GM-R-001187,KAZ-OSM published-2025-04-28-modified-2025-06-20:r215739
1152,KZ-62,KZ,Ulytaū oblysy,206060.484375,0.0113875252673226,GM-R-002521,1,GM-R-002521,KAZ-OSM published-2025-04-28-modified-2025-06-20:r14312737
1153,KZ-63,KZ,Shyghys Qazaqstan oblysy,662989.9375,0.0366388281002113,GM-R-001184,1,GM-R-001184,KAZ-OSM published-2025-04-28-modified-2025-06-20:r215699
1154,KZ-71,KZ,Astana,663627.375,0.0366740548233727,GM-R-001176,1,GM-R-001176,KAZ-OSM published-2025-04-28-modified-2025-06-20:r3087155
1155,KZ-75,KZ,Almaty,1802338,0.0996026461721052,GM-R-001172,1,GM-R-001172,KAZ-OSM published-2025-04-28-modified-2025-06-20:r2465058
1156,KZ-79,KZ,Shymkent,1096674,0.0606055203786123,GM-R-001185,1,GM-R-001185,KAZ-OSM published-2025-04-28-modified-2025-06-20:r3389772
1157,LA-AT,LA,Attapu,169815.375,0.0223829000833691,GM-R-001189,1,GM-R-001189,GADM 3.6:LAO.1_1
1158,LA-BK,LA,Bokèo,203556.328125,0.0268302028232684,GM-R-001190,1,GM-R-001190,GADM 3.6:LAO.2_1
1159,LA-BL,LA,Bolikhamxai,410167.0625,0.0540629985796429,GM-R-001191,1,GM-R-001191,GADM 3.6:LAO.3_1
1160,LA-CH,LA,Champasak,821092.8125,0.108225997683426,GM-R-001192,1,GM-R-001192,GADM 3.6:LAO.4_1
1161,LA-HO,LA,Houaphan,331037.34375,0.0436331267944388,GM-R-001193,1,GM-R-001193,GADM 3.6:LAO.5_1
1162,LA-KH,LA,Khammouan,459935.0625,0.0606227825294125,GM-R-001194,1,GM-R-001194,GADM 3.6:LAO.6_1
1163,LA-LM,LA,Louang Namtha,211938.296875,0.0279350071970371,GM-R-001195,1,GM-R-001195,GADM 3.6:LAO.7_1
1164,LA-LP,LA,Louangphabang,486969.90625,0.0641861713357897,GM-R-001196,1,GM-R-001196,GADM 3.6:LAO.8_1
1165,LA-OU,LA,Oudômxai,379514.40625,0.0500227558034301,GM-R-001197,1,GM-R-001197,GADM 3.6:LAO.9_1
1166,LA-PH,LA,Phôngsali,193962.0625,0.0255656089143972,GM-R-001198,1,GM-R-001198,GADM 3.6:LAO.10_1
1167,LA-SL,LA,Salavan,468518.28125,0.0617541131152028,GM-R-001199,1,GM-R-001199,GADM 3.6:LAO.11_1
1168,LA-SV,LA,Savannakhét,1033471.8125,0.136219092753915,GM-R-001200,1,GM-R-001200,GADM 3.6:LAO.12_1
1169,LA-VI,LA,Viangchan,432849.96875,0.057052770407984,GM-R-001202,1,GM-R-001202,GADM 3.6:LAO.14_1
1170,LA-VT,LA,Viangchan,1046089.0625,0.137882137964497,GM-R-001201,1,GM-R-001201,GADM 3.6:LAO.13_1
1171,LA-XA,LA,Xaignabouli,412517.3125,0.0543727786035125,GM-R-001203,1,GM-R-001203,GADM 3.6:LAO.15_1
1172,LA-XE,LA,Xékong,145049.78125,0.0191186149124206,GM-R-001205,1,GM-R-001205,GADM 3.6:LAO.17_1
1173,LA-XI,LA,Xiangkhouang,286819.59375,0.0378049061155904,GM-R-001206,1,GM-R-001206,GADM 3.6:LAO.18_1
1174,LA-XS,LA,Xaisômboun,93530.765625,0.0123280343826664,GM-R-001204,1,GM-R-001204,GADM 3.6:LAO.16_1
1175,LB-AK,LB,Aakkâr,195090.859375,0.019790850659425,GM-R-001207,1,GM-R-001207,globalmrp-lebanon-current9-derived MoPH-26-district-dissolve-2026-08-10:LB-AK
1176,LB-AS,LB,Liban-Nord,1134963.875,0.1151355867001,GM-R-001211,1,GM-R-001211,globalmrp-lebanon-current9-derived MoPH-26-district-dissolve-2026-08-10:LB-AS
1177,LB-BA,LB,Beyrouth,901851.9375,0.0914877153607061,GM-R-001210,1,GM-R-001210,globalmrp-lebanon-current9-derived MoPH-26-district-dissolve-2026-08-10:LB-BA
1178,LB-BH,LB,Baalbek-Hermel,548158.5,0.0556075412551316,GM-R-001208,1,GM-R-001208,globalmrp-lebanon-current9-derived MoPH-26-district-dissolve-2026-08-10:LB-BH
1179,LB-BI,LB,Béqaa,524566.625,0.0532142806154655,GM-R-001209,1,GM-R-001209,globalmrp-lebanon-current9-derived MoPH-26-district-dissolve-2026-08-10:LB-BI
1180,LB-JA,LB,Liban-Sud,1228620.25,0.124636489699175,GM-R-001212,1,GM-R-001212,globalmrp-lebanon-current9-derived MoPH-26-district-dissolve-2026-08-10:LB-JA
1181,LB-JL,LB,Mont-Liban,4184406.5,0.424484080930955,GM-R-001213,1,GM-R-001213,globalmrp-lebanon-current9-derived MoPH-26-district-dissolve-2026-08-10:LB-JL
1182,LB-KJ,LB,Keserwan-Jbeil,383240,0.0388775036975923,GM-R-001215,1,GM-R-001215,globalmrp-lebanon-current9-derived MoPH-26-district-dissolve-2026-08-10:LB-KJ
1183,LB-NA,LB,Nabatîyé,756730.25,0.0767659510814501,GM-R-001214,1,GM-R-001214,globalmrp-lebanon-current9-derived MoPH-26-district-dissolve-2026-08-10:LB-NA
1184,LC.nat,LC,Saint Lucia,165764.822998047,1,GM-A-0021,10,GM-R-001216|GM-R-001217|GM-R-001218|GM-R-001219|GM-R-001220|GM-R-001221|GM-R-001222|GM-R-001223|GM-R-001224|GM-R-001225,GADM 3.6:LCA.1_1|GADM 3.6:LCA.10_1|GADM 3.6:LCA.2_1|GADM 3.6:LCA.3_1|GADM 3.6:LCA.4_1|GADM 3.6:LCA.5_1|GADM 3.6:LCA.6_1|GADM 3.6:LCA.7_1|GADM 3.6:LCA.8_1|GADM 3.6:LCA.9_1
1185,LK-1,LK,Western Province,6121407.5,0.289164245514771,GM-R-001234,1,GM-R-001234,GADM 4.1:LKA.5_1|LKA.7_1|LKA.10_1
1186,LK-2,LK,Central Province,2698329.25,0.127464205205533,GM-R-001226,1,GM-R-001226,GADM 4.1:LKA.11_1|LKA.16_1|LKA.20_1
1187,LK-3,LK,Southern Province,2542275.5,0.120092507621521,GM-R-001232,1,GM-R-001232,GADM 4.1:LKA.6_1|LKA.17_1|LKA.8_1
1188,LK-4,LK,Northern Province,971223.6875,0.0458788546297581,GM-R-001230,1,GM-R-001230,GADM 4.1:LKA.9_1|LKA.13_1|LKA.15_1|LKA.19_1|LKA.25_1
1189,LK-5,LK,Eastern Province,1543671.75,0.0729202682407953,GM-R-001227,1,GM-R-001227,GADM 4.1:LKA.1_1|LKA.4_1|LKA.24_1
1190,LK-6,LK,North Western Province,2526912,0.119366763601708,GM-R-001229,1,GM-R-001229,GADM 4.1:LKA.14_1|LKA.22_1
1191,LK-7,LK,North Central Province,1393074.125,0.06580630815736,GM-R-001228,1,GM-R-001228,GADM 4.1:LKA.2_1|LKA.21_1
1192,LK-8,LK,Uva Province,1338488.75,0.063227793530125,GM-R-001233,1,GM-R-001233,GADM 4.1:LKA.3_1|LKA.18_1
1193,LK-9,LK,Sabaragamuwa Province,2033927.25,0.0960790534984287,GM-R-001231,1,GM-R-001231,GADM 4.1:LKA.23_1|LKA.12_1
1194,LR-BG,LR,Bong,371274.53125,0.0830114620957471,GM-R-001236,1,GM-R-001236,GADM 3.6:LBR.2_1
1195,LR-BM,LR,Bomi,151928.46875,0.0339689455197596,GM-R-001235,1,GM-R-001235,GADM 3.6:LBR.1_1
1196,LR-CM,LR,Grand Cape Mount,162024.484375,0.0362262644248596,GM-R-001239,1,GM-R-001239,GADM 3.6:LBR.4_1
1197,LR-GB,LR,Grand Bassa,249357.296875,0.055752582134159,GM-R-001238,1,GM-R-001238,GADM 3.6:LBR.5_1
1198,LR-GG,LR,Grand Gedeh,168982.5625,0.0377819871850177,GM-R-001240,1,GM-R-001240,GADM 3.6:LBR.6_1
1199,LR-GK,LR,Grand Kru,61592.12109375,0.0137710820302073,GM-R-001241,1,GM-R-001241,GADM 3.6:LBR.7_1
1200,LR-GP,LR,Gbarpolu,106275.8671875,0.0237617029399396,GM-R-001237,1,GM-R-001237,GADM 3.6:LBR.3_1
1201,LR-LO,LR,Lofa,329836.625,0.0737465626898604,GM-R-001242,1,GM-R-001242,GADM 3.6:LBR.8_1
1202,LR-MG,LR,Margibi,337706.90625,0.0755062404988058,GM-R-001243,1,GM-R-001243,GADM 3.6:LBR.9_1
1203,LR-MO,LR,Montserrado,1468733.125,0.32838687782925,GM-R-001245,1,GM-R-001245,GADM 3.6:LBR.11_1
1204,LR-MY,LR,Maryland,177075.578125,0.0395914650868095,GM-R-001244,1,GM-R-001244,GADM 3.6:LBR.10_1
1205,LR-NI,LR,Nimba,568569.75,0.127123738038289,GM-R-001246,1,GM-R-001246,GADM 3.6:LBR.12_1
1206,LR-RG,LR,River Gee,103302.1953125,0.0230968341451271,GM-R-001248,1,GM-R-001248,GADM 3.6:LBR.14_1
1207,LR-RI,LR,River Cess,94085.265625,0.0210360657783417,GM-R-001247,1,GM-R-001247,GADM 3.6:LBR.13_1
1208,LR-SI,LR,Sinoe,121824.6953125,0.0272381896038271,GM-R-001249,1,GM-R-001249,GADM 3.6:LBR.15_1
1209,LS-A,LS,Maseru,449478.78125,0.240817441021951,GM-R-001254,1,GM-R-001254,GADM 3.6:LSO.5_1
1210,LS-B,LS,Butha-Buthe,106532.421875,0.0570769217413607,GM-R-001251,1,GM-R-001251,GADM 3.6:LSO.2_1
1211,LS-C,LS,Leribe,274007.53125,0.146805133521233,GM-R-001252,1,GM-R-001252,GADM 3.6:LSO.3_1
1212,LS-D,LS,Berea,279862.15625,0.149941868489505,GM-R-001250,1,GM-R-001250,GADM 3.6:LSO.1_1
1213,LS-E,LS,Mafeteng,173527.390625,0.0929708451226896,GM-R-001253,1,GM-R-001253,GADM 3.6:LSO.4_1
1214,LS-F,LS,Mohale's Hoek,157883.875,0.084589511990739,GM-R-001255,1,GM-R-001255,GADM 3.6:LSO.6_1
1215,LS-G,LS,Quthing,118647.125,0.0635676214740372,GM-R-001258,1,GM-R-001258,GADM 3.6:LSO.9_1
1216,LS-H,LS,Qacha's Nek,67998.6640625,0.0364316736529875,GM-R-001257,1,GM-R-001257,GADM 3.6:LSO.8_1
1217,LS-J,LS,Mokhotlong,113124.9375,0.0606089966889136,GM-R-001256,1,GM-R-001256,GADM 3.6:LSO.7_1
1218,LS-K,LS,Thaba-Tseka,125408.1640625,0.0671899862965829,GM-R-001259,1,GM-R-001259,GADM 3.6:LSO.10_1
1219,LT-AL,LT,Alytaus apskritis,134875.015625,0.0490154676347773,GM-R-001260,1,GM-R-001260,GADM 3.6:LTU.1_1
1220,LT-KL,LT,Klaipėdos apskritis,316154.71875,0.114895047927619,GM-R-001262,1,GM-R-001262,GADM 3.6:LTU.3_1
1221,LT-KU,LT,Kauno apskritis,537281.25,0.195255523034515,GM-R-001261,1,GM-R-001261,GADM 3.6:LTU.2_1
1222,LT-MR,LT,Marijampolės apskritis,142099.46875,0.0516409349734574,GM-R-001263,1,GM-R-001263,GADM 3.6:LTU.4_1
1223,LT-PN,LT,Panevėžio apskritis,212090.9375,0.077076813926492,GM-R-001264,1,GM-R-001264,GADM 3.6:LTU.5_1
1224,LT-SA,LT,Šiaulių apskritis,258562.484375,0.0939652242168215,GM-R-001265,1,GM-R-001265,GADM 3.6:LTU.6_1
1225,LT-TA,LT,Tauragės apskritis,84197.671875,0.0305986119192538,GM-R-001266,1,GM-R-001266,GADM 3.6:LTU.7_1
1226,LT-TE,LT,Telšių apskritis,129354.859375,0.0470093656242828,GM-R-001267,1,GM-R-001267,GADM 3.6:LTU.8_1
1227,LT-UT,LT,Utenos apskritis,126613.9453125,0.0460132791074611,GM-R-001268,1,GM-R-001268,GADM 3.6:LTU.9_1
1228,LT-VL,LT,Vilniaus apskritis,810452.375,0.294529731635321,GM-R-001269,1,GM-R-001269,GADM 3.6:LTU.10_1
1229,LU.nat,LU,Luxembourg,589729.562988281,1,GM-A-0022,12,GM-R-001270|GM-R-001271|GM-R-001272|GM-R-001273|GM-R-001274|GM-R-001275|GM-R-001276|GM-R-001277|GM-R-001278|GM-R-001279|GM-R-001280|GM-R-001281,GADM 4.1:LUX.1.1_1|GADM 4.1:LUX.1.2_1|GADM 4.1:LUX.1.3_1|GADM 4.1:LUX.1.4_1|GADM 4.1:LUX.1.5_1|GADM 4.1:LUX.2.1_1|GADM 4.1:LUX.2.2_1|GADM 4.1:LUX.2.3_1|GADM 4.1:LUX.3.1_1|GADM 4.1:LUX.3.2_1|GADM 4.1:LUX.3.3_1|GADM 4.1:LUX.3.4_1
1230,LV005,LV,Latgale,365643.65625,0.147502399344487,GM-R-001283,1,GM-R-001283,gisco-nuts-2024 2024-RG-01M-EPSG4326:LV005
1231,LV009,LV,Zemgale,307696.4375,0.12412621421215,GM-R-001286,1,GM-R-001286,gisco-nuts-2024 2024-RG-01M-EPSG4326:LV009
1232,LV00A,LV,Rīga,1038099.8125,0.418774428286864,GM-R-001284,1,GM-R-001284,gisco-nuts-2024 2024-RG-01M-EPSG4326:LV00A
1233,LV00B,LV,Kurzeme,389333.25,0.157058894740737,GM-R-001282,1,GM-R-001282,gisco-nuts-2024 2024-RG-01M-EPSG4326:LV00B
1234,LV00C,LV,Vidzeme,378126.5625,0.152538063415761,GM-R-001285,1,GM-R-001285,gisco-nuts-2024 2024-RG-01M-EPSG4326:LV00C
1235,LY-BA,LY,Banghāzī,922201.3125,0.133894752936028,GM-R-001298,1,GM-R-001298,GADM 3.6:LBY.12_1
1236,LY-BU,LY,Al Buţnān,191506.328125,0.0278048752939536,GM-R-001287,1,GM-R-001287,GADM 3.6:LBY.1_1
1237,LY-DR,LY,Darnah,172821.421875,0.0250920067780821,GM-R-001299,1,GM-R-001299,GADM 3.6:LBY.13_1
1238,LY-GT,LY,Ghāt,29054.876953125,0.00421848843467719,GM-R-001300,1,GM-R-001300,GADM 3.6:LBY.14_1
1239,LY-JA,LY,Al Jabal al Akhḑar,263890.53125,0.038314364775832,GM-R-001288,1,GM-R-001288,GADM 3.6:LBY.2_1
1240,LY-JG,LY,Al Jabal al Gharbī,350188.53125,0.0508440036217682,GM-R-001289,1,GM-R-001289,GADM 3.6:LBY.3_1
1241,LY-JI,LY,Al Jafārah,255711.40625,0.0371268345627822,GM-R-001290,1,GM-R-001290,GADM 3.6:LBY.4_1
1242,LY-JU,LY,Al Jufrah,62071.4453125,0.00901217632402728,GM-R-001291,1,GM-R-001291,GADM 3.6:LBY.5_1
1243,LY-KF,LY,Al Kufrah,61051.37890625,0.00886407250158429,GM-R-001292,1,GM-R-001292,GADM 3.6:LBY.6_1
1244,LY-MB,LY,Al Marqab,656112.5625,0.0952612279590113,GM-R-001294,1,GM-R-001294,GADM 3.6:LBY.8_1
1245,LY-MI,LY,Mişrātah,461960.53125,0.067072222040364,GM-R-001301,1,GM-R-001301,GADM 3.6:LBY.15_1
1246,LY-MJ,LY,Al Marj,138653.96875,0.0201312214998404,GM-R-001293,1,GM-R-001293,GADM 3.6:LBY.7_1
1247,LY-MQ,LY,Murzuq,93891.296875,0.0136321124547536,GM-R-001302,1,GM-R-001302,GADM 3.6:LBY.16_1
1248,LY-NL,LY,Nālūt,128332.109375,0.0186325868827312,GM-R-001303,1,GM-R-001303,GADM 3.6:LBY.17_1
1249,LY-NQ,LY,An Nuqāţ al Khams,365118.78125,0.0530117321946151,GM-R-001296,1,GM-R-001296,GADM 3.6:LBY.10_1
1250,LY-SB,LY,Sabhā,161416.375,0.0234361037633573,GM-R-001304,1,GM-R-001304,GADM 3.6:LBY.18_1
1251,LY-SR,LY,Surt,171400.359375,0.0248856821830451,GM-R-001305,1,GM-R-001305,GADM 3.6:LBY.19_1
1252,LY-TB,LY,Ţarābulus,1563651.625,0.227027163342271,GM-R-001306,1,GM-R-001306,GADM 3.6:LBY.20_1
1253,LY-WA,LY,Al Wāḩāt,216061.421875,0.031370038525032,GM-R-001295,1,GM-R-001295,GADM 3.6:LBY.9_1
1254,LY-WD,LY,Wādī al Ḩayāt,94732.9765625,0.013754316242887,GM-R-001307,1,GM-R-001307,GADM 3.6:LBY.21_1
1255,LY-WS,LY,Wādī ash Shāţi’,91915.890625,0.0133453024836477,GM-R-001308,1,GM-R-001308,GADM 3.6:LBY.22_1
1256,LY-ZA,LY,Az Zāwiyah,435763.84375,0.063268715199709,GM-R-001297,1,GM-R-001297,GADM 3.6:LBY.11_1
1257,MA-01,MA,Tanger-Tétouan-Al Hoceïma,3817990.5,0.106540784054622,GM-R-001320,1,GM-R-001320,geoboundaries-gbopen MAR-ADM1-70788906-built-2023-12-12:70788906B66040098455254
1258,MA-02,MA,L'Oriental,2400159.5,0.0669762994397577,GM-R-001315,1,GM-R-001315,geoboundaries-gbopen MAR-ADM1-70788906-built-2023-12-12:70788906B40056535803135
1259,MA-03,MA,Fès-Meknès,4477232.5,0.124936890478077,GM-R-001313,1,GM-R-001313,geoboundaries-gbopen MAR-ADM1-70788906-built-2023-12-12:70788906B83815134303720
1260,MA-04,MA,Rabat-Salé-Kénitra,4883341.5,0.13626933650476,GM-R-001318,1,GM-R-001318,geoboundaries-gbopen MAR-ADM1-70788906-built-2023-12-12:70788906B15955360211262
1261,MA-05,MA,Béni Mellal-Khénifra,2652579.5,0.0740200636165067,GM-R-001309,1,GM-R-001309,geoboundaries-gbopen MAR-ADM1-70788906-built-2023-12-12:70788906B63032885328780
1262,MA-06,MA,Casablanca-Settat,7413009.5,0.206859562467315,GM-R-001310,1,GM-R-001310,geoboundaries-gbopen MAR-ADM1-70788906-built-2023-12-12:70788906B33851053053385
1263,MA-07,MA,Marrakech-Safi,4827228,0.134703492827032,GM-R-001317,1,GM-R-001317,geoboundaries-gbopen MAR-ADM1-70788906-built-2023-12-12:70788906B60308563647099
1264,MA-08,MA,Drâa-Tafilalet,1716305.375,0.0478933932207696,GM-R-001312,1,GM-R-001312,geoboundaries-gbopen MAR-ADM1-70788906-built-2023-12-12:70788906B26242154300952
1265,MA-09,MA,Souss-Massa,2878671.75,0.0803291535903224,GM-R-001319,1,GM-R-001319,geoboundaries-gbopen MAR-ADM1-70788906-built-2023-12-12:70788906B1820144472977
1266,MA-10,MA,Guelmim-Oued Noun (EH-partial),414284.78125,0.0115605906867167,GM-R-001314,1,GM-R-001314,geoboundaries-gbopen MAR-ADM1-70788906-built-2023-12-12:70788906B64069740334949
1267,MA-11,MA,Laâyoune-Sakia El Hamra (EH-partial),355149.8125,0.00991043311412171,GM-R-001316,1,GM-R-001316,geoboundaries-gbopen MAR-ADM1-70788906-built-2023-12-12:70788906B89532291078161
1268,MD-GAGAUZIA,MD,Gagauzia,113940.7890625,0.0308594779436736,GM-R-001326,1,GM-R-001326,GADM 4.1:MDA.19_1
1269,MD-NORTH,MD,Regiunea Nord,897697.8125,0.243130542388399,GM-R-001321,1,GM-R-001321,GADM 4.1:MDA.2_1|MDA.5_1|MDA.13_1|MDA.14_1|MDA.16_1|MDA.17_1|MDA.18_1|MDA.20_1|MDA.25_1|MDA.28_1|MDA.29_1|MDA.31_1
1270,MD-SOUTH,MD,Regiunea Sud,535334.5625,0.144988860090245,GM-R-001323,1,GM-R-001323,GADM 4.1:MDA.3_1|MDA.6_1|MDA.8_1|MDA.9_1|MDA.11_1|MDA.23_1|MDA.32_1|MDA.34_1
1271,MD-TRANSNISTRIA,MD,Transnistria,486646.3125,0.131802239308051,GM-R-001324,1,GM-R-001324,GADM 4.1:MDA.4_1|MDA.36_1
1272,MD.CENTRAL,MD,Regiunea Centru,1658626.6875,0.449218880269632,GM-A-0023,2,GM-R-001322|GM-R-001325,GADM 4.1:MDA.1_1|MDA.7_1|MDA.12_1|MDA.15_1|MDA.21_1|MDA.22_1|MDA.24_1|MDA.26_1|MDA.27_1|MDA.30_1|MDA.33_1|MDA.35_1|MDA.37_1|GADM 4.1:MDA.10_1
1273,ME.nat,ME,Montenegro,605311.25,1,GM-R-002487,1,GM-R-002487,GADM 4.1:MNE
1274,MG-A,MG,Toamasina,3638282,0.131161165633889,GM-R-001331,1,GM-R-001331,GADM 3.6:MDG.5_1
1275,MG-D,MG,Antsiranana,2077568,0.0748969542667849,GM-R-001328,1,GM-R-001328,GADM 3.6:MDG.2_1
1276,MG-F,MG,Fianarantsoa,5743105,0.207040670887472,GM-R-001329,1,GM-R-001329,GADM 3.6:MDG.3_1
1277,MG-M,MG,Mahajanga,3734714,0.134637568376834,GM-R-001330,1,GM-R-001330,GADM 3.6:MDG.4_1
1278,MG-T,MG,Antananarivo,7962885,0.287064410732485,GM-R-001327,1,GM-R-001327,GADM 3.6:MDG.1_1
1279,MG-U,MG,Toliara,4582464.5,0.165199230102536,GM-R-001332,1,GM-R-001332,GADM 3.6:MDG.6_1
1280,MK001,MK,Vardar,157871.6875,0.0745262012042386,GM-R-001340,1,GM-R-001340,gisco-statistical-regions-2024 2024-RG-01M-EPSG4326:MK001
1281,MK002,MK,Eastern,176107.109375,0.0831345637372635,GM-R-001333,1,GM-R-001333,gisco-statistical-regions-2024 2024-RG-01M-EPSG4326:MK002
1282,MK003,MK,Southwestern,227484.46875,0.107388180600159,GM-R-001339,1,GM-R-001339,gisco-statistical-regions-2024 2024-RG-01M-EPSG4326:MK003
1283,MK004,MK,Southeastern,178224.078125,0.0841339173357711,GM-R-001338,1,GM-R-001338,gisco-statistical-regions-2024 2024-RG-01M-EPSG4326:MK004
1284,MK005,MK,Pelagonia,230467.6875,0.108796463265147,GM-R-001335,1,GM-R-001335,gisco-statistical-regions-2024 2024-RG-01M-EPSG4326:MK005
1285,MK006,MK,Polog,335024.96875,0.158154629401211,GM-R-001336,1,GM-R-001336,gisco-statistical-regions-2024 2024-RG-01M-EPSG4326:MK006
1286,MK007,MK,Northeastern,169600.421875,0.080062963569576,GM-R-001334,1,GM-R-001334,gisco-statistical-regions-2024 2024-RG-01M-EPSG4326:MK007
1287,MK008,MK,Skopje,643557.625,0.303803080886634,GM-R-001337,1,GM-R-001337,gisco-statistical-regions-2024 2024-RG-01M-EPSG4326:MK008
1288,ML-00,ML,Bamako,4800272,0.206030412197366,GM-R-001341,1,GM-R-001341,mali-igm-ocha-codab MLI-v03-valid-2025-09-04-metadata-2026-06-24:ML20
1289,ML-01,ML,Kayes,1695986.25,0.0727926971989433,GM-R-002583,1,GM-R-002583,mali-igm-ocha-codab MLI-v03-valid-2025-09-04-metadata-2026-06-24:ML01
1290,ML-02,ML,Koulikoro,1763924.75,0.0757086563693967,GM-R-002584,1,GM-R-002584,mali-igm-ocha-codab MLI-v03-valid-2025-09-04-metadata-2026-06-24:ML02
1291,ML-03,ML,Sikasso,1592775.125,0.06836281684485,GM-R-002585,1,GM-R-002585,mali-igm-ocha-codab MLI-v03-valid-2025-09-04-metadata-2026-06-24:ML03
1292,ML-04,ML,Ségou,2552802.25,0.109567728625766,GM-R-002586,1,GM-R-002586,mali-igm-ocha-codab MLI-v03-valid-2025-09-04-metadata-2026-06-24:ML04
1293,ML-05,ML,Mopti,1162969,0.0499152928089823,GM-R-002587,1,GM-R-002587,mali-igm-ocha-codab MLI-v03-valid-2025-09-04-metadata-2026-06-24:ML05
1294,ML-06,ML,Tombouctou,1034537.3125,0.044402931527199,GM-R-001351,1,GM-R-001351,mali-igm-ocha-codab MLI-v03-valid-2025-09-04-metadata-2026-06-24:ML06
1295,ML-07,ML,Gao,839262.1875,0.0360216117820591,GM-R-001342,1,GM-R-001342,mali-igm-ocha-codab MLI-v03-valid-2025-09-04-metadata-2026-06-24:ML07
1296,ML-08,ML,Kidal,135007.015625,0.0057945781153141,GM-R-001344,1,GM-R-001344,mali-igm-ocha-codab MLI-v03-valid-2025-09-04-metadata-2026-06-24:ML08
1297,ML-09,ML,Taoudénit,63416.30078125,0.0027218638006332,GM-R-001350,1,GM-R-001350,mali-igm-ocha-codab MLI-v03-valid-2025-09-04-metadata-2026-06-24:ML09
1298,ML-10,ML,Ménaka,86292.1640625,0.00370370890049557,GM-R-001346,1,GM-R-001346,mali-igm-ocha-codab MLI-v03-valid-2025-09-04-metadata-2026-06-24:ML10
1299,ML-11,ML,Nioro,641856.875,0.0275488631744125,GM-R-002588,1,GM-R-002588,mali-igm-ocha-codab MLI-v03-valid-2025-09-04-metadata-2026-06-24:ML11
1300,ML-12,ML,Kita,639891.125,0.027464492063197,GM-R-002589,1,GM-R-002589,mali-igm-ocha-codab MLI-v03-valid-2025-09-04-metadata-2026-06-24:ML12
1301,ML-13,ML,Dioïla,731779.125,0.0314083774338575,GM-R-002590,1,GM-R-002590,mali-igm-ocha-codab MLI-v03-valid-2025-09-04-metadata-2026-06-24:ML13
1302,ML-14,ML,Nara,356131.03125,0.015285346989652,GM-R-002591,1,GM-R-002591,mali-igm-ocha-codab MLI-v03-valid-2025-09-04-metadata-2026-06-24:ML14
1303,ML-15,ML,Bougouni,1409579.25,0.0604999453994179,GM-R-002592,1,GM-R-002592,mali-igm-ocha-codab MLI-v03-valid-2025-09-04-metadata-2026-06-24:ML15
1304,ML-16,ML,Koutiala,1265983.5,0.0543367339059255,GM-R-002593,1,GM-R-002593,mali-igm-ocha-codab MLI-v03-valid-2025-09-04-metadata-2026-06-24:ML16
1305,ML-17,ML,San,832261.25,0.0357211275513961,GM-R-002594,1,GM-R-002594,mali-igm-ocha-codab MLI-v03-valid-2025-09-04-metadata-2026-06-24:ML17
1306,ML-18,ML,Douentza,409972.34375,0.0175962468319156,GM-R-002595,1,GM-R-002595,mali-igm-ocha-codab MLI-v03-valid-2025-09-04-metadata-2026-06-24:ML18
1307,ML-19,ML,Bandiagara,1284152.75,0.0551165684792199,GM-R-002596,1,GM-R-002596,mali-igm-ocha-codab MLI-v03-valid-2025-09-04-metadata-2026-06-24:ML19
1308,MM-01,MM,Sagaing,5312841.5,0.110065795902669,GM-R-002512,1,GM-R-002512,GADM 3.6:MMR.12_1
1309,MM-02,MM,Bago,4634616,0.0960150418082763,GM-R-002502,1,GM-R-002502,GADM 3.6:MMR.2_1
1310,MM-03,MM,Magway,3533886.75,0.0732113046791716,GM-R-002507,1,GM-R-002507,GADM 3.6:MMR.7_1
1311,MM-04,MM,Mandalay,5903237.5,0.122296991890306,GM-R-002508,1,GM-R-002508,GADM 3.6:MMR.8_1
1312,MM-05,MM,Tanintharyi,1308731.25,0.0271129011949529,GM-R-002514,1,GM-R-002514,GADM 3.6:MMR.14_1
1313,MM-06,MM,Yangon,8002318.5,0.16578351806075,GM-R-002515,1,GM-R-002515,GADM 3.6:MMR.15_1
1314,MM-07,MM,Ayeyarwady,5730331,0.118714899042393,GM-R-002501,1,GM-R-002501,GADM 3.6:MMR.1_1
1315,MM-11,MM,Kachin,1803101.75,0.0373547430705858,GM-R-002504,1,GM-R-002504,GADM 3.6:MMR.4_1
1316,MM-12,MM,Kayah,280985.90625,0.00582116696100176,GM-R-002505,1,GM-R-002505,GADM 3.6:MMR.5_1
1317,MM-13,MM,Kayin,1434782.625,0.0297242994295889,GM-R-002506,1,GM-R-002506,GADM 3.6:MMR.6_1
1318,MM-14,MM,Chin,544092.6875,0.0112719332384581,GM-R-002503,1,GM-R-002503,GADM 3.6:MMR.3_1
1319,MM-15,MM,Mon,1766253.625,0.0365913628331656,GM-R-002509,1,GM-R-002509,GADM 3.6:MMR.9_1
1320,MM-16,MM,Rakhine,1725988.875,0.0357572005952046,GM-R-002511,1,GM-R-002511,GADM 3.6:MMR.11_1
1321,MM-17,MM,Shan,6238285,0.129238149414524,GM-R-002513,1,GM-R-002513,GADM 3.6:MMR.13_1
1322,MM-18,MM,Naypyitaw,50233.87109375,0.00104069187895134,GM-R-002510,1,GM-R-002510,GADM 3.6:MMR.10_1
1323,MN-035,MN,Orhon,104631.78125,0.0330873944124065,GM-R-001367,1,GM-R-001367,GADM 3.6:MNG.16_1
1324,MN-037,MN,Darhan uul,98248.4453125,0.0310688112313909,GM-R-001356,1,GM-R-001356,GADM 3.6:MNG.5_1
1325,MN-039,MN,Hentiy,60256.953125,0.0190548755867306,GM-R-001363,1,GM-R-001363,GADM 3.6:MNG.12_1
1326,MN-041,MN,Hövsgöl,109756.09375,0.034707840387371,GM-R-001365,1,GM-R-001365,GADM 3.6:MNG.14_1
1327,MN-043,MN,Hovd,66967.1640625,0.0211768254687557,GM-R-001364,1,GM-R-001364,GADM 3.6:MNG.13_1
1328,MN-046,MN,Uvs,59078.25,0.0186821378322349,GM-R-001373,1,GM-R-001373,GADM 3.6:MNG.22_1
1329,MN-047,MN,Töv,76686.3125,0.0242502826331322,GM-R-001371,1,GM-R-001371,GADM 3.6:MNG.20_1
1330,MN-049,MN,Selenge,92557.8046875,0.029269277011776,GM-R-001369,1,GM-R-001369,GADM 3.6:MNG.18_1
1331,MN-051,MN,Sühbaatar,46461.74609375,0.0146924586366343,GM-R-001370,1,GM-R-001370,GADM 3.6:MNG.19_1
1332,MN-053,MN,Ömnögovĭ,78999.625,0.0249818145077905,GM-R-001366,1,GM-R-001366,GADM 3.6:MNG.15_1
1333,MN-055,MN,Övörhangay,90519.5546875,0.0286247273266287,GM-R-001368,1,GM-R-001368,GADM 3.6:MNG.17_1
1334,MN-057,MN,Dzavhan,46866.5,0.0148204527506221,GM-R-001360,1,GM-R-001360,GADM 3.6:MNG.9_1
1335,MN-059,MN,Dundgovĭ,28844.146484375,0.00912129794423952,GM-R-001359,1,GM-R-001359,GADM 3.6:MNG.8_1
1336,MN-061,MN,Dornod,63212.30078125,0.0199894363134995,GM-R-001357,1,GM-R-001357,GADM 3.6:MNG.6_1
1337,MN-063,MN,Dornogovĭ,66483.046875,0.0210237345423347,GM-R-001358,1,GM-R-001358,GADM 3.6:MNG.7_1
1338,MN-064,MN,Govĭ-Sümber,13959.904296875,0.00441449867250684,GM-R-001362,1,GM-R-001362,GADM 3.6:MNG.11_1
1339,MN-065,MN,Govĭ-Altay,44473.19140625,0.0140636239511314,GM-R-001361,1,GM-R-001361,GADM 3.6:MNG.10_1
1340,MN-067,MN,Bulgan,47102.77734375,0.014895170026482,GM-R-001355,1,GM-R-001355,GADM 3.6:MNG.4_1
1341,MN-069,MN,Bayanhongor,67628.203125,0.0213858638691503,GM-R-001354,1,GM-R-001354,GADM 3.6:MNG.3_1
1342,MN-071,MN,Bayan-Ölgiy,79775.4296875,0.025227144897617,GM-R-001353,1,GM-R-001353,GADM 3.6:MNG.2_1
1343,MN-073,MN,Arhangay,72805.578125,0.0230230896393647,GM-R-001352,1,GM-R-001352,GADM 3.6:MNG.1_1
1344,MN-1,MN,Ulaanbaatar,1746970.5,0.552439242358201,GM-R-001372,1,GM-R-001372,GADM 3.6:MNG.21_1
1345,MR-01,MR,Hodh ech Chargui,606239.0625,0.135764252578206,GM-R-001380,1,GM-R-001380,ocha-cod-ab MRT-v03-valid-2024-03-27:MR01
1346,MR-02,MR,Hodh el Gharbi,354300.875,0.0793439361756395,GM-R-001381,1,GM-R-001381,ocha-cod-ab MRT-v03-valid-2024-03-27:MR02
1347,MR-03,MR,Assaba,389957.78125,0.0873291247352804,GM-R-001375,1,GM-R-001375,ocha-cod-ab MRT-v03-valid-2024-03-27:MR03
1348,MR-04,MR,Gorgol,389470.65625,0.0872200354904132,GM-R-001378,1,GM-R-001378,ocha-cod-ab MRT-v03-valid-2024-03-27:MR04
1349,MR-05,MR,Brakna,369155.65625,0.0826705912831187,GM-R-001376,1,GM-R-001376,ocha-cod-ab MRT-v03-valid-2024-03-27:MR05
1350,MR-06,MR,Trarza,305287.46875,0.0683676252160612,GM-R-001388,1,GM-R-001388,ocha-cod-ab MRT-v03-valid-2024-03-27:MR06
1351,MR-07,MR,Adrar,59909.9296875,0.0134165337226786,GM-R-001374,1,GM-R-001374,ocha-cod-ab MRT-v03-valid-2024-03-27:MR07
1352,MR-08,MR,Dakhlet Nouâdhibou,118560.2265625,0.026550978880152,GM-R-001377,1,GM-R-001377,ocha-cod-ab MRT-v03-valid-2024-03-27:MR08
1353,MR-09,MR,Tagant,84394.0703125,0.0188996364417035,GM-R-001386,1,GM-R-001386,ocha-cod-ab MRT-v03-valid-2024-03-27:MR09
1354,MR-10,MR,Guidimaka,344795.90625,0.0772153452319918,GM-R-001379,1,GM-R-001379,ocha-cod-ab MRT-v03-valid-2024-03-27:MR10
1355,MR-11,MR,Tiris Zemmour,61287.39453125,0.0137250101910099,GM-R-001387,1,GM-R-001387,ocha-cod-ab MRT-v03-valid-2024-03-27:MR11
1356,MR-12,MR,Inchiri,26209.25,0.00586943246812862,GM-R-001382,1,GM-R-001382,ocha-cod-ab MRT-v03-valid-2024-03-27:MR12
1357,MR.A,MR,Nouakchott,1355812.34375,0.303627497585616,GM-A-0024,3,GM-R-001383|GM-R-001384|GM-R-001385,ocha-cod-ab MRT-v03-valid-2024-03-27:MR13|ocha-cod-ab MRT-v03-valid-2024-03-27:MR14|ocha-cod-ab MRT-v03-valid-2024-03-27:MR15
1358,MT.nat,MT,Malta,413462.3125,1,GM-R-002484,1,GM-R-002484,GADM 4.1:MLT
1359,MU-AG,MU,Agalega Islands,190.701965332031,0.00015177074438294,GM-R-001389,1,GM-R-001389,GADM 3.6:MUS.1_1
1360,MU-BL,MU,Black River,86478.3203125,0.0688240366268001,GM-R-001391,1,GM-R-001391,GADM 3.6:MUS.2_1
1361,MU-FL,MU,Flacq,139289.984375,0.110854361552461,GM-R-001394,1,GM-R-001394,GADM 3.6:MUS.3_1
1362,MU-GP,MU,Grand Port,106909.5390625,0.0850842847733741,GM-R-001395,1,GM-R-001395,GADM 3.6:MUS.4_1
1363,MU-MO,MU,Moka,91339.7421875,0.0726930141459548,GM-R-001396,1,GM-R-001396,GADM 3.6:MUS.5_1
1364,MU-PA,MU,Pamplemousses,144808.578125,0.115246351325226,GM-R-001397,1,GM-R-001397,GADM 3.6:MUS.6_1
1365,MU-PL,MU,Port Louis,108324.7578125,0.0862105909589356,GM-R-001400,1,GM-R-001400,GADM 4.1:MUS.8_1
1366,MU-RO,MU,Rodrigues Island,42244.35546875,0.03362029994975,GM-R-001403,1,GM-R-001403,GADM 3.6:MUS.10_1
1367,MU-RR,MU,Rivière du Rempart,107458.9296875,0.0855215189883865,GM-R-001401,1,GM-R-001401,GADM 3.6:MUS.9_1
1368,MU-SA,MU,Savanne,67240.6015625,0.0535136391181346,GM-R-001404,1,GM-R-001404,GADM 3.6:MUS.12_1
1369,MU.A,MU,Plaines Wilhems,362227.83203125,0.288280131816594,GM-A-0058,5,GM-R-001390|GM-R-001393|GM-R-001398|GM-R-001402|GM-R-001405,globalmrp-mauritius-plaines-wilhems5-derived official-2022-census-map-gadm4.1-clipped-2026-08-10:MU-BR|globalmrp-mauritius-plaines-wilhems5-derived official-2022-census-map-gadm4.1-clipped-2026-08-10:MU-CU|globalmrp-mauritius-plaines-wilhems5-derived official-2022-census-map-gadm4.1-clipped-2026-08-10:MU-PW|globalmrp-mauritius-plaines-wilhems5-derived official-2022-census-map-gadm4.1-clipped-2026-08-10:MU-QB|globalmrp-mauritius-plaines-wilhems5-derived official-2022-census-map-gadm4.1-clipped-2026-08-10:MU-VP
1370,MW-C,MW,Central Region,8137610,0.446764060281286,GM-R-001406,1,GM-R-001406,malawi-nso-ocha-codab MWI-v02-valid-2023-04-05-metadata-2026-06-24:MW2
1371,MW-N,MW,Northern Region,2385734.75,0.130979555872567,GM-R-001407,1,GM-R-001407,malawi-nso-ocha-codab MWI-v02-valid-2023-04-05-metadata-2026-06-24:MW1
1372,MW-S,MW,Southern Region,7691213.5,0.422256383846147,GM-R-001408,1,GM-R-001408,malawi-nso-ocha-codab MWI-v02-valid-2023-04-05-metadata-2026-06-24:MW3
1373,MX-AGU,MX,Aguascalientes,1439118.625,0.0102688761303873,GM-R-001409,1,GM-R-001409,GADM 3.6:MEX.1_1
1374,MX-BCN,MX,Baja California,3826709,0.0273056022105462,GM-R-001410,1,GM-R-001410,GADM 3.6:MEX.3_1
1375,MX-BCS,MX,Baja California Sur,1000208.0625,0.00713701603189743,GM-R-001411,1,GM-R-001411,GADM 3.6:MEX.2_1
1376,MX-CAM,MX,Campeche,962964.125,0.00687126074657799,GM-R-001412,1,GM-R-001412,GADM 3.6:MEX.4_1
1377,MX-CHH,MX,Chihuahua,3783415.5,0.0269966800820796,GM-R-001414,1,GM-R-001414,GADM 3.6:MEX.6_1
1378,MX-CHP,MX,Chiapas,6063587.5,0.0432669189749836,GM-R-001413,1,GM-R-001413,GADM 3.6:MEX.5_1
1379,MX-CMX,MX,Ciudad de México,8354052,0.0596106003247747,GM-R-001415,1,GM-R-001415,GADM 3.6:MEX.9_1
1380,MX-COA,MX,Coahuila de Zaragoza,3793462.75,0.027068372549892,GM-R-001416,1,GM-R-001416,GADM 3.6:MEX.7_1
1381,MX-COL,MX,Colima,859050.25,0.00612978002909819,GM-R-001417,1,GM-R-001417,GADM 3.6:MEX.8_1
1382,MX-DUR,MX,Durango,1480290.625,0.0105626602289986,GM-R-001418,1,GM-R-001418,GADM 3.6:MEX.10_1
1383,MX-GRO,MX,Guerrero,4011166.75,0.0286218062767954,GM-R-001420,1,GM-R-001420,GADM 3.6:MEX.12_1
1384,MX-GUA,MX,Guanajuato,6953997.5,0.0496204674847586,GM-R-001419,1,GM-R-001419,GADM 3.6:MEX.11_1
1385,MX-HID,MX,Hidalgo,3918699.25,0.0279620015274916,GM-R-001421,1,GM-R-001421,GADM 3.6:MEX.13_1
1386,MX-JAL,MX,Jalisco,9606993,0.0685510001668541,GM-R-001422,1,GM-R-001422,GADM 3.6:MEX.14_1
1387,MX-MEX,MX,México,19302028,0.137730226788822,GM-R-001423,1,GM-R-001423,GADM 3.6:MEX.15_1
1388,MX-MIC,MX,Michoacán de Ocampo,5243956,0.0374184126740777,GM-R-001424,1,GM-R-001424,GADM 3.6:MEX.16_1
1389,MX-MOR,MX,Morelos,2187275.75,0.0156073747845144,GM-R-001425,1,GM-R-001425,GADM 3.6:MEX.17_1
1390,MX-NAY,MX,Nayarit,1320790.375,0.00942454118754998,GM-R-001426,1,GM-R-001426,GADM 3.6:MEX.18_1
1391,MX-NLE,MX,Nuevo León,10225989,0.072967865558479,GM-R-001427,1,GM-R-001427,GADM 3.6:MEX.19_1
1392,MX-OAX,MX,Oaxaca,4509237,0.0321758021827834,GM-R-001428,1,GM-R-001428,GADM 3.6:MEX.20_1
1393,MX-PUE,MX,Puebla,7135929,0.0509186454148202,GM-R-001429,1,GM-R-001429,GADM 3.6:MEX.21_1
1394,MX-QUE,MX,Querétaro,2450951.25,0.0174888395929612,GM-R-001430,1,GM-R-001430,GADM 3.6:MEX.22_1
1395,MX-ROO,MX,Quintana Roo,1818244.125,0.0129741380384327,GM-R-001431,1,GM-R-001431,GADM 3.6:MEX.23_1
1396,MX-SIN,MX,Sinaloa,3093048,0.0220705411114683,GM-R-001433,1,GM-R-001433,GADM 3.6:MEX.25_1
1397,MX-SLP,MX,San Luis Potosí,2960664.25,0.0211259127071029,GM-R-001432,1,GM-R-001432,GADM 3.6:MEX.24_1
1398,MX-SON,MX,Sonora,3288314,0.0234638677849218,GM-R-001434,1,GM-R-001434,GADM 3.6:MEX.26_1
1399,MX-TAB,MX,Tabasco,2798437.5,0.0199683386393048,GM-R-001435,1,GM-R-001435,GADM 3.6:MEX.27_1
1400,MX-TAM,MX,Tamaulipas,3888456,0.0277461998676178,GM-R-001436,1,GM-R-001436,GADM 3.6:MEX.28_1
1401,MX-TLA,MX,Tlaxcala,1189084.25,0.00848474799764647,GM-R-001437,1,GM-R-001437,GADM 3.6:MEX.29_1
1402,MX-VER,MX,Veracruz de Ignacio de la Llave,8577191,0.0612028156648121,GM-R-001438,1,GM-R-001438,GADM 3.6:MEX.30_1
1403,MX-YUC,MX,Yucatán,2283721.75,0.0162955682454748,GM-R-001439,1,GM-R-001439,GADM 3.6:MEX.31_1
1404,MX-ZAC,MX,Zacatecas,1816699.875,0.0129631189940754,GM-R-001440,1,GM-R-001440,GADM 3.6:MEX.32_1
1405,MY-01,MY,Johor,4084613.5,0.118882748871835,GM-R-001441,1,GM-R-001441,GADM 3.6:MYS.1_1
1406,MY-02,MY,Kedah,2296077,0.0668273620946993,GM-R-001442,1,GM-R-001442,GADM 3.6:MYS.2_1
1407,MY-03,MY,Kelantan,1671174.5,0.0486395636709605,GM-R-001443,1,GM-R-001443,GADM 3.6:MYS.3_1
1408,MY-04,MY,Melaka,1008918.5,0.0293645909625596,GM-R-001444,1,GM-R-001444,GADM 3.6:MYS.6_1
1409,MY-05,MY,Negeri Sembilan,1197256.375,0.0348461681782937,GM-R-001445,1,GM-R-001445,GADM 3.6:MYS.7_1
1410,MY-06,MY,Pahang,1679900,0.0488935195043047,GM-R-001446,1,GM-R-001446,GADM 3.6:MYS.8_1
1411,MY-07,MY,Pulau Pinang,1834012.625,0.0533789702074996,GM-R-001449,1,GM-R-001449,GADM 3.6:MYS.11_1
1412,MY-08,MY,Perak,2693383.5,0.0783909748733987,GM-R-001447,1,GM-R-001447,GADM 3.6:MYS.9_1
1413,MY-09,MY,Perlis,255281.984375,0.00742998671476675,GM-R-001448,1,GM-R-001448,GADM 3.6:MYS.10_1
1414,MY-11,MY,Terengganu,1130748.625,0.0329104589266642,GM-R-001453,1,GM-R-001453,GADM 3.6:MYS.16_1
1415,MY-12,MY,Sabah,4250423.5,0.123708651883329,GM-R-001450,1,GM-R-001450,GADM 3.6:MYS.13_1
1416,MY-13,MY,Sarawak,2845615.5,0.0828216899523791,GM-R-001451,1,GM-R-001451,GADM 3.6:MYS.14_1
1417,MY-14,MY,Wilayah Persekutuan Kuala Lumpur,2138218.75,0.0622328949089797,GM-R-001454,1,GM-R-001454,GADM 3.6:MYS.4_1
1418,MY-15,MY,Wilayah Persekutuan Labuan,89419.7578125,0.00260256364823839,GM-R-001455,1,GM-R-001455,GADM 3.6:MYS.5_1
1419,MY.A,MY,Selangor and Putrajaya,7183292.46875,0.209069855602091,GM-A-0027,2,GM-R-001452|GM-R-001456,GADM 3.6:MYS.12_1|GADM 3.6:MYS.15_1
1420,MZ-A,MZ,Niassa,2202177,0.0713794467272583,GM-R-001464,1,GM-R-001464,GADM 3.6:MOZ.8_1
1421,MZ-B,MZ,Manica,2370720.5,0.076842468900079,GM-R-001460,1,GM-R-001460,GADM 3.6:MOZ.4_1
1422,MZ-G,MZ,Gaza,1536223.125,0.0497937980063001,GM-R-001458,1,GM-R-001458,GADM 3.6:MOZ.2_1
1423,MZ-I,MZ,Inhambane,1496177.125,0.0484957818506324,GM-R-001459,1,GM-R-001459,GADM 3.6:MOZ.3_1
1424,MZ-L,MZ,Maputo Province,838523.875,0.0271791823568663,GM-R-001462,1,GM-R-001462,GADM 3.6:MOZ.6_1
1425,MZ-MPM,MZ,Maputo City,2528688.75,0.0819627141326254,GM-R-001461,1,GM-R-001461,GADM 3.6:MOZ.5_1
1426,MZ-N,MZ,Nampula,6016763.5,0.195022130246008,GM-R-001463,1,GM-R-001463,GADM 3.6:MOZ.7_1
1427,MZ-P,MZ,Cabo Delgado,2200134.25,0.0713132348084153,GM-R-001457,1,GM-R-001457,GADM 3.6:MOZ.1_1
1428,MZ-Q,MZ,Zambézia,5789264,0.187648159652033,GM-R-001467,1,GM-R-001467,GADM 3.6:MOZ.11_1
1429,MZ-S,MZ,Sofala,2340133,0.0758510323231054,GM-R-001465,1,GM-R-001465,GADM 3.6:MOZ.9_1
1430,MZ-T,MZ,Tete,3532891,0.114512050996678,GM-R-001466,1,GM-R-001466,GADM 3.6:MOZ.10_1
1431,NAM-CA,NAM,Zambezi,104706.234375,0.0428599394475028,GM-R-001481,1,GM-R-001481,namibia-nsa-ocha-codab NAM-V_01-valid-2020-01-09-metadata-2026-06-24:NA01
1432,NAM-ER,NAM,Erongo,206509.109375,0.0845314319247787,GM-R-001468,1,GM-R-001468,namibia-nsa-ocha-codab NAM-V_01-valid-2020-01-09-metadata-2026-06-24:NA02
1433,NAM-HA,NAM,Hardap,92101.4765625,0.0377003693434023,GM-R-001469,1,GM-R-001469,namibia-nsa-ocha-codab NAM-V_01-valid-2020-01-09-metadata-2026-06-24:NA03
1434,NAM-KA,NAM,Karas,84716.4609375,0.0346774230556698,GM-R-001470,1,GM-R-001470,namibia-nsa-ocha-codab NAM-V_01-valid-2020-01-09-metadata-2026-06-24:NA04
1435,NAM-KE,NAM,Kavango East,163679.921875,0.0669999411420863,GM-R-001471,1,GM-R-001471,namibia-nsa-ocha-codab NAM-V_01-valid-2020-01-09-metadata-2026-06-24:NA05
1436,NAM-KH,NAM,Khomas,453849.9375,0.185776720513476,GM-R-001473,1,GM-R-001473,namibia-nsa-ocha-codab NAM-V_01-valid-2020-01-09-metadata-2026-06-24:NA06
1437,NAM-KU,NAM,Kunene,105668.703125,0.0432539117127776,GM-R-001474,1,GM-R-001474,namibia-nsa-ocha-codab NAM-V_01-valid-2020-01-09-metadata-2026-06-24:NA07
1438,NAM-KW,NAM,Kavango West,77428.8125,0.0316943325777209,GM-R-001472,1,GM-R-001472,namibia-nsa-ocha-codab NAM-V_01-valid-2020-01-09-metadata-2026-06-24:NA14
1439,NAM-OD,NAM,Otjozondjupa,157155.46875,0.0643292533121328,GM-R-001480,1,GM-R-001480,namibia-nsa-ocha-codab NAM-V_01-valid-2020-01-09-metadata-2026-06-24:NA13
1440,NAM-OH,NAM,Omaheke,76555.1328125,0.031336704794368,GM-R-001476,1,GM-R-001476,namibia-nsa-ocha-codab NAM-V_01-valid-2020-01-09-metadata-2026-06-24:NA09
1441,NAM-ON,NAM,Oshana,192596.703125,0.0788365953851654,GM-R-001478,1,GM-R-001478,namibia-nsa-ocha-codab NAM-V_01-valid-2020-01-09-metadata-2026-06-24:NA11
1442,NAM-OS,NAM,Omusati,257894.109375,0.10556511727939,GM-R-001477,1,GM-R-001477,namibia-nsa-ocha-codab NAM-V_01-valid-2020-01-09-metadata-2026-06-24:NA10
1443,NAM-OT,NAM,Oshikoto,205783.578125,0.0842344465004829,GM-R-001479,1,GM-R-001479,namibia-nsa-ocha-codab NAM-V_01-valid-2020-01-09-metadata-2026-06-24:NA12
1444,NAM-OW,NAM,Ohangwena,264340.40625,0.108203813011046,GM-R-001475,1,GM-R-001475,namibia-nsa-ocha-codab NAM-V_01-valid-2020-01-09-metadata-2026-06-24:NA08
1445,NE-1,NE,Agadez,671524.4375,0.0280224493171652,GM-R-001482,1,GM-R-001482,GADM 3.6:NER.1_1
1446,NE-2,NE,Diffa,904899.4375,0.0377610958119079,GM-R-001483,1,GM-R-001483,GADM 3.6:NER.2_1
1447,NE-3,NE,Dosso,2576747.75,0.107526664995709,GM-R-001484,1,GM-R-001484,GADM 3.6:NER.3_1
1448,NE-4,NE,Maradi,4620792,0.19282382351895,GM-R-001485,1,GM-R-001485,GADM 3.6:NER.4_1
1449,NE-5,NE,Tahoua,5002072,0.208734487195503,GM-R-001487,1,GM-R-001487,GADM 3.6:NER.6_1
1450,NE-6,NE,Tillabéri,3755625.25,0.156720757049725,GM-R-001488,1,GM-R-001488,GADM 3.6:NER.7_1
1451,NE-7,NE,Zinder,5251524.5,0.219144041409664,GM-R-001489,1,GM-R-001489,GADM 3.6:NER.8_1
1452,NE-8,NE,Niamey,1180617,0.049266680701376,GM-R-001486,1,GM-R-001486,GADM 3.6:NER.5_1
1453,NG-AB,NG,Abia,4193710.25,0.0193997126840046,GM-R-001490,1,GM-R-001490,GADM 3.6:NGA.1_1
1454,NG-AD,NG,Adamawa,4668529,0.0215961799594866,GM-R-001492,1,GM-R-001492,GADM 3.6:NGA.2_1
1455,NG-AK,NG,Akwa Ibom,6092274,0.0281822916097343,GM-R-001493,1,GM-R-001493,GADM 3.6:NGA.3_1
1456,NG-AN,NG,Anambra,6050952,0.0279911398897201,GM-R-001494,1,GM-R-001494,GADM 3.6:NGA.4_1
1457,NG-BA,NG,Bauchi,7268806,0.0336248189668728,GM-R-001495,1,GM-R-001495,GADM 3.6:NGA.5_1
1458,NG-BE,NG,Benue,6381748,0.0295213713493252,GM-R-001497,1,GM-R-001497,GADM 3.6:NGA.7_1
1459,NG-BO,NG,Borno,6649170,0.0307584405925763,GM-R-001498,1,GM-R-001498,GADM 3.6:NGA.8_1
1460,NG-BY,NG,Bayelsa,2600656,0.0120303922260563,GM-R-001496,1,GM-R-001496,GADM 3.6:NGA.6_1
1461,NG-CR,NG,Cross River,4258308.5,0.0196985381667355,GM-R-001499,1,GM-R-001499,GADM 3.6:NGA.9_1
1462,NG-DE,NG,Delta,6292782.5,0.0291098252395793,GM-R-001500,1,GM-R-001500,GADM 3.6:NGA.10_1
1463,NG-EB,NG,Ebonyi,3193231,0.0147715889369459,GM-R-001501,1,GM-R-001501,GADM 3.6:NGA.11_1
1464,NG-ED,NG,Edo,4713541.5,0.0218044035884769,GM-R-001502,1,GM-R-001502,GADM 3.6:NGA.12_1
1465,NG-EK,NG,Ekiti,3589536.25,0.0166048600803595,GM-R-001503,1,GM-R-001503,GADM 3.6:NGA.13_1
1466,NG-EN,NG,Enugu,4800837,0.0222082244338981,GM-R-001504,1,GM-R-001504,GADM 3.6:NGA.14_1
1467,NG-FC,NG,Abuja Federal Capital Territory,4856746.5,0.0224668565690835,GM-R-001491,1,GM-R-001491,GADM 3.6:NGA.15_1
1468,NG-GO,NG,Gombe,3693200.25,0.0170844000809293,GM-R-001505,1,GM-R-001505,GADM 3.6:NGA.16_1
1469,NG-IM,NG,Imo,6022308,0.0278586354158785,GM-R-001506,1,GM-R-001506,GADM 3.6:NGA.17_1
1470,NG-JI,NG,Jigawa,6438956.5,0.0297860125374194,GM-R-001507,1,GM-R-001507,GADM 3.6:NGA.18_1
1471,NG-KD,NG,Kaduna,9222960,0.042664553207048,GM-R-001508,1,GM-R-001508,GADM 3.6:NGA.19_1
1472,NG-KE,NG,Kebbi,4970123,0.022991325689266,GM-R-001511,1,GM-R-001511,GADM 3.6:NGA.22_1
1473,NG-KN,NG,Kano,14725746,0.0681199282801263,GM-R-001509,1,GM-R-001509,GADM 3.6:NGA.20_1
1474,NG-KO,NG,Kogi,4966100.5,0.0229727179792385,GM-R-001512,1,GM-R-001512,GADM 3.6:NGA.23_1
1475,NG-KT,NG,Katsina,8713399,0.0403073715216957,GM-R-001510,1,GM-R-001510,GADM 3.6:NGA.21_1
1476,NG-KW,NG,Kwara,3527661.5,0.0163186332547474,GM-R-001513,1,GM-R-001513,GADM 3.6:NGA.24_1
1477,NG-LA,NG,Lagos,13993339,0.0647318817722032,GM-R-001514,1,GM-R-001514,GADM 3.6:NGA.25_1
1478,NG-NA,NG,Nasarawa,2790950.25,0.0129106756875611,GM-R-001515,1,GM-R-001515,GADM 3.6:NGA.26_1
1479,NG-NI,NG,Niger,6260549,0.0289607160733464,GM-R-001516,1,GM-R-001516,GADM 3.6:NGA.27_1
1480,NG-OG,NG,Ogun,5878169.5,0.0271918641512916,GM-R-001517,1,GM-R-001517,GADM 3.6:NGA.28_1
1481,NG-ON,NG,Ondo,5175198.5,0.0239399858353809,GM-R-001518,1,GM-R-001518,GADM 3.6:NGA.29_1
1482,NG-OS,NG,Osun,5260948.5,0.0243366573418717,GM-R-001519,1,GM-R-001519,GADM 3.6:NGA.30_1
1483,NG-OY,NG,Oyo,8733706,0.0404013098107022,GM-R-001520,1,GM-R-001520,GADM 3.6:NGA.31_1
1484,NG-PL,NG,Plateau,4768252,0.0220574892614316,GM-R-001521,1,GM-R-001521,GADM 3.6:NGA.32_1
1485,NG-RI,NG,Rivers,7722983,0.0357257994310533,GM-R-001522,1,GM-R-001522,GADM 3.6:NGA.33_1
1486,NG-SO,NG,Sokoto,5615668,0.0259775566823576,GM-R-001523,1,GM-R-001523,GADM 3.6:NGA.34_1
1487,NG-TA,NG,Taraba,3388984.25,0.0156771252235695,GM-R-001524,1,GM-R-001524,GADM 3.6:NGA.35_1
1488,NG-YO,NG,Yobe,3722178.25,0.0172184496076359,GM-R-001525,1,GM-R-001525,GADM 3.6:NGA.36_1
1489,NG-ZA,NG,Zamfara,4971623.5,0.0229982668623913,GM-R-001526,1,GM-R-001526,GADM 3.6:NGA.37_1
1490,NI-AN,NI,Costa Caribe Norte,614041.3125,0.0898210101028284,GM-R-001531,1,GM-R-001531,GADM 3.6:NIC.1_1
1491,NI-AS,NI,Costa Caribe Sur,426071.40625,0.0623250639757363,GM-R-001532,1,GM-R-001532,GADM 3.6:NIC.2_1
1492,NI-BO,NI,Boaco,177769.40625,0.0260038328198887,GM-R-001527,1,GM-R-001527,GADM 3.6:NIC.3_1
1493,NI-CA,NI,Carazo,189790.78125,0.0277623008958049,GM-R-001528,1,GM-R-001528,GADM 3.6:NIC.4_1
1494,NI-CI,NI,Chinandega,422540.875,0.0618086233444317,GM-R-001529,1,GM-R-001529,GADM 3.6:NIC.5_1
1495,NI-CO,NI,Chontales,164687.15625,0.0240901815956192,GM-R-001530,1,GM-R-001530,GADM 3.6:NIC.6_1
1496,NI-ES,NI,Estelí,251365.484375,0.0367693528952081,GM-R-001533,1,GM-R-001533,GADM 3.6:NIC.7_1
1497,NI-GR,NI,Granada,165398.375,0.0241942175704447,GM-R-001534,1,GM-R-001534,GADM 3.6:NIC.8_1
1498,NI-JI,NI,Jinotega,577712.625,0.0845069060832231,GM-R-001535,1,GM-R-001535,GADM 3.6:NIC.9_1
1499,NI-LE,NI,León,381317.4375,0.055778522892256,GM-R-001536,1,GM-R-001536,GADM 3.6:NIC.11_1
1500,NI-MD,NI,Madriz,173842.734375,0.0254294453528323,GM-R-001537,1,GM-R-001537,GADM 3.6:NIC.12_1
1501,NI-MN,NI,Managua,1612180.375,0.235827242894926,GM-R-001538,1,GM-R-001538,GADM 3.6:NIC.13_1
1502,NI-MS,NI,Masaya,373787.78125,0.0546770964632287,GM-R-001539,1,GM-R-001539,GADM 3.6:NIC.14_1
1503,NI-MT,NI,Matagalpa,688827.8125,0.100760663242299,GM-R-001540,1,GM-R-001540,GADM 3.6:NIC.15_1
1504,NI-NS,NI,Nueva Segovia,290480.78125,0.0424910778089279,GM-R-001541,1,GM-R-001541,GADM 3.6:NIC.16_1
1505,NI-RI,NI,Rivas,160504.515625,0.0234783514171169,GM-R-001543,1,GM-R-001543,GADM 3.6:NIC.18_1
1506,NI-SJ,NI,Río San Juan,165958.21875,0.0242761106452282,GM-R-001542,1,GM-R-001542,GADM 3.6:NIC.17_1
1507,NL-DR,NL,Drenthe,513246.25,0.0297388011903611,GM-R-001544,1,GM-R-001544,GADM 3.6:NLD.1_1
1508,NL-FL,NL,Flevoland,454489.28125,0.0263342720540946,GM-R-001545,1,GM-R-001545,GADM 3.6:NLD.2_1
1509,NL-FR,NL,Fryslân,660901.4375,0.0382943206233584,GM-R-001546,1,GM-R-001546,GADM 3.6:NLD.3_1
1510,NL-GE,NL,Gelderland,2069244.75,0.119897336287305,GM-R-001547,1,GM-R-001547,GADM 3.6:NLD.4_1
1511,NL-GR,NL,Groningen,569126.4375,0.032976642258937,GM-R-001548,1,GM-R-001548,GADM 3.6:NLD.5_1
1512,NL-LI,NL,Limburg,1095500.375,0.063476095258545,GM-R-001549,1,GM-R-001549,GADM 3.6:NLD.7_1
1513,NL-NB,NL,Noord-Brabant,2537425.25,0.147024912593423,GM-R-001550,1,GM-R-001550,GADM 3.6:NLD.8_1
1514,NL-NH,NL,Noord-Holland,2819795,0.163386138530139,GM-R-001551,1,GM-R-001551,GADM 3.6:NLD.9_1
1515,NL-OV,NL,Overijssel,1169491.5,0.0677633303941669,GM-R-001552,1,GM-R-001552,GADM 3.6:NLD.10_1
1516,NL-UT,NL,Utrecht,1338688.5,0.0775670375717751,GM-R-001553,1,GM-R-001553,GADM 3.6:NLD.11_1
1517,NL-ZE,NL,Zeeland,374904.375,0.0217229189176182,GM-R-001554,1,GM-R-001554,GADM 3.6:NLD.12_1
1518,NL-ZH,NL,Zuid-Holland,3655658.25,0.211818194320277,GM-R-001555,1,GM-R-001555,GADM 3.6:NLD.14_1
1519,NO-01,NO,Østfold,292054.84375,0.0565405713986211,GM-R-001557,1,GM-R-001557,GADM 3.6:NOR.2_1
1520,NO-02,NO,Akershus,622030.4375,0.120422438169489,GM-R-001556,1,GM-R-001556,GADM 3.6:NOR.1_1
1521,NO-03,NO,Oslo,677357.6875,0.131133557659061,GM-R-001566,1,GM-R-001566,GADM 3.6:NOR.12_1
1522,NO-04,NO,Hedmark,195510.078125,0.0378499167808326,GM-R-001561,1,GM-R-001561,GADM 3.6:NOR.6_1
1523,NO-05,NO,Oppland,188683.21875,0.0365282659396264,GM-R-001565,1,GM-R-001565,GADM 3.6:NOR.11_1
1524,NO-06,NO,Buskerud,280903.5625,0.0543817309369939,GM-R-001559,1,GM-R-001559,GADM 3.6:NOR.4_1
1525,NO-07,NO,Vestfold,250440.0625,0.048484127340745,GM-R-001573,1,GM-R-001573,GADM 3.6:NOR.19_1
1526,NO-08,NO,Telemark,170434.203125,0.0329953343927588,GM-R-001569,1,GM-R-001569,GADM 3.6:NOR.16_1
1527,NO-09,NO,Aust-Agder,113276.1640625,0.0219297819536256,GM-R-001558,1,GM-R-001558,GADM 3.6:NOR.3_1
1528,NO-10,NO,Vest-Agder,179406.34375,0.0347323025289234,GM-R-001572,1,GM-R-001572,GADM 3.6:NOR.18_1
1529,NO-11,NO,Rogaland,472483.6875,0.0914708255640001,GM-R-001567,1,GM-R-001567,GADM 3.6:NOR.13_1
1530,NO-12,NO,Hordaland,508197.9375,0.0983849519525415,GM-R-001562,1,GM-R-001562,GADM 3.6:NOR.7_1
1531,NO-14,NO,Sogn og Fjordane,101771.9140625,0.0197026082483014,GM-R-001568,1,GM-R-001568,GADM 3.6:NOR.14_1
1532,NO-15,NO,Møre og Romsdal,228785.203125,0.0442918389784011,GM-R-001563,1,GM-R-001563,GADM 3.6:NOR.8_1
1533,NO-18,NO,Nordland,219381.484375,0.042471319159007,GM-R-001564,1,GM-R-001564,GADM 3.6:NOR.10_1
1534,NO-19,NO,Troms,151126.640625,0.0292574726882665,GM-R-001570,1,GM-R-001570,GADM 3.6:NOR.17_1
1535,NO-20,NO,Finnmark,69827.7421875,0.0135183528958569,GM-R-001560,1,GM-R-001560,GADM 3.6:NOR.5_1
1536,NO-50,NO,Trøndelag,443731.90625,0.0859046034129485,GM-R-001571,1,GM-R-001571,globalmrp-mixed-source-partition-repairs worldpop-readiness-overlap-repair-2026-08-10:NO-50
1537,NP-P1,NP,Pradesh 1,8333450,0.20400139315905,GM-R-001576,1,GM-R-001576,nepal-national-geoportal live-retrieved-2026-08-06-updated-names:province0.1
1538,NP-P2,NP,Pradesh 2,8077907,0.197745745376674,GM-R-001577,1,GM-R-001577,nepal-national-geoportal live-retrieved-2026-08-06-updated-names:province0.2
1539,NP-P3,NP,Bagmati Pradesh,10772351,0.263705261518133,GM-R-001578,1,GM-R-001578,nepal-national-geoportal live-retrieved-2026-08-06-updated-names:province0.3
1540,NP-P4,NP,Gandaki,2336208.5,0.0571899739855659,GM-R-001574,1,GM-R-001574,nepal-national-geoportal live-retrieved-2026-08-06-updated-names:province0.4
1541,NP-P5,NP,Pradesh 5,5280462.5,0.129264795075763,GM-R-001579,1,GM-R-001579,nepal-national-geoportal live-retrieved-2026-08-06-updated-names:province0.5
1542,NP-P6,NP,Karnali,1493464.625,0.036559751859525,GM-R-001575,1,GM-R-001575,nepal-national-geoportal live-retrieved-2026-08-06-updated-names:province0.6
1543,NP-P7,NP,Sudurpashchim,4556122.5,0.111533079025289,GM-R-001580,1,GM-R-001580,nepal-national-geoportal live-retrieved-2026-08-06-updated-names:province0.7
1544,NZ-AUK,NZ,Auckland,1458504.75,0.336788836861658,GM-R-001581,1,GM-R-001581,GADM 3.6:NZL.1_1
1545,NZ-BOP,NZ,Bay of Plenty,267018.28125,0.0616581991680085,GM-R-001582,1,GM-R-001582,GADM 3.6:NZL.2_1
1546,NZ-CAN,NZ,Canterbury,576631.0625,0.133152055101416,GM-R-001583,1,GM-R-001583,GADM 3.6:NZL.3_1
1547,NZ-CIT,NZ,Chatham Islands Territory,509.856597900391,0.000117732911444488,GM-R-001584,1,GM-R-001584,GADM 3.6:NZL.4_1
1548,NZ-GIS,NZ,Gisborne,41910.00390625,0.00967759718880138,GM-R-001585,1,GM-R-001585,GADM 3.6:NZL.5_1
1549,NZ-HKB,NZ,Hawke's Bay,151688.65625,0.0350270001544701,GM-R-001586,1,GM-R-001586,GADM 3.6:NZL.6_1
1550,NZ-MBH,NZ,Marlborough,43465.2734375,0.0100367303465344,GM-R-001588,1,GM-R-001588,GADM 3.6:NZL.8_1
1551,NZ-MWT,NZ,Manawatu-Wanganui,222623.796875,0.0514069012166448,GM-R-001587,1,GM-R-001587,GADM 3.6:NZL.7_1
1552,NZ-NTL,NZ,Northland,146316.546875,0.0337865061019825,GM-R-001590,1,GM-R-001590,GADM 3.6:NZL.11_1
1553,NZ-OTA,NZ,Otago,188324.40625,0.0434866994664226,GM-R-001591,1,GM-R-001591,GADM 3.6:NZL.12_1
1554,NZ-STL,NZ,Southland,94789.5234375,0.0218882066343537,GM-R-001592,1,GM-R-001592,GADM 3.6:NZL.14_1
1555,NZ-TKI,NZ,Taranaki,113213.4140625,0.0261425367584484,GM-R-001593,1,GM-R-001593,GADM 3.6:NZL.15_1
1556,NZ-WGN,NZ,Wellington,478246.65625,0.110433740508157,GM-R-001596,1,GM-R-001596,GADM 3.6:NZL.18_1
1557,NZ-WKO,NZ,Waikato,419850.53125,0.0969492708717174,GM-R-001595,1,GM-R-001595,GADM 3.6:NZL.17_1
1558,NZ-WTC,NZ,West Coast,31345.587890625,0.00723812801187549,GM-R-001597,1,GM-R-001597,GADM 3.6:NZL.19_1
1559,NZ.A,NZ,Tasman and Nelson,96182.4765625,0.022209858698066,GM-A-0035,2,GM-R-001589|GM-R-001594,GADM 3.6:NZL.16_1|GADM 3.6:NZL.9_1
1560,PA-1,PA,Bocas del Toro,165728.8125,0.0412938124674204,GM-R-001598,1,GM-R-001598,GADM 3.6:PAN.1_1
1561,PA-10,PA,Panamá Oeste,563576.6875,0.140423561199625,GM-R-001609,1,GM-R-001609,GADM 3.6:PAN.11_1
1562,PA-2,PA,Coclé,267615.21875,0.0666803345163062,GM-R-001600,1,GM-R-001600,GADM 3.6:PAN.3_1
1563,PA-3,PA,Colón,267571.59375,0.0666694646950499,GM-R-001601,1,GM-R-001601,GADM 3.6:PAN.4_1
1564,PA-4,PA,Chiriquí,468325.8125,0.116690381010407,GM-R-001599,1,GM-R-001599,GADM 3.6:PAN.2_1
1565,PA-5,PA,Darién,56874.61328125,0.0141711605819477,GM-R-001602,1,GM-R-001602,GADM 3.6:PAN.5_1
1566,PA-6,PA,Herrera,117835.7265625,0.0293605337613464,GM-R-001605,1,GM-R-001605,GADM 3.6:PAN.7_1
1567,PA-7,PA,Los Santos,95453.515625,0.0237836711318663,GM-R-001606,1,GM-R-001606,GADM 3.6:PAN.9_1
1568,PA-8,PA,Panamá,1502492.875,0.374368572838747,GM-R-001608,1,GM-R-001608,GADM 3.6:PAN.12_1
1569,PA-9,PA,Veraguas,246119.40625,0.0613243313155361,GM-R-001610,1,GM-R-001610,GADM 3.6:PAN.13_1
1570,PA-EM,PA,Emberá,12261.1357421875,0.00305504536198542,GM-R-001603,1,GM-R-001603,GADM 3.6:PAN.6_1
1571,PA-KY,PA,Guna Yala,31754.642578125,0.00791214415773996,GM-R-001604,1,GM-R-001604,GADM 3.6:PAN.8_1
1572,PA-NB,PA,Ngöbe-Buglé,217795.421875,0.0542669869620224,GM-R-001607,1,GM-R-001607,GADM 3.6:PAN.10_1
1573,PE-AMA,PE,Amazonas,438060.40625,0.0123143114050318,GM-R-001611,1,GM-R-001611,GADM 3.6:PER.1_1
1574,PE-ANC,PE,Ancash,1187640.125,0.0333857388791592,GM-R-001612,1,GM-R-001612,GADM 3.6:PER.2_1
1575,PE-APU,PE,Apurímac,437078.21875,0.0122867011427014,GM-R-001613,1,GM-R-001613,GADM 3.6:PER.3_1
1576,PE-ARE,PE,Arequipa,1584976.625,0.0445552609902103,GM-R-001614,1,GM-R-001614,GADM 3.6:PER.4_1
1577,PE-AYA,PE,Ayacucho,805907.9375,0.0226548694302634,GM-R-001615,1,GM-R-001615,GADM 3.6:PER.5_1
1578,PE-CAJ,PE,Cajamarca,1575236,0.0442814423847891,GM-R-001616,1,GM-R-001616,GADM 3.6:PER.6_1
1579,PE-CUS,PE,Cusco,1408298.25,0.0395886570761297,GM-R-001617,1,GM-R-001617,GADM 3.6:PER.8_1
1580,PE-HUC,PE,Huánuco,917679.125,0.0257968680892331,GM-R-001620,1,GM-R-001620,GADM 3.6:PER.10_1
1581,PE-HUV,PE,Huancavelica,589518,0.0165719342065545,GM-R-001619,1,GM-R-001619,GADM 3.6:PER.9_1
1582,PE-ICA,PE,Ica,902485.1875,0.0253697514743231,GM-R-001621,1,GM-R-001621,GADM 3.6:PER.11_1
1583,PE-JUN,PE,Junín,1617600.125,0.0454723398505463,GM-R-001622,1,GM-R-001622,GADM 3.6:PER.12_1
1584,PE-LAL,PE,La Libertad,2108734.25,0.0592786059969468,GM-R-001623,1,GM-R-001623,GADM 3.6:PER.13_1
1585,PE-LAM,PE,Lambayeque,1339775.875,0.0376624253237883,GM-R-001624,1,GM-R-001624,GADM 3.6:PER.14_1
1586,PE-LIM,PE,Department of Lima,1041717.1875,0.0292837007404134,GM-R-001625,1,GM-R-001625,GADM 3.6:PER.16_1
1587,PE-LOR,PE,Loreto,1176859,0.0330826707893424,GM-R-001627,1,GM-R-001627,GADM 3.6:PER.17_1
1588,PE-MDD,PE,Madre de Dios,184208.453125,0.00517828185989008,GM-R-001628,1,GM-R-001628,GADM 3.6:PER.18_1
1589,PE-MOQ,PE,Moquegua,201902.203125,0.0056756706773091,GM-R-001629,1,GM-R-001629,GADM 3.6:PER.19_1
1590,PE-PAS,PE,Pasco,370144.15625,0.0104051184260966,GM-R-001630,1,GM-R-001630,GADM 3.6:PER.20_1
1591,PE-PIU,PE,Piura,2028014,0.0570094799106583,GM-R-001631,1,GM-R-001631,GADM 3.6:PER.21_1
1592,PE-PUN,PE,Puno,1601577,0.0450219139546731,GM-R-001632,1,GM-R-001632,GADM 3.6:PER.22_1
1593,PE-SAM,PE,San Martín,1036440.9375,0.0291353801329725,GM-R-001633,1,GM-R-001633,GADM 3.6:PER.23_1
1594,PE-TAC,PE,Tacna,388203,0.0109127703900255,GM-R-001634,1,GM-R-001634,GADM 3.6:PER.24_1
1595,PE-TUM,PE,Tumbes,252583.203125,0.00710036372743206,GM-R-001635,1,GM-R-001635,GADM 3.6:PER.25_1
1596,PE-UCA,PE,Ucayali,627892.625,0.0176506828803884,GM-R-001636,1,GM-R-001636,GADM 3.6:PER.26_1
1597,PE.A,PE,Metropolitan Lima,11750744.75,0.330325060261122,GM-A-0036,2,GM-R-001618|GM-R-001626,GADM 3.6:PER.15_1|GADM 3.6:PER.7_1
1598,PH.A,PH,Manila,12606971,0.120683676996039,GM-A-0037,1,GM-R-001649,GADM 4.1+PSGC-2026-Q2:PSGC2026-1300000000
1599,PH.B,PH,Luzon,48092257.25,0.460376282294091,GM-A-0038,7,GM-R-001638|GM-R-001639|GM-R-001640|GM-R-001642|GM-R-001644|GM-R-001647|GM-R-001648,GADM 4.1+PSGC-2026-Q2:PSGC2026-0100000000|GADM 4.1+PSGC-2026-Q2:PSGC2026-0200000000|GADM 4.1+PSGC-2026-Q2:PSGC2026-0300000000|GADM 4.1+PSGC-2026-Q2:PSGC2026-0400000000|GADM 4.1+PSGC-2026-Q2:PSGC2026-0500000000|GADM 4.1+PSGC-2026-Q2:PSGC2026-1400000000|GADM 4.1+PSGC-2026-Q2:PSGC2026-1700000000
1600,PH.C,PH,Mindanao,24425924.375,0.233823839810703,GM-A-0039,6,GM-R-001641|GM-R-001645|GM-R-001650|GM-R-002600|GM-R-002601|GM-R-002602,GADM 4.1+PSGC-2026-Q2:PSGC2026-0900000000|GADM 4.1+PSGC-2026-Q2:PSGC2026-1000000000|GADM 4.1+PSGC-2026-Q2:PSGC2026-1100000000|GADM 4.1+PSGC-2026-Q2:PSGC2026-1200000000|GADM 4.1+PSGC-2026-Q2:PSGC2026-1600000000|GADM 4.1+PSGC-2026-Q2:PSGC2026-1900000000
1601,PH.D,PH,Visayas,19337781.5,0.185116200899168,GM-A-0040,4,GM-R-001646|GM-R-002597|GM-R-002598|GM-R-002599,GADM 4.1+PSGC-2026-Q2:PSGC2026-0600000000|GADM 4.1+PSGC-2026-Q2:PSGC2026-0700000000|GADM 4.1+PSGC-2026-Q2:PSGC2026-0800000000|GADM 4.1+PSGC-2026-Q2:PSGC2026-1800000000
1602,PK-BA,PK,Balochistan,8288879,0.0417784342622517,GM-R-001655,1,GM-R-001655,GADM 3.6:PAK.2_1
1603,PK-GB,PK,Gilgit-Baltistan,1083230.25,0.00545980509433271,GM-R-001656,1,GM-R-001656,GADM 3.6:PAK.6_1
1604,PK-JK,PK,Azad Jammu and Kashmir,3946900.5,0.0198935613704698,GM-R-001654,1,GM-R-001654,GADM 3.6:PAK.1_1
1605,PK-KP,PK,Khyber Pakhtunkhwa,4836161.5,0.0243757033139683,GM-R-001658,1,GM-R-001658,GADM 3.6:PAK.3_1
1606,PK-SD,PK,Sindh,50556804,0.254821443578021,GM-R-001660,1,GM-R-001660,GADM 3.6:PAK.8_1
1607,PK.A,PK,Punjab and Islamabad,129688925.75,0.653671052380957,GM-A-0041,2,GM-R-001657|GM-R-001659,GADM 3.6:PAK.4_1|GADM 3.6:PAK.7_1
1608,PL-02,PL,Dolnośląskie,3179997.5,0.0811381770063861,GM-R-001661,1,GM-R-001661,GADM 3.6:POL.1_1
1609,PL-04,PL,Kujawsko-pomorskie,2135482.25,0.0544871927712194,GM-R-001662,1,GM-R-001662,GADM 3.6:POL.2_1
1610,PL-06,PL,Lubelskie,2155746,0.055004225798545,GM-R-001664,1,GM-R-001664,GADM 3.6:POL.4_1
1611,PL-08,PL,Lubuskie,1030499.6875,0.0262933747744772,GM-R-001665,1,GM-R-001665,GADM 3.6:POL.5_1
1612,PL-10,PL,Łódzkie,2472276.25,0.0630805489567789,GM-R-001663,1,GM-R-001663,GADM 3.6:POL.3_1
1613,PL-12,PL,Małopolskie,3437694.5,0.0877133597856224,GM-R-001666,1,GM-R-001666,GADM 3.6:POL.6_1
1614,PL-14,PL,Mazowieckie,5488302.5,0.140034971634283,GM-R-001667,1,GM-R-001667,GADM 3.6:POL.7_1
1615,PL-16,PL,Opolskie,972445.125,0.0248121027394667,GM-R-001668,1,GM-R-001668,GADM 3.6:POL.8_1
1616,PL-18,PL,Podkarpackie,2158494.25,0.0550743478646655,GM-R-001669,1,GM-R-001669,GADM 3.6:POL.9_1
1617,PL-20,PL,Podlaskie,1196029,0.0305168833330124,GM-R-001670,1,GM-R-001670,GADM 3.6:POL.10_1
1618,PL-22,PL,Pomorskie,2373428.25,0.0605584254265788,GM-R-001671,1,GM-R-001671,GADM 3.6:POL.11_1
1619,PL-24,PL,Śląskie,4536521,0.11575010480077,GM-R-001672,1,GM-R-001672,GADM 3.6:POL.12_1
1620,PL-26,PL,Świętokrzyskie,1271179.25,0.0324343547418968,GM-R-001673,1,GM-R-001673,GADM 3.6:POL.13_1
1621,PL-28,PL,Warmińsko-mazurskie,1477681.625,0.0377032979580437,GM-R-001674,1,GM-R-001674,GADM 3.6:POL.14_1
1622,PL-30,PL,Wielkopolskie,3562091.5,0.0908873703957136,GM-R-001675,1,GM-R-001675,GADM 3.6:POL.15_1
1623,PL-32,PL,Zachodniopomorskie,1744501.875,0.0445112620125401,GM-R-001676,1,GM-R-001676,GADM 3.6:POL.16_1
1624,PS-BTH,PS,Bethlehem,339787.625,0.0589151252927119,GM-R-001677,1,GM-R-001677,GADM 4.1:PSE.2.1_1
1625,PS-DEB,PS,Deir El Balah,308034.96875,0.0534095930610858,GM-R-001678,1,GM-R-001678,GADM 4.1:PSE.1.1_1
1626,PS-GZA,PS,Gaza,729168.0625,0.126429053328918,GM-R-001679,1,GM-R-001679,GADM 4.1:PSE.1.2_1
1627,PS-HBN,PS,Hebron,606375.4375,0.105138275341062,GM-R-001680,1,GM-R-001680,GADM 4.1:PSE.2.2_1
1628,PS-JEM,PS,Jerusalem,719551.375,0.124761634308101,GM-R-001683,1,GM-R-001683,GADM 4.1:PSE.2.5_1
1629,PS-JEN,PS,Jenin,358974.9375,0.0622419766457237,GM-R-001681,1,GM-R-001681,GADM 4.1:PSE.2.3_1
1630,PS-JRH,PS,Jericho and Al Aghwar,117038.8046875,0.0202931341077336,GM-R-001682,1,GM-R-001682,GADM 4.1:PSE.2.4_1
1631,PS-KYS,PS,Khan Yunis,399310.09375,0.069235612108963,GM-R-001684,1,GM-R-001684,GADM 4.1:PSE.1.4_1
1632,PS-NBS,PS,Nablus,320955.375,0.0556498375463036,GM-R-001685,1,GM-R-001685,GADM 4.1:PSE.2.6_1
1633,PS-NGZ,PS,North Gaza,441617.34375,0.0765711851291401,GM-R-001686,1,GM-R-001686,GADM 4.1:PSE.1.3_1
1634,PS-QQA,PS,Qalqilya,183590.90625,0.0318324754891273,GM-R-001687,1,GM-R-001687,GADM 4.1:PSE.2.7_1
1635,PS-RBH,PS,Ramallah,552565.1875,0.0958082191897168,GM-R-001689,1,GM-R-001689,GADM 4.1:PSE.2.8_1
1636,PS-RFH,PS,Rafah,252908.359375,0.0438512958797494,GM-R-001688,1,GM-R-001688,GADM 4.1:PSE.1.5_1
1637,PS-SLT,PS,Salfit,140197.921875,0.0243086490658495,GM-R-001690,1,GM-R-001690,GADM 4.1:PSE.2.9_1
1638,PS-TBS,PS,Tubas,48140.19921875,0.00834693690974992,GM-R-001691,1,GM-R-001691,GADM 4.1:PSE.2.10_1
1639,PS-TKM,PS,Tulkarm,249192.421875,0.0432069965960648,GM-R-001692,1,GM-R-001692,GADM 4.1:PSE.2.11_1
1640,PT11,PT,North,3631791,0.342764294282959,GM-R-001696,1,GM-R-001696,gisco-nuts-2024 2024-RG-01M-EPSG4326:PT11
1641,PT15,PT,Algarve,500324.1875,0.0472200264390579,GM-R-001694,1,GM-R-001694,gisco-nuts-2024 2024-RG-01M-EPSG4326:PT15
1642,PT19,PT,Centro (PT),1709132.25,0.16130595331821,GM-R-001695,1,GM-R-001695,gisco-nuts-2024 2024-RG-01M-EPSG4326:PT19
1643,PT1A,PT,Grande Lisboa,2094916.25,0.197715807438576,GM-R-002516,1,GM-R-002516,gisco-nuts-2024 2024-RG-01M-EPSG4326:PT1A
1644,PT1B,PT,Península de Setúbal,827870.5,0.0781334740050242,GM-R-002517,1,GM-R-002517,gisco-nuts-2024 2024-RG-01M-EPSG4326:PT1B
1645,PT1C,PT,Alentejo,489063.59375,0.0461572644381812,GM-R-001693,1,GM-R-001693,gisco-nuts-2024 2024-RG-01M-EPSG4326:PT1C
1646,PT1D,PT,Oeste e Vale do Tejo,858998.3125,0.0810712814625939,GM-R-002518,1,GM-R-002518,gisco-nuts-2024 2024-RG-01M-EPSG4326:PT1D
1647,PT20,PT,Região Autónoma dos Açores,228071.1875,0.0215250986716234,GM-R-001698,1,GM-R-001698,gisco-nuts-2024 2024-RG-01M-EPSG4326:PT20
1648,PT30,PT,Região Autónoma da Madeira,255425.84375,0.0241067999437738,GM-R-001697,1,GM-R-001697,gisco-nuts-2024 2024-RG-01M-EPSG4326:PT30
1649,PY-1,PY,Concepción,254588.515625,0.0339665585762791,GM-R-001708,1,GM-R-001708,GADM 3.6:PRY.10_1
1650,PY-10,PY,Alto Paraná,886509.125,0.118275814793908,GM-R-001700,1,GM-R-001700,GADM 3.6:PRY.2_1
1651,PY-11,PY,Central,2317734.75,0.309226333155233,GM-R-001707,1,GM-R-001707,GADM 3.6:PRY.9_1
1652,PY-12,PY,Ñeembucú,89888.1015625,0.0119926441282623,GM-R-001713,1,GM-R-001713,GADM 3.6:PRY.15_1
1653,PY-13,PY,Amambay,181190.875,0.0241740302152514,GM-R-001701,1,GM-R-001701,GADM 3.6:PRY.3_1
1654,PY-14,PY,Canindeyú,258386.3125,0.0344732510706315,GM-R-001706,1,GM-R-001706,GADM 3.6:PRY.8_1
1655,PY-15,PY,Presidente Hayes,135396.59375,0.0180642725432758,GM-R-001715,1,GM-R-001715,GADM 3.6:PRY.17_1
1656,PY-16,PY,Alto Paraguay,19085.119140625,0.00254628853007715,GM-R-001699,1,GM-R-001699,GADM 3.6:PRY.1_1
1657,PY-19,PY,Boquerón,69716.015625,0.00930133522566018,GM-R-001703,1,GM-R-001703,GADM 3.6:PRY.5_1
1658,PY-2,PY,San Pedro,440917.65625,0.0588261232505519,GM-R-001716,1,GM-R-001716,GADM 3.6:PRY.18_1
1659,PY-3,PY,Cordillera,306713.78125,0.0409209802390519,GM-R-001709,1,GM-R-001709,GADM 3.6:PRY.11_1
1660,PY-4,PY,Guairá,225900.453125,0.0301390695281026,GM-R-001710,1,GM-R-001710,GADM 3.6:PRY.12_1
1661,PY-5,PY,Caaguazú,571663.0625,0.0762698460715429,GM-R-001704,1,GM-R-001704,GADM 3.6:PRY.6_1
1662,PY-6,PY,Caazapá,191894.546875,0.0256020871597327,GM-R-001705,1,GM-R-001705,GADM 3.6:PRY.7_1
1663,PY-7,PY,Itapúa,627992.375,0.0837851610805318,GM-R-001711,1,GM-R-001711,GADM 3.6:PRY.13_1
1664,PY-8,PY,Misiones,125181.6640625,0.0167014223505589,GM-R-001712,1,GM-R-001712,GADM 3.6:PRY.14_1
1665,PY-9,PY,Paraguarí,257845.765625,0.0344011326679304,GM-R-001714,1,GM-R-001714,GADM 3.6:PRY.16_1
1666,PY-ASU,PY,Asunción,534664.9375,0.0713336494134184,GM-R-001702,1,GM-R-001702,GADM 3.6:PRY.4_1
1667,QA.nat,QA,Qatar,6709487.5,1,GM-R-002485,1,GM-R-002485,GADM 4.1:QAT
1668,RO11,RO,Nord-Vest,2476393,0.0730762896939075,GM-R-001720,1,GM-R-001720,gisco-nuts-2024 2024-RG-01M-EPSG4326:RO11
1669,RO12,RO,Centru,2225366.75,0.0656687146580488,GM-R-001718,1,GM-R-001718,gisco-nuts-2024 2024-RG-01M-EPSG4326:RO12
1670,RO21,RO,Nord-Est,2996496.25,0.0884241023261282,GM-R-001719,1,GM-R-001719,gisco-nuts-2024 2024-RG-01M-EPSG4326:RO21
1671,RO22,RO,Sud-Est,2313316.5,0.0682640383443566,GM-R-001721,1,GM-R-001721,gisco-nuts-2024 2024-RG-01M-EPSG4326:RO22
1672,RO31,RO,Sud-Muntenia,17912146,0.528572472194667,GM-R-001722,1,GM-R-001722,gisco-nuts-2024 2024-RG-01M-EPSG4326:RO31
1673,RO32,RO,București-Ilfov,2367314,0.0698574594825793,GM-R-001717,1,GM-R-001717,gisco-nuts-2024 2024-RG-01M-EPSG4326:RO32
1674,RO41,RO,Sud-Vest Oltenia,1874927.75,0.0553275523772464,GM-R-001723,1,GM-R-001723,gisco-nuts-2024 2024-RG-01M-EPSG4326:RO41
1675,RO42,RO,Vest,1721816.625,0.0508093709230668,GM-R-001724,1,GM-R-001724,gisco-nuts-2024 2024-RG-01M-EPSG4326:RO42
1676,RS-BEL,RS,Belgrade,1754434.75,0.251392426602091,GM-R-001725,1,GM-R-001725,gisco-statistical-regions-2024 2024-RG-01M-EPSG4326:RS11
1677,RS-SES,RS,Southern and Eastern Serbia,1430274.125,0.204943548336541,GM-R-001727,1,GM-R-001727,gisco-statistical-regions-2024 2024-RG-01M-EPSG4326:RS22
1678,RS-SWS,RS,Šumadija and Western Serbia,1941889.875,0.278252814970908,GM-R-001728,1,GM-R-001728,gisco-statistical-regions-2024 2024-RG-01M-EPSG4326:RS21
1679,RS-VOJ,RS,Vojvodina,1852270,0.265411210090461,GM-R-001729,1,GM-R-001729,gisco-statistical-regions-2024 2024-RG-01M-EPSG4326:RS12
1680,RU-AD,RU,"Adygeya, Respublika",496760.03125,0.00353450269228086,GM-R-001730,1,GM-R-001730,GADM 3.6:RUS.1_1
1681,RU-AL,RU,"Altay, Respublika",210361.65625,0.00149674650453933,GM-R-001731,1,GM-R-001731,GADM 3.6:RUS.16_1
1682,RU-ALT,RU,Altayskiy kray,2203893.25,0.0156809447934518,GM-R-001732,1,GM-R-001732,GADM 3.6:RUS.2_1
1683,RU-AMU,RU,Amurskaya oblast',751988.625,0.00535048243100191,GM-R-001733,1,GM-R-001733,GADM 3.6:RUS.3_1
1684,RU-ARK,RU,Arkhangel'skaya oblast',1038172.4375,0.00738671198276992,GM-R-001734,1,GM-R-001734,GADM 3.6:RUS.4_1
1685,RU-AST,RU,Astrakhanskaya oblast',1007589.8125,0.00716911321555929,GM-R-001735,1,GM-R-001735,GADM 3.6:RUS.5_1
1686,RU-BA,RU,"Bashkortostan, Respublika",4021291,0.028611931258197,GM-R-001736,1,GM-R-001736,GADM 3.6:RUS.6_1
1687,RU-BEL,RU,Belgorodskaya oblast',1570095.125,0.0111714008723393,GM-R-001737,1,GM-R-001737,GADM 3.6:RUS.7_1
1688,RU-BRY,RU,Bryanskaya oblast',1159729.375,0.00825160306866919,GM-R-001738,1,GM-R-001738,GADM 3.6:RUS.8_1
1689,RU-BU,RU,"Buryatiya, Respublika",960270.9375,0.00683243417424763,GM-R-001739,1,GM-R-001739,GADM 3.6:RUS.9_1
1690,RU-CE,RU,Chechenskaya Respublika,1440976,0.0102527039840468,GM-R-001740,1,GM-R-001740,GADM 3.6:RUS.10_1
1691,RU-CHE,RU,Chelyabinskaya oblast',3322602.5,0.0236406851253276,GM-R-001741,1,GM-R-001741,GADM 3.6:RUS.11_1
1692,RU-CHU,RU,Chukotskiy avtonomnyy okrug,44716.8359375,0.000318165244924534,GM-R-001742,1,GM-R-001742,GADM 3.6:RUS.12_1
1693,RU-CU,RU,Chuvashskaya Respublika,1181688.5,0.00840784467739389,GM-R-001743,1,GM-R-001743,GADM 3.6:RUS.13_1
1694,RU-DA,RU,"Dagestan, Respublika",3328549.25,0.0236829969108237,GM-R-001744,1,GM-R-001744,GADM 3.6:RUS.15_1
1695,RU-IN,RU,"Ingushetiya, Respublika",416594.53125,0.00296411627277554,GM-R-001745,1,GM-R-001745,GADM 3.6:RUS.17_1
1696,RU-IRK,RU,Irkutskaya oblast',2251992.25,0.0160231745106217,GM-R-001746,1,GM-R-001746,GADM 3.6:RUS.18_1
1697,RU-IVA,RU,Ivanovskaya oblast',978607.875,0.00696290351736054,GM-R-001747,1,GM-R-001747,GADM 3.6:RUS.19_1
1698,RU-KAM,RU,Kamchatskiy kray,273507.8125,0.00194603840652911,GM-R-001752,1,GM-R-001752,GADM 3.6:RUS.24_1
1699,RU-KB,RU,Kabardino-Balkarskaya Respublika,797751.0625,0.00567608724695717,GM-R-001748,1,GM-R-001748,GADM 3.6:RUS.20_1
1700,RU-KC,RU,Karachayevo-Cherkesskaya Respublika,668330.1875,0.00475524337396322,GM-R-001753,1,GM-R-001753,GADM 3.6:RUS.25_1
1701,RU-KDA,RU,Krasnodarskiy kray,5295374,0.0376771730457815,GM-R-001762,1,GM-R-001762,GADM 3.6:RUS.34_1
1702,RU-KEM,RU,Kemerovskaya oblast',2602320,0.0185157952885855,GM-R-001755,1,GM-R-001755,GADM 3.6:RUS.27_1
1703,RU-KGD,RU,Kaliningradskaya oblast',909375.125,0.00647030482609051,GM-R-001749,1,GM-R-001749,GADM 3.6:RUS.21_1
1704,RU-KGN,RU,Kurganskaya oblast',794836.75,0.00565535159044415,GM-R-001764,1,GM-R-001764,GADM 3.6:RUS.36_1
1705,RU-KHA,RU,Khabarovskiy kray,1239817.125,0.00882143628830529,GM-R-001756,1,GM-R-001756,GADM 3.6:RUS.28_1
1706,RU-KHM,RU,Khanty-Mansiyskiy avtonomnyy okrug,1608061.75,0.0114415376181271,GM-R-001758,1,GM-R-001758,GADM 3.6:RUS.30_1
1707,RU-KIR,RU,Kirovskaya oblast',1151125.5,0.00819038554423385,GM-R-001759,1,GM-R-001759,GADM 3.6:RUS.31_1
1708,RU-KK,RU,"Khakasiya, Respublika",337453.40625,0.00240101839495561,GM-R-001757,1,GM-R-001757,GADM 3.6:RUS.29_1
1709,RU-KL,RU,"Kalmykiya, Respublika",289589.75,0.00206046317465671,GM-R-001750,1,GM-R-001750,GADM 3.6:RUS.22_1
1710,RU-KLU,RU,Kaluzhskaya oblast',983038.25,0.00699442612662906,GM-R-001751,1,GM-R-001751,GADM 3.6:RUS.23_1
1711,RU-KO,RU,"Komi, Respublika",773248.6875,0.00550175013254228,GM-R-001760,1,GM-R-001760,GADM 3.6:RUS.32_1
1712,RU-KOS,RU,Kostromskaya oblast',590545.25,0.00420179492055034,GM-R-001761,1,GM-R-001761,GADM 3.6:RUS.33_1
1713,RU-KR,RU,"Kareliya, Respublika",562029.125,0.00399889952992823,GM-R-001754,1,GM-R-001754,GADM 3.6:RUS.26_1
1714,RU-KRS,RU,Kurskaya oblast',1014865.9375,0.00722088365155262,GM-R-001765,1,GM-R-001765,GADM 3.6:RUS.37_1
1715,RU-KYA,RU,Krasnoyarskiy kray,2840089.25,0.0202075498610134,GM-R-001763,1,GM-R-001763,GADM 3.6:RUS.35_1
1716,RU-LEN,RU,Leningradskaya oblast',2171718,0.0154520143228105,GM-R-001766,1,GM-R-001766,GADM 3.6:RUS.38_1
1717,RU-LIP,RU,Lipetskaya oblast',1132473.125,0.0080576718283396,GM-R-001767,1,GM-R-001767,GADM 3.6:RUS.39_1
1718,RU-MAG,RU,Magadanskaya oblast',128580.5546875,0.00091486490081409,GM-R-001768,1,GM-R-001768,GADM 3.6:RUS.40_1
1719,RU-ME,RU,"Mariy El, Respublika",651230.75,0.00463357898053737,GM-R-001769,1,GM-R-001769,GADM 3.6:RUS.41_1
1720,RU-MO,RU,"Mordoviya, Respublika",777701.1875,0.00553343016363854,GM-R-001770,1,GM-R-001770,GADM 3.6:RUS.42_1
1721,RU-MOS,RU,Moskovskaya oblast',9057063,0.0644420072949607,GM-R-001771,1,GM-R-001771,GADM 3.6:RUS.44_1
1722,RU-MOW,RU,Moskva,11724093,0.0834182214071822,GM-R-001772,1,GM-R-001772,GADM 3.6:RUS.43_1
1723,RU-MUR,RU,Murmanskaya oblast',676770.3125,0.00481529579899553,GM-R-001773,1,GM-R-001773,GADM 3.6:RUS.45_1
1724,RU-NEN,RU,Nenetskiy avtonomnyy okrug,37453.27734375,0.000266484220304764,GM-R-001774,1,GM-R-001774,GADM 3.6:RUS.46_1
1725,RU-NGR,RU,Novgorodskaya oblast',580197.0625,0.0041281664193061,GM-R-001776,1,GM-R-001776,GADM 3.6:RUS.49_1
1726,RU-NIZ,RU,Nizhegorodskaya oblast',3040933.25,0.0216365771862235,GM-R-001775,1,GM-R-001775,GADM 3.6:RUS.47_1
1727,RU-NVS,RU,Novosibirskaya oblast',2634817,0.0187470150461454,GM-R-001777,1,GM-R-001777,GADM 3.6:RUS.50_1
1728,RU-OMS,RU,Omskaya oblast',1853983.75,0.0131912999106044,GM-R-001778,1,GM-R-001778,GADM 3.6:RUS.51_1
1729,RU-ORE,RU,Orenburgskaya oblast',1869234.875,0.0132998133556921,GM-R-001779,1,GM-R-001779,GADM 3.6:RUS.53_1
1730,RU-ORL,RU,Orlovskaya oblast',702143.875,0.00499583150905122,GM-R-001780,1,GM-R-001780,GADM 3.6:RUS.52_1
1731,RU-PER,RU,Permskiy kray,2407266.75,0.0171279697915777,GM-R-001782,1,GM-R-001782,GADM 3.6:RUS.55_1
1732,RU-PNZ,RU,Penzenskaya oblast',1299838.25,0.00924849324651589,GM-R-001781,1,GM-R-001781,GADM 3.6:RUS.54_1
1733,RU-PRI,RU,Primorskiy kray,1765123.125,0.0125590467127979,GM-R-001783,1,GM-R-001783,GADM 3.6:RUS.56_1
1734,RU-PSK,RU,Pskovskaya oblast',577153.6875,0.00410651246879794,GM-R-001784,1,GM-R-001784,GADM 3.6:RUS.57_1
1735,RU-ROS,RU,Rostovskaya oblast',4108203,0.0292303197731074,GM-R-001785,1,GM-R-001785,GADM 3.6:RUS.58_1
1736,RU-RYA,RU,Ryazanskaya oblast',1072756,0.0076327778638299,GM-R-001786,1,GM-R-001786,GADM 3.6:RUS.59_1
1737,RU-SA,RU,"Saha, Respublika",969814.3125,0.00690033634533427,GM-R-001787,1,GM-R-001787,GADM 3.6:RUS.60_1
1738,RU-SAK,RU,Sakhalinskaya oblast',432501.125,0.00307729345068359,GM-R-001788,1,GM-R-001788,GADM 3.6:RUS.61_1
1739,RU-SAM,RU,Samarskaya oblast',3199662.5,0.0227659533964169,GM-R-001789,1,GM-R-001789,GADM 3.6:RUS.62_1
1740,RU-SAR,RU,Saratovskaya oblast',2349292.25,0.0167154747971273,GM-R-001791,1,GM-R-001791,GADM 3.6:RUS.63_1
1741,RU-SE,RU,"Severnaya Osetiya, Respublika",667586.3125,0.00474995062087356,GM-R-001792,1,GM-R-001792,GADM 3.6:RUS.48_1
1742,RU-SMO,RU,Smolenskaya oblast',909874.375,0.00647385704518648,GM-R-001793,1,GM-R-001793,GADM 3.6:RUS.64_1
1743,RU-SPE,RU,Sankt-Peterburg,4752766,0.0338164569732198,GM-R-001790,1,GM-R-001790,GADM 3.6:RUS.14_1
1744,RU-STA,RU,Stavropol'skiy kray,2762899.25,0.0196583344538667,GM-R-001794,1,GM-R-001794,GADM 3.6:RUS.65_1
1745,RU-SVE,RU,Sverdlovskaya oblast',4075839,0.0290000463252917,GM-R-001795,1,GM-R-001795,GADM 3.6:RUS.66_1
1746,RU-TA,RU,"Tatarstan, Respublika",3829863.25,0.0272499015956058,GM-R-001797,1,GM-R-001797,GADM 3.6:RUS.68_1
1747,RU-TAM,RU,Tambovskaya oblast',993159.875,0.00706644261056948,GM-R-001796,1,GM-R-001796,GADM 3.6:RUS.67_1
1748,RU-TOM,RU,Tomskaya oblast',1049375.5,0.00746642301440909,GM-R-001798,1,GM-R-001798,GADM 3.6:RUS.69_1
1749,RU-TUL,RU,Tul'skaya oblast',1407151.5,0.0100120389168227,GM-R-001799,1,GM-R-001799,GADM 3.6:RUS.70_1
1750,RU-TVE,RU,Tverskaya oblast',1240856.25,0.00882882977787585,GM-R-001800,1,GM-R-001800,GADM 3.6:RUS.72_1
1751,RU-TY,RU,"Tyva, Respublika",310841.9375,0.00221167484469907,GM-R-001802,1,GM-R-001802,GADM 3.6:RUS.71_1
1752,RU-TYU,RU,Tyumenskaya oblast',1404731.75,0.00999482212732349,GM-R-001801,1,GM-R-001801,GADM 3.6:RUS.73_1
1753,RU-UD,RU,Udmurtskaya Respublika,1448645.125,0.0103072706586075,GM-R-001803,1,GM-R-001803,GADM 3.6:RUS.74_1
1754,RU-ULY,RU,Ul'yanovskaya oblast',1191268.25,0.00847600566063801,GM-R-001804,1,GM-R-001804,GADM 3.6:RUS.75_1
1755,RU-VGG,RU,Volgogradskaya oblast',2505541,0.017827201974837,GM-R-001806,1,GM-R-001806,GADM 3.6:RUS.77_1
1756,RU-VLA,RU,Vladimirskaya oblast',1330815.75,0.00946890159312667,GM-R-001805,1,GM-R-001805,GADM 3.6:RUS.76_1
1757,RU-VLG,RU,Vologodskaya oblast',1125185.125,0.00800581690040483,GM-R-001807,1,GM-R-001807,GADM 3.6:RUS.78_1
1758,RU-VOR,RU,Voronezhskaya oblast',2268247,0.0161388288588445,GM-R-001808,1,GM-R-001808,GADM 3.6:RUS.79_1
1759,RU-YAN,RU,Yamalo-Nenetskiy avtonomnyy okrug,546163.6875,0.00388601518330143,GM-R-001809,1,GM-R-001809,GADM 3.6:RUS.80_1
1760,RU-YAR,RU,Yaroslavskaya oblast',1179094.75,0.00838938985860536,GM-R-001810,1,GM-R-001810,GADM 3.6:RUS.81_1
1761,RU-YEV,RU,Yevreyskaya avtonomnaya oblast',158671.609375,0.00112896609075667,GM-R-001811,1,GM-R-001811,GADM 3.6:RUS.82_1
1762,RU-ZAB,RU,Zabaykal'skiy kray,1050127.625,0.00747177446716333,GM-R-001812,1,GM-R-001812,GADM 3.6:RUS.83_1
1763,RW-01,RW,City of Kigali,1684958.5,0.124590453099038,GM-R-001813,1,GM-R-001813,GADM 3.6:RWA.5_1
1764,RW-02,RW,Eastern,3806878.75,0.281491056518958,GM-R-001814,1,GM-R-001814,GADM 3.6:RWA.3_1
1765,RW-03,RW,Northern,1931949.125,0.142853617372796,GM-R-001815,1,GM-R-001815,GADM 3.6:RWA.1_1
1766,RW-04,RW,Western,2937335.75,0.217194662062301,GM-R-001817,1,GM-R-001817,GADM 3.6:RWA.4_1
1767,RW-05,RW,Southern,3162855.5,0.233870210946907,GM-R-001816,1,GM-R-001816,GADM 3.6:RWA.2_1
1768,SA-01,SA,Ar Riyāḑ,9768840,0.264742666359062,GM-R-001824,1,GM-R-001824,GADM 3.6:SAU.7_1
1769,SA-02,SA,Makkah al Mukarramah,9274088,0.251334527453473,GM-R-001828,1,GM-R-001828,GADM 3.6:SAU.11_1
1770,SA-03,SA,Al Madīnah al Munawwarah,2336885.25,0.0633312892892261,GM-R-001822,1,GM-R-001822,GADM 3.6:SAU.5_1
1771,SA-04,SA,Ash Sharqīyah,5776856.5,0.15655701116854,GM-R-001825,1,GM-R-001825,GADM 3.6:SAU.8_1
1772,SA-05,SA,Al Qaşīm,1650925.25,0.044741274567349,GM-R-001823,1,GM-R-001823,GADM 3.6:SAU.6_1
1773,SA-06,SA,Ḩā'il,777181.5625,0.0210621853875539,GM-R-001826,1,GM-R-001826,GADM 3.6:SAU.9_1
1774,SA-07,SA,Tabūk,786556.0625,0.0213162411532111,GM-R-001830,1,GM-R-001830,GADM 3.6:SAU.13_1
1775,SA-08,SA,Al Ḩudūd ash Shamālīyah,485234.1875,0.013150199266988,GM-R-001820,1,GM-R-001820,GADM 3.6:SAU.3_1
1776,SA-09,SA,Jāzān,1829248,0.0495739507405159,GM-R-001827,1,GM-R-001827,GADM 3.6:SAU.10_1
1777,SA-10,SA,Najrān,640879.5625,0.017368302090246,GM-R-001829,1,GM-R-001829,GADM 3.6:SAU.12_1
1778,SA-11,SA,Al Bāḩah,496291.875,0.0134498706376436,GM-R-001819,1,GM-R-001819,GADM 3.6:SAU.2_1
1779,SA-12,SA,Al Jawf,801553.5625,0.0217226843070267,GM-R-001821,1,GM-R-001821,GADM 3.6:SAU.4_1
1780,SA-14,SA,'Asīr,2274839.25,0.0616497975791649,GM-R-001818,1,GM-R-001818,GADM 3.6:SAU.1_1
1781,SC.CENTRAL,SC,Seychelles CENTRAL,22574.0126953125,0.261402980418386,GM-A-0042,9,GM-R-002548|GM-R-002555|GM-R-002556|GM-R-002557|GM-R-002558|GM-R-002561|GM-R-002563|GM-R-002564|GM-R-002603,OCHA-CODAB-SYC-NBS2010 NBS2010-published-2020-05-28-metadata-2025-11-13:SC1109BA|OCHA-CODAB-SYC-NBS2010 NBS2010-published-2020-05-28-metadata-2025-11-13:SC1116ER|OCHA-CODAB-SYC-NBS2010 NBS2010-published-2020-05-28-metadata-2025-11-13:SC1117MB|OCHA-CODAB-SYC-NBS2010 NBS2010-published-2020-05-28-metadata-2025-11-13:SC1122SL|OCHA-CODAB-SYC-NBS2010 NBS2010-published-2020-05-28-metadata-2025-11-13:SC1127PI|OCHA-CODAB-SYC-NBS2010 NBS2010-published-2020-05-28-metadata-2025-11-13:SC1218MF|OCHA-CODAB-SYC-NBS2010 NBS2010-published-2020-05-28-metadata-2025-11-13:SC1219PA|OCHA-CODAB-SYC-NBS2010 NBS2010-published-2020-05-28-metadata-2025-11-13:SC1224LM|OCHA-CODAB-SYC-NBS2010 NBS2010-published-2020-05-28-metadata-2025-11-13:SC1225RC
1782,SC.EASTSOUTH,SC,Seychelles EASTSOUTH,19248.8094482422,0.222897728781775,GM-A-0043,5,GM-R-002540|GM-R-002543|GM-R-002544|GM-R-002550|GM-R-002559,OCHA-CODAB-SYC-NBS2010 NBS2010-published-2020-05-28-metadata-2025-11-13:SC1301AA|OCHA-CODAB-SYC-NBS2010 NBS2010-published-2020-05-28-metadata-2025-11-13:SC1304AC|OCHA-CODAB-SYC-NBS2010 NBS2010-published-2020-05-28-metadata-2025-11-13:SC1305AR|OCHA-CODAB-SYC-NBS2010 NBS2010-published-2020-05-28-metadata-2025-11-13:SC1311CA|OCHA-CODAB-SYC-NBS2010 NBS2010-published-2020-05-28-metadata-2025-11-13:SC1320PL
1783,SC.LADIGUE,SC,Seychelles LADIGUE,2872.8232421875,0.0332667730748181,GM-A-0044,1,GM-R-002554,OCHA-CODAB-SYC-NBS2010 NBS2010-published-2020-05-28-metadata-2025-11-13:SC3615LD
1784,SC.NORTH,SC,Seychelles NORTH,14834.0026855469,0.171775065686106,GM-A-0045,4,GM-R-002542|GM-R-002547|GM-R-002549|GM-R-002551,OCHA-CODAB-SYC-NBS2010 NBS2010-published-2020-05-28-metadata-2025-11-13:SC1503AE|OCHA-CODAB-SYC-NBS2010 NBS2010-published-2020-05-28-metadata-2025-11-13:SC1508BV|OCHA-CODAB-SYC-NBS2010 NBS2010-published-2020-05-28-metadata-2025-11-13:SC1510BO|OCHA-CODAB-SYC-NBS2010 NBS2010-published-2020-05-28-metadata-2025-11-13:SC1512GL
1785,SC.OTHER,SC,Seychelles OTHER ISLANDS,717.49853515625,0.00830850314771977,GM-A-0059,1,GM-R-002604,OCHA-CODAB-SYC-NBS2010 NBS2010-published-2020-05-28-metadata-2025-11-13:SC4726OI
1786,SC.PRASLIN,SC,Seychelles PRASLIN,8452.1552734375,0.0978744279653182,GM-A-0046,2,GM-R-002546|GM-R-002553,OCHA-CODAB-SYC-NBS2010 NBS2010-published-2020-05-28-metadata-2025-11-13:SC2607BS|OCHA-CODAB-SYC-NBS2010 NBS2010-published-2020-05-28-metadata-2025-11-13:SC2614GP
1787,SC.WEST,SC,Seychelles WEST,17657.833984375,0.204474520925877,GM-A-0047,5,GM-R-002541|GM-R-002545|GM-R-002552|GM-R-002560|GM-R-002562,OCHA-CODAB-SYC-NBS2010 NBS2010-published-2020-05-28-metadata-2025-11-13:SC1323TA|OCHA-CODAB-SYC-NBS2010 NBS2010-published-2020-05-28-metadata-2025-11-13:SC1402AB|OCHA-CODAB-SYC-NBS2010 NBS2010-published-2020-05-28-metadata-2025-11-13:SC1406BL|OCHA-CODAB-SYC-NBS2010 NBS2010-published-2020-05-28-metadata-2025-11-13:SC1413GM|OCHA-CODAB-SYC-NBS2010 NBS2010-published-2020-05-28-metadata-2025-11-13:SC1421PG
1788,SD-DC,SD,Wasaţ Dārfūr Zālinjay,782315.875,0.0183291323212602,GM-R-001848,1,GM-R-001848,GADM 3.6:SDN.4_1
1789,SD-DE,SD,Sharq Dārfūr,2308959.75,0.0540973667218679,GM-R-001845,1,GM-R-001845,GADM 3.6:SDN.5_1
1790,SD-DN,SD,Shamāl Dārfūr,3357950.25,0.0786745053083051,GM-R-001844,1,GM-R-001844,GADM 3.6:SDN.8_1
1791,SD-DS,SD,Janūb Dārfūr,4302461.5,0.10080376566643,GM-R-001840,1,GM-R-001840,GADM 3.6:SDN.14_1
1792,SD-DW,SD,Gharb Dārfūr,826667.625,0.0193682638541969,GM-R-001838,1,GM-R-001838,GADM 3.6:SDN.16_1
1793,SD-GD,SD,Al Qaḑārif,1728910.75,0.0405072106051782,GM-R-001834,1,GM-R-001834,GADM 3.6:SDN.2_1
1794,SD-GK,SD,Gharb Kurdufān,1759788,0.0412306437081644,GM-R-001839,1,GM-R-001839,GADM 3.6:SDN.17_1
1795,SD-GZ,SD,Al Jazīrah,3964571.75,0.092887237144306,GM-R-001832,1,GM-R-001832,GADM 3.6:SDN.1_1
1796,SD-KA,SD,Kassalā,2229731.75,0.0522411082181672,GM-R-001842,1,GM-R-001842,GADM 3.6:SDN.6_1
1797,SD-KH,SD,Al Kharţūm,7381070.5,0.172933494244956,GM-R-001833,1,GM-R-001833,GADM 3.6:SDN.7_1
1798,SD-KN,SD,Shiamāl Kurdufān,2846144.75,0.0666832482828117,GM-R-001846,1,GM-R-001846,GADM 3.6:SDN.9_1
1799,SD-KS,SD,Janūb Kurdufān,881318.3125,0.0206486925335144,GM-R-001841,1,GM-R-001841,GADM 3.6:SDN.15_1
1800,SD-NB,SD,An Nīl al Azraq,1172024.25,0.0274597362120202,GM-R-001836,1,GM-R-001836,GADM 3.6:SDN.3_1
1801,SD-NO,SD,Ash Shamālīyah,911639.625,0.0213591003965362,GM-R-001837,1,GM-R-001837,GADM 3.6:SDN.10_1
1802,SD-NR,SD,Nahr an Nīl,1511297.25,0.0354086733469479,GM-R-001843,1,GM-R-001843,GADM 3.6:SDN.12_1
1803,SD-NW,SD,An Nīl al Abyaḑ,2514421.5,0.0589111966888332,GM-R-001835,1,GM-R-001835,GADM 3.6:SDN.18_1
1804,SD-RS,SD,Al Baḩr al Aḩmar,2453845.75,0.0574919477988505,GM-R-001831,1,GM-R-001831,GADM 3.6:SDN.11_1
1805,SD-SI,SD,Sinnār,1748436.125,0.0409646769476543,GM-R-001847,1,GM-R-001847,GADM 3.6:SDN.13_1
1806,SE11,SE,Stockholm,2382494.75,0.236101034532042,GM-R-001854,1,GM-R-001854,gisco-nuts-2024 2024-RG-01M-EPSG4326:SE11
1807,SE12,SE,Östra Mellansverige,1676330.625,0.166121413186847,GM-R-001851,1,GM-R-001851,gisco-nuts-2024 2024-RG-01M-EPSG4326:SE12
1808,SE21,SE,Småland med öarna,828882.1875,0.082140765252025,GM-R-001853,1,GM-R-001853,gisco-nuts-2024 2024-RG-01M-EPSG4326:SE21
1809,SE22,SE,Sydsverige,1534503.375,0.152066582446996,GM-R-001855,1,GM-R-001855,gisco-nuts-2024 2024-RG-01M-EPSG4326:SE22
1810,SE23,SE,Västsverige,1984477.375,0.196658213514607,GM-R-001856,1,GM-R-001856,gisco-nuts-2024 2024-RG-01M-EPSG4326:SE23
1811,SE31,SE,Norra Mellansverige,829510.8125,0.0822030608826167,GM-R-001850,1,GM-R-001850,gisco-nuts-2024 2024-RG-01M-EPSG4326:SE31
1812,SE32,SE,Mellersta Norrland,357603.21875,0.0354378492959378,GM-R-001849,1,GM-R-001849,gisco-nuts-2024 2024-RG-01M-EPSG4326:SE32
1813,SE33,SE,Övre Norrland,497194.3125,0.0492710808889284,GM-R-001852,1,GM-R-001852,gisco-nuts-2024 2024-RG-01M-EPSG4326:SE33
1814,SG.nat,SG,Singapore,4479190.5,1,GM-R-002486,1,GM-R-002486,GADM 4.1:SGP
1815,SI031,SI,Pomurska statistična regija,113820.2890625,0.0522318826248506,GM-R-001864,1,GM-R-001864,GADM 3.6:SVN.9_1
1816,SI032,SI,Podravska statistična regija,333469.3125,0.153028340842865,GM-R-001863,1,GM-R-001863,GADM 3.6:SVN.8_1
1817,SI033,SI,Koroška statistična regija,72253.0078125,0.0331567478385388,GM-R-001860,1,GM-R-001860,GADM 3.6:SVN.4_1
1818,SI034,SI,Savinjska statistična regija,270016.84375,0.123910141202842,GM-R-001866,1,GM-R-001866,GADM 3.6:SVN.10_1
1819,SI035,SI,Zasavska statistična regija,42426.51953125,0.0194694373612102,GM-R-001868,1,GM-R-001868,GADM 3.6:SVN.12_1
1820,SI036,SI,Spodnjeposavska statistična regija,72151.8359375,0.0331103202855651,GM-R-001867,1,GM-R-001867,GADM 3.6:SVN.11_1
1821,SI037,SI,Jugovzhodna Slovenija statistična regija,152700.78125,0.0700740557651664,GM-R-001859,1,GM-R-001859,GADM 3.6:SVN.3_1
1822,SI038,SI,Primorsko-notranjska statistična regija,55077.0703125,0.0252747475478952,GM-R-001865,1,GM-R-001865,GADM 3.6:SVN.5_1
1823,SI041,SI,Osrednjeslovenska statistična regija,618777.3125,0.283955560327854,GM-R-001862,1,GM-R-001862,GADM 3.6:SVN.7_1
1824,SI042,SI,Gorenjska statistična regija,213842.015625,0.0981316349869155,GM-R-001857,1,GM-R-001857,GADM 3.6:SVN.1_1
1825,SI043,SI,Goriška statistična regija,116626.0625,0.053519445941255,GM-R-001858,1,GM-R-001858,GADM 3.6:SVN.2_1
1826,SI044,SI,Obalno-kraška statistična regija,117973.2890625,0.0541376852750432,GM-R-001861,1,GM-R-001861,GADM 3.6:SVN.6_1
1827,SK01,SK,Bratislava Region,614497.0625,0.112864959954042,GM-R-001869,1,GM-R-001869,gisco-nuts-2024 2024-RG-01M-EPSG4326:SK01
1828,SK02,SK,Západné Slovensko,1812634.75,0.33292746370135,GM-R-001872,1,GM-R-001872,gisco-nuts-2024 2024-RG-01M-EPSG4326:SK02
1829,SK03,SK,Stredné Slovensko,1350087.375,0.247971173196345,GM-R-001870,1,GM-R-001870,gisco-nuts-2024 2024-RG-01M-EPSG4326:SK03
1830,SK04,SK,Východné Slovensko,1667314.375,0.306236403148263,GM-R-001871,1,GM-R-001871,gisco-nuts-2024 2024-RG-01M-EPSG4326:SK04
1831,SL-E,SL,Eastern,1495678.25,0.223431441546076,GM-R-001873,1,GM-R-001873,stats-sl-ocha-codab SLE-v02-valid-2023-12-15-metadata-2026-06-24:SL01
1832,SL-N,SL,Northern,1181147.625,0.176445379567748,GM-R-001875,1,GM-R-001875,stats-sl-ocha-codab SLE-v02-valid-2023-12-15-metadata-2026-06-24:SL02
1833,SL-NW,SL,North Western,1090314.875,0.162876356770168,GM-R-001874,1,GM-R-001874,stats-sl-ocha-codab SLE-v02-valid-2023-12-15-metadata-2026-06-24:SL05
1834,SL-S,SL,Southern,1574678.125,0.235232813902203,GM-R-001876,1,GM-R-001876,stats-sl-ocha-codab SLE-v02-valid-2023-12-15-metadata-2026-06-24:SL03
1835,SL-W,SL,Western Area (Freetown),1352307.25,0.202014008213806,GM-R-001877,1,GM-R-001877,stats-sl-ocha-codab SLE-v02-valid-2023-12-15-metadata-2026-06-24:SL04
1836,SN-DB,SN,Diourbel,1814246.625,0.111991659237065,GM-R-001879,1,GM-R-001879,GADM 3.6:SEN.2_1
1837,SN-DK,SN,Dakar,3590700.75,0.221650424630816,GM-R-001878,1,GM-R-001878,GADM 3.6:SEN.1_1
1838,SN-FK,SN,Fatick,881803.3125,0.0544328509293026,GM-R-001880,1,GM-R-001880,GADM 3.6:SEN.3_1
1839,SN-KA,SN,Kaffrine,699991.9375,0.0432098136234334,GM-R-001881,1,GM-R-001881,GADM 3.6:SEN.4_1
1840,SN-KD,SN,Kolda,815927.625,0.0503664095509109,GM-R-001884,1,GM-R-001884,GADM 3.6:SEN.7_1
1841,SN-KE,SN,Kédougou,191757.75,0.0118370172490007,GM-R-001883,1,GM-R-001883,GADM 3.6:SEN.6_1
1842,SN-KL,SN,Kaolack,1174799.25,0.0725192018907351,GM-R-001882,1,GM-R-001882,GADM 3.6:SEN.5_1
1843,SN-LG,SN,Louga,1057523,0.0652798543590284,GM-R-001885,1,GM-R-001885,GADM 3.6:SEN.8_1
1844,SN-MT,SN,Matam,685496.8125,0.0423150438180335,GM-R-001886,1,GM-R-001886,GADM 3.6:SEN.9_1
1845,SN-SE,SN,Sédhiou,556090.875,0.0343269426105954,GM-R-001888,1,GM-R-001888,GADM 3.6:SEN.11_1
1846,SN-SL,SN,Saint-Louis,1090454.125,0.0673126603063969,GM-R-001887,1,GM-R-001887,GADM 3.6:SEN.10_1
1847,SN-TC,SN,Tambacounda,839969.5625,0.051850494699422,GM-R-001889,1,GM-R-001889,GADM 3.6:SEN.12_1
1848,SN-TH,SN,Thiès,2132107.75,0.131612913759564,GM-R-001890,1,GM-R-001890,GADM 3.6:SEN.13_1
1849,SN-ZG,SN,Ziguinchor,668967.625,0.0412947133356959,GM-R-001891,1,GM-R-001891,GADM 3.6:SEN.14_1
1850,SO-AW,SO,Awdal,452778.21875,0.0411227569841304,GM-R-001892,1,GM-R-001892,GADM 3.6:SOM.1_1
1851,SO-BK,SO,Bakool,456601.84375,0.0414700307600367,GM-R-001893,1,GM-R-001893,GADM 3.6:SOM.2_1
1852,SO-BN,SO,Banaadir,1233278.875,0.112010307408999,GM-R-001894,1,GM-R-001894,GADM 3.6:SOM.3_1
1853,SO-BR,SO,Bari,567109.5,0.0515066873496588,GM-R-001895,1,GM-R-001895,GADM 3.6:SOM.4_1
1854,SO-BY,SO,Bay,915004.375,0.0831036056823153,GM-R-001896,1,GM-R-001896,GADM 3.6:SOM.5_1
1855,SO-GA,SO,Galguduud,500255.15625,0.0454347633535031,GM-R-001897,1,GM-R-001897,GADM 3.6:SOM.6_1
1856,SO-GE,SO,Gedo,487868.375,0.0443097565089477,GM-R-001898,1,GM-R-001898,GADM 3.6:SOM.7_1
1857,SO-HI,SO,Hiiraan,485262.71875,0.0440731025262347,GM-R-001899,1,GM-R-001899,GADM 3.6:SOM.8_1
1858,SO-JD,SO,Jubbada Dhexe,351236.90625,0.0319004522334402,GM-R-001900,1,GM-R-001900,GADM 3.6:SOM.9_1
1859,SO-JH,SO,Jubbada Hoose,563176.4375,0.051149474112155,GM-R-001901,1,GM-R-001901,GADM 3.6:SOM.10_1
1860,SO-MU,SO,Mudug,514812.03125,0.0467568650100845,GM-R-001902,1,GM-R-001902,GADM 3.6:SOM.11_1
1861,SO-NU,SO,Nugaal,183907.671875,0.0167030793109078,GM-R-001903,1,GM-R-001903,GADM 3.6:SOM.12_1
1862,SO-SA,SO,Sanaag,397531.59375,0.0361050829000269,GM-R-001904,1,GM-R-001904,GADM 3.6:SOM.13_1
1863,SO-SD,SO,Shabeellaha Dhexe,767413.625,0.0696989446495665,GM-R-001905,1,GM-R-001905,GADM 3.6:SOM.14_1
1864,SO-SH,SO,Shabeellaha Hoose,1268735.25,0.115230568084719,GM-R-001906,1,GM-R-001906,GADM 3.6:SOM.15_1
1865,SO-SO,SO,Sool,221659.84375,0.0201318515560143,GM-R-001907,1,GM-R-001907,GADM 3.6:SOM.16_1
1866,SO-TO,SO,Togdheer,607686.4375,0.0551920137873559,GM-R-001908,1,GM-R-001908,GADM 3.6:SOM.17_1
1867,SO-WO,SO,Woqooyi Galbeed,1036086.375,0.0941006577819034,GM-R-001909,1,GM-R-001909,GADM 3.6:SOM.18_1
1868,SR-BR,SR,Brokopondo,13764.525390625,0.0220363038147648,GM-R-001910,1,GM-R-001910,GADM 3.6:SUR.1_1
1869,SR-CM,SR,Commewijne,42711.38671875,0.068378753888989,GM-R-001911,1,GM-R-001911,GADM 3.6:SUR.2_1
1870,SR-CR,SR,Coronie,18825.427734375,0.0301385506019798,GM-R-001912,1,GM-R-001912,GADM 3.6:SUR.3_1
1871,SR-MA,SR,Marowijne,20169.076171875,0.0322896632883025,GM-R-001913,1,GM-R-001913,GADM 3.6:SUR.4_1
1872,SR-NI,SR,Nickerie,32732.443359375,0.0524029740217594,GM-R-001914,1,GM-R-001914,GADM 3.6:SUR.5_1
1873,SR-PM,SR,Paramaribo,226935.5625,0.363312272650578,GM-R-001916,1,GM-R-001916,GADM 3.6:SUR.7_1
1874,SR-PR,SR,Para,39902.27734375,0.0638815129104831,GM-R-001915,1,GM-R-001915,GADM 3.6:SUR.6_1
1875,SR-SA,SR,Saramacca,19656.033203125,0.0314683076361051,GM-R-001917,1,GM-R-001917,GADM 3.6:SUR.8_1
1876,SR-SI,SR,Sipaliwini,41311.78125,0.0661380568467802,GM-R-001918,1,GM-R-001918,GADM 3.6:SUR.9_1
1877,SR-WA,SR,Wanica,168620.984375,0.269953604340258,GM-R-001919,1,GM-R-001919,GADM 3.6:SUR.10_1
1878,ST.nat,ST,Sao Tome and Principe,195915.187988281,1,GM-A-0048,2,GM-R-001920|GM-R-001921,GADM 3.6:STP.1_1|GADM 3.6:STP.2_1
1879,SV-AH,SV,Ahuachapán,396275.34375,0.0588841095716017,GM-R-001922,1,GM-R-001922,GADM 3.6:SLV.1_1
1880,SV-CA,SV,Cabañas,161045.53125,0.0239303879428956,GM-R-001923,1,GM-R-001923,GADM 3.6:SLV.2_1
1881,SV-CH,SV,Chalatenango,248665.25,0.0369501460501849,GM-R-001924,1,GM-R-001924,GADM 3.6:SLV.3_1
1882,SV-CU,SV,Cuscatlán,294172.6875,0.0437122749041147,GM-R-001925,1,GM-R-001925,GADM 3.6:SLV.4_1
1883,SV-LI,SV,La Libertad,860749.625,0.127902167095691,GM-R-001926,1,GM-R-001926,GADM 3.6:SLV.5_1
1884,SV-MO,SV,Morazán,190064.609375,0.0282424467245729,GM-R-001929,1,GM-R-001929,GADM 3.6:SLV.8_1
1885,SV-PA,SV,La Paz,372995.5,0.0554248661647003,GM-R-001927,1,GM-R-001927,GADM 3.6:SLV.6_1
1886,SV-SA,SV,Santa Ana,602166.125,0.0894782293272739,GM-R-001933,1,GM-R-001933,GADM 3.6:SLV.12_1
1887,SV-SM,SV,San Miguel,471355.1875,0.0700405184063205,GM-R-001930,1,GM-R-001930,GADM 3.6:SLV.9_1
1888,SV-SO,SV,Sonsonate,525346.875,0.0780633552869097,GM-R-001934,1,GM-R-001934,GADM 3.6:SLV.13_1
1889,SV-SS,SV,San Salvador,1815669.75,0.269797498610693,GM-R-001931,1,GM-R-001931,GADM 3.6:SLV.10_1
1890,SV-SV,SV,San Vicente,185755.25,0.0276021020914205,GM-R-001932,1,GM-R-001932,GADM 3.6:SLV.11_1
1891,SV-UN,SV,La Unión,227165.890625,0.0337554718088437,GM-R-001928,1,GM-R-001928,GADM 3.6:SLV.7_1
1892,SV-US,SV,Usulután,378322.5,0.0562164260147772,GM-R-001935,1,GM-R-001935,GADM 3.6:SLV.14_1
1893,SY-DI,SY,Dimashq,1007717.0625,0.0376412377841769,GM-R-001943,1,GM-R-001943,GADM 3.6:SYR.5_1
1894,SY-DR,SY,Dar'ā,1358290.75,0.0507362105926414,GM-R-001941,1,GM-R-001941,GADM 3.6:SYR.6_1
1895,SY-DY,SY,Dayr az Zawr,1605579.75,0.0599731922780749,GM-R-001942,1,GM-R-001942,GADM 3.6:SYR.7_1
1896,SY-HA,SY,Al Ḩasakah,1887876.125,0.0705178038286868,GM-R-001936,1,GM-R-001936,GADM 3.6:SYR.1_1
1897,SY-HI,SY,Ḩimş,2269059.5,0.084756139758173,GM-R-001946,1,GM-R-001946,GADM 3.6:SYR.9_1
1898,SY-HL,SY,Ḩalab,6167375.5,0.230369869022444,GM-R-001944,1,GM-R-001944,GADM 3.6:SYR.2_1
1899,SY-HM,SY,Ḩamāh,1951908.25,0.0729095946722115,GM-R-001945,1,GM-R-001945,GADM 3.6:SYR.8_1
1900,SY-ID,SY,Idlib,1905267.75,0.0711674328926764,GM-R-001947,1,GM-R-001947,GADM 3.6:SYR.10_1
1901,SY-LA,SY,Al Lādhiqīyah,1166328.25,0.0435658386925972,GM-R-001937,1,GM-R-001937,GADM 3.6:SYR.11_1
1902,SY-QU,SY,Al Qunayţirah,146524.65625,0.00547313291834932,GM-R-001938,1,GM-R-001938,GADM 3.6:SYR.12_1
1903,SY-RA,SY,Ar Raqqah,1201638.375,0.0448847771732226,GM-R-001939,1,GM-R-001939,GADM 3.6:SYR.3_1
1904,SY-RD,SY,Rīf Dimashq,4778014.5,0.178473091925786,GM-R-001948,1,GM-R-001948,GADM 3.6:SYR.13_1
1905,SY-SU,SY,As Suwaydā',446904.78125,0.0166932264659524,GM-R-001940,1,GM-R-001940,GADM 3.6:SYR.4_1
1906,SY-TA,SY,Ţarţūs,879138.6875,0.032838451995008,GM-R-001949,1,GM-R-001949,GADM 3.6:SYR.14_1
1907,SZ-HH,SZ,Hhohho,311114.5,0.283290060141414,GM-R-001950,1,GM-R-001950,GADM 3.6:SWZ.1_1
1908,SZ-LU,SZ,Lubombo,221771.75,0.201937654449299,GM-R-001951,1,GM-R-001951,GADM 3.6:SWZ.2_1
1909,SZ-MA,SZ,Manzini,367421.8125,0.334561543613018,GM-R-001952,1,GM-R-001952,GADM 3.6:SWZ.3_1
1910,SZ-SH,SZ,Shiselweni,197910.84375,0.180210741796269,GM-R-001953,1,GM-R-001953,GADM 3.6:SWZ.4_1
1911,TD.nat,TD,Chad,16573910.1992188,1,GM-A-0049,23,GM-R-001954|GM-R-001955|GM-R-001956|GM-R-001957|GM-R-001958|GM-R-001959|GM-R-001960|GM-R-001961|GM-R-001962|GM-R-001963|GM-R-001964|GM-R-001965|GM-R-001966|GM-R-001967|GM-R-001968|GM-R-001969|GM-R-001970|GM-R-001971|GM-R-001972|GM-R-001973|GM-R-001974|GM-R-001975|GM-R-001976,GADM 3.6:TCD.1_1|GADM 3.6:TCD.10_1|GADM 3.6:TCD.11_1|GADM 3.6:TCD.12_1|GADM 3.6:TCD.13_1|GADM 3.6:TCD.14_1|GADM 3.6:TCD.15_1|GADM 3.6:TCD.16_1|GADM 3.6:TCD.17_1|GADM 3.6:TCD.18_1|GADM 3.6:TCD.19_1|GADM 3.6:TCD.2_1|GADM 3.6:TCD.20_1|GADM 3.6:TCD.21_1|GADM 3.6:TCD.22_1|GADM 3.6:TCD.23_1|GADM 3.6:TCD.3_1|GADM 3.6:TCD.4_1|GADM 3.6:TCD.5_1|GADM 3.6:TCD.6_1|GADM 3.6:TCD.7_1|GADM 3.6:TCD.8_1|GADM 3.6:TCD.9_1
1912,TG-C,TG,Centrale,853714.8125,0.0977347241037866,GM-R-001977,1,GM-R-001977,GADM 3.6:TGO.1_1
1913,TG-K,TG,Kara,957670.125,0.109635705131113,GM-R-001978,1,GM-R-001978,GADM 3.6:TGO.2_1
1914,TG-M,TG,Maritime (Région),3914235.25,0.448108310450647,GM-R-001979,1,GM-R-001979,GADM 3.6:TGO.3_1
1915,TG-P,TG,Plateaux,1801168.75,0.206200862709773,GM-R-001980,1,GM-R-001980,GADM 3.6:TGO.4_1
1916,TG-S,TG,Savanes,1208231.5,0.138320397604679,GM-R-001981,1,GM-R-001981,GADM 3.6:TGO.5_1
1917,TH.A,TH,Northeast,18606394.09375,0.248972873011712,GM-A-0050,21,GM-R-001982|GM-R-001984|GM-R-001985|GM-R-001988|GM-R-001994|GM-R-001997|GM-R-002002|GM-R-002005|GM-R-002006|GM-R-002008|GM-R-002009|GM-R-002010|GM-R-002015|GM-R-002016|GM-R-002036|GM-R-002038|GM-R-002044|GM-R-002050|GM-R-002054|GM-R-002055|GM-R-002059,GADM 3.6:THA.1_1|GADM 3.6:THA.14_1|GADM 3.6:THA.17_1|GADM 3.6:THA.21_1|GADM 3.6:THA.24_1|GADM 3.6:THA.25_1|GADM 3.6:THA.27_1|GADM 3.6:THA.28_1|GADM 3.6:THA.29_1|GADM 3.6:THA.34_1|GADM 3.6:THA.35_1|GADM 3.6:THA.4_1|GADM 3.6:THA.5_1|GADM 3.6:THA.54_1|GADM 3.6:THA.56_1|GADM 3.6:THA.62_1|GADM 3.6:THA.68_1|GADM 3.6:THA.72_1|GADM 3.6:THA.73_1|GADM 3.6:THA.77_1|GADM 3.6:THA.8_1
1918,TH.B,TH,Central,34024457.625,0.455282572479049,GM-A-0051,25,GM-R-001983|GM-R-001986|GM-R-001987|GM-R-001989|GM-R-001992|GM-R-001996|GM-R-001999|GM-R-002003|GM-R-002007|GM-R-002017|GM-R-002018|GM-R-002025|GM-R-002028|GM-R-002031|GM-R-002032|GM-R-002034|GM-R-002035|GM-R-002037|GM-R-002039|GM-R-002040|GM-R-002041|GM-R-002042|GM-R-002045|GM-R-002048|GM-R-002053,GADM 3.6:THA.12_1|GADM 3.6:THA.16_1|GADM 3.6:THA.2_1|GADM 3.6:THA.22_1|GADM 3.6:THA.26_1|GADM 3.6:THA.3_1|GADM 3.6:THA.36_1|GADM 3.6:THA.37_1|GADM 3.6:THA.43_1|GADM 3.6:THA.46_1|GADM 3.6:THA.49_1|GADM 3.6:THA.50_1|GADM 3.6:THA.52_1|GADM 3.6:THA.53_1|GADM 3.6:THA.55_1|GADM 3.6:THA.57_1|GADM 3.6:THA.58_1|GADM 3.6:THA.59_1|GADM 3.6:THA.6_1|GADM 3.6:THA.60_1|GADM 3.6:THA.63_1|GADM 3.6:THA.66_1|GADM 3.6:THA.7_1|GADM 3.6:THA.71_1|GADM 3.6:THA.9_1
1919,TH.C,TH,North,12183118.640625,0.163022777810443,GM-A-0052,17,GM-R-001990|GM-R-001991|GM-R-001995|GM-R-002000|GM-R-002001|GM-R-002004|GM-R-002011|GM-R-002013|GM-R-002023|GM-R-002024|GM-R-002026|GM-R-002027|GM-R-002029|GM-R-002047|GM-R-002051|GM-R-002056|GM-R-002057,GADM 3.6:THA.10_1|GADM 3.6:THA.11_1|GADM 3.6:THA.15_1|GADM 3.6:THA.19_1|GADM 3.6:THA.20_1|GADM 3.6:THA.23_1|GADM 3.6:THA.30_1|GADM 3.6:THA.32_1|GADM 3.6:THA.41_1|GADM 3.6:THA.42_1|GADM 3.6:THA.44_1|GADM 3.6:THA.45_1|GADM 3.6:THA.47_1|GADM 3.6:THA.65_1|GADM 3.6:THA.69_1|GADM 3.6:THA.74_1|GADM 3.6:THA.75_1
1920,TH.D,TH,South,9918645.5625,0.132721776698796,GM-A-0053,14,GM-R-001993|GM-R-001998|GM-R-002012|GM-R-002014|GM-R-002019|GM-R-002020|GM-R-002021|GM-R-002030|GM-R-002033|GM-R-002043|GM-R-002046|GM-R-002049|GM-R-002052|GM-R-002058,GADM 3.6:THA.13_1|GADM 3.6:THA.18_1|GADM 3.6:THA.31_1|GADM 3.6:THA.33_1|GADM 3.6:THA.38_1|GADM 3.6:THA.39_1|GADM 3.6:THA.40_1|GADM 3.6:THA.48_1|GADM 3.6:THA.51_1|GADM 3.6:THA.61_1|GADM 3.6:THA.64_1|GADM 3.6:THA.67_1|GADM 3.6:THA.70_1|GADM 3.6:THA.76_1
1921,TJ-DU,TJ,Dushanbe,1004735.375,0.107056693989124,GM-R-002060,1,GM-R-002060,GADM 3.6:TJK.1_1
1922,TJ-GB,TJ,Kŭhistoni Badakhshon,208225.671875,0.022186888796069,GM-R-002062,1,GM-R-002062,GADM 3.6:TJK.2_1
1923,TJ-KT,TJ,Khatlon,3375419.25,0.359658109710977,GM-R-002061,1,GM-R-002061,GADM 3.6:TJK.3_1
1924,TJ-RA,TJ,nohiyahoi tobei jumhurí,2130851,0.227046712119019,GM-R-002063,1,GM-R-002063,GADM 3.6:TJK.5_1
1925,TJ-SU,TJ,Sughd,2665846.25,0.28405159538481,GM-R-002064,1,GM-R-002064,GADM 3.6:TJK.4_1
1926,TM-A,TM,Ahal,1737021.25,0.176100683446933,GM-R-002065,1,GM-R-002065,GADM 3.6:TKM.1_1
1927,TM-B,TM,Balkan,820070.1875,0.0831394092002066,GM-R-002067,1,GM-R-002067,GADM 3.6:TKM.3_1
1928,TM-D,TM,Daşoguz,2013671.25,0.204147694429437,GM-R-002068,1,GM-R-002068,GADM 3.6:TKM.6_1
1929,TM-L,TM,Lebap,1956664.125,0.198368263881973,GM-R-002069,1,GM-R-002069,GADM 3.6:TKM.4_1
1930,TM-M,TM,Mary,2172224.5,0.220221957014154,GM-R-002070,1,GM-R-002070,GADM 3.6:TKM.5_1
1931,TM-S,TM,Aşgabat,1164144.875,0.118021992027296,GM-R-002066,1,GM-R-002066,GADM 3.6:TKM.2_1
1932,TN-11,TN,Tunis,1228820.125,0.106115432376722,GM-R-002093,1,GM-R-002093,GADM 3.6:TUN.23_1
1933,TN-12,TN,L'Ariana,654373.25,0.0565087590500772,GM-R-002080,1,GM-R-002080,GADM 3.6:TUN.1_1
1934,TN-13,TN,Ben Arous,727086.625,0.0627879622228733,GM-R-002072,1,GM-R-002072,GADM 3.6:TUN.3_1
1935,TN-14,TN,La Manouba,271244.6875,0.0234234829885711,GM-R-002081,1,GM-R-002081,GADM 3.6:TUN.13_1
1936,TN-21,TN,Nabeul,840437.125,0.0725764064979194,GM-R-002086,1,GM-R-002086,GADM 3.6:TUN.16_1
1937,TN-22,TN,Zaghouan,190658.609375,0.0164644282418248,GM-R-002094,1,GM-R-002094,GADM 3.6:TUN.24_1
1938,TN-23,TN,Bizerte,572576.6875,0.04944517226465,GM-R-002073,1,GM-R-002073,GADM 3.6:TUN.4_1
1939,TN-31,TN,Béja,299997,0.0259064046226615,GM-R-002071,1,GM-R-002071,GADM 3.6:TUN.2_1
1940,TN-32,TN,Jendouba,391162.09375,0.0337790160359435,GM-R-002076,1,GM-R-002076,GADM 3.6:TUN.7_1
1941,TN-33,TN,Le Kef,232154.21875,0.0200478042306935,GM-R-002082,1,GM-R-002082,GADM 3.6:TUN.11_1
1942,TN-34,TN,Siliana,220421.15625,0.0190345892165835,GM-R-002089,1,GM-R-002089,GADM 3.6:TUN.19_1
1943,TN-41,TN,Kairouan,586708.375,0.0506655218493992,GM-R-002077,1,GM-R-002077,GADM 3.6:TUN.8_1
1944,TN-42,TN,Kasserine,452075.96875,0.0390392669480667,GM-R-002078,1,GM-R-002078,GADM 3.6:TUN.9_1
1945,TN-43,TN,Sidi Bouzid,454229.375,0.0392252255197506,GM-R-002088,1,GM-R-002088,GADM 3.6:TUN.18_1
1946,TN-51,TN,Sousse,745936.75,0.0644157750524608,GM-R-002090,1,GM-R-002090,GADM 3.6:TUN.20_1
1947,TN-52,TN,Monastir,592815.6875,0.0511929221526757,GM-R-002085,1,GM-R-002085,GADM 3.6:TUN.15_1
1948,TN-53,TN,Mahdia,435580.625,0.0376148025381646,GM-R-002083,1,GM-R-002083,GADM 3.6:TUN.12_1
1949,TN-61,TN,Sfax,1010522.8125,0.0872642488460047,GM-R-002087,1,GM-R-002087,GADM 3.6:TUN.17_1
1950,TN-71,TN,Gafsa,346066.84375,0.0298847911168274,GM-R-002075,1,GM-R-002075,GADM 3.6:TUN.6_1
1951,TN-72,TN,Tozeur,118352.2890625,0.0102203764986694,GM-R-002092,1,GM-R-002092,GADM 3.6:TUN.22_1
1952,TN-73,TN,Kébili,166182.578125,0.0143507872083498,GM-R-002079,1,GM-R-002079,GADM 3.6:TUN.10_1
1953,TN-81,TN,Gabès,389500.03125,0.0336354877218832,GM-R-002074,1,GM-R-002074,GADM 3.6:TUN.5_1
1954,TN-82,TN,Médenine,491670.59375,0.0424584823939963,GM-R-002084,1,GM-R-002084,GADM 3.6:TUN.14_1
1955,TN-83,TN,Tataouine,161458.703125,0.0139428544052321,GM-R-002091,1,GM-R-002091,GADM 3.6:TUN.21_1
1956,TR1,TR,Istanbul,15754448,0.196907861449362,GM-R-002100,1,GM-R-002100,gisco-statistical-regions-2024 2024-RG-01M-EPSG4326:TR1
1957,TR2,TR,West Marmara,3475276,0.0434359340997725,GM-R-002106,1,GM-R-002106,gisco-statistical-regions-2024 2024-RG-01M-EPSG4326:TR2
1958,TR3,TR,Aegean,10344600,0.129292569536493,GM-R-002095,1,GM-R-002095,gisco-statistical-regions-2024 2024-RG-01M-EPSG4326:TR3
1959,TR4,TR,East Marmara,7678392.5,0.0959688239501518,GM-R-002099,1,GM-R-002099,gisco-statistical-regions-2024 2024-RG-01M-EPSG4326:TR4
1960,TR5,TR,West Anatolia,8316946.5,0.103949827318847,GM-R-002104,1,GM-R-002104,gisco-statistical-regions-2024 2024-RG-01M-EPSG4326:TR5
1961,TR6,TR,Mediterranean,9545294,0.11930239818275,GM-R-002101,1,GM-R-002101,gisco-statistical-regions-2024 2024-RG-01M-EPSG4326:TR6
1962,TR7,TR,Central Anatolia,3960609.25,0.049501899238492,GM-R-002096,1,GM-R-002096,gisco-statistical-regions-2024 2024-RG-01M-EPSG4326:TR7
1963,TR8,TR,West Black Sea,4334704,0.0541775436788389,GM-R-002105,1,GM-R-002105,gisco-statistical-regions-2024 2024-RG-01M-EPSG4326:TR8
1964,TR9,TR,East Black Sea,2070001.5,0.0258720310963591,GM-R-002098,1,GM-R-002098,gisco-statistical-regions-2024 2024-RG-01M-EPSG4326:TR9
1965,TRA,TR,Northeast Anatolia,1983705.5,0.0247934556482295,GM-R-002102,1,GM-R-002102,gisco-statistical-regions-2024 2024-RG-01M-EPSG4326:TRA
1966,TRB,TR,Central East Anatolia,3733115,0.0466585494581933,GM-R-002097,1,GM-R-002097,gisco-statistical-regions-2024 2024-RG-01M-EPSG4326:TRB
1967,TRC,TR,Southeast Anatolia,8812146,0.11013910634251,GM-R-002103,1,GM-R-002103,gisco-statistical-regions-2024 2024-RG-01M-EPSG4326:TRC
1968,TT.nat,TT,Trinidad and Tobago,1361691.51171875,1,GM-A-0054,15,GM-R-002107|GM-R-002108|GM-R-002109|GM-R-002110|GM-R-002111|GM-R-002112|GM-R-002113|GM-R-002114|GM-R-002115|GM-R-002116|GM-R-002117|GM-R-002118|GM-R-002119|GM-R-002120|GM-R-002121,GADM 3.6:TTO.1_1|GADM 3.6:TTO.10_1|GADM 3.6:TTO.11_1|GADM 3.6:TTO.12_1|GADM 3.6:TTO.13_1|GADM 3.6:TTO.14_1|GADM 3.6:TTO.15_1|GADM 3.6:TTO.2_1|GADM 3.6:TTO.3_1|GADM 3.6:TTO.4_1|GADM 3.6:TTO.5_1|GADM 3.6:TTO.6_1|GADM 3.6:TTO.7_1|GADM 3.6:TTO.8_1|GADM 3.6:TTO.9_1
1969,TW-CHA,TW,Changhua,1253995.375,0.0524276952210022,GM-R-002122,1,GM-R-002122,GADM 4.1:TWN.7.1_1
1970,TW-CYI,TW,Chiayi,400010.78125,0.0167238601852818,GM-R-002123,1,GM-R-002123,GADM 4.1:TWN.7.2_1
1971,TW-CYQ,TW,Chiayi,447879,0.0187251597382385,GM-R-002124,1,GM-R-002124,GADM 4.1:TWN.7.3_1
1972,TW-HSQ,TW,Hsinchu,576002.125,0.0240817984325896,GM-R-002126,1,GM-R-002126,GADM 4.1:TWN.7.5_1
1973,TW-HSZ,TW,Hsinchu,462253.09375,0.0193261193759111,GM-R-002125,1,GM-R-002125,GADM 4.1:TWN.7.4_1
1974,TW-HUA,TW,Hualien,289369.5,0.0120981115677989,GM-R-002127,1,GM-R-002127,GADM 4.1:TWN.7.6_1
1975,TW-ILA,TW,Yilan,404756.5,0.0169222716796061,GM-R-002142,1,GM-R-002142,GADM 4.1:TWN.7.14_1
1976,TW-KEE,TW,Keelung,595087.5,0.0248797297835553,GM-R-002129,1,GM-R-002129,GADM 4.1:TWN.7.7_1
1977,TW-KHH,TW,Kaohsiung,2743528.5,0.114702876019884,GM-R-002128,1,GM-R-002128,GADM 4.1:TWN.2.1_1
1978,TW-KIN,TW,Kinmen,52694.11328125,0.00220306307832303,GM-R-002130,1,GM-R-002130,GADM 4.1:TWN.1.1_1
1979,TW-LIE,TW,Lienchiang,8228.4296875,0.000344018496721885,GM-R-002131,1,GM-R-002131,GADM 4.1:TWN.1.2_1
1980,TW-MIA,TW,Miaoli,525985.5,0.0219906771862428,GM-R-002132,1,GM-R-002132,GADM 4.1:TWN.7.8_1
1981,TW-NAN,TW,Nantou,432294.28125,0.0180735856566913,GM-R-002133,1,GM-R-002133,GADM 4.1:TWN.7.9_1
1982,TW-NWT,TW,New Taipei,4398589,0.183898511981715,GM-R-002134,1,GM-R-002134,GADM 4.1:TWN.3.1_1
1983,TW-PEN,TW,Penghu,73918.140625,0.00309040832625932,GM-R-002135,1,GM-R-002135,GADM 4.1:TWN.7.10_1
1984,TW-PIF,TW,Pingtung,728553.875,0.0304597618715939,GM-R-002136,1,GM-R-002136,GADM 4.1:TWN.7.11_1
1985,TW-TAO,TW,Taoyuan,2735202,0.114354757348189,GM-R-002141,1,GM-R-002141,GADM 4.1:TWN.7.13_1
1986,TW-TNN,TW,Tainan,1702446.25,0.0711767642086703,GM-R-002138,1,GM-R-002138,GADM 4.1:TWN.5.1_1
1987,TW-TPE,TW,Taipei,2350348.25,0.0982645902615198,GM-R-002139,1,GM-R-002139,GADM 4.1:TWN.6.1_1
1988,TW-TTT,TW,Taitung,190885.9375,0.0079806592215105,GM-R-002140,1,GM-R-002140,GADM 4.1:TWN.7.12_1
1989,TW-TXG,TW,Taichung,3001615.25,0.125493101996259,GM-R-002137,1,GM-R-002137,GADM 4.1:TWN.4.1_1
1990,TW-YUN,TW,Yunlin,544924.25,0.0227824783624367,GM-R-002143,1,GM-R-002143,GADM 4.1:TWN.7.15_1
1991,TZ-01,TZ,Arusha,2117793.5,0.0376446225902003,GM-R-002144,1,GM-R-002144,GADM 3.6:TZA.1_1
1992,TZ-02,TZ,Dar es Salaam,6795417.5,0.12079125142765,GM-R-002145,1,GM-R-002145,GADM 3.6:TZA.2_1
1993,TZ-03,TZ,Dodoma,2462000.5,0.0437630390495506,GM-R-002146,1,GM-R-002146,GADM 3.6:TZA.3_1
1994,TZ-04,TZ,Iringa,1042070.4375,0.0185232168915867,GM-R-002148,1,GM-R-002148,GADM 3.6:TZA.5_1
1995,TZ-05,TZ,Kagera,2871032,0.0510337368040784,GM-R-002149,1,GM-R-002149,GADM 3.6:TZA.6_1
1996,TZ-06,TZ,Kaskazini Pemba,224526.1875,0.00399104237030383,GM-R-002150,1,GM-R-002150,GADM 3.6:TZA.18_1
1997,TZ-07,TZ,Kaskazini Unguja,231916.734375,0.0041224122833027,GM-R-002151,1,GM-R-002151,GADM 3.6:TZA.28_1
1998,TZ-08,TZ,Kigoma,2581839,0.0458932160966875,GM-R-002153,1,GM-R-002153,GADM 3.6:TZA.8_1
1999,TZ-09,TZ,Kilimanjaro,1882279.625,0.0334582697002086,GM-R-002154,1,GM-R-002154,GADM 3.6:TZA.9_1
2000,TZ-10,TZ,Kusini Pemba,202553.265625,0.00360046493620163,GM-R-002155,1,GM-R-002155,GADM 3.6:TZA.19_1
2001,TZ-11,TZ,Kusini Unguja,129575.28125,0.00230325221022508,GM-R-002156,1,GM-R-002156,GADM 3.6:TZA.29_1
2002,TZ-12,TZ,Lindi,924437.75,0.0164322490398067,GM-R-002157,1,GM-R-002157,GADM 3.6:TZA.10_1
2003,TZ-13,TZ,Mara,2112770.75,0.0375553412093127,GM-R-002159,1,GM-R-002159,GADM 3.6:TZA.12_1
2004,TZ-14,TZ,Mbeya,2085191.125,0.0370651023950448,GM-R-002160,1,GM-R-002160,globalmrp-mixed-source-partition-repairs worldpop-readiness-overlap-repair-2026-08-10:TZ-14
2005,TZ-15,TZ,Mjini Magharibi,811501.6875,0.0144247655672039,GM-R-002161,1,GM-R-002161,GADM 3.6:TZA.30_1
2006,TZ-16,TZ,Morogoro,2687721.75,0.0477753241315656,GM-R-002162,1,GM-R-002162,GADM 3.6:TZA.14_1
2007,TZ-17,TZ,Mtwara,1392274.125,0.0247482268586273,GM-R-002163,1,GM-R-002163,GADM 3.6:TZA.15_1
2008,TZ-18,TZ,Mwanza,3407872.5,0.0605762904164275,GM-R-002164,1,GM-R-002164,GADM 3.6:TZA.16_1
2009,TZ-19,TZ,Pwani,1327862.75,0.0236032890247966,GM-R-002166,1,GM-R-002166,GADM 3.6:TZA.20_1
2010,TZ-20,TZ,Rukwa,1303519.375,0.0231705758426819,GM-R-002167,1,GM-R-002167,GADM 3.6:TZA.21_1
2011,TZ-21,TZ,Ruvuma,1637975.25,0.0291156621730773,GM-R-002168,1,GM-R-002168,GADM 3.6:TZA.22_1
2012,TZ-22,TZ,Shinyanga,1817078.375,0.0322992915237909,GM-R-002169,1,GM-R-002169,GADM 3.6:TZA.23_1
2013,TZ-23,TZ,Singida,1657193.75,0.0294572786617717,GM-R-002171,1,GM-R-002171,GADM 3.6:TZA.25_1
2014,TZ-24,TZ,Tabora,2922018.25,0.0519400376962757,GM-R-002173,1,GM-R-002173,GADM 3.6:TZA.26_1
2015,TZ-25,TZ,Tanga,2460636,0.0437387845188212,GM-R-002174,1,GM-R-002174,GADM 3.6:TZA.27_1
2016,TZ-26,TZ,Manyara,1844813,0.0327922855247668,GM-R-002158,1,GM-R-002158,GADM 3.6:TZA.11_1
2017,TZ-27,TZ,Geita,2484630.5,0.0441652963089181,GM-R-002147,1,GM-R-002147,GADM 3.6:TZA.4_1
2018,TZ-28,TZ,Katavi,728687,0.0129527015270305,GM-R-002152,1,GM-R-002152,GADM 3.6:TZA.7_1
2019,TZ-29,TZ,Njombe,747929.0625,0.013294736848543,GM-R-002165,1,GM-R-002165,GADM 3.6:TZA.17_1
2020,TZ-30,TZ,Simiyu,2067712.625,0.0367544150990724,GM-R-002170,1,GM-R-002170,GADM 3.6:TZA.24_1
2021,TZ-31,TZ,Songwe,1294700.75,0.0230138212724703,GM-R-002172,1,GM-R-002172,globalmrp-mixed-source-partition-repairs worldpop-readiness-overlap-repair-2026-08-10:TZ-31
2022,UA-05,UA,Vinnytska oblast,1539250.5,0.0352394151969723,GM-R-002197,1,GM-R-002197,GADM 3.6:UKR.24_1
2023,UA-07,UA,Volynska oblast,1028726.0625,0.0235515303327067,GM-R-002198,1,GM-R-002198,GADM 3.6:UKR.25_1
2024,UA-09,UA,Luhanska oblast,2100937.5,0.0480986095930382,GM-R-002188,1,GM-R-002188,GADM 3.6:UKR.15_1
2025,UA-12,UA,Dnipropetrovska oblast,3160662.5,0.0723598258600535,GM-R-002179,1,GM-R-002179,GADM 3.6:UKR.5_1
2026,UA-14,UA,Donetska oblast,4099165,0.0938457888406707,GM-R-002180,1,GM-R-002180,GADM 3.6:UKR.6_1
2027,UA-18,UA,Zhytomyrska oblast,1206156.75,0.0276136070807712,GM-R-002201,1,GM-R-002201,GADM 3.6:UKR.27_1
2028,UA-21,UA,Zakarpatska oblast,1243864.5,0.0284768837588647,GM-R-002199,1,GM-R-002199,GADM 3.6:UKR.23_1
2029,UA-23,UA,Zaporizka oblast,1700397.125,0.0389286865832514,GM-R-002200,1,GM-R-002200,GADM 3.6:UKR.26_1
2030,UA-26,UA,Ivano-Frankivska oblast,1362283.875,0.0311879626397817,GM-R-002181,1,GM-R-002181,GADM 3.6:UKR.7_1
2031,UA-30,UA,Kyiv,2879523.75,0.06592346924415,GM-R-002186,1,GM-R-002186,GADM 3.6:UKR.11_1
2032,UA-32,UA,Kyivska oblast,1684481.5,0.0385643161851295,GM-R-002187,1,GM-R-002187,GADM 3.6:UKR.12_1
2033,UA-35,UA,Kirovohradska oblast,916599.8125,0.0209845254961128,GM-R-002185,1,GM-R-002185,GADM 3.6:UKR.13_1
2034,UA-40,UA,Sevastopol,370710.4375,0.00848700002040846,GM-R-002194,1,GM-R-002194,GADM 3.6:UKR.20_1
2035,UA-43,UA,Avtonomna Respublika Krym,1895734.375,0.0434007140123052,GM-R-002175,1,GM-R-002175,GADM 3.6:UKR.4_1
2036,UA-46,UA,Lvivska oblast,2469229,0.0565302307502285,GM-R-002189,1,GM-R-002189,GADM 3.6:UKR.14_1
2037,UA-48,UA,Mykolaivska oblast,1116996.5,0.0255723830767408,GM-R-002190,1,GM-R-002190,GADM 3.6:UKR.16_1
2038,UA-51,UA,Odeska oblast,2298785.5,0.0526281178296057,GM-R-002191,1,GM-R-002191,GADM 3.6:UKR.17_1
2039,UA-53,UA,Poltavska oblast,1372109.875,0.0314129178980229,GM-R-002192,1,GM-R-002192,GADM 3.6:UKR.18_1
2040,UA-56,UA,Rivnenska oblast,1144131.875,0.0261936170774123,GM-R-002193,1,GM-R-002193,GADM 3.6:UKR.19_1
2041,UA-59,UA,Sumska oblast,1060586.5,0.0242809393440532,GM-R-002195,1,GM-R-002195,GADM 3.6:UKR.21_1
2042,UA-61,UA,Ternopilska oblast,1036637.4375,0.0237326523972465,GM-R-002196,1,GM-R-002196,GADM 3.6:UKR.22_1
2043,UA-63,UA,Kharkivska oblast,2629579.75,0.0602012814703003,GM-R-002182,1,GM-R-002182,GADM 3.6:UKR.8_1
2044,UA-65,UA,Khersonska oblast,1019855.8125,0.0233484558996297,GM-R-002183,1,GM-R-002183,GADM 3.6:UKR.9_1
2045,UA-68,UA,Khmelnytska oblast,1249811.875,0.0286130422444114,GM-R-002184,1,GM-R-002184,GADM 3.6:UKR.10_1
2046,UA-71,UA,Cherkaska oblast,1193136.125,0.0273155144632934,GM-R-002176,1,GM-R-002176,GADM 3.6:UKR.1_1
2047,UA-74,UA,Chernihivska oblast,1005985.75,0.0230309163625333,GM-R-002177,1,GM-R-002177,GADM 3.6:UKR.2_1
2048,UA-77,UA,Chernivetska oblast,894457.25,0.0204775963423056,GM-R-002178,1,GM-R-002178,GADM 3.6:UKR.3_1
2049,UG-C,UG,Central,11756570,0.278464384590032,GM-R-002202,1,GM-R-002202,ubos-ocha-codab UGA-admin1-valid-2020-08-24-retrieved-2026-08-06:UG1
2050,UG-E,UG,Eastern,11018604,0.26098503065956,GM-R-002203,1,GM-R-002203,ubos-ocha-codab UGA-admin1-valid-2020-08-24-retrieved-2026-08-06:UG2
2051,UG-N,UG,Northern,8706619,0.206223694640093,GM-R-002204,1,GM-R-002204,ubos-ocha-codab UGA-admin1-valid-2020-08-24-retrieved-2026-08-06:UG3
2052,UG-W,UG,Western,10737502,0.254326890110316,GM-R-002205,1,GM-R-002205,ubos-ocha-codab UGA-admin1-valid-2020-08-24-retrieved-2026-08-06:UG4
2053,UKC,GB,North East,2644398.75,0.0395228135877439,GM-R-000668,1,GM-R-000668,ons-itl-2025 ITL1-JAN-2025-BGC-20m-MHWM:TLC
2054,UKD,GB,North West,7339311.5,0.109692322414267,GM-R-000669,1,GM-R-000669,ons-itl-2025 ITL1-JAN-2025-BGC-20m-MHWM:TLD
2055,UKE,GB,Yorkshire and the Humber,5568797.5,0.0832304679846012,GM-R-000676,1,GM-R-000676,ons-itl-2025 ITL1-JAN-2025-BGC-20m-MHWM:TLE
2056,UKF,GB,East Midlands,4895253,0.0731637661619089,GM-R-000665,1,GM-R-000665,ons-itl-2025 ITL1-JAN-2025-BGC-20m-MHWM:TLF
2057,UKG,GB,West Midlands,5923655,0.088534118511101,GM-R-000675,1,GM-R-000675,ons-itl-2025 ITL1-JAN-2025-BGC-20m-MHWM:TLG
2058,UKH,GB,East of England,6256625,0.0935106415261384,GM-R-000666,1,GM-R-000666,ons-itl-2025 ITL1-JAN-2025-BGC-20m-MHWM:TLH
2059,UKI,GB,London,9129175,0.136443371762633,GM-R-000667,1,GM-R-000667,ons-itl-2025 ITL1-JAN-2025-BGC-20m-MHWM:TLI
2060,UKJ,GB,South East,9118226,0.136279729541137,GM-R-000672,1,GM-R-000672,ons-itl-2025 ITL1-JAN-2025-BGC-20m-MHWM:TLJ
2061,UKK,GB,South West,5545033.5,0.0828752945667877,GM-R-000673,1,GM-R-000673,ons-itl-2025 ITL1-JAN-2025-BGC-20m-MHWM:TLK
2062,UKL,GB,Wales,3157404.75,0.0471901294596011,GM-R-000674,1,GM-R-000674,ons-itl-2025 ITL1-JAN-2025-BGC-20m-MHWM:TLL
2063,UKM,GB,Scotland,5387529,0.0805212543552914,GM-R-000671,1,GM-R-000671,ons-itl-2025 ITL1-JAN-2025-BGC-20m-MHWM:TLM
2064,UKN,GB,Northern Ireland,1942751.375,0.0290360901287895,GM-R-000670,1,GM-R-000670,ons-itl-2025 ITL1-JAN-2025-BGC-20m-MHWM:TLN
2065,US-AK,US,Alaska,790657.4375,0.00230971383967835,GM-R-002207,1,GM-R-002207,GADM 3.6:USA.2_1
2066,US-AL,US,Alabama,5184202.5,0.0151443895852116,GM-R-002206,1,GM-R-002206,GADM 3.6:USA.1_1
2067,US-AR,US,Arkansas,3239191.5,0.00946251193256939,GM-R-002209,1,GM-R-002209,GADM 3.6:USA.4_1
2068,US-AZ,US,Arizona,8125097,0.0237354992181795,GM-R-002208,1,GM-R-002208,GADM 3.6:USA.3_1
2069,US-CA,US,California,41220820,0.120416622827114,GM-R-002210,1,GM-R-002210,GADM 3.6:USA.5_1
2070,US-CO,US,Colorado,5962885,0.0174191215508682,GM-R-002211,1,GM-R-002211,GADM 3.6:USA.6_1
2071,US-CT,US,Connecticut,3721259.5,0.0108707566140925,GM-R-002212,1,GM-R-002212,GADM 3.6:USA.7_1
2072,US-DC,US,District of Columbia,627161.375,0.00183209976766861,GM-R-002214,1,GM-R-002214,GADM 3.6:USA.9_1
2073,US-DE,US,Delaware,1032039.875,0.00301485405604297,GM-R-002213,1,GM-R-002213,GADM 3.6:USA.8_1
2074,US-FL,US,Florida,22037902,0.0643783828908525,GM-R-002215,1,GM-R-002215,GADM 3.6:USA.10_1
2075,US-GA,US,Georgia,11725081,0.0342519788882018,GM-R-002216,1,GM-R-002216,GADM 3.6:USA.11_1
2076,US-HI,US,Hawaii,1481353.875,0.00432741587477783,GM-R-002217,1,GM-R-002217,GADM 3.6:USA.12_1
2077,US-IA,US,Iowa,3201839,0.00935339566792085,GM-R-002221,1,GM-R-002221,GADM 3.6:USA.16_1
2078,US-ID,US,Idaho,1924527.875,0.00562204117346872,GM-R-002218,1,GM-R-002218,GADM 3.6:USA.13_1
2079,US-IL,US,Illinois,13451430,0.0392950885692068,GM-R-002219,1,GM-R-002219,GADM 3.6:USA.14_1
2080,US-IN,US,Indiana,6978252.5,0.0203852713091314,GM-R-002220,1,GM-R-002220,GADM 3.6:USA.15_1
2081,US-KS,US,Kansas,3051053.25,0.00891291168954649,GM-R-002222,1,GM-R-002222,GADM 3.6:USA.17_1
2082,US-KY,US,Kentucky,4702408.5,0.0137369453281986,GM-R-002223,1,GM-R-002223,GADM 3.6:USA.18_1
2083,US-LA,US,Louisiana,4713163.5,0.0137683634508489,GM-R-002224,1,GM-R-002224,GADM 3.6:USA.19_1
2084,US-MA,US,Massachusetts,6662433.5,0.0194626827384858,GM-R-002227,1,GM-R-002227,GADM 3.6:USA.22_1
2085,US-MD,US,Maryland,6257048,0.018278447372642,GM-R-002226,1,GM-R-002226,GADM 3.6:USA.21_1
2086,US-ME,US,Maine,1361792.625,0.00397814669609608,GM-R-002225,1,GM-R-002225,GADM 3.6:USA.20_1
2087,US-MI,US,Michigan,9878020,0.0288562383916354,GM-R-002228,1,GM-R-002228,GADM 3.6:USA.23_1
2088,US-MN,US,Minnesota,5775524,0.0168717918551098,GM-R-002229,1,GM-R-002229,GADM 3.6:USA.24_1
2089,US-MO,US,Missouri,6471715,0.0189055449212213,GM-R-002231,1,GM-R-002231,GADM 3.6:USA.26_1
2090,US-MS,US,Mississippi,3149275.5,0.00919984415793214,GM-R-002230,1,GM-R-002230,GADM 3.6:USA.25_1
2091,US-MT,US,Montana,1094920.125,0.00319854344765441,GM-R-002232,1,GM-R-002232,GADM 3.6:USA.27_1
2092,US-NC,US,North Carolina,11412827,0.0333398045999596,GM-R-002239,1,GM-R-002239,GADM 3.6:USA.34_1
2093,US-ND,US,North Dakota,712948.75,0.0020827067662364,GM-R-002240,1,GM-R-002240,GADM 3.6:USA.35_1
2094,US-NE,US,Nebraska,1966988.25,0.00574607885543315,GM-R-002233,1,GM-R-002233,GADM 3.6:USA.28_1
2095,US-NH,US,New Hampshire,1395819.5,0.00407754795431608,GM-R-002235,1,GM-R-002235,GADM 3.6:USA.30_1
2096,US-NJ,US,New Jersey,9131962,0.0266768109859421,GM-R-002236,1,GM-R-002236,GADM 3.6:USA.31_1
2097,US-NM,US,New Mexico,2355742.25,0.00688172932989076,GM-R-002237,1,GM-R-002237,GADM 3.6:USA.32_1
2098,US-NV,US,Nevada,3678998.5,0.0107473013578095,GM-R-002234,1,GM-R-002234,GADM 3.6:USA.29_1
2099,US-NY,US,New York,19581788,0.057203441849932,GM-R-002238,1,GM-R-002238,GADM 3.6:USA.33_1
2100,US-OH,US,Ohio,11836330,0.0345769658455911,GM-R-002241,1,GM-R-002241,GADM 3.6:USA.36_1
2101,US-OK,US,Oklahoma,4102166,0.0119834825216047,GM-R-002242,1,GM-R-002242,GADM 3.6:USA.37_1
2102,US-OR,US,Oregon,4304783.5,0.012575380379912,GM-R-002243,1,GM-R-002243,GADM 3.6:USA.38_1
2103,US-PA,US,Pennsylvania,13191419,0.0385355295279771,GM-R-002244,1,GM-R-002244,GADM 3.6:USA.39_1
2104,US-RI,US,Rhode Island,1030355.4375,0.00300993338063881,GM-R-002245,1,GM-R-002245,GADM 3.6:USA.40_1
2105,US-SC,US,South Carolina,5371588.5,0.0156917923124034,GM-R-002246,1,GM-R-002246,GADM 3.6:USA.41_1
2106,US-SD,US,South Dakota,898713,0.00262537194434328,GM-R-002247,1,GM-R-002247,GADM 3.6:USA.42_1
2107,US-TN,US,Tennessee,7139454,0.0208561823736047,GM-R-002248,1,GM-R-002248,GADM 3.6:USA.43_1
2108,US-TX,US,Texas,30879038,0.0902056162907514,GM-R-002249,1,GM-R-002249,GADM 3.6:USA.44_1
2109,US-UT,US,Utah,3452995.25,0.0100870877057532,GM-R-002250,1,GM-R-002250,GADM 3.6:USA.45_1
2110,US-VA,US,Virginia,9184002,0.0268288332177153,GM-R-002252,1,GM-R-002252,GADM 3.6:USA.47_1
2111,US-VT,US,Vermont,644122.375,0.00188164721334704,GM-R-002251,1,GM-R-002251,GADM 3.6:USA.46_1
2112,US-WA,US,Washington,7612793.5,0.0222389288604693,GM-R-002253,1,GM-R-002253,GADM 3.6:USA.48_1
2113,US-WI,US,Wisconsin,6042763,0.0176524657443652,GM-R-002255,1,GM-R-002255,GADM 3.6:USA.50_1
2114,US-WV,US,West Virginia,1921198.125,0.00561231411685368,GM-R-002254,1,GM-R-002254,GADM 3.6:USA.49_1
2115,US-WY,US,Wyoming,648502.625,0.00189444305079372,GM-R-002256,1,GM-R-002256,GADM 3.6:USA.51_1
2116,UY-AR,UY,Artigas,68072.53125,0.0205136279509805,GM-R-002257,1,GM-R-002257,GADM 3.6:URY.1_1
2117,UY-CA,UY,Canelones,575849.875,0.173532111623492,GM-R-002258,1,GM-R-002258,GADM 3.6:URY.2_1
2118,UY-CL,UY,Cerro Largo,82235.984375,0.0247817784453461,GM-R-002259,1,GM-R-002259,GADM 3.6:URY.3_1
2119,UY-CO,UY,Colonia,126280.8515625,0.0380546801877023,GM-R-002260,1,GM-R-002260,GADM 3.6:URY.4_1
2120,UY-DU,UY,Durazno,62469.65625,0.0188252039847298,GM-R-002261,1,GM-R-002261,GADM 3.6:URY.5_1
2121,UY-FD,UY,Florida,65876.7109375,0.01985191844627,GM-R-002263,1,GM-R-002263,GADM 3.6:URY.7_1
2122,UY-FS,UY,Flores,24379.78125,0.00734683657130483,GM-R-002262,1,GM-R-002262,GADM 3.6:URY.6_1
2123,UY-LA,UY,Lavalleja,59937.4296875,0.0180621186015825,GM-R-002264,1,GM-R-002264,GADM 3.6:URY.8_1
2124,UY-MA,UY,Maldonado,200240.296875,0.060342327153989,GM-R-002265,1,GM-R-002265,GADM 3.6:URY.9_1
2125,UY-MO,UY,Montevideo,1272261.625,0.383395492312619,GM-R-002266,1,GM-R-002266,GADM 3.6:URY.10_1
2126,UY-PA,UY,Paysandú,108111.4921875,0.0325793515715594,GM-R-002267,1,GM-R-002267,GADM 3.6:URY.11_1
2127,UY-RN,UY,Río Negro,61476.38671875,0.0185258826396152,GM-R-002268,1,GM-R-002268,GADM 3.6:URY.12_1
2128,UY-RO,UY,Rocha,66689.1640625,0.0200967508452982,GM-R-002270,1,GM-R-002270,GADM 3.6:URY.14_1
2129,UY-RV,UY,Rivera,100680.4921875,0.0303400229245328,GM-R-002269,1,GM-R-002269,GADM 3.6:URY.13_1
2130,UY-SA,UY,Salto,129721.9453125,0.039091652306055,GM-R-002271,1,GM-R-002271,GADM 3.6:URY.15_1
2131,UY-SJ,UY,San José,108939.9140625,0.0328289961465171,GM-R-002272,1,GM-R-002272,GADM 3.6:URY.16_1
2132,UY-SO,UY,Soriano,79294.796875,0.023895452859957,GM-R-002273,1,GM-R-002273,GADM 3.6:URY.17_1
2133,UY-TA,UY,Tacuarembó,77307.265625,0.0232965111744523,GM-R-002274,1,GM-R-002274,GADM 3.6:URY.18_1
2134,UY-TT,UY,Treinta y Tres,48579.078125,0.0146392842539973,GM-R-002275,1,GM-R-002275,GADM 3.6:URY.19_1
2135,UZ-AN,UZ,Andijon,3237415,0.0959916158499098,GM-R-002276,1,GM-R-002276,GADM 3.6:UZB.1_1
2136,UZ-BU,UZ,Buxoro,1950997.875,0.0578484496244659,GM-R-002277,1,GM-R-002277,GADM 3.6:UZB.2_1
2137,UZ-FA,UZ,Farg‘ona,3694310.25,0.109538879120652,GM-R-002278,1,GM-R-002278,GADM 3.6:UZB.3_1
2138,UZ-JI,UZ,Jizzax,1322504.625,0.039213185804949,GM-R-002279,1,GM-R-002279,GADM 3.6:UZB.4_1
2139,UZ-NG,UZ,Namangan,2856035.25,0.0846834398962756,GM-R-002280,1,GM-R-002280,GADM 3.6:UZB.8_1
2140,UZ-NW,UZ,Navoiy,1421006,0.0421338203697756,GM-R-002281,1,GM-R-002281,GADM 3.6:UZB.9_1
2141,UZ-QA,UZ,Qashqadaryo,3255561.25,0.0965296648362512,GM-R-002282,1,GM-R-002282,GADM 3.6:UZB.6_1
2142,UZ-QR,UZ,Qoraqalpog‘iston Respublikasi,1810802.875,0.053691569958412,GM-R-002283,1,GM-R-002283,GADM 3.6:UZB.5_1
2143,UZ-SA,UZ,Samarqand,3399957.5,0.100811114499074,GM-R-002284,1,GM-R-002284,GADM 3.6:UZB.10_1
2144,UZ-SI,UZ,Sirdaryo,901157.75,0.0267199566809226,GM-R-002285,1,GM-R-002285,GADM 3.6:UZB.11_1
2145,UZ-SU,UZ,Surxondaryo,2617916.5,0.0776230526500744,GM-R-002286,1,GM-R-002286,GADM 3.6:UZB.12_1
2146,UZ-TK,UZ,Toshkent,914696.75,0.0271213974869336,GM-R-002287,1,GM-R-002287,GADM 3.6:UZB.13_1
2147,UZ-TO,UZ,Toshkent,4452506.5,0.13201992747832,GM-R-002288,1,GM-R-002288,GADM 3.6:UZB.14_1
2148,UZ-XO,UZ,Xorazm,1891150.25,0.0560739257439843,GM-R-002289,1,GM-R-002289,GADM 3.6:UZB.7_1
2149,VC.nat,VC,Saint Vincent and the Grenadines,99547.8051757813,1,GM-A-0055,6,GM-R-002290|GM-R-002291|GM-R-002292|GM-R-002293|GM-R-002294|GM-R-002295,GADM 3.6:VCT.1_1|GADM 3.6:VCT.2_1|GADM 3.6:VCT.3_1|GADM 3.6:VCT.4_1|GADM 3.6:VCT.5_1|GADM 3.6:VCT.6_1
2150,VE-A,VE,Distrito Capital,2017792.125,0.0633485582960929,GM-R-002306,1,GM-R-002306,GADM 3.6:VEN.11_1
2151,VE-B,VE,Anzoátegui,1713503.125,0.0537954089817849,GM-R-002297,1,GM-R-002297,GADM 3.6:VEN.2_1
2152,VE-C,VE,Apure,550869.9375,0.0172945547348114,GM-R-002298,1,GM-R-002298,GADM 3.6:VEN.3_1
2153,VE-D,VE,Aragua,1744964.625,0.0547831423771824,GM-R-002299,1,GM-R-002299,GADM 3.6:VEN.4_1
2154,VE-E,VE,Barinas,1041785.375,0.0327068386988598,GM-R-002300,1,GM-R-002300,GADM 3.6:VEN.5_1
2155,VE-F,VE,Bolívar,1639710.25,0.051478682602563,GM-R-002301,1,GM-R-002301,GADM 3.6:VEN.6_1
2156,VE-G,VE,Carabobo,2735821.5,0.0858910814613544,GM-R-002302,1,GM-R-002302,GADM 3.6:VEN.7_1
2157,VE-H,VE,Cojedes,404423.3125,0.0126968647913646,GM-R-002303,1,GM-R-002303,GADM 3.6:VEN.8_1
2158,VE-I,VE,Falcón,1029113.625,0.0323090092675508,GM-R-002307,1,GM-R-002307,GADM 3.6:VEN.12_1
2159,VE-J,VE,Guárico,880994.375,0.0276588072833407,GM-R-002308,1,GM-R-002308,GADM 3.6:VEN.13_1
2160,VE-K,VE,Lara,2002215.625,0.0628595342751973,GM-R-002309,1,GM-R-002309,GADM 3.6:VEN.14_1
2161,VE-L,VE,Mérida,951067.5625,0.0298587541204495,GM-R-002310,1,GM-R-002310,GADM 3.6:VEN.15_1
2162,VE-M,VE,Miranda,3076587.5,0.096589425730255,GM-R-002311,1,GM-R-002311,GADM 3.6:VEN.16_1
2163,VE-N,VE,Monagas,1132116.25,0.0355427753793415,GM-R-002312,1,GM-R-002312,GADM 3.6:VEN.17_1
2164,VE-O,VE,Nueva Esparta,598266.3125,0.0187825633297061,GM-R-002313,1,GM-R-002313,GADM 3.6:VEN.18_1
2165,VE-P,VE,Portuguesa,1042023.5,0.0327143146302292,GM-R-002314,1,GM-R-002314,GADM 3.6:VEN.19_1
2166,VE-R,VE,Sucre,966669.75,0.0303485846000834,GM-R-002315,1,GM-R-002315,GADM 3.6:VEN.20_1
2167,VE-S,VE,Táchira,1372940.5,0.0431034496684424,GM-R-002316,1,GM-R-002316,GADM 3.6:VEN.21_1
2168,VE-T,VE,Trujillo,769217.1875,0.0241495638926138,GM-R-002317,1,GM-R-002317,GADM 3.6:VEN.22_1
2169,VE-U,VE,Yaracuy,710836.25,0.0223166950966771,GM-R-002319,1,GM-R-002319,GADM 3.6:VEN.24_1
2170,VE-V,VE,Zulia,4452707,0.139792680063572,GM-R-002320,1,GM-R-002320,GADM 3.6:VEN.25_1
2171,VE-W,VE,Dependencias Federales,1693.88342285156,5.31794486804717e-05,GM-R-002305,1,GM-R-002305,GADM 3.6:VEN.10_1
2172,VE-X,VE,Vargas,389720.4375,0.0122352682163172,GM-R-002318,1,GM-R-002318,GADM 3.6:VEN.23_1
2173,VE-Y,VE,Delta Amacuro,436032.1875,0.0136892250230269,GM-R-002304,1,GM-R-002304,GADM 3.6:VEN.9_1
2174,VE-Z,VE,Amazonas,191146.375,0.00600103803050294,GM-R-002296,1,GM-R-002296,GADM 3.6:VEN.1_1
2175,VN-01,VN,Lai Châu,710104.5,0.00718944240035433,GM-R-002355,1,GM-R-002355,GADM 3.6:VNM.36_1
2176,VN-02,VN,Lào Cai,643902.3125,0.00651917934215838,GM-R-002358,1,GM-R-002358,GADM 3.6:VNM.38_1
2177,VN-03,VN,Hà Giang,880721.6875,0.00891685356595278,GM-R-002342,1,GM-R-002342,GADM 3.6:VNM.26_1
2178,VN-04,VN,Cao Bằng,524042.53125,0.00530566077775561,GM-R-002334,1,GM-R-002334,GADM 3.6:VNM.14_1
2179,VN-05,VN,Sơn La,1337892.5,0.0135454726263755,GM-R-002372,1,GM-R-002372,GADM 3.6:VNM.52_1
2180,VN-06,VN,Yên Bái,813502.6875,0.00823629580479309,GM-R-002383,1,GM-R-002383,GADM 3.6:VNM.63_1
2181,VN-07,VN,Tuyên Quang,781984.625,0.00791719165193317,GM-R-002380,1,GM-R-002380,GADM 3.6:VNM.60_1
2182,VN-09,VN,Lạng Sơn,761871.5,0.00771355661838723,GM-R-002357,1,GM-R-002357,GADM 3.6:VNM.35_1
2183,VN-13,VN,Quảng Ninh,1256601.875,0.0127224469081519,GM-R-002369,1,GM-R-002369,GADM 3.6:VNM.49_1
2184,VN-14,VN,Hòa Bình,817811.125,0.00827991651588812,GM-R-002350,1,GM-R-002350,GADM 3.6:VNM.30_1
2185,VN-18,VN,Ninh Bình,913679,0.00925052938393341,GM-R-002362,1,GM-R-002362,GADM 3.6:VNM.42_1
2186,VN-20,VN,Thái Bình,1770620,0.0179266157346072,GM-R-002374,1,GM-R-002374,GADM 3.6:VNM.55_1
2187,VN-21,VN,Thanh Hóa,3303570,0.033446945105317,GM-R-002376,1,GM-R-002376,GADM 3.6:VNM.57_1
2188,VN-22,VN,Nghệ An,2951427,0.0298816785632968,GM-R-002361,1,GM-R-002361,GADM 3.6:VNM.41_1
2189,VN-23,VN,Hà Tĩnh,1173004.625,0.0118760677995798,GM-R-002345,1,GM-R-002345,GADM 3.6:VNM.29_1
2190,VN-24,VN,Quảng Bình,895227.5625,0.00906371808065341,GM-R-002366,1,GM-R-002366,GADM 3.6:VNM.46_1
2191,VN-25,VN,Quảng Trị,624031.75,0.00631800012901948,GM-R-002370,1,GM-R-002370,GADM 3.6:VNM.50_1
2192,VN-26,VN,Thừa Thiên-Huế,1120244,0.0113418936400805,GM-R-002377,1,GM-R-002377,GADM 3.6:VNM.54_1
2193,VN-27,VN,Quảng Nam,1460127.125,0.0147830352608418,GM-R-002367,1,GM-R-002367,GADM 3.6:VNM.47_1
2194,VN-28,VN,Kon Tum,645336.8125,0.00653370291597506,GM-R-002354,1,GM-R-002354,GADM 3.6:VNM.34_1
2195,VN-29,VN,Quảng Ngãi,1226369.125,0.012416355882494,GM-R-002368,1,GM-R-002368,GADM 3.6:VNM.48_1
2196,VN-30,VN,Gia Lai,1686942.25,0.0170794216049879,GM-R-002341,1,GM-R-002341,GADM 3.6:VNM.21_1
2197,VN-31,VN,Bình Định,1492842.25,0.0151142590550973,GM-R-002328,1,GM-R-002328,GADM 3.6:VNM.8_1
2198,VN-32,VN,Phú Yên,929531.625,0.00941102904888683,GM-R-002365,1,GM-R-002365,GADM 3.6:VNM.45_1
2199,VN-33,VN,Đắk Lắk,2112428.25,0.0213872482546671,GM-R-002336,1,GM-R-002336,GADM 3.6:VNM.15_1
2200,VN-34,VN,Khánh Hòa,1265157.5,0.0128090682056321,GM-R-002352,1,GM-R-002352,GADM 3.6:VNM.32_1
2201,VN-35,VN,Lâm Đồng,1438878.625,0.0145679051400724,GM-R-002356,1,GM-R-002356,GADM 3.6:VNM.37_1
2202,VN-36,VN,Ninh Thuận,622388.6875,0.00630136496728774,GM-R-002363,1,GM-R-002363,GADM 3.6:VNM.43_1
2203,VN-37,VN,Tây Ninh,1193726.875,0.0120858699100871,GM-R-002373,1,GM-R-002373,GADM 3.6:VNM.53_1
2204,VN-39,VN,Đồng Nai,3180122.75,0.0321971052671563,GM-R-002339,1,GM-R-002339,GADM 3.6:VNM.17_1
2205,VN-40,VN,Bình Thuận,1278922.25,0.0129484292113436,GM-R-002331,1,GM-R-002331,GADM 3.6:VNM.11_1
2206,VN-41,VN,Long An,1601941.625,0.0162188340471966,GM-R-002359,1,GM-R-002359,GADM 3.6:VNM.39_1
2207,VN-43,VN,Bà Rịa - Vũng Tàu,1245886.5,0.0126139592540662,GM-R-002322,1,GM-R-002322,GADM 3.6:VNM.7_1
2208,VN-44,VN,An Giang,2241168.5,0.0226906769922434,GM-R-002321,1,GM-R-002321,GADM 3.6:VNM.1_1
2209,VN-45,VN,Đồng Tháp,1786395.5,0.0180863345486505,GM-R-002340,1,GM-R-002340,GADM 3.6:VNM.18_1
2210,VN-46,VN,Tiền Giang,1744048.375,0.0176575917143097,GM-R-002378,1,GM-R-002378,GADM 3.6:VNM.58_1
2211,VN-47,VN,Kiến Giang,1797469.25,0.0181984505650691,GM-R-002353,1,GM-R-002353,GADM 3.6:VNM.33_1
2212,VN-49,VN,Vĩnh Long,1041281,0.0105424339263916,GM-R-002381,1,GM-R-002381,GADM 3.6:VNM.61_1
2213,VN-50,VN,Bến Tre,1210267.875,0.0122533390174428,GM-R-002327,1,GM-R-002327,GADM 3.6:VNM.6_1
2214,VN-51,VN,Trà Vinh,1042556.4375,0.0105553470743036,GM-R-002379,1,GM-R-002379,GADM 3.6:VNM.59_1
2215,VN-52,VN,Sóc Trăng,1434143.875,0.0145199682344408,GM-R-002371,1,GM-R-002371,GADM 3.6:VNM.51_1
2216,VN-53,VN,Bắc Kạn,315922,0.00319854756870959,GM-R-002324,1,GM-R-002324,GADM 3.6:VNM.4_1
2217,VN-54,VN,Bắc Giang,1618462.5,0.0163860993992905,GM-R-002323,1,GM-R-002323,GADM 3.6:VNM.3_1
2218,VN-55,VN,Bạc Liêu,1009535.625,0.0102210283515218,GM-R-002325,1,GM-R-002325,GADM 3.6:VNM.2_1
2219,VN-56,VN,Bắc Ninh,1124570.875,0.0113857010213688,GM-R-002326,1,GM-R-002326,GADM 3.6:VNM.5_1
2220,VN-57,VN,Bình Dương,3279655.5,0.0332048231073811,GM-R-002329,1,GM-R-002329,GADM 3.6:VNM.9_1
2221,VN-58,VN,Bình Phước,1197594.875,0.0121250314182941,GM-R-002330,1,GM-R-002330,GADM 3.6:VNM.10_1
2222,VN-59,VN,Cà Mau,1303770.125,0.0132000011505212,GM-R-002332,1,GM-R-002332,GADM 3.6:VNM.13_1
2223,VN-61,VN,Hải Dương,1763826.125,0.0178578312486791,GM-R-002346,1,GM-R-002346,GADM 3.6:VNM.22_1
2224,VN-63,VN,Hà Nam,774810.3125,0.00784455543222059,GM-R-002343,1,GM-R-002343,GADM 3.6:VNM.28_1
2225,VN-66,VN,Hưng Yên,1202024.75,0.0121698816215435,GM-R-002351,1,GM-R-002351,GADM 3.6:VNM.31_1
2226,VN-67,VN,Nam Định,1744678.25,0.0176639688743361,GM-R-002360,1,GM-R-002360,GADM 3.6:VNM.40_1
2227,VN-68,VN,Phú Thọ,643317.9375,0.00651326284620221,GM-R-002364,1,GM-R-002364,GADM 3.6:VNM.44_1
2228,VN-69,VN,Thái Nguyên,1214990.5,0.0123011531636931,GM-R-002375,1,GM-R-002375,GADM 3.6:VNM.56_1
2229,VN-70,VN,Vĩnh Phúc,906386.9375,0.00917670100610517,GM-R-002382,1,GM-R-002382,GADM 3.6:VNM.62_1
2230,VN-71,VN,Điện Biên,641279.625,0.00649262598175103,GM-R-002338,1,GM-R-002338,GADM 3.6:VNM.20_1
2231,VN-72,VN,Đắk Nông,746286.5625,0.00755576715152795,GM-R-002337,1,GM-R-002337,GADM 3.6:VNM.16_1
2232,VN-73,VN,Hậu Giang,675682.4375,0.00684093674288399,GM-R-002348,1,GM-R-002348,GADM 3.6:VNM.24_1
2233,VN-CT,VN,Can Tho,1495048,0.0151365911380155,GM-R-002333,1,GM-R-002333,GADM 3.6:VNM.12_1
2234,VN-DN,VN,Da Nang,1150577,0.0116489996453656,GM-R-002335,1,GM-R-002335,GADM 3.6:VNM.19_1
2235,VN-HN,VN,Ha Noi,8431023,0.0853597663929218,GM-R-002344,1,GM-R-002344,GADM 3.6:VNM.27_1
2236,VN-HP,VN,Hai Phong,2018687.125,0.0204381676352204,GM-R-002347,1,GM-R-002347,GADM 3.6:VNM.23_1
2237,VN-SG,VN,Ho Chi Minh,10554153,0.106855364355566,GM-R-002349,1,GM-R-002349,GADM 3.6:VNM.25_1
2238,XK,XK,Kosovo and Metohija,2124491,1,GM-R-001726,1,GM-R-001726,GADM 4.1:XKO
2239,YE-AB,YE,Abyan,675717.4375,0.0224056944317193,GM-R-002386,1,GM-R-002386,GADM 3.6:YEM.2_1
2240,YE-AD,YE,‘Adan,883708.5625,0.0293023428421868,GM-R-002384,1,GM-R-002384,GADM 3.6:YEM.1_1
2241,YE-AM,YE,‘Amrān,1359878.5,0.0450913657756017,GM-R-002385,1,GM-R-002385,GADM 3.6:YEM.10_1
2242,YE-BA,YE,Al Bayḑā’,885968,0.0293772621256078,GM-R-002388,1,GM-R-002388,GADM 3.6:YEM.3_1
2243,YE-DA,YE,Aḑ Ḑāli‘,731723.0625,0.024262750133656,GM-R-002387,1,GM-R-002387,GADM 3.6:YEM.4_1
2244,YE-DH,YE,Dhamār,2041820,0.0677034400263988,GM-R-002395,1,GM-R-002395,GADM 3.6:YEM.11_1
2245,YE-HD,YE,Ḩaḑramawt,1531866.5,0.0507942089465278,GM-R-002396,1,GM-R-002396,globalmrp-mixed-source-partition-repairs worldpop-readiness-overlap-repair-2026-08-10:YE-HD
2246,YE-HJ,YE,Ḩajjah,2270530.75,0.0752871176013161,GM-R-002397,1,GM-R-002397,GADM 3.6:YEM.13_1
2247,YE-HU,YE,Al Ḩudaydah,3314623.5,0.109907540009571,GM-R-002389,1,GM-R-002389,GADM 3.6:YEM.5_1
2248,YE-IB,YE,Ibb,3254111.5,0.107901060220521,GM-R-002398,1,GM-R-002398,GADM 3.6:YEM.14_1
2249,YE-JA,YE,Al Jawf,673215.375,0.0223227300967578,GM-R-002390,1,GM-R-002390,GADM 3.6:YEM.6_1
2250,YE-LA,YE,Laḩij,1121881.625,0.0371997753547846,GM-R-002399,1,GM-R-002399,GADM 3.6:YEM.15_1
2251,YE-MA,YE,Ma’rib,367625.59375,0.0121898685185875,GM-R-002400,1,GM-R-002400,GADM 3.6:YEM.16_1
2252,YE-MR,YE,Al Mahrah,135597.515625,0.00449619372268166,GM-R-002391,1,GM-R-002391,GADM 3.6:YEM.7_1
2253,YE-MW,YE,Al Maḩwīt,762655.25,0.0252884113091228,GM-R-002392,1,GM-R-002392,GADM 3.6:YEM.8_1
2254,YE-RA,YE,Raymah,605579.5625,0.0200800362377347,GM-R-002401,1,GM-R-002401,GADM 3.6:YEM.17_1
2255,YE-SA,YE,Amānat al ‘Āşimah [city],2498578.25,0.082848802881811,GM-R-002393,1,GM-R-002393,GADM 3.6:YEM.9_1
2256,YE-SD,YE,Şāʻdah,1067598.875,0.0353998473939002,GM-R-002402,1,GM-R-002402,GADM 3.6:YEM.18_1
2257,YE-SH,YE,Shabwah,725597.125,0.0240596239804512,GM-R-002404,1,GM-R-002404,GADM 3.6:YEM.20_1
2258,YE-SN,YE,Şanʻā’,1501554.125,0.049789099748425,GM-R-002403,1,GM-R-002403,GADM 3.6:YEM.19_1
2259,YE-SU,YE,Arkhabīl Suquţrá,67340.4609375,0.00223290048017557,GM-R-002394,1,GM-R-002394,globalmrp-mixed-source-partition-repairs worldpop-readiness-overlap-repair-2026-08-10:YE-SU
2260,YE-TA,YE,Tāʻizz,3681118.75,0.122059928162461,GM-R-002405,1,GM-R-002405,GADM 3.6:YEM.21_1
2261,ZA-EC,ZA,Eastern Cape,6873582.5,0.114764626551365,GM-R-002406,1,GM-R-002406,GADM 3.6:ZAF.1_1
2262,ZA-FS,ZA,Free State,2830608.25,0.0472611914855846,GM-R-002407,1,GM-R-002407,GADM 3.6:ZAF.2_1
2263,ZA-GP,ZA,Gauteng,15699827,0.262131833374523,GM-R-002408,1,GM-R-002408,GADM 3.6:ZAF.3_1
2264,ZA-KZN,ZA,Kwazulu-Natal,10992484,0.183535779359869,GM-R-002409,1,GM-R-002409,GADM 3.6:ZAF.4_1
2265,ZA-LP,ZA,Limpopo,5847476,0.0976322608200411,GM-R-002410,1,GM-R-002410,GADM 3.6:ZAF.5_1
2266,ZA-MP,ZA,Mpumalanga,4815427,0.0804006762616671,GM-R-002411,1,GM-R-002411,GADM 3.6:ZAF.6_1
2267,ZA-NC,ZA,Northern Cape,1373116.625,0.0229262130307734,GM-R-002413,1,GM-R-002413,GADM 3.6:ZAF.8_1
2268,ZA-NW,ZA,North-West,4130153,0.0689590132430942,GM-R-002412,1,GM-R-002412,GADM 3.6:ZAF.7_1
2269,ZA-WC,ZA,Western Cape,7330192.5,0.122388405873083,GM-R-002414,1,GM-R-002414,GADM 3.6:ZAF.9_1
2270,ZM-01,ZM,Western,1097196,0.0586697903328382,GM-R-002424,1,GM-R-002424,GADM 3.6:ZMB.10_1
2271,ZM-02,ZM,Central,2222991.5,0.118868866835717,GM-R-002415,1,GM-R-002415,GADM 3.6:ZMB.1_1
2272,ZM-03,ZM,Eastern,2157587,0.115371526067227,GM-R-002417,1,GM-R-002417,GADM 3.6:ZMB.3_1
2273,ZM-04,ZM,Luapula,1685680.75,0.0901375289106061,GM-R-002418,1,GM-R-002418,GADM 3.6:ZMB.4_1
2274,ZM-05,ZM,Northern,1599972.25,0.0855544829236156,GM-R-002422,1,GM-R-002422,GADM 3.6:ZMB.8_1
2275,ZM-06,ZM,North-Western,1061817.875,0.0567780342782053,GM-R-002421,1,GM-R-002421,GADM 3.6:ZMB.7_1
2276,ZM-07,ZM,Southern,2173717,0.116234037157377,GM-R-002423,1,GM-R-002423,GADM 3.6:ZMB.9_1
2277,ZM-08,ZM,Copperbelt,2586758,0.138320363455382,GM-R-002416,1,GM-R-002416,GADM 3.6:ZMB.2_1
2278,ZM-09,ZM,Lusaka,3073054.75,0.164323856324515,GM-R-002419,1,GM-R-002419,GADM 3.6:ZMB.5_1
2279,ZM-10,ZM,Muchinga,1042433.6875,0.0557415137145162,GM-R-002420,1,GM-R-002420,GADM 3.6:ZMB.6_1
2280,ZW-BU,ZW,Bulawayo,627219.1875,0.043677023721941,GM-R-002425,1,GM-R-002425,GADM 3.6:ZWE.1_1
2281,ZW-HA,ZW,Harare,2287240.25,0.15927421967943,GM-R-002426,1,GM-R-002426,GADM 3.6:ZWE.2_1
2282,ZW-MA,ZW,Manicaland,1915179.375,0.133365395480104,GM-R-002427,1,GM-R-002427,GADM 3.6:ZWE.3_1
2283,ZW-MC,ZW,Mashonaland Central,1299413.75,0.0904859518242438,GM-R-002428,1,GM-R-002428,GADM 3.6:ZWE.4_1
2284,ZW-ME,ZW,Mashonaland East,1573514.25,0.109573209164718,GM-R-002429,1,GM-R-002429,GADM 3.6:ZWE.5_1
2285,ZW-MI,ZW,Midlands,1745667.75,0.121561287101692,GM-R-002434,1,GM-R-002434,GADM 3.6:ZWE.10_1
2286,ZW-MN,ZW,Matabeleland North,793254,0.055239020849509,GM-R-002432,1,GM-R-002432,GADM 3.6:ZWE.8_1
2287,ZW-MS,ZW,Matabeleland South,709692.4375,0.0494201294311801,GM-R-002433,1,GM-R-002433,GADM 3.6:ZWE.9_1
2288,ZW-MV,ZW,Masvingo,1631250.75,0.113593747009189,GM-R-002431,1,GM-R-002431,GADM 3.6:ZWE.7_1
2289,ZW-MW,ZW,Mashonaland West,1777960.375,0.123810015737993,GM-R-002430,1,GM-R-002430,GADM 3.6:ZWE.6_1
