"ISO3","Name","1995","1996","1997","1998","1999","2000","2001","2002","2003","2004","2005","2006","2007","2008","2009","2010","2011","2012","2013","2014","2015","2016","2017","2018","2019","2020","2021","2022","2023","2024"
"AFG","Afghanistan",0.117999035310911,0.117999035310911,0.118685771259262,0.119372507207612,0.118888495343806,0.118404483479999,0.111541297287177,0.104678111094356,0.104558762967952,0.15210436485471,0.148873658796226,0.133444883329968,0.133496779896895,0.111424405212229,0.131808793638643,0.131520936420935,0.116324367640632,0.124697146890887,0.160908171151403,0.173806534710277,0.172774953163298,0.185288395552239,0.182294788314722,0.167962889421934,0.169903549461602,0.170201151013538,0.157301150087028,0.129661445886677,0.122050461913391,0.114326140151002
"ALB","Albania",0.422009104403033,0.422009104403033,0.374360248515666,0.326711392628299,0.316970902219919,0.307230411811539,0.328709500310541,0.350188588809543,0.349520403038443,0.398069212089109,0.368173474867924,0.378614409186639,0.395881529183163,0.40642316161154,0.41978557912016,0.437343751198074,0.441045539906403,0.420486512243996,0.404712531756945,0.445606786880867,0.455516734855707,0.459637569871669,0.459718879152364,0.4659879804436,0.44261048397712,0.449537327828796,0.460555534078972,0.474651472320979,0.470249449365244,0.477140091417829
"DZA","Algeria",0.311933830219832,0.311933830219832,0.29644279484758,0.280951759475327,0.268038160410272,0.255124561345217,0.314616287686612,0.374108014028008,0.374137506613368,0.374956789468707,0.352354366931372,0.346607985274234,0.353967074214128,0.350186991377702,0.341199380579829,0.347032782336493,0.334416445369109,0.337009756155224,0.358044219469244,0.333847619858506,0.325597862827889,0.328959997591073,0.327556653718949,0.330359986856331,0.331927986015443,0.346112362077735,0.349978646329868,0.341381847231842,0.354446962706995,0.36167078910577
"AND","Andorra",0.698771299357449,0.698771299357449,0.69787346279134,0.69697562622523,0.696385185465032,0.695794744704833,0.696536831666466,0.6972789186281,0.657651706504487,0.646904264951323,0.705735563049996,0.70543312926674,0.762844709816922,0.762293575863955,0.761628245502271,0.761431741417957,0.792424255373122,0.791787638848776,0.79036464656501,0.820404651849315,0.821038412964246,0.821142885006633,0.820887236008414,0.823847357080968,0.823808180065073,0.824146156706786,0.822948641927346,0.782515944765919,0.782356620907699,0.782330902255063
"AGO","Angola",0.187263819702341,0.187263819702341,0.19800157682497,0.208739333947599,0.208675466625815,0.208611599304031,0.205330873661033,0.202050148018034,0.166317434786443,0.210487902808413,0.229391611693712,0.235959732257644,0.235035238547692,0.250520063903663,0.25524281123723,0.253561294577933,0.239553434734047,0.23245724313935,0.228725143161842,0.240181504998045,0.239496705935801,0.235473833427475,0.234888953726872,0.27904861911602,0.290746612486039,0.311605957334513,0.281552333943765,0.268666969486496,0.262297349796679,0.267229899834634
"ATG","Antigua and Barbuda",0.696340607132725,0.696340607132725,0.695442770566616,0.694544934000506,0.693954493240307,0.693364052480109,0.694106139441742,0.694848226403376,0.69421672166092,0.651076137914598,0.657227528447066,0.684665956235479,0.685229709899988,0.68470858769773,0.684079499070934,0.705419650935584,0.707090624544732,0.706454008020386,0.705031035704519,0.611269034997815,0.682388996857532,0.681934327819851,0.63172806342699,0.616953616010612,0.618515405153443,0.618610312572683,0.613960048708892,0.62460932807544,0.624305077213466,0.620964008582682
"ARG","Argentina",0.526634360471357,0.526634360471357,0.517128293185611,0.507622225899865,0.488182858182557,0.468743490465249,0.404414780445773,0.340086070426297,0.344426033155017,0.368918117720503,0.418376324750226,0.411966050420061,0.40805228250646,0.365377449981214,0.374899741184093,0.397558852583878,0.407250890887738,0.397946569259533,0.385820863514146,0.355042145842971,0.407488468938257,0.453560539791388,0.466357007166718,0.460425483159235,0.433285974804027,0.442785881993237,0.440120307384225,0.442626378423935,0.453324119878953,0.450607227772055
"ARM","Armenia",0.44824688245202,0.44824688245202,0.46464670678244,0.481046531112861,0.446574970351665,0.41210340959047,0.4220330159609,0.43196262233133,0.43237316231441,0.451469461576014,0.434306314424426,0.409075257889396,0.422810376214368,0.433931696689866,0.414286899237833,0.412691484154754,0.4235334138013,0.429453735818,0.440502273305253,0.418034154849931,0.42166491774504,0.439290281799756,0.437043833369968,0.457140624161348,0.451284578808341,0.485790963583666,0.480267463604113,0.453149800129328,0.45871193799153,0.472369401161141
"AUS","Australia",0.8382781370047,0.8382781370047,0.842021878266748,0.845765619528796,0.85261915124293,0.859472682957064,0.855262811083877,0.85105293921069,0.86335378338952,0.84581042749193,0.843797543565161,0.847760512379458,0.846257468792572,0.843698003593583,0.839754743094622,0.819748207202245,0.81533987439074,0.827256675987149,0.827412844917483,0.846715372629731,0.843808126551106,0.846013301335709,0.825021389612348,0.827455835801898,0.827130159385359,0.810732022342321,0.814335249506074,0.794719225795074,0.800956777807455,0.794410801642416
"AUT","Austria",0.868423552822598,0.868423552822598,0.864612839230626,0.860802125638653,0.870484269849049,0.880166414059445,0.881322784985035,0.882479155910626,0.873333319488924,0.862590470552302,0.86405096254853,0.884098772086093,0.889287170801246,0.884172693244525,0.858006420238311,0.853001087212111,0.833966049461602,0.840773804769548,0.847705900178401,0.855411152598191,0.856556870650193,0.859075781048324,0.855009957591379,0.860014312190577,0.862184483249969,0.8498629523288,0.843591674536681,0.828668286569049,0.831815087520096,0.835811941857315
"AZE","Azerbaijan",0.257408209968997,0.257408209968997,0.278673751782734,0.299939293596471,0.290723060350336,0.281506827104201,0.306357804684565,0.331208782264928,0.3327882230296,0.351797282544798,0.356246829097796,0.348815576174496,0.357840586845341,0.350300688588969,0.347578165534833,0.343565456686594,0.348924021828587,0.35072135229634,0.367911675757119,0.371434971425139,0.359954428464446,0.366370593324524,0.358476344750072,0.370341409522739,0.366508371820791,0.377359127278257,0.37928087771851,0.391283641115851,0.397756514806276,0.403884143540113
"BHS","Bahamas",0.750215673266403,0.750215673266403,0.749812860859853,0.749410048453303,0.749145144334357,0.74888024021541,0.769604302554869,0.790328364894327,0.790045040389467,0.782694956971576,0.806846429132812,0.748450551018139,0.778289459601588,0.763648178097037,0.683861649303648,0.675382580932287,0.65816374331315,0.631253945656647,0.630809619990134,0.596380051718453,0.598028381731258,0.589756041007992,0.576082343937299,0.576966702172252,0.576074536489177,0.563540926523247,0.570389196696255,0.555127812119013,0.556000848555794,0.550921075205813
"BHR","Bahrain",0.525760165896491,0.525760165896491,0.543780734588617,0.561801303280742,0.561651034864269,0.561500766447797,0.567593131873749,0.573685497299701,0.548888682642689,0.589385896082586,0.558313510535382,0.535915798888443,0.549311482915147,0.54747856965314,0.5400557431828,0.520973820807764,0.495731642153543,0.473317237343867,0.476185146663412,0.474626931774325,0.503177291931308,0.496204881336373,0.495307444128224,0.489372186123813,0.502276699795273,0.478762662842202,0.50460994867771,0.507365718282032,0.525946466384922,0.534336098541097
"BGD","Bangladesh",0.317046890055795,0.317046890055795,0.316752064041681,0.316457238027568,0.297027105463089,0.27759697289861,0.276992953967765,0.27638893503692,0.265658286485982,0.293739241296552,0.310758040513427,0.298941078407067,0.324236191958912,0.335094295602845,0.336752829211533,0.331521819002027,0.361059312165019,0.303364846403734,0.306131298833491,0.330704512968591,0.32969242009007,0.319715639560591,0.316238270057993,0.319169237999453,0.312715493555321,0.32170715783649,0.306132536843168,0.30638684799222,0.320686997927172,0.309098867932003
"BRB","Barbados",0.655898744706111,0.655898744706111,0.691746832452403,0.727594920198695,0.763594863809351,0.799594807420007,0.799961398059568,0.800327988699128,0.800016030228522,0.776262757889396,0.802783780571651,0.775082195855367,0.790845034255328,0.79873948250876,0.734696622933243,0.739173285891738,0.743018723658349,0.734128376491682,0.726540135954229,0.712169699018282,0.71783441197256,0.710207154162396,0.69253814028263,0.665053506778223,0.657470258215272,0.641547197401681,0.640790673649787,0.643959858614503,0.647429720187449,0.646123939465001
"BLR","Belarus",0.399475650985424,0.399475650985424,0.373332470853259,0.347189290721094,0.327308462730637,0.307427634740181,0.311549388279451,0.315671141818721,0.315205210886562,0.350237849613933,0.315523059887081,0.268860238771332,0.284756003468344,0.302799954569039,0.309566056841737,0.309710344872755,0.301552220526105,0.353419873937069,0.336609459703823,0.351597563628905,0.354697659666507,0.358552162858815,0.349057567130476,0.35442503795498,0.342210095673388,0.329036454672552,0.287693980142005,0.269345838083031,0.258086619303878,0.255077656752792
"BEL","Belgium",0.780177044968345,0.780177044968345,0.760121797388774,0.740066549809203,0.753659097342385,0.767251644875566,0.764077577759787,0.760903510644008,0.762782449910927,0.748737130290375,0.757885562538818,0.743716142432135,0.772021196962068,0.763619464259699,0.745945098983267,0.746742337279203,0.754181058196359,0.763146384820052,0.767163246991077,0.772385431389663,0.78538097870815,0.787786191895014,0.775866534889189,0.784498537391407,0.790203505628072,0.791000983538784,0.78139396854465,0.768334184498266,0.754793753178889,0.756950545746614
"BLZ","Belize",0.57752544389436,0.57752544389436,0.536313848951318,0.495102254008276,0.535489044972179,0.575875835936082,0.556511088253636,0.53714634057119,0.558407918757172,0.514723249725881,0.565896559419353,0.525709347596057,0.520135648320907,0.507196729961176,0.478683030864939,0.482811254003164,0.439407273714195,0.43473386705661,0.434311286431031,0.373341865749272,0.378239092575648,0.384369896205269,0.392606274744219,0.382838358427923,0.388723357233044,0.396811573968762,0.39544091754568,0.413515499401922,0.420788486765597,0.421500042811173
"BEN","Benin",0.518285502762918,0.518285502762918,0.517359691171697,0.516433879580476,0.480225680777528,0.444017481974579,0.43337613984749,0.422734797720401,0.406627553015568,0.423668816117704,0.420132441476487,0.442436723328639,0.449019520297608,0.431149629363864,0.419484363378683,0.422228571570058,0.410743675607599,0.415437709103828,0.40306751641521,0.405257735244203,0.417794540073814,0.423741299587479,0.422944001387849,0.414552072923403,0.421860702985025,0.422237317509387,0.423883530925003,0.407259736666556,0.422744562022528,0.418439103821568
"BTN","Bhutan",0.45447480993756,0.45447480993756,0.457384581955282,0.460294353973005,0.46176660706116,0.463238860149315,0.465981301181716,0.468723742214117,0.468561762625462,0.516028730929859,0.545361892592517,0.504433212812426,0.539311020458629,0.573144367263638,0.538123928921951,0.533969507901537,0.541127080814716,0.538209072039064,0.552025479676833,0.570432067773282,0.604068371360731,0.603651960815636,0.624728196972292,0.63407782576108,0.63296379676322,0.629998563908775,0.636242365873233,0.637339741644154,0.644571655041623,0.658602158481852
"BOL","Bolivia, Plurinational State of",0.439965955532609,0.439965955532609,0.445200869466177,0.450435783399744,0.429821804082013,0.409207824764283,0.416752894706239,0.424297964648194,0.427277274870736,0.389859310982919,0.380261700868747,0.324797809058333,0.326459876984969,0.300205725259615,0.267436707354321,0.285042902226948,0.298231718830271,0.281768166953352,0.26244772803659,0.273267353541059,0.253676908707409,0.250964090051706,0.249895567893409,0.244255235742601,0.252221209006704,0.260760181072094,0.279120823035223,0.265666912617923,0.26062477875569,0.247665113749927
"BIH","Bosnia and Herzegovina",0.439371551144656,0.439371551144656,0.404781131470557,0.370190711796459,0.373709734334305,0.377228756872152,0.389815721061564,0.402402685250976,0.380315714032864,0.408195691949966,0.400551661105474,0.414227914067113,0.417922134942096,0.407778702335829,0.42363614863656,0.426686584511812,0.417475013769863,0.474466809200185,0.475835668512446,0.482935054970825,0.454719756142445,0.458974875272522,0.435024939105898,0.436685729087061,0.422827328959778,0.440381187971722,0.439410967775327,0.442947362384442,0.429940393428293,0.437078198122443
"BWA","Botswana",0.619144713427118,0.619144713427118,0.618928321316386,0.618711929205655,0.618700347824809,0.618688766443963,0.623638299179176,0.628587831914388,0.65631531499439,0.63534596699578,0.650799802174041,0.637526840848505,0.647764122575418,0.655813541685303,0.643809360567203,0.64739920923929,0.649895496008976,0.641276013378811,0.6194117640951,0.615686373331323,0.585725760409505,0.578964071042267,0.581421120892364,0.581308781498161,0.591040436111672,0.567657069083176,0.575081792503828,0.56938567004598,0.567149724730545,0.563119204517282
"BRA","Brazil",0.43274107083524,0.43274107083524,0.429851186843935,0.42696130285263,0.427291252399343,0.427621201946055,0.434207004083675,0.440792806221294,0.423460870427831,0.442466834918838,0.430561215345314,0.43942558427667,0.438419941029206,0.451426670370579,0.459804142076866,0.492538335968031,0.485868718578516,0.491879115783138,0.47393913752738,0.472449871790121,0.455833904947694,0.471136682977511,0.444729117891748,0.420630620563932,0.423690820741311,0.422494064741996,0.419105192963377,0.412977045064191,0.404355086414673,0.41170219461576
"BRN","Brunei Darussalam",0.710952575762997,0.710952575762997,0.68380112660478,0.656649677446563,0.656235193803626,0.655820710160689,0.656341642667916,0.656862575175142,0.656419287839326,0.624818491807092,0.533082174449781,0.532852923012731,0.576372417591686,0.589462333196167,0.632470010613337,0.628815106529535,0.63476246508014,0.627369909943183,0.594451871615042,0.591461279530125,0.57560015913616,0.553854499198728,0.559437463578554,0.568795059558649,0.558419060844262,0.613305800530603,0.612949333615333,0.628314431454839,0.62825904050576,0.618135475958012
"BGR","Bulgaria",0.461839070563037,0.461839070563037,0.466260861737801,0.470682652912566,0.476681678399271,0.482680703885977,0.490251871870631,0.497823039855286,0.460541736261447,0.48200686719974,0.477620399236555,0.486836003493903,0.494174605370438,0.47145964375992,0.472974228791856,0.440933779581243,0.43356636402788,0.457368737428211,0.454613606796625,0.457883569742596,0.459249653517034,0.461241770829872,0.454210934165361,0.472714266727667,0.472731179537282,0.470743954359455,0.493265526877749,0.480874008474056,0.495492366831692,0.49414479329871
"BFA","Burkina Faso",0.387308831338035,0.387308831338035,0.386942190778729,0.386575550219423,0.377530132356813,0.368484714494202,0.354536199243201,0.340587683992199,0.353886663488842,0.395984323922117,0.397494755631267,0.420605520916134,0.428511530582513,0.430881640204676,0.451008183164091,0.455832347451649,0.417736733009076,0.42852892262168,0.398580090759687,0.390991550703765,0.395943868960749,0.403653893708163,0.412980000313097,0.419691150930472,0.419229173642119,0.417153810162478,0.420714385896083,0.37567369691095,0.358130181270176,0.3243145659586
"BDI","Burundi",0.251636009819733,0.251636009819733,0.252264209875068,0.252892409930403,0.252600728860226,0.252309047790049,0.24791729831784,0.243525548845632,0.190276675993539,0.24893742827531,0.269601247466473,0.299269570297225,0.289762354857343,0.286450758844022,0.259184673983331,0.249347089670878,0.249308112333963,0.270037925428048,0.267256836529049,0.280429059809126,0.237086740389211,0.220594973872405,0.235745796198368,0.224399457480198,0.235212373770936,0.236984285104523,0.2387673385252,0.236884106160208,0.2396512175306,0.240655243378326
"KHM","Cambodia",0.251372713116577,0.251372713116577,0.250927788413124,0.250482863709671,0.255821321178368,0.261159778647065,0.253569241801341,0.245978704955617,0.24305292866764,0.254586126975384,0.237800452967773,0.237816047896118,0.255266573035862,0.252727614868129,0.256320378853325,0.254553239847362,0.270850738684432,0.28503485516405,0.270229876831615,0.262132434927017,0.248656659661396,0.254738042743442,0.263592148175222,0.257369332471572,0.27502920105405,0.271911473362505,0.271630025840057,0.27812258787792,0.28125391370801,0.289889390624481
"CMR","Cameroon",0.22574874825241,0.22574874825241,0.247082560309442,0.268416372366474,0.257607499575083,0.246798626783692,0.244083441932075,0.241368257080457,0.255243729760539,0.303352526210662,0.259711187518051,0.266204368560752,0.284377751576346,0.29612444664961,0.290847670017866,0.298908870187577,0.290124492655647,0.280054062684503,0.267265502596785,0.28987163916315,0.283138244307392,0.283449004704117,0.277500168529059,0.272690740550232,0.263335780332675,0.255745163615359,0.257303318600752,0.258780403920225,0.253186217581718,0.250460719310778
"CAN","Canada",0.851122826853724,0.851122826853724,0.850176518215196,0.849230209576668,0.854249829633894,0.859269449691121,0.85739423443718,0.85551901918324,0.841316212751084,0.838768548579819,0.8332728039785,0.86074316043583,0.846829409295264,0.839611074068442,0.82704627424582,0.820322943210659,0.815621960885923,0.820565453331987,0.818240670838307,0.828919023464357,0.84434212804758,0.845978896647438,0.842784212676964,0.840822786023366,0.836715309531173,0.81202023131452,0.81017180299576,0.801370951947972,0.787575131213051,0.792499574284414
"CPV","Cape Verde",0.717791201441267,0.717791201441267,0.690281558144602,0.662771914847937,0.662435725333096,0.662099535818256,0.620650023370428,0.5792005109226,0.578897038808648,0.548013709319801,0.621637905172612,0.654437473961861,0.654403927893205,0.647329840761604,0.637655953277036,0.614275202043179,0.618290426846567,0.621877919306689,0.619859344528988,0.63391219204709,0.636279246580857,0.637640977353528,0.640880149800768,0.648579851144911,0.65422178072756,0.634345874823963,0.597922931261869,0.59614652715123,0.585163723984225,0.585506572793052
"CAF","Central African Republic",0.257835383211119,0.257835383211119,0.25709937647443,0.25636336973774,0.256146119007394,0.255928868277048,0.286722322256954,0.31751577623686,0.207758970059015,0.236806850362809,0.221072306474327,0.202366199907732,0.205378077771928,0.211725892517118,0.231166837698369,0.237573278192116,0.234505130791329,0.215587863703282,0.128217786828472,0.139518099541729,0.159854125719164,0.163564141201473,0.18026177674676,0.190623618221458,0.184511983773926,0.188827785346055,0.191762706931321,0.167870697636823,0.156386201032324,0.158393533883446
"TCD","Chad",0.284028353296972,0.284028353296972,0.28358481636243,0.28314127942789,0.282849598357712,0.282557917287535,0.275794810199538,0.269031703111542,0.210554735363052,0.262119335985922,0.198251235453786,0.190146984495966,0.196684434368554,0.18783148707486,0.193611075346387,0.192229356707808,0.193320003297099,0.189998543142161,0.191057340934127,0.226706428608854,0.228989178677224,0.221162601309127,0.237517907210935,0.22974739970045,0.236990055827048,0.234544088160346,0.232619282631699,0.224863671173128,0.210300184599224,0.212336071544499
"CHL","Chile",0.738597511552627,0.738597511552627,0.730607147501105,0.722616783449584,0.743143153614797,0.763669523780009,0.764669436240744,0.76566934870148,0.759070118152449,0.757396688491845,0.766182603551922,0.758343166857506,0.75886313092168,0.750161440455409,0.750875332745052,0.746358793894232,0.721584962287829,0.727567903632688,0.715102843460625,0.711987232366269,0.701147359413219,0.698335639758673,0.693978284990786,0.692109709062934,0.683357959076352,0.648413418715,0.651856443433022,0.649316047576632,0.633545202049569,0.638791767251625
"CHN","China",0.394067725199551,0.394067725199551,0.397846679849739,0.401625634499927,0.390309027981894,0.378992421463861,0.374949241603259,0.370906061742658,0.350894633715269,0.35669776413855,0.334059099866327,0.330771465330617,0.355514127048227,0.362029612233005,0.360825607886713,0.360940762754535,0.381577864898161,0.362724754666418,0.342053507417196,0.362935336118828,0.368598930870818,0.376767438524433,0.393886376749827,0.39688072279957,0.390668130659701,0.399092147536249,0.393251557336302,0.388210681451644,0.390527696432999,0.385124562942648
"COL","Colombia",0.327157635213021,0.327157635213021,0.334353207036112,0.341548778859204,0.316221297344685,0.290893815830166,0.315273461161959,0.339653106493752,0.348911222405962,0.394526707303203,0.389037651947717,0.390417134181719,0.41304809084531,0.41918913800661,0.408361125984977,0.428720933928941,0.422878985911929,0.411413398906845,0.404220502782087,0.418641598275285,0.421024048058418,0.431150807469847,0.427843264939821,0.416535843654873,0.410396473797006,0.404458320447383,0.399568701390149,0.395043057177836,0.388007827575763,0.389033558528625
"COM","Comoros",0.288690418188487,0.288690418188487,0.295690574177706,0.302690730166925,0.260476616952458,0.218262503737991,0.267692236545151,0.317121969352312,0.319627621066164,0.25474137738241,0.307663954813126,0.308105105583855,0.308409136798951,0.294213319131099,0.271271482263395,0.293572928674029,0.294218650559868,0.295285834868998,0.308122976852574,0.339101054017477,0.348407592082361,0.353824064128582,0.336181607553169,0.318267347950048,0.304812838495807,0.287874150485747,0.280727519980678,0.265239399921534,0.274312273643908,0.274993638227694
"COG","Congo",0.31867495265212,0.31867495265212,0.249945996819833,0.181217040987545,0.214521248479245,0.247825455970945,0.261385805268586,0.274946154566227,0.274688269163431,0.295213371367121,0.213475319997546,0.251900444693076,0.264075391274955,0.267085352220941,0.258506244680552,0.257784804525461,0.257896165492661,0.261865603905913,0.26460587842138,0.275765357549974,0.285913043318518,0.271770719649434,0.264061733232716,0.260209985610334,0.256713626636729,0.251416063423156,0.254535108995969,0.259842156961097,0.264598170812748,0.265468831069666
"COD","Congo, the Democratic Republic o",0.150653417513732,0.150653417513732,0.117854537616964,0.0850556577201964,0.0874343435545543,0.089813029388912,0.0984310443785734,0.107049059368235,0.0922212976641713,0.166796404756002,0.17930184001784,0.177898276498838,0.181969930582002,0.184311426206317,0.178276009225488,0.178039689152543,0.17375984976473,0.166865733297892,0.178044820902332,0.191105783054699,0.187300241148311,0.195846281849596,0.181397211331287,0.169943265610743,0.171484987016074,0.178456499055598,0.195048803938884,0.185115194004902,0.180209241207096,0.176003662431982
"CRI","Costa Rica",0.604920780958868,0.604920780958868,0.59813993239349,0.591359083828111,0.594462304841752,0.597565525855393,0.609153526059225,0.620741526263057,0.611990455185008,0.611241020036907,0.624337564983527,0.608027985568162,0.60616963320409,0.61076694220236,0.625994700839355,0.630578331827488,0.593174465275666,0.59008071902963,0.59219352231804,0.609905886504385,0.604885537618881,0.60350745313774,0.608850842677245,0.604354271724434,0.616788820948338,0.626939461965787,0.622697361905212,0.634100030063667,0.629221353414543,0.623952803556778
"CIV","Cote d'Ivoire",0.339792202871288,0.339792202871288,0.322555254368657,0.305318305866025,0.277213818887651,0.249109331909276,0.237299128936392,0.225488925963507,0.225303883452651,0.211429868429124,0.193172760017176,0.214914526214496,0.220438824909969,0.222501608613864,0.256143123822693,0.249533589838289,0.232782879620092,0.293275666576359,0.313579664245386,0.369091359203636,0.362695002498383,0.365026354430509,0.362175457760068,0.376385652314487,0.38101522943594,0.377334846314277,0.370459000474118,0.380560720141443,0.380536938374913,0.385359325519549
"HRV","Croatia",0.366036710101903,0.366036710101903,0.391103231157333,0.416169752212763,0.455659245743803,0.495148739274843,0.491100078226237,0.487051417177632,0.519095540481479,0.53120445322464,0.527541721724818,0.507557250359742,0.531150020734665,0.517899902684452,0.52243884551684,0.54352917900949,0.548767237886994,0.554255614333948,0.55303831136758,0.572508649294702,0.567404075815393,0.561659790787547,0.569359072805832,0.551801599604348,0.562707027166565,0.570429432010745,0.583229313896635,0.587564983527283,0.585823243687588,0.576178070040357
"CUB","Cuba",0.283278239240338,0.283278239240338,0.291755131110816,0.300232022981293,0.289135572522767,0.27803912206424,0.267757521587694,0.257475921111148,0.257101622862956,0.274097518900814,0.257907347515546,0.326508938110379,0.345279121661687,0.329874147929856,0.32991394395059,0.310557083587857,0.319057976871743,0.325157151350916,0.325644228287068,0.331985194043241,0.324971889193182,0.3316846172745,0.326278548503143,0.334481301101845,0.349432264736628,0.38599328631346,0.371277624388823,0.401403831088835,0.387786124004161,0.37628840865118
"CYP","Cyprus",0.672441868656598,0.672441868656598,0.685846108927599,0.6992503491986,0.717284456125576,0.735318563052552,0.732281206150496,0.72924384924844,0.711573717166386,0.699752322186667,0.722761111416398,0.756110695956325,0.759283654853765,0.772761347037595,0.736605054785523,0.738314885924197,0.692086686076528,0.692702056757392,0.673244937578753,0.665095858689901,0.667665687227957,0.667448835855572,0.685557902271676,0.670957874444413,0.672137837441502,0.650016022241363,0.654800550251372,0.653402537808017,0.652382018476536,0.638419545664826
"CZE","Czech Republic",0.660185453050839,0.660185453050839,0.65357316349651,0.646960873942181,0.631216465912082,0.615472057881984,0.643379431755156,0.671286805628327,0.672808858654119,0.636697713819447,0.671176742574498,0.651693645160548,0.645780132197069,0.647156798957452,0.648307309304977,0.647179302778509,0.669343929151981,0.666719947674523,0.672284002454933,0.691908252939914,0.709968817331752,0.717380801233473,0.726605530820211,0.708530609509703,0.723722965063527,0.72536017295714,0.733824584891362,0.728291480352866,0.732547358263068,0.738047276155071
"DNK","Denmark",0.873037355304624,0.873037355304624,0.871508652968795,0.869979950632966,0.882016729344567,0.894053508056168,0.893643627013723,0.893233745971277,0.893165216145308,0.882563979541371,0.853293357335279,0.897151128074417,0.902310852888029,0.890852993459475,0.874890815533683,0.868394399691504,0.879268677332826,0.884718835222989,0.87973826239032,0.882301182035665,0.896526033027223,0.889658713479513,0.887671727916463,0.885151679348146,0.904192767371752,0.895137884725485,0.902834630820722,0.900625123002252,0.903025883347859,0.901022104782583
"DJI","Djibouti",0.365078250997437,0.365078250997437,0.365277750266452,0.365477249535467,0.365239152319599,0.365001055103731,0.338654481962439,0.312307908821146,0.311888782641922,0.318248757837001,0.302353692016419,0.311707194577422,0.322051144815503,0.348375164215993,0.349257565596941,0.344638491589841,0.328154312874278,0.328009785228484,0.317603475244918,0.296102461993902,0.300569001228106,0.300591544984959,0.299083469487774,0.303800765585184,0.299671444212568,0.292189692475202,0.29491279459838,0.296818430944938,0.293235491165563,0.299047167849192
"DMA","Dominica",0.657344899751567,0.657344899751567,0.656447063185458,0.655549226619349,0.65495878585915,0.654368345098951,0.655110432060585,0.655852519022218,0.655221014279763,0.624733768015836,0.665617360282222,0.665430720339525,0.68227022780017,0.666819747228775,0.678932653551538,0.682484163859446,0.670513289195227,0.6702196013513,0.669563136736332,0.639834610693081,0.647427763333444,0.646676531074522,0.640390776556346,0.623384497211523,0.62112455048268,0.620302152635251,0.608007218954232,0.613447612542268,0.608540202087907,0.580167376512129
"DOM","Dominican Republic",0.381045999966773,0.381045999966773,0.374274097019703,0.367502194072633,0.362739071649291,0.357975949225948,0.358255479830187,0.358535010434425,0.343073148161164,0.374493055005329,0.388936614383787,0.409354728589941,0.405551163505456,0.387339721676256,0.37928267482933,0.36935507523265,0.380157248794258,0.383736095154542,0.3925743660432,0.418248270620289,0.394086934317437,0.394451548135094,0.389072815416112,0.391313293444395,0.40493511391606,0.424659024180006,0.436037950507728,0.445407686969812,0.452647986884446,0.464408539678929
"ECU","Ecuador",0.419898777133977,0.419898777133977,0.406530189544873,0.393161601955768,0.364463279674533,0.335764957393298,0.340750851670786,0.345736745948274,0.362395244413461,0.365490208701275,0.345015844926429,0.299198664291392,0.310890108190864,0.278684684206894,0.273761938406862,0.285403083171247,0.282875566609074,0.285645792971556,0.302279671018497,0.298205820466552,0.288035531037462,0.307915370616966,0.324605857654766,0.347628704284696,0.371298071516385,0.387457592178207,0.414646880503153,0.38509053764444,0.329348233432076,0.308104965808569
"EGY","Egypt",0.503954981655093,0.503954981655093,0.48413180098619,0.464308620317288,0.47079075911239,0.477272897907492,0.476320628851408,0.475368359795324,0.474384801043059,0.475835548705058,0.458174042754944,0.444036810899852,0.445985078708662,0.457941157160456,0.458977730681937,0.443900410188548,0.398796542774113,0.39303947829154,0.341999054959323,0.333131571035877,0.333442690854767,0.332160951481522,0.346128376331939,0.353088806188068,0.351165518219669,0.343079997150182,0.337360292604785,0.346488018142992,0.345514702922406,0.350735829022397
"SLV","El Salvador",0.330563100314886,0.330563100314886,0.345845111730773,0.36112712314666,0.344429008371821,0.327730893596982,0.343860702026566,0.35999051045615,0.365295960989437,0.407370678307898,0.40128228649365,0.370098839497716,0.363159795260356,0.366735267045876,0.362554248785313,0.341063818520241,0.364690873776048,0.338955368233598,0.364750238336831,0.379056119058512,0.347535294457806,0.351856387522907,0.328871579738686,0.334724929425461,0.351248744418573,0.362813092647213,0.334046639897969,0.308172557143332,0.359614415097137,0.358359712257797
"GNQ","Equatorial Guinea",0.203738433794757,0.203738433794757,0.199646462375368,0.19555449095598,0.195483335351422,0.195412179746865,0.215393635959341,0.235375092171817,0.235205544749817,0.236130917047282,0.225069640041099,0.259739262382653,0.272896609578713,0.281388377533207,0.2543802978827,0.255419067872962,0.255807024163393,0.246710608289266,0.219023660042223,0.204579841081091,0.196809413442197,0.188287254346931,0.188159419863873,0.175859793726821,0.183620477031486,0.19570558804022,0.195529531083468,0.204485233180321,0.205129697088585,0.193225515203717
"ERI","Eritrea",0.349378251572512,0.349378251572512,0.347130585100945,0.344882918629378,0.326370261058701,0.307857603488024,0.303109407068444,0.298361210648864,0.296276562096648,0.266345062370129,0.267109373602247,0.248868059797625,0.230486171991014,0.217739484585422,0.213826135997679,0.197609127757487,0.197942911140617,0.198291031474519,0.187285984069132,0.165978439781931,0.170655660308036,0.17064377940872,0.174585602219025,0.16498641464091,0.163607191989582,0.176551980911329,0.171001025072012,0.147477303688406,0.141950149583518,0.140855389607236
"EST","Estonia",0.635248583557187,0.635248583557187,0.632680881600269,0.630113179643351,0.633298328942526,0.6364834782417,0.643770792572198,0.651058106902695,0.654533958845044,0.65861521748715,0.691582676362865,0.715843592573092,0.724952827837742,0.726584844077873,0.702847945415115,0.717703921759066,0.731923680936632,0.731199565083207,0.738625746160413,0.769052829147636,0.772642977338193,0.775176144815503,0.781640951475132,0.772796151083826,0.801550303607896,0.800094943361457,0.798092862067511,0.804733066743258,0.796751758133484,0.797614930428649
"ETH","Ethiopia",0.328089556981033,0.328089556981033,0.327873164870301,0.32765677275957,0.327514471534404,0.327372170309237,0.308229655347691,0.289087140386144,0.290571873410555,0.301033454535812,0.307163359610022,0.348745029590827,0.354327774323775,0.329427665730359,0.322808726865992,0.333678332019179,0.331572417655584,0.351238780437466,0.331905262547508,0.35037131504423,0.340023570905527,0.341345905015425,0.344553188729543,0.342281421005079,0.34569615121162,0.338274482879365,0.311416342175012,0.317458807823838,0.293273390235985,0.291354435301455
"FJI","Fiji",0.560944540680838,0.560944540680838,0.561358385351039,0.561772230021239,0.491831632121671,0.421891034222102,0.452453329830698,0.483015625439294,0.482703666968688,0.484399460675062,0.520793850143002,0.482726150821847,0.366943072960463,0.366447409828167,0.322160309313922,0.312071708555589,0.329469218926117,0.3328594485218,0.334312113102008,0.41462964820717,0.444188606860523,0.430267707212469,0.441722172098361,0.45989439697587,0.513383124218856,0.533672784937112,0.533473245732301,0.548146316130483,0.565823317169453,0.56186010874038
"FIN","Finland",0.885978070775176,0.885978070775176,0.886405863022137,0.886833655269097,0.898314807250679,0.909795959232262,0.90829697911262,0.906797998992979,0.907059258970538,0.895011408059491,0.876665582276685,0.88885071248655,0.888403331731642,0.890088662259459,0.883752109408746,0.889088390376559,0.881195938912928,0.898406609661779,0.883726231012925,0.90309650980312,0.913105219001516,0.91247692909064,0.918022234014819,0.910345535689183,0.921863318779664,0.9219161338699,0.914308524471378,0.898949716519746,0.904164852250334,0.904407781697521
"FRA","France",0.78389834231303,0.78389834231303,0.767130459702545,0.750362577092061,0.760765252918189,0.771167928744316,0.752031014778161,0.732894100812007,0.758233822648005,0.761165868855958,0.790204763605647,0.751880356987678,0.761225113609353,0.762435407843518,0.748835072830113,0.759820232209082,0.736571648492152,0.758108823606464,0.748340088606349,0.752997540913424,0.748901026797239,0.751657036016337,0.749385627714037,0.745501552064777,0.737405148490874,0.725880716090356,0.716566091026778,0.704379103802399,0.699406797679507,0.696220380418808
"GAB","Gabon",0.366194216881404,0.366194216881404,0.378939316839104,0.391684416796804,0.412883165991698,0.434081915186593,0.43660347133121,0.439125027475828,0.42017585168676,0.409784317947722,0.41775775920568,0.358142102105287,0.374055897814202,0.380401875512776,0.372337779997853,0.380117472741423,0.397191283517315,0.407128148218672,0.371287029268785,0.377774998690106,0.374069475984849,0.390667192168495,0.373244222728005,0.346434384368938,0.327912122239318,0.314796527917997,0.317788477819978,0.28241159253092,0.285515801955512,0.270032554063483
"GMB","Gambia",0.562770365339052,0.562770365339052,0.565238687067575,0.567707008796099,0.536890092536032,0.506073176275965,0.490157393761198,0.474241611246431,0.51314079380861,0.359879528879012,0.402027448511577,0.416968767651622,0.42952406275479,0.397290883392587,0.374272849026078,0.367305270662461,0.36255177276596,0.354390473523526,0.34035783351821,0.322222529284121,0.318272319956652,0.308114710142798,0.388665949526266,0.409147042482741,0.412333439775542,0.433544678890641,0.426492236960483,0.428124452879595,0.432820243550848,0.422090413683729
"GEO","Georgia",0.262851399062755,0.262851399062755,0.265628095024192,0.268404790985628,0.321581879244376,0.374758967503125,0.33929234648041,0.303825725457696,0.319812603673326,0.393810059443634,0.395429036646364,0.435039954965202,0.455454734532387,0.455278378057165,0.465942932865691,0.477781300558718,0.497064099987732,0.538030818613531,0.525127423144359,0.57124885464137,0.56880518328294,0.574922129191342,0.54536337021697,0.553994773682247,0.543621131179825,0.552079273194071,0.545757217037314,0.537108181918094,0.533608228722847,0.530548068481264
"DEU","Germany",0.839677846719386,0.839677846719386,0.838073356226662,0.836468865733937,0.837143790670615,0.837818715607292,0.838679292075716,0.839539868544139,0.839636193684138,0.834423833491373,0.832918972825768,0.834379384950403,0.847997471425139,0.82673707134514,0.821953941087992,0.823667845677861,0.818678746552742,0.823878866424027,0.825713417053671,0.847558137733129,0.848218416216617,0.837229023643269,0.840832869811861,0.843357231446149,0.84178679620348,0.825704830857527,0.827267618395258,0.816505360661771,0.817406451995256,0.825437520606871
"GHA","Ghana",0.443100635969564,0.443100635969564,0.422301354558304,0.401502073147043,0.435047822317017,0.468593571486992,0.477969128591346,0.487344685695701,0.468540636589368,0.463029995936133,0.490529565428252,0.543160351965352,0.540659432643328,0.520074965878856,0.508835934644591,0.504647548229662,0.536186124291699,0.533892791237383,0.541093674521345,0.529461734957943,0.540974146683859,0.541538978614861,0.556718295131283,0.540724867445106,0.524307261701508,0.522967855038811,0.509093600400508,0.501228824443519,0.500205190119948,0.511579124473167
"GRC","Greece",0.699174411282469,0.699174411282469,0.672055050536354,0.644935689790238,0.654173168879855,0.663410647969472,0.662223845967315,0.661037043965158,0.675874969329309,0.683786470167641,0.661694986204579,0.662919098224167,0.662401350596673,0.640738217981715,0.625230030185072,0.596483445494348,0.596404352650331,0.569866616837443,0.579622173024871,0.572863339067049,0.568622257369273,0.553641641405945,0.556292719321002,0.556664960875699,0.577445372623341,0.59524928962206,0.589447536983742,0.598500223161228,0.57995106427299,0.560367128974091
"GRD","Grenada",0.579353465021355,0.579353465021355,0.578455638439194,0.577557811857034,0.576967361112886,0.576376910368738,0.577118997330372,0.577861084292005,0.577229599517448,0.56326830481172,0.62119116339044,0.56446651846759,0.573070246426226,0.572730133219426,0.576632319752181,0.577086090234452,0.578117292391368,0.577724423998027,0.576846255811457,0.54109924556489,0.62815610599152,0.660665421415299,0.61244230874907,0.584999368215707,0.578784120345403,0.586197442096291,0.581563412133581,0.594879564022512,0.610633616547349,0.608805355805578
"GTM","Guatemala",0.285920591183965,0.285920591183965,0.27696611711284,0.268011643041715,0.284698426034433,0.301385209027151,0.298280849843324,0.295176490659497,0.288190681604997,0.322358051407913,0.317502896942643,0.316574349749395,0.316656757264481,0.311977120622717,0.318830442673922,0.321144442502677,0.294572202162028,0.308882236206496,0.293731693431105,0.309068995956581,0.31113735070402,0.308294700775457,0.310894421256834,0.304946863027248,0.299993446535873,0.307927910456917,0.30600218640496,0.293709409256926,0.298963801875002,0.30865665886268
"GIN","Guinea",0.257874440419626,0.257874440419626,0.257419202296851,0.256963964174077,0.256368481519631,0.255772998865184,0.262844190651573,0.269915382437962,0.230058519519339,0.247544028416396,0.228186349369845,0.226717850246516,0.217598451321779,0.193187915651765,0.175424014320657,0.2026454309935,0.212610729981623,0.212396115013815,0.205173207138348,0.199600586129691,0.263303552145287,0.273021488812865,0.272839601229895,0.280344375953667,0.284507502977613,0.281910298451386,0.300517943312895,0.290063710374106,0.279782239688897,0.271584938326352
"GNB","Guinea-Bissau",0.126009956313434,0.126009956313434,0.132818150915137,0.13962634551684,0.162961729686418,0.186297113855996,0.218126372593309,0.249955631330622,0.23049543709569,0.250231168355259,0.270759345615241,0.268510301358712,0.259474887413004,0.243879959067407,0.237935096504052,0.23802069888282,0.236049008729646,0.188249574923387,0.181156558224474,0.219425893379731,0.240738988742578,0.227733856833047,0.235735952024649,0.27438138253892,0.272384353123171,0.274468602317426,0.26085894229565,0.250886335056856,0.259776262897665,0.254233334153348
"GUY","Guyana",0.495044766429906,0.495044766429906,0.47876278264959,0.462480798869274,0.461841017433093,0.461201235996913,0.440601094432503,0.420000952868093,0.413114424202498,0.411080633886513,0.396380806504998,0.400689499505435,0.421096192073927,0.412246439643913,0.408315659081208,0.417230247276059,0.382289900173289,0.386024116747987,0.381907055664749,0.37964796755552,0.391640227838509,0.402314187526997,0.417980541043775,0.41888273061165,0.412890424322625,0.423471373542184,0.425139391902426,0.428858273131452,0.426534948294326,0.434065421702837
"HTI","Haiti",0.222326130726154,0.222326130726154,0.20384223691256,0.185358343098967,0.184541376519797,0.183724409940627,0.158249794969623,0.13277517999862,0.157980358137829,0.169173503142468,0.154663350824147,0.202386567163702,0.221525018658004,0.261668940078415,0.257250783061088,0.235430303409814,0.219876688645199,0.225967816061474,0.230126290565184,0.251610351070791,0.255953009465742,0.259807153235886,0.26002953571602,0.26688431542378,0.264926203441252,0.258955961679527,0.222817261145602,0.188725769355123,0.173023533525621,0.180638171624243
"HND","Honduras",0.314258433002431,0.314258433002431,0.304496007858087,0.294733582713743,0.275788999541218,0.256844416368692,0.289441091346265,0.322037766323837,0.302679528176142,0.337257138443667,0.358978138027057,0.326313212774087,0.330073727070463,0.307182189337845,0.307859360663049,0.302453092212711,0.296388102774931,0.262399106204936,0.253520320451217,0.266245841884919,0.269769676686185,0.265507948181867,0.283018097465067,0.282424971022586,0.285842117344787,0.278960440878409,0.272818714808577,0.28280246413446,0.269879999322689,0.265819607134003
"HUN","Hungary",0.67369032154386,0.67369032154386,0.672483970969552,0.671277620395243,0.672059792912131,0.672841965429019,0.6717290246816,0.670616083934181,0.67196970774026,0.668361288923024,0.683755799476298,0.692987737474217,0.679233030641299,0.65588931985825,0.623088932385183,0.617041694408733,0.626919054774021,0.613844194964639,0.600379701561394,0.570889312669807,0.571744158351501,0.58265347965383,0.58087146456385,0.568629146294086,0.562325820025661,0.56653527257299,0.560135141935014,0.549249023330173,0.538621848426721,0.539208085944389
"ISL","Iceland",0.815804966671182,0.815804966671182,0.822691235754103,0.829577504837024,0.852662541485305,0.875747578133586,0.876381618799089,0.877015659464592,0.883581783238723,0.865772754458113,0.87502789515352,0.871825184088045,0.86263374098729,0.843180675291947,0.836752829211533,0.826491605974906,0.836762254059394,0.838473502918827,0.828363097215868,0.824516641086458,0.828704827822407,0.824359553632816,0.833433845075948,0.848400822964936,0.849581904164313,0.837588326000056,0.841777730777783,0.819662225433415,0.818346041436104,0.825857685116791
"IND","India",0.544429032333298,0.544429032333298,0.542117298860967,0.539805565388636,0.546303778341636,0.552801991294635,0.522468677556466,0.492135363818297,0.506304244791733,0.512286966489714,0.534603967892898,0.546107234321526,0.539584380982382,0.533121631016248,0.530812902712567,0.513400216739552,0.498150133992583,0.474668325226899,0.477647475706257,0.467728482273618,0.473362085242797,0.484360163851779,0.492817047888451,0.504862822138105,0.496787744279277,0.48024110597874,0.46404113035555,0.478740338732227,0.483249389621294,0.492969402950265
"IDN","Indonesia",0.396207365342885,0.396207365342885,0.357247220788083,0.318287076233281,0.31467891699872,0.311070757764158,0.292557051878836,0.274043345993513,0.31401985655701,0.347053568918321,0.347997012163485,0.370878765626078,0.375712254922007,0.385530090983328,0.390368472414269,0.370645580513121,0.443847854680987,0.423879737024381,0.416937777473911,0.433225591880446,0.424680509638265,0.436543957011192,0.437584204625907,0.456929343832507,0.46246959687849,0.471254593415258,0.472113113190186,0.475020359268811,0.484477355445198,0.459549251858772
"IRN","Iran, Islamic Republic of",0.307263478650643,0.307263478650643,0.32199549428375,0.336727509916857,0.349755844523876,0.362784179130895,0.32729459502547,0.291805010920044,0.283847863466862,0.309492375298081,0.289450316515145,0.288125686096976,0.280804835681771,0.280076706280846,0.272476245389812,0.280667975708812,0.298534591907282,0.304315897418039,0.260034487754726,0.250247542031627,0.306294077138067,0.30639918815319,0.315425057443649,0.307309025426003,0.290396235779662,0.295718619090461,0.287345680097022,0.276006410014747,0.261095322272289,0.254238705517913
"IRQ","Iraq",0.177800633477571,0.177800633477571,0.177584241366839,0.177367849256108,0.185840398108769,0.194312946961429,0.173890329994275,0.153467713027121,0.167621238686988,0.15005507944987,0.156712776004273,0.174890611861123,0.159023900455715,0.185006728382913,0.192081793941516,0.187148285444457,0.216473799402177,0.210613800405364,0.206465868951804,0.210077243017945,0.20350714563211,0.193937830029418,0.191601546026484,0.214852326212195,0.22642765678474,0.198799474061541,0.213764495096523,0.210261426909187,0.201229627153019,0.229606266597317
"IRL","Ireland",0.802847058840443,0.802847058840443,0.81172226035647,0.820597461872497,0.826947013824814,0.833296565777131,0.829990051593854,0.826683537410576,0.810481165639624,0.800925228528599,0.823274058761211,0.824288388044309,0.830828673358415,0.830971743347655,0.808771893602094,0.80206102253529,0.803318500912453,0.805839108581915,0.80036508905363,0.806795550928683,0.820998377328736,0.813502308608496,0.806706613910948,0.805935154171342,0.808506100911686,0.804594589370561,0.809378138953567,0.80112506725188,0.819898425698972,0.818556083755268
"ISR","Israel",0.736619371768395,0.736619371768395,0.71231218993848,0.688005008108564,0.693076015551318,0.698147022994073,0.69934125305429,0.700535483114507,0.692788218237304,0.676790517420953,0.669670923449788,0.665846971141435,0.656956344424196,0.66006666402558,0.659877587999325,0.663337086233205,0.678893676214623,0.674789174939234,0.679220430897654,0.686295236873583,0.708638236479976,0.701458419328414,0.699339086537356,0.687541093934104,0.690324559012966,0.677989849279111,0.676678337769934,0.660750704307699,0.633436876202866,0.620553568439092
"ITA","Italy",0.685822117498141,0.685822117498141,0.671066200291116,0.656310283084091,0.666179786081512,0.676049289078934,0.665989781548001,0.655930274017068,0.648246227504965,0.637064204619517,0.619452578478632,0.594751829378944,0.601331930681682,0.58256378385597,0.576097958833543,0.591398839913049,0.604837974085822,0.609862376454621,0.607225036453395,0.611491697028521,0.593012865077073,0.592854200159488,0.58846134246894,0.584411752913077,0.606558727664708,0.611551860305225,0.618313629544055,0.615411994444771,0.630704748589787,0.624444632852655
"JAM","Jamaica",0.46763776811296,0.46763776811296,0.467421376002229,0.467204983891497,0.435107276733341,0.403009569575185,0.422597278806808,0.44218498803843,0.439870608819613,0.457075349102754,0.460908985841642,0.451569301066062,0.469252591992905,0.467958871880855,0.438973630873118,0.421165880037981,0.443024059080697,0.429714276951231,0.445629769931477,0.464395600481019,0.472965402980936,0.478215821987307,0.482833158787281,0.472654902166884,0.466757742911875,0.480036834382101,0.485968038903216,0.487076836311798,0.485455462961306,0.485293543276346
"JPN","Japan",0.777705598263783,0.777705598263783,0.769534225216803,0.761362852169824,0.761890703553711,0.762418554937598,0.746003594940486,0.729588634943374,0.731013284562674,0.732153611282214,0.741813621077666,0.755535580557849,0.751709831138675,0.745583220767636,0.762334589926467,0.76821214070563,0.777943196282201,0.770050425332202,0.775049608245815,0.791673961605406,0.787545618659793,0.787079587888144,0.798164786436142,0.797749114703274,0.802716149301092,0.803093083311821,0.806691158757888,0.802011821634595,0.802015735342604,0.802632364001043
"JOR","Jordan",0.546734465933808,0.546734465933808,0.547205239081234,0.54767601222866,0.549873669099662,0.552071325970664,0.514881345558373,0.477691365146082,0.50637069795631,0.522414045387511,0.533008732520901,0.530414383404089,0.554895705272547,0.556086510838256,0.523209945834281,0.512192678075312,0.530863261751348,0.536393750495204,0.526706604326357,0.523147626024593,0.528266816005245,0.534574195756965,0.539417329547633,0.529930980561171,0.528061406238419,0.522403662080546,0.509510190656685,0.516075375939609,0.525408351501458,0.534455147149032
"KAZ","Kazakhstan",0.217208458305751,0.217208458305751,0.245363224451314,0.273517990596877,0.266937499920128,0.26035700924338,0.280193458580509,0.300029907917639,0.299589755541811,0.308138212358755,0.333464475831495,0.315425676448487,0.336283144314548,0.342893816469139,0.354016973991254,0.345976240917003,0.383695140995724,0.372396785136472,0.365057104993444,0.381449291602876,0.402573989848001,0.398779030927558,0.408656730747113,0.42682164737395,0.414746859768487,0.417847035677682,0.407836309721587,0.412816463228397,0.425366067480633,0.424615494162345
"KEN","Kenya",0.325840432852911,0.325840432852911,0.303898748060718,0.281957063268525,0.296344862291791,0.310732661315057,0.309692962817538,0.308653264320018,0.318669501415964,0.355135375958779,0.353431734868487,0.346417631302508,0.328578091573739,0.318608699166524,0.309953214416247,0.325701296539579,0.327737123581161,0.34376585451102,0.352912270001764,0.390806248610234,0.372536899876806,0.378506502665794,0.392133754405717,0.398821123256563,0.389180222739506,0.385301358711627,0.411821962068022,0.416025723764418,0.415428024673293,0.408045273774259
"KIR","Kiribati",0.681283633927408,0.681283633927408,0.67909015034709,0.676896666766772,0.675454165846652,0.674011664926531,0.675824640242375,0.677637615558219,0.676094815886396,0.612174060007208,0.677240494002602,0.682886836490711,0.671588700278337,0.58344486735565,0.570032749748884,0.571736610486054,0.572477818860175,0.572126543598388,0.575616732491508,0.565542508619742,0.565823636655821,0.565869962179204,0.577317598043977,0.557823098960263,0.617319507773742,0.732250355748071,0.71437241775143,0.654963488299131,0.647496712485272,0.657752224903068
"PRK","Korea, Democratic People's Repub",0.300132343234429,0.300132343234429,0.299765702675123,0.299399062115818,0.299157939763401,0.298916817410985,0.257130057149722,0.215343296888458,0.228642296352999,0.223072171331594,0.226531889212351,0.210269473972085,0.21042833856865,0.202922785096855,0.201378747415355,0.2387964317526,0.238745114254715,0.196967778841312,0.189406095608213,0.151191951723054,0.151360800268624,0.15138863551845,0.146767864240019,0.158537781978668,0.158619969846877,0.165697850879099,0.165311112630446,0.204104085943111,0.196167625232267,0.196159098939816
"KOR","Korea, Republic of",0.657578584061975,0.657578584061975,0.647807303154864,0.638036022247753,0.6503773313719,0.662718640496047,0.660952390061546,0.659186139627044,0.657480002549501,0.675614567971364,0.683635812377158,0.669208446963985,0.706125855584494,0.679333389296696,0.685912232621859,0.680526551074369,0.682549219271162,0.704261632658408,0.699078066174572,0.714582879396452,0.7025902596913,0.706088236064644,0.702848724163137,0.72246091403772,0.722553265566015,0.730028607608121,0.734059047949792,0.733670931916177,0.73731369551799,0.723934744589818
"KWT","Kuwait",0.657938026194048,0.657938026194048,0.646767484849956,0.635596943505864,0.635428494318254,0.635260045130644,0.627785162350193,0.620310279569741,0.596754589581422,0.601080694588923,0.597630860817681,0.569356736561764,0.585294813234659,0.579208498081804,0.564242738234595,0.568317028080296,0.562111165122056,0.56615362613833,0.559107354288657,0.503950448942245,0.500816647092802,0.487048941158279,0.489994385825796,0.497255212739583,0.514026210342157,0.530132396748396,0.52466390832786,0.545464068326633,0.538952756432538,0.546893829727823
"KGZ","Kyrgyzstan",0.331753965784288,0.331753965784288,0.334707277803621,0.337660589822953,0.32836959676667,0.319078603710387,0.340582572210309,0.362086540710231,0.361161447963338,0.374686623808635,0.292907159018589,0.264824267321912,0.28410762585207,0.257671886062215,0.257515257870227,0.26768502813397,0.30206082285631,0.314182774636872,0.311756794836078,0.337202745889488,0.333473601160886,0.340901539413116,0.35832888182327,0.362590151065934,0.353349686775565,0.355132560485159,0.325232410358515,0.31579626066765,0.306335290879559,0.31388431446532
"LAO","Lao People's Democratic Republic",0.256510812696644,0.256510812696644,0.256067275762103,0.255623738827562,0.245753596857404,0.235883454887247,0.214859424799938,0.193835394712629,0.177816348213304,0.219302851192195,0.268516291728115,0.28140119692373,0.291267674784602,0.295957874444413,0.295063751907334,0.311817018016475,0.309559647146476,0.321591044509563,0.33034664830046,0.345097274014512,0.346770304317155,0.350712686228604,0.336628129688462,0.329479083067734,0.312256551387465,0.326043226825098,0.349532244001963,0.333113819574546,0.332131139409794,0.352557540293621
"LVA","Latvia",0.51336712993255,0.51336712993255,0.524579993236474,0.535792856540397,0.533249435547459,0.530706014554521,0.537647345116204,0.544588675677886,0.589159779605524,0.570938134180441,0.601984621363926,0.614378575851176,0.630228274607479,0.630088938615167,0.615041010867648,0.628476291236105,0.611199626584333,0.615095782811889,0.613473770488661,0.635466033966513,0.633105988164947,0.629713442293094,0.627066577604517,0.623653983963062,0.666282311253843,0.68509494655632,0.697282972111396,0.702235050753604,0.714999829074793,0.718728893931804
"LBN","Lebanon",0.454465225346515,0.454465225346515,0.44049789035164,0.426530555356764,0.449414904646099,0.472299253935433,0.4459606180336,0.419621982131766,0.398799058729262,0.446186694574866,0.431238726124784,0.403332989619249,0.382033652138131,0.401208984340056,0.372056771769162,0.370222580561683,0.405094517645871,0.397048652821831,0.377665953999075,0.362070027258577,0.339371998425571,0.330762859166575,0.336801490978983,0.346702932629271,0.328989809662801,0.317412502268353,0.300556900681912,0.294667588810821,0.28784401892765,0.284080469510777
"LSO","Lesotho",0.520616315561798,0.520616315561798,0.519636910132318,0.518657504702839,0.528254865218286,0.537852225733732,0.538934935083565,0.540017644433397,0.54002694947387,0.452904913828137,0.489407389528004,0.472328466970221,0.463822222289669,0.464698753108602,0.465052744004519,0.449250708620765,0.450191735750269,0.460973961381766,0.461167170762908,0.470853578119529,0.474875172682382,0.46344257264481,0.450946582198731,0.43346914033247,0.432597541584346,0.42707577881192,0.420582857351892,0.407943976627655,0.412493821932356,0.419615772115485
"LBR","Liberia",0.0701652966558725,0.0701652966558725,0.0939603118857876,0.117755327115703,0.117462228324767,0.117169129533831,0.120211927688094,0.123254725842358,0.14240751428743,0.199357696618301,0.252312761819079,0.335083732584798,0.309314121872548,0.319726322386026,0.310282584893918,0.322219374356235,0.321665365025955,0.334354425077891,0.33130708422683,0.346390674640195,0.342557916488819,0.339416307191255,0.342703322722126,0.334863366862363,0.326948930743023,0.33000543685927,0.332483333194889,0.329328944442599,0.321142246033896,0.32748039631645
"LBY","Libyan Arab Jamahiriya",0.248060438194723,0.248060438194723,0.247844046083992,0.24762765397326,0.256126350788365,0.264625047603469,0.244921055317787,0.225217063032105,0.256229804467953,0.275229578910577,0.267299408087606,0.272859129834148,0.28716660798767,0.298302325317633,0.265325441594058,0.262420531759501,0.263102734995003,0.293536826714428,0.222282620676391,0.182242312678753,0.15045397814841,0.162133920538629,0.179374163744431,0.187609783503258,0.177047324557256,0.174633465270554,0.188745417766765,0.15272418837683,0.167643582764861,0.161745125596481
"LIE","Liechtenstein",0.77433202189504,0.77433202189504,0.773434195312879,0.772536368730719,0.771945917986571,0.771355467242424,0.772097554204057,0.772839641165691,0.733212449009976,0.631148375379869,0.719080848102123,0.748099934696986,0.805511535215065,0.804960381294201,0.835566855877143,0.835480614525639,0.830356951735833,0.818246042202871,0.817621526224719,0.83080555053252,0.831083703351795,0.825272545833514,0.825160346214598,0.826678605339767,0.826663250026198,0.827221272903978,0.826752067236545,0.845839480783534,0.845768195387639,0.845756673910488
"LTU","Lithuania",0.581726090598666,0.581726090598666,0.583064139444298,0.58440218828993,0.559550511833136,0.534698835376342,0.542508889308836,0.55031894324133,0.575758045305723,0.573003513711077,0.60421575441594,0.618731477777806,0.621956313274275,0.603725582455598,0.606495309620629,0.620260160145737,0.60996161690773,0.617596682166015,0.618007721346546,0.648691052368928,0.670358078723997,0.680895717572773,0.672349437256711,0.650377720745911,0.712036373363271,0.728452201963947,0.742559541875717,0.746074431058676,0.766152711608601,0.775208552713973
"LUX","Luxembourg",0.841408903733646,0.841408903733646,0.841567968009191,0.841727032284736,0.858848536385025,0.875970040485313,0.868884272133377,0.861798503781441,0.84997391393804,0.836586336877928,0.811660090306017,0.828254132396429,0.844623635473722,0.839932477354806,0.8397058017766,0.847918198870041,0.851919945342272,0.855882454894915,0.853075567471687,0.850396274916742,0.863042683538529,0.860099095885527,0.860034040473811,0.872492451335836,0.868843817172009,0.859593928033779,0.846913434210089,0.849790948088577,0.84597857716107,0.852590627100623
"MKD","Macedonia",0.411704331180847,0.411704331180847,0.409974951470021,0.408245571759194,0.392080869427838,0.375916167096482,0.376087401805865,0.376258636515247,0.357579546514659,0.438031545445019,0.425540946331402,0.397465283013804,0.424331370941565,0.438801228041702,0.442459866122432,0.417612552651354,0.423520814057656,0.462922968002801,0.460657150711943,0.462437049204735,0.445250679387762,0.437018753690068,0.438043206697457,0.455525041501279,0.443647876182419,0.466262459169642,0.477421938298237,0.464815265793489,0.446114350880377,0.45588881666722
"MDG","Madagascar",0.439448826909953,0.439448826909953,0.433146469084582,0.426844111259211,0.435141042448876,0.443437973638541,0.439177103753837,0.434916233869133,0.399657259017822,0.432543069158575,0.443153670706678,0.439324866199109,0.439530076286955,0.430441707475725,0.35886905340023,0.330893728770131,0.328924095310451,0.33558806178483,0.297243327846687,0.318126634172773,0.343587561149691,0.352216149141348,0.343066079525269,0.342580220630896,0.333165576366188,0.329351268552573,0.322458469967003,0.307728131637329,0.310026935895699,0.32454461611157
"MWI","Malawi",0.436314745509939,0.436314745509939,0.427405069417998,0.418495393326058,0.418353082116942,0.418210770907827,0.413362535319218,0.408514299730609,0.427102655602641,0.443274636232821,0.466364155674206,0.456708538816316,0.468025564660207,0.480761928662528,0.476383048500587,0.474299178696393,0.462713424881087,0.441131262092559,0.45360476868548,0.43897872268711,0.436893894423813,0.432215076465867,0.448808180065073,0.442369810902408,0.439940256847871,0.448350895232752,0.451790625247602,0.457781114457908,0.473974560578449,0.471589495000677
"MYS","Malaysia",0.601512001185933,0.601512001185933,0.571314688801108,0.541117376416283,0.518318070404572,0.495518764392861,0.520449184255456,0.545379604118052,0.568894519658635,0.574909110121839,0.556160232317708,0.577380157468441,0.560418885765732,0.544635560302413,0.543065324738724,0.545838925675969,0.528480891839807,0.548574268120628,0.539094109182549,0.549139319698507,0.523600058657697,0.520511064771388,0.526889250689452,0.557989691133359,0.568479187380033,0.570684322228839,0.561032479303673,0.55976657447355,0.561042563092168,0.569718894327967
"MDV","Maldives",0.484893067113862,0.484893067113862,0.453186451206125,0.421479835298388,0.451966432605629,0.48245302991287,0.451379376404143,0.420305722895416,0.420321577406435,0.353942333988493,0.47317915932913,0.481803653901695,0.465976438998551,0.455921264501486,0.472265108829837,0.460167477949051,0.404585595829297,0.394762568114494,0.346185524456043,0.388726771743603,0.370882279976128,0.37627255414016,0.364716213038622,0.375806982630165,0.404211637035371,0.438606201581841,0.473789478131797,0.521959995354668,0.520089342765423,0.509658152780937
"MLI","Mali",0.44990278029817,0.44990278029817,0.448915986746428,0.447929193194685,0.447909564750941,0.447889936307198,0.442179566754121,0.436469197201044,0.465110630940849,0.428152507776298,0.45296919049183,0.447299745145724,0.473824841279172,0.42722737509361,0.438995875111501,0.41723104599198,0.408529395461504,0.351097068265291,0.336642666318214,0.360267565041035,0.350605798070558,0.34935800412393,0.350137530894332,0.35073319325986,0.339324814282574,0.334350471434085,0.324548270236906,0.296852695857923,0.293806972406601,0.282283937758944
"MLT","Malta",0.693779424694507,0.693779424694507,0.723412733816098,0.75304604293769,0.764244669130333,0.775443295322975,0.785026448678988,0.794609602035,0.797219805662832,0.752863376606697,0.804637879773446,0.80196591543707,0.812939673146276,0.816406739213501,0.780286309306255,0.782253806200847,0.74451048538286,0.750868264109157,0.74261057982303,0.706342986507452,0.718824360452188,0.708817108910347,0.722919596622901,0.712181719692884,0.704190966267351,0.689259790819495,0.673852920137354,0.671400562743289,0.659353211029692,0.646005110503945
"MHL","Marshall Islands",0.496682593328358,0.496682593328358,0.49448910974804,0.492295626167723,0.583153645547127,0.674011664926531,0.675824640242375,0.677637615558219,0.676094815886396,0.674858164026857,0.742177555986791,0.725779359040059,0.742679688718042,0.741737643225739,0.680499314861484,0.704358516899551,0.626361970387447,0.625833859420886,0.632361185569184,0.632957207356877,0.637957009275328,0.638022623788188,0.637862041952394,0.616786724319047,0.670098735664647,0.657719537454026,0.657102130047565,0.667785095258056,0.667693901867845,0.667679185527012
"MRT","Mauritania",0.389222255164817,0.389222255164817,0.388778718230276,0.388335181295734,0.388579358736546,0.388823536177358,0.389190136800868,0.389556737424378,0.370195024862429,0.323054711401574,0.342660811067263,0.352341088279195,0.381012773384485,0.285533773063721,0.313745397798867,0.321193563531781,0.310327193178072,0.303265685822217,0.287167207024611,0.303185554647504,0.306272252225542,0.317989554552936,0.339681181358354,0.336275276962733,0.344625392648746,0.359793806692856,0.326266467924847,0.331326512991594,0.330276401235262,0.328377773620905
"MUS","Mauritius",0.661622143312639,0.661622143312639,0.680583449599747,0.699544755886856,0.695389086872816,0.691233417858777,0.691832434831171,0.692431451803564,0.681103563423156,0.67360705540916,0.688248316945813,0.673851362641309,0.677841807283267,0.689027943555704,0.682606147748388,0.668028104576834,0.677286480071718,0.706241709328746,0.68710090162248,0.692486064004621,0.677246564243597,0.692896843602477,0.685759278523104,0.685853247451138,0.679115120203551,0.691443100755777,0.644827843173088,0.637350644116467,0.633257764157719,0.62832034195265
"MEX","Mexico",0.363656237140674,0.363656237140674,0.366129231357331,0.368602225573989,0.380449608772968,0.392296991971947,0.417813429705331,0.443329867438716,0.452957169817228,0.464482041511503,0.459143464235418,0.459141167927147,0.442287163772546,0.392717795454604,0.405262886961889,0.399176392097952,0.37740525312266,0.382016939007496,0.371500146644243,0.384367839511774,0.364427417329707,0.367498360236216,0.355035955794588,0.339807638056449,0.325881426947525,0.303786248923331,0.296167776988291,0.284699634092263,0.285607434639479,0.270400063226352
"FSM","Micronesia, Federated States of",0.681283633927408,0.681283633927408,0.67909015034709,0.676896666766772,0.675454165846652,0.674011664926531,0.675824640242375,0.677637615558219,0.676094815886396,0.668895110708416,0.764417121881494,0.764123254326484,0.755674756806977,0.606047948833619,0.605640763457405,0.599834338330952,0.552214455863597,0.55192468172768,0.551276923116244,0.530841676453599,0.531130152676146,0.531177716209205,0.531061343299604,0.506974107866266,0.545091307606587,0.634571991301025,0.677407205983085,0.695982982079371,0.695891808657058,0.695877092316225
"MDA","Moldova, Republic of",0.485798331738031,0.485798331738031,0.499232124498087,0.512665917258142,0.483864291056554,0.455062664854966,0.424172965606654,0.393283266358341,0.393154872774139,0.454166325881207,0.437970503580803,0.435849154032046,0.446159019068224,0.442001183537251,0.432645464539569,0.433906816688946,0.445231150783508,0.428814882889077,0.415895073807741,0.427938032583776,0.417073998474133,0.416076382321669,0.414300657119562,0.420232320902332,0.425973990135539,0.425363511589687,0.450495806901161,0.461904405525325,0.462091644504962,0.468587900603957
"MCO","Monaco",0.681283633927408,0.681283633927408,0.67909015034709,0.676896666766772,0.675454165846652,0.674011664926531,0.675824640242375,0.677637615558219,0.676094815886396,0.674858164026857,0.754367498460076,0.753823393207209,0.754896008784597,0.753904482841026,0.752707547130629,0.752354035464265,0.755360162573833,0.754214863847689,0.75165489945125,0.752947461425216,0.821038412964246,0.821142885006633,0.820887236008414,0.807645045213711,0.807605888165714,0.776300437312941,0.775102922533501,0.769628383839868,0.769469059981649,0.769443341329012
"MNG","Mongolia",0.54815578091414,0.54815578091414,0.547922036700038,0.547688292485936,0.530335829693319,0.512983366900701,0.521375035782473,0.529766704664245,0.529866843672764,0.527233077925281,0.463592451687271,0.456773734003318,0.454167563890884,0.432121786446366,0.450512719710775,0.436459173316243,0.453605227947134,0.454134616859168,0.449709231462762,0.451664687714855,0.457788642355458,0.472019463748521,0.466980964043726,0.464880840370553,0.460101543949823,0.466013619224645,0.46622436042024,0.4708358066903,0.469343286185665,0.480880577912502
"MNE","Montenegro",0.446331681482315,0.446331681482315,0.446331681482315,0.446331681482315,0.494580942110987,0.54283020273966,0.545260086264514,0.547689969789369,0.532196578205151,0.531498041229077,0.531210423626145,0.511233500126517,0.495275515459306,0.491865018447143,0.4929720586807,0.479784480087054,0.46843828114417,0.485871653859523,0.490027792119166,0.491343596726415,0.498227928923229,0.493502386083941,0.484372104654789,0.513787254506675,0.516471079774468,0.523453474318408,0.504359072007116,0.489898000782103,0.526291132272468,0.537020982107485
"MAR","Morocco",0.587925064632092,0.587925064632092,0.569558402347714,0.551191740063335,0.547382524063713,0.543573308064092,0.506405312307509,0.469237316550927,0.432328274479684,0.458489635382987,0.413353260230592,0.425270800639228,0.424232989108071,0.407511352149377,0.41813559177182,0.423949724506905,0.424531628990704,0.434562981785443,0.414269407359177,0.426423487487636,0.427166912298436,0.442191797091652,0.426644631958094,0.435942364179955,0.436932372563278,0.437970982810355,0.411986457611827,0.411107969938889,0.422248799050742,0.4273599020327
"MOZ","Mozambique",0.3581319384452,0.3581319384452,0.357784826490148,0.357437714535096,0.358445723978474,0.359453733421852,0.364162353467577,0.368870973513302,0.348442256353306,0.371376745034543,0.38836241750862,0.401882481572026,0.390367194468796,0.384657314129221,0.385602854003675,0.373750568685735,0.344283102941064,0.365881958892328,0.312103976678773,0.320167373317265,0.330521287536453,0.298743156601994,0.302822877715954,0.304941192144214,0.307992047345324,0.293007098348128,0.291385964612412,0.286579332139306,0.280817794847579,0.262195992746382
"MMR","Myanmar",0.200413379418177,0.200413379418177,0.200196987307446,0.199980595196714,0.208479292011818,0.216977988826923,0.176405326684396,0.135832664541869,0.135694945949296,0.137945427894483,0.132476080854332,0.169917387214922,0.170032062853192,0.162759494815375,0.161473102921894,0.20715174628054,0.225159675293225,0.214224255948197,0.248265388699895,0.250856283370351,0.251577224327992,0.292126833532267,0.282904140671126,0.266471778650899,0.263843963337022,0.268543567876796,0.18834194641958,0.169583484024404,0.156507226462161,0.139063710054619
"NAM","Namibia",0.598997923019121,0.598997923019121,0.585820038839958,0.572642154660795,0.581166989454394,0.589691824247993,0.581069546112106,0.57244726797622,0.566533455494271,0.504457034514751,0.513185821418622,0.554811740261417,0.556333853190902,0.57457872128137,0.574714083661978,0.560111220393198,0.534791925716864,0.552063977784196,0.55127496626224,0.541797782540965,0.555343305674334,0.563006306021935,0.544826852765346,0.537391526390852,0.537925547855224,0.544469028033012,0.557891748593621,0.564452361227901,0.562465096114279,0.566268641230866
"NRU","Nauru",0.681283633927408,0.681283633927408,0.67909015034709,0.676896666766772,0.675454165846652,0.674011664926531,0.675824640242375,0.677637615558219,0.676094815886396,0.674858164026857,0.754367498460076,0.753823393207209,0.710917212615622,0.709975167123319,0.708837975363767,0.708502095351346,0.711358203643167,0.739800956797775,0.71553239288261,0.672852648254454,0.573255089258102,0.54799937236903,0.577236568313853,0.540651645163104,0.54342614465576,0.543695192113543,0.542741944630457,0.570229373640585,0.570097026412577,0.551083813574592
"NPL","Nepal",0.503817203158826,0.503817203158826,0.503855940880965,0.503894678603103,0.467311372852093,0.430728067101083,0.398723380395805,0.366718693690528,0.359764234235904,0.331561874605434,0.323771858458593,0.359320367831045,0.361327321292105,0.351445128695499,0.339127870904504,0.311521273479053,0.325493870015054,0.382034091431887,0.380781325478655,0.385757205855291,0.381185076376411,0.387678057740132,0.41215738281879,0.427482844380746,0.418378121861047,0.42641571997531,0.429714396758619,0.434096132329976,0.433602166469011,0.440169348541737
"NLD","Netherlands",0.845660328802591,0.845660328802591,0.849279959594559,0.852899590386527,0.859833792408621,0.866767994430714,0.857440470105022,0.84811294577933,0.841816648211004,0.842155503440229,0.840725662167447,0.854065036721763,0.8576664268389,0.846700436642019,0.834522534811235,0.838328116653419,0.84247814473627,0.85405413424945,0.847138272741679,0.865445879967694,0.876989062224443,0.878475073194327,0.87326273296946,0.864263800373416,0.868873010238899,0.866609429352618,0.855585092957754,0.846029714947873,0.843747304333769,0.841638953886616
"NZL","New Zealand",0.866412106584486,0.866412106584486,0.865690726333089,0.864969346081691,0.866645611183812,0.868321876285933,0.867594785215704,0.866867694145476,0.866380357626651,0.856095053105024,0.859019691222815,0.862084004787184,0.861654295622014,0.866105180024179,0.866342997689475,0.859290116465561,0.877528814475544,0.866642256576946,0.855196018465034,0.862884477882598,0.871484411940611,0.873312632746586,0.864060347460595,0.860478765498284,0.856989934422228,0.853562344889368,0.846326178329623,0.844653427577552,0.841765270809425,0.83375798396434
"NIC","Nicaragua",0.379856092956476,0.379856092956476,0.370891475193161,0.361926857429847,0.342437859502036,0.322948861574224,0.349392079341884,0.375835297109543,0.404163913759128,0.389654001055583,0.392612844182665,0.377341116234253,0.368510532986329,0.354121765520009,0.341852450652136,0.333310882760004,0.345644673970551,0.334604742647341,0.334518661039021,0.31998502647264,0.300195980925386,0.306654657440326,0.318395961181128,0.240131465445632,0.234547422799314,0.233752221228975,0.206401452512824,0.202331695379972,0.182112381566403,0.177382246110573
"NER","Niger",0.362949253743741,0.362949253743741,0.362671200763956,0.36239314778417,0.342207360071361,0.322021572358551,0.331284700213161,0.340547828067772,0.340328920001891,0.365586953167132,0.371339704583735,0.376095938082264,0.374433131343402,0.365825629452043,0.372520286585662,0.377096389676245,0.397331418225547,0.362976310245544,0.357860834293922,0.36293903017996,0.384805076574493,0.386903403136845,0.388978347290628,0.386095402143881,0.393145268215196,0.397120657062054,0.381199792717244,0.367921579834532,0.340243716981084,0.311961326015392
"NGA","Nigeria",0.274113253604445,0.274113253604445,0.274315159005171,0.274517064405896,0.265287352828604,0.256057641251313,0.226059438761492,0.196061236271671,0.216185163436446,0.253407242244788,0.247953330389799,0.279794080652417,0.293051606792791,0.301309151303632,0.300241248150174,0.278029078211541,0.288903016398596,0.284053972110118,0.264011713648202,0.274761830899699,0.308935510558386,0.325193492925294,0.342298174071509,0.338299023426018,0.333530290023335,0.332812004796129,0.315834399352848,0.301159272261171,0.314132894827644,0.29973673923906
"NOR","Norway",0.885949975942677,0.885949975942677,0.886452448128193,0.88695492031371,0.884832931792216,0.882710943270723,0.879876300469262,0.877041657667801,0.875868423852341,0.869449723069216,0.876060435159603,0.882424663516957,0.874877157491444,0.882740535695573,0.874376801903116,0.880895222368902,0.893357546938937,0.897313586892624,0.898849597479125,0.890608326805162,0.896176295293582,0.901289135482667,0.907917559098588,0.905935206087877,0.906609921361625,0.911978969650073,0.911794386400871,0.888362537316008,0.897357935594104,0.890067715934447
"OMN","Oman",0.604632783965874,0.604632783965874,0.599762034572259,0.594891285178644,0.587638904685715,0.580386524192786,0.592265217055844,0.604143909918902,0.604006890202759,0.60150401402673,0.562115078830067,0.562261403586682,0.558894236913199,0.57322641535656,0.580754891975269,0.583130053475628,0.549493789823976,0.56367834559735,0.551323488254403,0.541637999421091,0.543060312796324,0.545054766353229,0.536923359054116,0.537499812301759,0.552857262436326,0.551971127058451,0.54583249601281,0.571175852006247,0.569553679939834,0.590529956799053
"PAK","Pakistan",0.409621639482637,0.409621639482637,0.370300824770034,0.330980010057431,0.309712621213128,0.288445232368825,0.30090485128868,0.313364470208535,0.299424341474698,0.300857337675366,0.317060847616504,0.34448971078177,0.341010843686822,0.306632413201944,0.322564140083271,0.338333028756329,0.271073859976793,0.288360448673876,0.291376679539837,0.30697516217128,0.318130567848681,0.318503967541463,0.327984346126419,0.333147765001163,0.338609783822744,0.338470308055146,0.336442667851748,0.318919080173187,0.300267206417587,0.297709857815787
"PLW","Palau",0.681283633927408,0.681283633927408,0.67909015034709,0.676896666766772,0.675454165846652,0.674011664926531,0.675824640242375,0.677637615558219,0.676094815886396,0.674858164026857,0.754367498460076,0.753823393207209,0.754896008784597,0.741737643225739,0.740600451466187,0.740264571453765,0.759001907812847,0.757913777178705,0.755481567393732,0.756709613089229,0.770597006604422,0.770698503430006,0.770450122746663,0.762880731904931,0.732282783614439,0.732609198843204,0.731452678158378,0.73481353497609,0.734658584087534,0.734633564311328
"PAN","Panama",0.457898006532857,0.457898006532857,0.457897856773622,0.457897707014387,0.449759051368296,0.441620395722205,0.462171306434072,0.482722217145939,0.483414983399488,0.498283918909248,0.485364149763708,0.488534153412242,0.496009235871674,0.484676016062497,0.478374067579035,0.475893036283428,0.494153000104792,0.445544087681117,0.441190127455892,0.472376988962385,0.466801752159089,0.473738400248688,0.468921883666068,0.450536022247753,0.445171606511643,0.45292875549836,0.454794515952593,0.457940098861862,0.455286904349615,0.448201615227231
"PNG","Papua New Guinea",0.405152803940162,0.405152803940162,0.400615917801269,0.396079031662377,0.380283326102292,0.364487620542207,0.378139782234897,0.391791943927587,0.374644411672243,0.412920216426456,0.359701295421377,0.363847948929465,0.369383489551518,0.364686880196446,0.361388682642689,0.360374053841121,0.368779520540418,0.356489938256064,0.340224767445873,0.384228483551564,0.378170303167005,0.377337661787897,0.377016038854654,0.367312279394663,0.358214465767675,0.368943556822568,0.371136750868364,0.391799272146156,0.398813016289971,0.386719378988787
"PRY","Paraguay",0.401894042984974,0.401894042984974,0.370738301447529,0.339582559910084,0.317695177816528,0.295807795722972,0.286493000932261,0.27717820614155,0.279504246612805,0.338910081040912,0.335697525801719,0.345038728137548,0.345783430893821,0.350501925065111,0.354127715953616,0.358925802166373,0.35939918112449,0.349308823191132,0.347939065323461,0.38157265327678,0.391065891188055,0.402815741189205,0.402309654814148,0.410135972599571,0.415041526039417,0.426378579685012,0.395371569035892,0.392900262106616,0.384965778217675,0.384272912124636
"PER","Peru",0.375420623771575,0.375420623771575,0.376227935872057,0.37703524797254,0.363064278820226,0.349093309667913,0.371503740865885,0.393914172063856,0.396868162991721,0.425094723714579,0.405664401455069,0.39805956759437,0.392133794341513,0.385170848530235,0.40020607669462,0.4027766640128,0.412280744492694,0.403368173055542,0.389970931532793,0.390239899118984,0.410543118039989,0.43306301325485,0.42600176548167,0.408766234699798,0.409661395567574,0.414523498861351,0.396805803246237,0.403508627250143,0.405203362657922,0.399809933566005
"PHL","Philippines",0.496828878149177,0.496828878149177,0.499351233009715,0.501873587870253,0.453734769685472,0.405595951500691,0.414137120034862,0.422678288569033,0.388094887611085,0.396939847745576,0.431422710337045,0.418005620723675,0.410985726467273,0.390932066335594,0.374516876707655,0.370777009217821,0.396466628530644,0.403306671929672,0.406957602401771,0.428713885260944,0.414948036340935,0.406363158078021,0.382735264170498,0.373047578868405,0.371590681093819,0.374379098211388,0.366284192229836,0.3745655784109,0.380763793664202,0.386193184940435
"POL","Poland",0.632017937402397,0.632017937402397,0.63408936720613,0.636160797009863,0.63342660271934,0.630692408428817,0.62035453841568,0.610016668402543,0.585497187880988,0.554107292787531,0.614560663113126,0.570517989638418,0.595298770073329,0.610998010718129,0.607914208485302,0.629769352407522,0.668819272631775,0.674630849475915,0.664960795827764,0.676717634593217,0.667693921835743,0.651472241107416,0.624427280749285,0.610095341920701,0.605908752616593,0.592669457167102,0.582642417438333,0.57159799333807,0.571975067124086,0.615999589779503
"PRT","Portugal",0.751830137724184,0.751830137724184,0.739636221639195,0.727442305554207,0.723412024955719,0.719381744357232,0.733604259104722,0.747826773852213,0.751608833510542,0.737913571109998,0.729668985764965,0.707842036514736,0.731499502879211,0.719864508227413,0.706016411535503,0.676724523518031,0.673938861970387,0.67813583458146,0.680637352940425,0.70411313140091,0.725898287840604,0.723582690580008,0.734879888301176,0.726507688119963,0.723754214823912,0.737033346229933,0.734242932322564,0.725578462018183,0.716940768665033,0.714889306759309
"QAT","Qatar",0.498343043855255,0.498343043855255,0.519067445648979,0.539791847442703,0.565729388177215,0.591666928911727,0.601041507589079,0.610416086266431,0.610538549384925,0.59129820170708,0.579099233743895,0.601569029502649,0.610152629820091,0.603301683948749,0.652172455386923,0.641916064381615,0.628951527208737,0.646127753333521,0.653128638151017,0.619323386178509,0.607796577598127,0.616989218772763,0.594681222891582,0.593434786762018,0.599416450161405,0.596375399198217,0.600708752552696,0.620159821458238,0.61519138910756,0.618531878669301
"ROU","Romania",0.493494279117349,0.493494279117349,0.481287094364133,0.469079909610917,0.455742322183472,0.442404734756027,0.446202019936588,0.449999305117149,0.44457650324726,0.470836964828385,0.482602469661574,0.504781253274735,0.509774326011558,0.51928745194925,0.524565726173346,0.521506903780929,0.531172225037252,0.530116662044764,0.541761141448117,0.573753647735608,0.577802198960775,0.574731755251717,0.579836628249496,0.562113281719246,0.574040187072048,0.592529761752626,0.592966000420444,0.587709491205179,0.583039479090256,0.574903319431417
"RUS","Russian Federation",0.327643194588923,0.327643194588923,0.320851693149957,0.31406019171099,0.303892108734629,0.293724025758269,0.303736828375757,0.313749630993245,0.307798977739468,0.342722352128929,0.317216657124674,0.312375679866992,0.318300614468132,0.306024830001304,0.306449886646237,0.315091194188926,0.363948067970086,0.30809452259791,0.318067509226766,0.330547984616092,0.31932748359118,0.327666197607431,0.333638655805834,0.334578025599804,0.327717235554743,0.335985702505796,0.320537717921652,0.290169520265659,0.286466194029183,0.269870095245276
"RWA","Rwanda",0.196602086757162,0.196602086757162,0.19712310911993,0.197644131482698,0.211836414832602,0.226028698182506,0.254134852480364,0.282241006778223,0.297834856857328,0.327080638998295,0.332801222131204,0.349796179677855,0.364055595100868,0.388663273827932,0.376168221873059,0.408874919968665,0.417596957723008,0.436329122396506,0.443113395456393,0.457088148525379,0.469203391092209,0.476177838412741,0.473120054351021,0.472165808473034,0.472733675524533,0.49451519780679,0.504603019817101,0.502152918795511,0.515074844474036,0.520825499261348
"KNA","Saint Kitts and Nevis",0.681283633927408,0.681283633927408,0.67909015034709,0.676896666766772,0.675454165846652,0.674011664926531,0.675824640242375,0.677637615558219,0.676094815886396,0.645222229126678,0.684951936470775,0.684665956235479,0.685229709899988,0.68470858769773,0.684079499070934,0.692074365883456,0.693745339492605,0.693108722968258,0.705031035704519,0.533078280709669,0.661222485833974,0.661646584019803,0.670985390207871,0.649004109073924,0.627244471607886,0.627339398995024,0.618598531512857,0.61493765702755,0.61327854434982,0.618702883747856
"LCA","Saint Lucia",0.681283633927408,0.681283633927408,0.67909015034709,0.676896666766772,0.675454165846652,0.674011664926531,0.675824640242375,0.677637615558219,0.676094815886396,0.63644144581639,0.675476789475097,0.6752901495324,0.675658078021127,0.686828639333117,0.686529640028319,0.690283045753004,0.677526933499552,0.66765764016506,0.667018168231298,0.638059264881036,0.660487148021868,0.659630065935597,0.647671012266999,0.633796458110225,0.633953166173806,0.619548584132262,0.625653349622878,0.606997861677738,0.603051985384138,0.601294710519792
"VCT","Saint Vincent and the Grenadines",0.681283633927408,0.681283633927408,0.67909015034709,0.676896666766772,0.675454165846652,0.674011664926531,0.675824640242375,0.677637615558219,0.676094815886396,0.645222229126678,0.683712568977107,0.68352592903441,0.648831366788242,0.706002673621672,0.705703674316874,0.709966660798767,0.710737541469331,0.710443833657506,0.70363074692079,0.640980907814125,0.625159862991466,0.626441941818976,0.624337105721873,0.623234598201164,0.637276722958035,0.630903009849126,0.630084166287543,0.62381242923377,0.610645796965135,0.600999025886064
"WSM","Samoa",0.646031188578746,0.646031188578746,0.645533608528241,0.645036028477737,0.644708804549103,0.644381580620468,0.644792839447876,0.645204098275285,0.644854120926868,0.60746285411869,0.715751460691675,0.697143356568512,0.697517874463582,0.677669584162933,0.652365844479148,0.665425329007062,0.66788868871293,0.667606302699276,0.666975097475291,0.683190208765172,0.683471316833353,0.695922060022543,0.695805687112942,0.684759366062369,0.732270822843531,0.73331574294638,0.711382065281289,0.709866541758146,0.711071784114115,0.711057547002834
"SMR","San Marino",0.681283633927408,0.681283633927408,0.67909015034709,0.676896666766772,0.675454165846652,0.674011664926531,0.675824640242375,0.677637615558219,0.676094815886396,0.674858164026857,0.778375980503664,0.777831875250797,0.778904470860287,0.777912964884614,0.776716029174217,0.776362497539955,0.779368624649524,0.778223345891278,0.775663381494838,0.776955923500906,0.834383698016373,0.83448817005876,0.834232521060541,0.823847357080968,0.823808180065073,0.791741552940169,0.79054403816073,0.74899050294822,0.782356620907699,0.731991611725661
"STP","Sao Tome and Principe",0.532822352160878,0.532822352160878,0.532086355408137,0.531350358655397,0.529265750038977,0.527181141422558,0.496267181178163,0.465353220933769,0.4673253503807,0.408713699160134,0.417703726073666,0.417111917512454,0.427978407673551,0.419948996397472,0.389029844499595,0.403465336847257,0.403315038478938,0.385329333736738,0.367724896039136,0.373664287398435,0.384334533057893,0.399811331318865,0.401128873133241,0.401962672650433,0.403473343974359,0.429541534665549,0.422172421840855,0.4420207520773,0.430289132767033,0.430282603264384
"SAU","Saudi Arabia",0.542446399772015,0.542446399772015,0.524524172977587,0.50660194618316,0.480165108158915,0.45372827013467,0.462672730304943,0.471617190475217,0.479221964432222,0.484298582854317,0.454020540257838,0.474910655637145,0.469360298834769,0.462645094734098,0.440013778648343,0.464942461303811,0.469322938897593,0.463633645460865,0.460331673974385,0.41402246436449,0.447329916639617,0.460870427830585,0.434361585566117,0.454348213464178,0.466943084941202,0.464992860278388,0.467680778965273,0.508654606162764,0.524077830553376,0.542806001647272
"SEN","Senegal",0.483753299495467,0.483753299495467,0.487538144675568,0.491322989855669,0.491520552238577,0.491718114621485,0.499368814743912,0.50701951486634,0.464481921704115,0.473449484732385,0.495267368556918,0.456062417572517,0.465400045654602,0.457257056974643,0.442821444819593,0.432525976637879,0.431855334815324,0.460478258313674,0.459163871427184,0.473662222717781,0.473378758437635,0.487500575075463,0.474927508543066,0.473309929093195,0.478480636250712,0.480956795379205,0.471147046316578,0.47372112801691,0.466790270617733,0.459933474152275
"SRB","Serbia",0.264509213827114,0.264509213827114,0.254911074563646,0.245312935300177,0.232399835432572,0.219486735564967,0.271194755615292,0.322902775665618,0.325644348094456,0.352016310418067,0.325658645109431,0.414315153813517,0.447971245587893,0.424542491527222,0.418590440520584,0.417808138212359,0.454539765509785,0.458206530525006,0.460128540547932,0.486699043681454,0.493054186645214,0.486977316308118,0.480819476144592,0.480853261828024,0.487763891746517,0.473875140414259,0.462337449329462,0.469661534544144,0.464054089521358,0.4608512187127
"SYC","Seychelles",0.592443121043161,0.592443121043161,0.591707124290421,0.59097112753768,0.592354453592049,0.593737779646418,0.59532423912724,0.596910698608062,0.609375559101144,0.592141785494297,0.582954375908939,0.561344557581667,0.57910298770872,0.56589558099235,0.539984637497987,0.522261091288757,0.523166635463498,0.528502776656026,0.53239945204893,0.528794547581744,0.55909609239418,0.56815666589138,0.551103721568908,0.587594276433663,0.587266223837261,0.607225655458233,0.611053142084534,0.620273398862117,0.611553437769167,0.619990673394198
"SLE","Sierra Leone",0.253559197948642,0.253559197948642,0.267101656009666,0.280644114070691,0.282086265552596,0.283528417034502,0.243684473345891,0.203840529657281,0.268178095439524,0.2954513487756,0.309071452008036,0.326704024473934,0.329674908243515,0.32827288225266,0.33355231461484,0.333744665376368,0.344331704804819,0.352722015869527,0.328687475719036,0.32220809249386,0.34319177744324,0.340562065179053,0.349531485221839,0.35370208023964,0.344665128765786,0.366071494180236,0.349222042706382,0.344927127555572,0.335688939605575,0.333356629214345
"SGP","Singapore",0.784633620221442,0.784633620221442,0.778933574071637,0.773233527921831,0.783367895102402,0.793502262282973,0.790283307332468,0.787064352381963,0.795826066349651,0.8005941408117,0.804291736261447,0.78799883004092,0.784323139375289,0.78401261859334,0.776030830754013,0.778937118373533,0.78446459196479,0.810946797053313,0.797028593071491,0.808179825458207,0.809520390258988,0.809780971328015,0.798891318405226,0.80705271748715,0.805586594543684,0.794407506939244,0.786891969518445,0.785925523254774,0.785234034946697,0.786578233904916
"SVK","Slovakia",0.551163066161793,0.551163066161793,0.546480374431634,0.541797682701475,0.544711817704912,0.54762595270835,0.549192354435621,0.550758756162892,0.565995620161379,0.560882959683376,0.581257843390338,0.586727390109469,0.580110448034903,0.594673675026134,0.576164092511751,0.554847602606242,0.565128614029797,0.567685742984718,0.563596157729142,0.544752911639016,0.549654711114036,0.555584258299617,0.552452473207873,0.561836646460219,0.574119819049311,0.605951084560374,0.641992681206278,0.619049147067243,0.611314441997889,0.612811175729004
"SVN","Slovenia",0.711732322180277,0.711732322180277,0.729601164799375,0.747470007418473,0.720226326539349,0.692982645660225,0.6790158098628,0.665048974065375,0.664972956277652,0.646272680337275,0.653899458917887,0.658256294520425,0.673373550809834,0.674519867898776,0.672887092878521,0.666322666375721,0.656423481097909,0.660188368363949,0.648354952709628,0.662585115162056,0.662052631225831,0.663766096521944,0.645706330846025,0.652269199852781,0.683788926219096,0.687785600845233,0.685714989725318,0.684744869368414,0.694649206363913,0.696221099263137
"SLB","Solomon Islands",0.663127443272,0.663127443272,0.659459290487868,0.655791137703736,0.618821253447258,0.581851369190779,0.613717888025779,0.645584406860778,0.652511110937169,0.4398807724797,0.394935889469218,0.389472692541655,0.383860095801182,0.40976005695164,0.386775568653787,0.405586945978689,0.417624852876528,0.422175217346576,0.421654554405973,0.454439806212349,0.45456690188318,0.459855519478445,0.460693671997403,0.468399363710949,0.484302836016593,0.542960932567929,0.503868221138241,0.530234652354103,0.53119692532709,0.531424619268095
"SOM","Somalia",0.0398103576841583,0.0398103576841583,0.0391735414808322,0.038536725277506,0.0380410122254655,0.0375452991734249,0.0189437045850129,0.000342109996600781,0,0.00451585994228798,0.0324901063058941,0.00359965291000974,0.00418656933620953,0.00821099934058023,0.0261517363764623,0.0245751310533083,0.0254671369931989,0.0305999650481914,0.0300219742724018,0.0558320998497137,0.0624250804466674,0.0539482285119859,0.0381893836916267,0.0405864100403064,0.0461552970520355,0.0648201499413423,0.067863517180699,0.0604755346923859,0.0754116621789481,0.0604206229728591
"ZAF","South Africa",0.498484835899022,0.498484835899022,0.498826995815368,0.499169155731713,0.498750668525225,0.498332181318737,0.506871822308711,0.515411463298684,0.519505721042395,0.527287730062134,0.536411402117045,0.56202885744646,0.532497953689812,0.516213334146959,0.507487921817852,0.513784079610891,0.502950676256795,0.502865613011274,0.505732404128531,0.514871990598155,0.509599087738624,0.514802701992061,0.503665606877136,0.487158245431984,0.485843359348043,0.488546373765824,0.524978582432595,0.507612082207676,0.508694861445152,0.504337466741469
"ESP","Spain",0.762716116553739,0.762716116553739,0.741640928711729,0.720565740869719,0.732985783415718,0.745405825961718,0.74119626359095,0.736986701220182,0.735012035850204,0.709625089935413,0.710206974451314,0.724377293113407,0.735177230270439,0.727925768300818,0.696691123614388,0.691766241249268,0.704828341571822,0.717169960198388,0.691779120543485,0.681115184739798,0.691283377539597,0.701759255679829,0.705501299670546,0.698885096408207,0.719569821988585,0.696518620943482,0.684660265384547,0.692621306577841,0.686595973385508,0.686858151886375
"LKA","Sri Lanka",0.524841962074412,0.524841962074412,0.50503042269005,0.485218883305687,0.502013263316831,0.518807643327974,0.533621806893493,0.548435970459012,0.534040334035777,0.531379332075409,0.519937107510997,0.514158877056534,0.503715806172732,0.463785720972108,0.470446712229683,0.454761409177693,0.443598974800193,0.472120820798818,0.429691253964826,0.428815262279139,0.478735386693521,0.479503771376833,0.478506414807043,0.489302218609186,0.485207501603822,0.462674108089906,0.454568938608777,0.434924780129481,0.437797841166713,0.449336071384756
"SDN","Sudan",0.169368010436981,0.169368010436981,0.169151628310198,0.168935246183416,0.172969310698576,0.177003375213736,0.208907004387187,0.240810633560637,0.187631109218332,0.194101367114118,0.173733731754134,0.226632986679974,0.220481636083302,0.215993571455043,0.222571735871674,0.224613173892596,0.21503016031187,0.216461219626431,0.206724593006316,0.213895764058039,0.203247562957984,0.205077800521657,0.224796658907408,0.227647315963073,0.216796919927771,0.232259680756442,0.233132817032713,0.216656405829476,0.170226450340317,0.146709378266748
"SUR","Suriname",0.481065121225908,0.481065121225908,0.480698480666602,0.480331840107296,0.480090727738829,0.479849615370361,0.476219761014612,0.472589906658863,0.472332021256067,0.472574431537905,0.497975973986142,0.459398933522555,0.462843795287193,0.467087532715404,0.4742750375077,0.484617010923878,0.485661591572461,0.48731449423391,0.487186919333526,0.474868543340243,0.46157818997554,0.45891850589644,0.452602500012779,0.44874791694888,0.451163952736465,0.463845644634035,0.461432104833701,0.45694627661002,0.46335078021766,0.459154366707731
"SWZ","Swaziland",0.499696927244008,0.499696927244008,0.479196445458565,0.458695963673122,0.45861862800413,0.458541292335139,0.422616258293866,0.386691224252594,0.405643355290566,0.355158279137796,0.343649980798869,0.379358812424441,0.367604948875791,0.39691402925345,0.386869417774433,0.380697120852747,0.362296782708375,0.378746496831973,0.379627640235346,0.384727401451235,0.393399140070491,0.393427035224011,0.407301769091866,0.407869955629733,0.389558913925261,0.369096251338648,0.361486485407141,0.355642900022492,0.355549250580826,0.329103167419803
"SWE","Sweden",0.846074243360434,0.846074243360434,0.840940946059838,0.835807648759243,0.856568951228489,0.877330253697735,0.878774092467023,0.88021793123631,0.88403529413832,0.872919984000123,0.853238884909509,0.87167474594444,0.880106330654334,0.885216435241391,0.875474357385119,0.875305568743243,0.88198690728889,0.887918431296373,0.880958420766103,0.87630645963098,0.889851124144735,0.889262710126184,0.875120965526143,0.867982981120912,0.873595537925588,0.864313400632072,0.857891225434693,0.847872232768822,0.83920436792178,0.84558850427345
"CHE","Switzerland",0.892491020036907,0.892491020036907,0.890238221815552,0.887985423594196,0.894465405856313,0.90094538811843,0.891142977258321,0.881340566398213,0.880554250542488,0.867738434273986,0.877589476949697,0.858207836425535,0.86561606636243,0.866343636662211,0.857149298216244,0.859914412796835,0.861591157128508,0.87396230827623,0.859613137151664,0.876355580660084,0.877333468529315,0.879601042995197,0.878101853212627,0.882872683244601,0.883012598305955,0.86176359989572,0.858107996935487,0.856101562639775,0.858645373006725,0.852966702491738
"SYR","Syrian Arab Republic",0.389477724451953,0.389477724451953,0.38931361828216,0.389149512112367,0.390105235614807,0.391060959117246,0.372119131514647,0.353177303912047,0.345030900721528,0.353032936009436,0.344974631184937,0.3108586387836,0.321025553637927,0.340406335542475,0.341438695837476,0.348470630736378,0.304763517787723,0.236006936368539,0.18366929854212,0.168156278514158,0.171786542211817,0.132147209574112,0.139921930311077,0.14600225509453,0.135220808211055,0.131107481124745,0.123664127655251,0.126332357994699,0.129047133504408,0.138673537327509
"TJK","Tajikistan",0.138050319262728,0.138050319262728,0.177807242851812,0.217564166440896,0.229398640393812,0.241233114346727,0.281623629323609,0.322014144300491,0.32209872831646,0.316469997514396,0.289375876191365,0.270875079552106,0.268308326070343,0.265530651681904,0.257405334591684,0.258340750741847,0.255665311991218,0.255647880016255,0.248573413494593,0.27300529484758,0.282972870176075,0.280969071642901,0.268326576729124,0.281128714987489,0.251923727262155,0.253295721534404,0.249373127809883,0.261323136020682,0.259452882789397,0.264435751930337
"TZA","Tanzania, United Republic of",0.46015765374323,0.46015765374323,0.459941261632499,0.459724869521767,0.441902881575349,0.424080893628931,0.416755829987246,0.409430766345562,0.412133660955954,0.399563469800871,0.429364419410203,0.416806189026027,0.426766376232259,0.422171123927484,0.428068662572555,0.424524720097993,0.424504213066737,0.413847166187863,0.402263548937644,0.408055856760204,0.420463329514406,0.413334230823789,0.403598782309656,0.390565236081257,0.386419660839661,0.387945927091933,0.387972184877816,0.391062596484883,0.40206644581639,0.397084734813535
"THA","Thailand",0.622368949886646,0.622368949886646,0.613328683741722,0.604288417596798,0.614346916748881,0.624405415900964,0.598805382562562,0.573205349224159,0.500205489638418,0.492073643045548,0.490157224034065,0.46508433321917,0.457921189262447,0.455786061864062,0.444079302586817,0.449320716071187,0.475362449297513,0.477756779979962,0.456200455651458,0.421352280365901,0.425782997191076,0.435313874590099,0.437099304190639,0.441167923153305,0.460816195019591,0.460130836856203,0.44938107902687,0.447245472398934,0.461739171169295,0.457769812627635
"TLS","Timor-Leste",0.467622233088309,0.467622233088309,0.467622233088309,0.467622233088309,0.467622233088309,0.467622233088309,0.414091313676828,0.360560394265347,0.496688803344639,0.443844520042019,0.42666082592338,0.26901676712383,0.277666960381134,0.308012274826008,0.285566819934927,0.293867754688143,0.278109828391092,0.279710694710328,0.262537164251776,0.290878600291883,0.290591601693789,0.290698110461773,0.29087692298845,0.316147156539375,0.345046994847324,0.351263979924755,0.372989691932075,0.368337431278482,0.3723884784909,0.375868164269667
"TGO","Togo",0.323270484507467,0.323270484507467,0.327724523837517,0.332178563167567,0.33313344801829,0.334088332869013,0.312151729906863,0.290215126944714,0.262960423785888,0.292458320607126,0.269569897866598,0.30461395823163,0.302682982622497,0.328614852473975,0.32443726869187,0.333400678397354,0.343088862896898,0.318258502171229,0.303710031456628,0.31977544341513,0.338042635615574,0.341176277721832,0.339648274262434,0.362062758943701,0.360436393618707,0.377785941098215,0.374445671183352,0.365948012698944,0.374949241603259,0.374433510733464
"TON","Tonga",0.681283633927408,0.681283633927408,0.67909015034709,0.676896666766772,0.675454165846652,0.674011664926531,0.675824640242375,0.677637615558219,0.491493795255244,0.483043460689119,0.621092322295292,0.612519584514368,0.601221448301994,0.511535933909772,0.50236050506322,0.543812064220594,0.519764984230153,0.507231454135815,0.506600268879728,0.489577436147455,0.499078721121627,0.499125066612908,0.516492245746359,0.531880446443861,0.548129183673991,0.651456306724805,0.650533090960325,0.658906109825356,0.660526005551395,0.639432956424615
"TTO","Trinidad and Tobago",0.651602811192502,0.651602811192502,0.64706592505361,0.642529038914718,0.615194034854046,0.587859030793374,0.590123040989462,0.59238705118555,0.555738869733906,0.534646080189801,0.539574217322295,0.49282828981503,0.50935112638114,0.494885901833341,0.491933448433622,0.486227222219382,0.479902071038433,0.486669011962848,0.47170544858442,0.504669832403841,0.50240233780955,0.495692325362361,0.499599264254843,0.476457408952775,0.47327326803245,0.468512981050625,0.470575644947131,0.45132231813558,0.437863036353715,0.426615219244325
"TUN","Tunisia",0.450130993404523,0.450130993404523,0.449914611277741,0.449698229150959,0.449555917941843,0.449413606732728,0.450293791676997,0.451173976621266,0.426512284730085,0.468816972329925,0.448049240197519,0.475972368742221,0.471247784362037,0.479113239227559,0.473394273494389,0.457373849210102,0.420333737856323,0.465817993727844,0.456541167895198,0.470395953832942,0.478939139124812,0.480444798506337,0.482774213552356,0.489338420408278,0.495439631613048,0.49847722812988,0.497781746242201,0.453519905118938,0.437938914366152,0.428020719649434
"TUR","Turkey",0.475272234334305,0.475272234334305,0.469249706631643,0.463227178928979,0.477652337889422,0.492077496849864,0.484006781976752,0.475936067103639,0.498309996984049,0.528273225700506,0.533402140047489,0.530280358872648,0.52576971055174,0.521483701083442,0.51440562037224,0.510678492401336,0.483245076555324,0.479598918410849,0.47785512187766,0.428698450075782,0.405481156055033,0.391803165886268,0.377924698021485,0.359241055340151,0.381584753822974,0.359041496167442,0.345982570740672,0.345086531285383,0.34121241961723,0.33239032272596
"TKM","Turkmenistan",0.18594733618656,0.18594733618656,0.213441853800482,0.240936371414405,0.238080412881818,0.235224454349232,0.267548906973237,0.299873359597243,0.299647023473303,0.263457404799452,0.191167803345917,0.2010732984795,0.212344977227012,0.220962463067376,0.220523848219694,0.220369017138527,0.220912223835983,0.220598867612517,0.217455201621457,0.210609966568946,0.212283935362796,0.206451871455299,0.205221150061469,0.204626226508167,0.182329292842483,0.195215176465101,0.184793491200067,0.214533498784674,0.214705721905008,0.218621266961531
"TUV","Tuvalu",0.681283633927408,0.681283633927408,0.67909015034709,0.676896666766772,0.675454165846652,0.674011664926531,0.675824640242375,0.677637615558219,0.676094815886396,0.63423223751639,0.77344492805806,0.744661362820221,0.736212865300713,0.735677366211889,0.735030905513824,0.734839972473055,0.736463542292327,0.664605407178986,0.663711564192479,0.686673928059338,0.68707200807406,0.68713762258692,0.686977060719023,0.672019487709998,0.671996684370471,0.689760445926293,0.695047386218125,0.701287534057247,0.739561361989557,0.744681750044089
"UGA","Uganda",0.421123468222608,0.421123468222608,0.403625090015284,0.386126711807961,0.368383147780975,0.35063958375399,0.35035044859081,0.350061313427629,0.359504951080247,0.358840099948115,0.39412321598812,0.447659347020981,0.43972606120592,0.449050051213665,0.434417795199014,0.430950110126951,0.408431173371195,0.40102374215022,0.389490523874577,0.384330419670904,0.37896063257023,0.373105925066389,0.369567074405819,0.362308384057119,0.355383137637283,0.362979824595594,0.355494418732892,0.355231621227186,0.350485611292437,0.353334770755751
"UKR","Ukraine",0.319792955261685,0.319792955261685,0.302117132328698,0.284441309395711,0.282744357551252,0.281047405706793,0.304043934647147,0.3270404635875,0.335025406354712,0.347781698319246,0.344746218399603,0.359899357001735,0.370187057671123,0.372028537161376,0.359492391272399,0.339321499611505,0.347772513086162,0.366218258230608,0.356923461289754,0.355925725329902,0.361040142982929,0.371950602455444,0.385758284121783,0.397706954483416,0.3838759702801,0.387581892343318,0.387273008929005,0.352579604820922,0.351960759725804,0.356993947969728
"ARE","United Arab Emirates",0.625979525236867,0.625979525236867,0.616657551986822,0.607335578736776,0.60719327751161,0.607050976286444,0.605610022878419,0.604169069470394,0.603843772443917,0.533627717391304,0.517747807205312,0.510645305754844,0.508018968065421,0.518580628295502,0.526240313972034,0.51660650205877,0.585698604068212,0.574120497957843,0.583499599364094,0.570741989518291,0.570889372573501,0.584768579250511,0.577377182251638,0.578541470448789,0.585919349180709,0.5801746847628,0.568394683235656,0.582651562735621,0.59051603917414,0.600012012687443
"GBR","United Kingdom",0.831209341366073,0.831209341366073,0.836595572030758,0.841981802695443,0.842882554574661,0.84378330645388,0.83693776189895,0.83009221734402,0.825441354443289,0.813231923301547,0.811830156893366,0.823926170374413,0.816906375957501,0.794827990935533,0.796427020208152,0.82702922166092,0.788977097300212,0.800025554915873,0.802109364816372,0.81898255812096,0.832445653771345,0.822923761926426,0.821971033608688,0.797425175493862,0.788035810588034,0.771465949622112,0.761620118567781,0.760277017843953,0.75446568061459,0.754377682088061
"USA","United States",0.807427734579671,0.807427734579671,0.813552118530082,0.819676502480492,0.828580537641245,0.837484572801998,0.834130814572029,0.83077705634206,0.819154641466008,0.800990563490887,0.815692108111631,0.81650677838253,0.812330512481693,0.816575348144295,0.797133903765594,0.802156229473001,0.773019412151472,0.777212690701413,0.760706367586958,0.768623459436733,0.775763839989725,0.779785594295763,0.764385512698944,0.73484764014589,0.72514537827825,0.701356403337482,0.706067589258102,0.710831390589976,0.692632388761236,0.692851716152975
"URY","Uruguay",0.608987582842815,0.608987582842815,0.607342857035601,0.605698131228387,0.60459650229519,0.603494873361993,0.623580502098386,0.64366613083478,0.63470447830432,0.618805438872034,0.635817628714668,0.652249990734895,0.661048685249698,0.665330880849476,0.667017329579581,0.674945603452242,0.6607215911124,0.643640112663673,0.640829151789251,0.660899584955259,0.67261049755529,0.685641787411215,0.675284618424651,0.673694295155564,0.676594133144027,0.677589113533954,0.69086980243602,0.695800874849522,0.691967158239042,0.690610159858199
"UZB","Uzbekistan",0.235736471189997,0.235736471189997,0.248547984376478,0.261359497562958,0.261169463077599,0.260979428592241,0.260329303784891,0.259679178977541,0.268361520550641,0.286061644415506,0.223988617978648,0.221552913811524,0.268526315612915,0.274961030650244,0.2571603684189,0.236280396731782,0.228610767042042,0.260765292853985,0.272812444888602,0.284237237478051,0.288015063942002,0.292500992005173,0.301852937070131,0.321968697364621,0.312316075691432,0.318581522857333,0.360994017138527,0.366620112178054,0.366159033445111,0.369771765328317
"VUT","Vanuatu",0.574413427021646,0.574413427021646,0.572986471110126,0.571559515198605,0.63032166446647,0.689083813734336,0.690263237598178,0.691442661462021,0.69043899503646,0.607845379140863,0.598235149315149,0.592775806191902,0.588995463772802,0.581648275700122,0.584979400317697,0.573832401125359,0.574477683717441,0.575875516449714,0.575273124902557,0.590748745057546,0.578752630970242,0.584310915028128,0.595111231575221,0.56766375832901,0.575777553942078,0.61039202494933,0.625099539971578,0.599613912704823,0.584602466306968,0.584979500157187
"VEN","Venezuela, Bolivarian Republic o",0.343723103241381,0.343723103241381,0.34637326263313,0.349023422024879,0.337133986432692,0.325244550840505,0.286705818789249,0.248167086737993,0.231719609018972,0.251750326035839,0.24529123019504,0.211639551326124,0.172283004060033,0.153197128041191,0.158319572789218,0.149434736762402,0.143479950153737,0.134978138346543,0.103474805624494,0.0833568688291209,0.0410917775710345,0.045828063139452,0.0585347348774323,0.040249192178718,0.0353549206012478,0.0311449888243668,0.0398061244897804,0.0539426774363391,0.0613512667953984,0.0606553456139634
"VNM","Viet Nam",0.365142088367374,0.365142088367374,0.374421959304465,0.383701830241557,0.380867397103025,0.378032963964494,0.3546134550406,0.331193946116707,0.334551707910227,0.352963946921813,0.387966294347903,0.386652786048925,0.39188952704516,0.389005024402369,0.379810965506974,0.373068704904499,0.395456632281414,0.385782944475825,0.377653813517085,0.402755278394031,0.426382792911492,0.448768863273892,0.439029660794933,0.443799811918375,0.441830218394492,0.440564313564369,0.438773951893021,0.433540865022121,0.432871980374591,0.438116468915254
"YEM","Yemen",0.261211854925074,0.261211854925074,0.24626982692465,0.231327798924226,0.220754217859032,0.210180636793839,0.20739142096035,0.204602205126862,0.232078951311555,0.259384872128776,0.256910010913654,0.308325331531004,0.309364760461901,0.297981900458271,0.283655113347374,0.279384279481563,0.239822142737564,0.231391216968304,0.23748585873463,0.222726706728127,0.196656279632361,0.187806507234449,0.169412738528523,0.164291811340744,0.168112988111273,0.136921693731422,0.13196753842782,0.119410566021219,0.12003258601212,0.121095077865218
"ZMB","Zambia",0.408969328190455,0.408969328190455,0.408752936079723,0.408536543968992,0.413093487861435,0.417650431753878,0.42477385956146,0.431897287369043,0.418808210416278,0.406940929206933,0.42384583153356,0.409126375708301,0.418674705050185,0.434626938962768,0.432381229345206,0.425056225607216,0.436113029804244,0.403175003610196,0.41892316560512,0.416658326741265,0.429710483050609,0.420260455670627,0.410854337698369,0.404602328927829,0.382761302309503,0.369658287763928,0.380465313524753,0.374728776041334,0.379201665067105,0.388747278774859
"ZWE","Zimbabwe",0.370751130822,0.370751130822,0.343112474936294,0.315473819050589,0.252419030972287,0.189364242893984,0.157352018307208,0.125339793720432,0.137539300816863,0.153309387563801,0.127173765281033,0.122688476190598,0.124804993508037,0.122845823226915,0.130432845722589,0.141886711571541,0.14450546145972,0.172329629101885,0.162119683427348,0.171394712149172,0.219698455187564,0.214944458093612,0.225083617569706,0.242377774100135,0.24489684424145,0.252733645173328,0.248482599494445,0.241114884422612,0.247579391563771,0.259003045983034
