regioncode_int,mergekey,iso_3166,region_name,population,population_share,model_region_id,n_leaves,member_leaf_ids,polygon_ids,mean.scl.regional_2010-11,mean.scl.regional_2024-25,mean.scl.national_2010-11,mean.scl.national_2024-25
1,AD.nat,AD,Andorra,113995.285644531,1,GM-A-0001,7,GM-R-000001|GM-R-000002|GM-R-000003|GM-R-000004|GM-R-000005|GM-R-000006|GM-R-000007,GADM 3.6:AND.1_1|GADM 3.6:AND.2_1|GADM 3.6:AND.3_1|GADM 3.6:AND.4_1|GADM 3.6:AND.5_1|GADM 3.6:AND.6_1|GADM 3.6:AND.7_1,0.4755018073735134,0.4782479625625326,0.6408158540643193,0.645696508432269
2,AE-AJ,AE,‘Ajmān,405085.28125,0.0446300745397304,GM-R-000008,1,GM-R-000008,GADM 3.6:ARE.2_1,0.3485779705244961,0.22565644052837233,0.4008027615133337,0.2586216518717769
3,AE-AZ,AE,Abū Z̧aby,2447896,0.269695755442874,GM-R-000009,1,GM-R-000009,GADM 3.6:ARE.1_1,0.3870836635936296,0.2571300589585522,0.4008027615133337,0.2586216518717769
4,AE-DU,AE,Dubayy,3509190.25,0.38662333508716,GM-R-000012,1,GM-R-000012,GADM 3.6:ARE.3_1,0.31026916252017867,0.29035659267338354,0.4008027615133337,0.2586216518717769
5,AE-FU,AE,Al Fujayrah,237124.484375,0.0261250751451522,GM-R-000010,1,GM-R-000010,GADM 3.6:ARE.4_1,0.3220288932594031,0.17545009123545469,0.4008027615133337,0.2586216518717769
6,AE-RK,AE,Ra’s al Khaymah,345311.5625,0.0380445340453993,GM-R-000013,1,GM-R-000013,GADM 3.6:ARE.5_1,0.3050483096223867,0.2462274521810554,0.4008027615133337,0.2586216518717769
7,AE-SH,AE,Ash Shāriqah,2047572.5,0.225590307844596,GM-R-000011,1,GM-R-000011,GADM 3.6:ARE.6_1,0.34428561668004637,0.23614176159365025,0.4008027615133337,0.2586216518717769
8,AE-UQ,AE,Umm al Qaywayn,84329.1015625,0.0092909178950892,GM-R-000014,1,GM-R-000014,GADM 3.6:ARE.7_1,0.30789286703308305,0.16756150678360257,0.4008027615133337,0.2586216518717769
9,AF-BAL,AF,Balkh,1312606.875,0.0431876585274113,GM-R-000018,1,GM-R-000018,GADM 3.6:AFG.4_1,0.3791589924365922,0.5349566228504757,0.43228976146918185,0.5093294939457232
10,AF-BAM,AF,Bāmyān,432414.4375,0.0142273878224755,GM-R-000019,1,GM-R-000019,GADM 3.6:AFG.5_1,0.42701911994544295,0.4786412621488394,0.43228976146918185,0.5093294939457232
11,AF-BDG,AF,Bādghīs,652784.5,0.0214780484659483,GM-R-000016,1,GM-R-000016,GADM 3.6:AFG.2_1,0.37565143436329973,0.3976275160165611,0.43228976146918185,0.5093294939457232
12,AF-BDS,AF,Badakhshān,1236432.25,0.0406813455135063,GM-R-000015,1,GM-R-000015,GADM 3.6:AFG.1_1,0.39837801736068285,0.41943951288655107,0.43228976146918185,0.5093294939457232
13,AF-BGL,AF,Baghlān,1040586.0625,0.0342375743960913,GM-R-000017,1,GM-R-000017,GADM 3.6:AFG.3_1,0.38510772672255433,0.44804199105883236,0.43228976146918185,0.5093294939457232
14,AF-DAY,AF,Dāykundī,552004.8125,0.0181621746783382,GM-R-000020,1,GM-R-000020,GADM 3.6:AFG.6_1,0.5542349566590089,0.6801616930241943,0.43228976146918185,0.5093294939457232
15,AF-FRA,AF,Farāh,621372.125,0.0204445121110248,GM-R-000021,1,GM-R-000021,GADM 3.6:AFG.7_1,0.32757264398174457,0.3242704272758016,0.43228976146918185,0.5093294939457232
16,AF-FYB,AF,Fāryāb,1185629.125,0.0390098107559077,GM-R-000022,1,GM-R-000022,GADM 3.6:AFG.8_1,0.3940968517733915,0.5273875350969531,0.43228976146918185,0.5093294939457232
17,AF-GHA,AF,Ghaznī,912755,0.0300316507630567,GM-R-000023,1,GM-R-000023,GADM 3.6:AFG.9_1,0.2685212270383302,0.41277281097724816,0.43228976146918185,0.5093294939457232
18,AF-GHO,AF,Ghōr,804724.375,0.026477205154197,GM-R-000024,1,GM-R-000024,GADM 3.6:AFG.10_1,0.36530710062758354,0.4494834223576205,0.43228976146918185,0.5093294939457232
19,AF-HEL,AF,Helmand,1021093.1875,0.0335962158558829,GM-R-000025,1,GM-R-000025,GADM 3.6:AFG.11_1,0.39281947431985936,0.4147727076866387,0.43228976146918185,0.5093294939457232
20,AF-HER,AF,Herāt,2427122.75,0.0798576866596949,GM-R-000026,1,GM-R-000026,GADM 3.6:AFG.12_1,0.37668085266281354,0.4254471592386049,0.43228976146918185,0.5093294939457232
21,AF-JOW,AF,Jowzjān,559660.25,0.0184140554409069,GM-R-000027,1,GM-R-000027,GADM 3.6:AFG.13_1,0.330186258406212,0.34011889779725296,0.43228976146918185,0.5093294939457232
22,AF-KAB,AF,Kābul,4809800.5,0.158253034884471,GM-R-000028,1,GM-R-000028,GADM 3.6:AFG.14_1,0.3805700824159063,0.377131292604111,0.43228976146918185,0.5093294939457232
23,AF-KAN,AF,Kandahār,1405313.125,0.0462378984313862,GM-R-000029,1,GM-R-000029,GADM 3.6:AFG.15_1,0.348086377701489,0.40871585346837813,0.43228976146918185,0.5093294939457232
24,AF-KAP,AF,Kāpīsā,484215.34375,0.0159317517818182,GM-R-000030,1,GM-R-000030,GADM 3.6:AFG.16_1,0.293887182350992,0.3933831818739296,0.43228976146918185,0.5093294939457232
25,AF-KDZ,AF,Kunduz,912295,0.030016515749443,GM-R-000033,1,GM-R-000033,GADM 3.6:AFG.19_1,0.2730003222474095,0.400703397267135,0.43228976146918185,0.5093294939457232
26,AF-KHO,AF,Khōst,809747.875,0.0266424893735201,GM-R-000031,1,GM-R-000031,GADM 3.6:AFG.17_1,0.2535076052349498,0.33133119450367104,0.43228976146918185,0.5093294939457232
27,AF-KNR,AF,Kunaṟ,535431.125,0.0176168638393332,GM-R-000032,1,GM-R-000032,GADM 3.6:AFG.18_1,0.3708994527752448,0.39794048873911125,0.43228976146918185,0.5093294939457232
28,AF-LAG,AF,Laghmān,538352.75,0.0177129917396576,GM-R-000034,1,GM-R-000034,GADM 3.6:AFG.20_1,0.24450266289001593,0.22847102929923951,0.43228976146918185,0.5093294939457232
29,AF-LOG,AF,Lōgar,433838.3125,0.0142742364474956,GM-R-000035,1,GM-R-000035,GADM 3.6:AFG.21_1,0.32149495016560714,0.3991044540165206,0.43228976146918185,0.5093294939457232
30,AF-NAN,AF,Nangarhār,1779829.25,0.0585603041932098,GM-R-000036,1,GM-R-000036,GADM 3.6:AFG.22_1,0.3189934034759534,0.2120341543453027,0.43228976146918185,0.5093294939457232
31,AF-NIM,AF,Nīmrōz,167874.203125,0.00552343119498271,GM-R-000037,1,GM-R-000037,GADM 3.6:AFG.23_1,0.4300393476157397,0.4830600502115593,0.43228976146918185,0.5093294939457232
32,AF-NUR,AF,Nūristān,182289.234375,0.00599771748674616,GM-R-000038,1,GM-R-000038,GADM 3.6:AFG.24_1,0.33722448144026795,0.3869544187720872,0.43228976146918185,0.5093294939457232
33,AF-PAN,AF,Panjshayr,149644.203125,0.00492362402502963,GM-R-000041,1,GM-R-000041,GADM 3.6:AFG.27_1,0.47797041812347707,0.5299996501584462,0.43228976146918185,0.5093294939457232
34,AF-PAR,AF,Parwān,695549.625,0.0228851153117486,GM-R-000042,1,GM-R-000042,GADM 3.6:AFG.28_1,0.39598312988062845,0.4726396292572036,0.43228976146918185,0.5093294939457232
35,AF-PIA,AF,Paktiyā,690035.9375,0.0227037028435434,GM-R-000040,1,GM-R-000040,GADM 3.6:AFG.26_1,0.33097284534326726,0.31223257610126653,0.43228976146918185,0.5093294939457232
36,AF-PKA,AF,Paktīkā,477517.9375,0.0157113923584041,GM-R-000039,1,GM-R-000039,GADM 3.6:AFG.25_1,0.39710064888746693,0.343363419716827,0.43228976146918185,0.5093294939457232
37,AF-SAM,AF,Samangān,406516.15625,0.0133752773022774,GM-R-000043,1,GM-R-000043,GADM 3.6:AFG.29_1,0.2895346295124483,0.4106386529888917,0.43228976146918185,0.5093294939457232
38,AF-SAR,AF,Sar-e Pul,599579.4375,0.0197274846719109,GM-R-000044,1,GM-R-000044,GADM 3.6:AFG.30_1,0.38030356175911706,0.4304261752175417,0.43228976146918185,0.5093294939457232
39,AF-TAK,AF,Takhār,1172336.125,0.0385724417646742,GM-R-000045,1,GM-R-000045,GADM 3.6:AFG.31_1,0.30659444269698505,0.3915996729538718,0.43228976146918185,0.5093294939457232
40,AF-URU,AF,Uruzgān,419768.5,0.0138113086132995,GM-R-000046,1,GM-R-000046,GADM 3.6:AFG.32_1,0.34125576470345437,0.38554732288874777,0.43228976146918185,0.5093294939457232
41,AF-WAR,AF,Wardak,625094.25,0.0205669782252575,GM-R-000047,1,GM-R-000047,GADM 3.6:AFG.33_1,0.3685416305939134,0.382160760435032,0.43228976146918185,0.5093294939457232
42,AF-ZAB,AF,Zābul,338886.53125,0.0111501136173494,GM-R-000048,1,GM-R-000048,GADM 3.6:AFG.34_1,0.34828673369276747,0.41170652887213277,0.43228976146918185,0.5093294939457232
43,AG.nat,AG,Antigua and Barbuda,90786.4184570312,1,GM-A-0002,8,GM-R-000049|GM-R-000050|GM-R-000051|GM-R-000052|GM-R-000053|GM-R-000054|GM-R-000055|GM-R-000056,GADM 3.6:ATG.1_1|GADM 3.6:ATG.2_1|GADM 3.6:ATG.3_1|GADM 3.6:ATG.4_1|GADM 3.6:ATG.5_1|GADM 3.6:ATG.6_1|GADM 3.6:ATG.7_1|GADM 3.6:ATG.8_1,NA,NA,NA,NA
44,AL01,AL,Northern Albania,767143.5625,0.275119341390006,GM-R-000058,1,GM-R-000058,gisco-statistical-regions-2024 2024-RG-01M-EPSG4326:AL01,0.33931965944994286,0.46301119093390763,0.3918054337316688,0.625698824292363
45,AL02,AL,Central Albania,1242875.125,0.445730111722109,GM-R-000057,1,GM-R-000057,gisco-statistical-regions-2024 2024-RG-01M-EPSG4326:AL02,0.3294039963102373,0.4656416253796805,0.3918054337316688,0.625698824292363
46,AL03,AL,Southern Albania,778384.1875,0.279150546887885,GM-R-000059,1,GM-R-000059,gisco-statistical-regions-2024 2024-RG-01M-EPSG4326:AL03,0.3410869424566113,0.4730859892394711,0.3918054337316688,0.625698824292363
47,AM-AG,AM,Aragac̣otn,129419.125,0.0463757579384049,GM-R-000060,1,GM-R-000060,GADM 3.6:ARM.1_1,0.43312632451791555,0.32641336505914814,0.47164574475920484,0.4598553989926851
48,AM-AR,AM,Ararat,261442.1875,0.0936846049792645,GM-R-000061,1,GM-R-000061,GADM 3.6:ARM.2_1,0.41550349692228566,0.3617206881079258,0.47164574475920484,0.4598553989926851
49,AM-AV,AM,Armavir,304367.84375,0.109066488017009,GM-R-000062,1,GM-R-000062,GADM 3.6:ARM.3_1,0.427875323189353,0.394927210480409,0.47164574475920484,0.4598553989926851
50,AM-ER,AM,Erevan,995984.5,0.356898843833191,GM-R-000063,1,GM-R-000063,GADM 3.6:ARM.4_1,0.3582793858910491,0.38787617182803724,0.47164574475920484,0.4598553989926851
51,AM-GR,AM,Geġark'unik',210771.546875,0.0755274016740428,GM-R-000064,1,GM-R-000064,GADM 3.6:ARM.5_1,0.38700257043423963,0.3904049696799346,0.47164574475920484,0.4598553989926851
52,AM-KT,AM,Kotayk',212426.3125,0.0761203666633347,GM-R-000065,1,GM-R-000065,GADM 3.6:ARM.6_1,0.38316893180793526,0.34090669575263716,0.47164574475920484,0.4598553989926851
53,AM-LO,AM,Loṙi,191483.046875,0.0686156040012111,GM-R-000066,1,GM-R-000066,GADM 3.6:ARM.7_1,0.34935729846102964,0.35531542776803204,0.47164574475920484,0.4598553989926851
54,AM-SH,AM,Širak,220135.359375,0.0788828091679554,GM-R-000067,1,GM-R-000067,GADM 3.6:ARM.8_1,0.3865272065458001,0.3995032284776881,0.47164574475920484,0.4598553989926851
55,AM-SU,AM,Syunik',110738.6328125,0.039681832416518,GM-R-000068,1,GM-R-000068,GADM 3.6:ARM.9_1,0.3658243440304668,0.39397460416692615,0.47164574475920484,0.4598553989926851
56,AM-TV,AM,Tavuš,110477.671875,0.0395883202615805,GM-R-000069,1,GM-R-000069,GADM 3.6:ARM.10_1,0.33799413951731705,0.3227270884353805,0.47164574475920484,0.4598553989926851
57,AM-VD,AM,Vayoć Jor,43417.05859375,0.0155579710474885,GM-R-000070,1,GM-R-000070,GADM 3.6:ARM.11_1,0.3864235262735505,0.21924239124459735,0.47164574475920484,0.4598553989926851
58,AO-BGO,AO,Bengo,827654,0.0229367899711058,GM-R-002522,1,GM-R-002522,Angola-law-derived-ArcGIS-service DPA-2024-effective-2025-01-01:province-code-13,0.38295457909294683,0.47773378767521374,0.46025967627244535,0.6087537337436368
59,AO-BGU,AO,Benguela,1942424.25,0.0538304376672288,GM-R-002523,1,GM-R-002523,Angola-law-derived-ArcGIS-service DPA-2024-effective-2025-01-01:province-code-23,0.4129537180539057,0.4857238129608444,0.46025967627244535,0.6087537337436368
60,AO-BIE,AO,Bié,1075545,0.0298065976476558,GM-R-002524,1,GM-R-002524,Angola-law-derived-ArcGIS-service DPA-2024-effective-2025-01-01:province-code-21,0.27719850309544863,0.38562231683564896,0.46025967627244535,0.6087537337436368
61,AO-CAB,AO,Cabinda,1370054.125,0.0379683342485774,GM-R-002525,1,GM-R-002525,Angola-law-derived-ArcGIS-service DPA-2024-effective-2025-01-01:province-code-10,0.36567617423418625,0.4289095134113266,0.46025967627244535,0.6087537337436368
62,AO-CNN,AO,Cunene,1242907.75,0.034444724504696,GM-R-002527,1,GM-R-002527,Angola-law-derived-ArcGIS-service DPA-2024-effective-2025-01-01:province-code-26,0.26574916972878276,0.4266154550217891,0.46025967627244535,0.6087537337436368
63,AO-CNO,AO,Cuanza-Norte,316690.46875,0.00877644857340118,GM-R-002528,1,GM-R-002528,Angola-law-derived-ArcGIS-service DPA-2024-effective-2025-01-01:province-code-15,0.43109955529049665,0.4166706230767948,0.46025967627244535,0.6087537337436368
64,AO-CUS,AO,Cuanza-Sul,1881531.25,0.0521429088789785,GM-R-002529,1,GM-R-002529,Angola-law-derived-ArcGIS-service DPA-2024-effective-2025-01-01:province-code-16,0.2315586780787288,0.4568577705401839,0.46025967627244535,0.6087537337436368
65,AO-HUA,AO,Huambo,1693096.125,0.0469208029200826,GM-R-002530,1,GM-R-002530,Angola-law-derived-ArcGIS-service DPA-2024-effective-2025-01-01:province-code-22,0.2235697111313277,0.4085655036748845,0.46025967627244535,0.6087537337436368
66,AO-HUI,AO,Huíla,3211793,0.0890084763339121,GM-R-002531,1,GM-R-002531,Angola-law-derived-ArcGIS-service DPA-2024-effective-2025-01-01:province-code-25,0.2835531167989391,0.4218966433129136,0.46025967627244535,0.6087537337436368
67,AO-LNO,AO,Lunda-Norte,867912.5,0.024052474495136,GM-R-002532,1,GM-R-002532,Angola-law-derived-ArcGIS-service DPA-2024-effective-2025-01-01:province-code-18,0.43591447245956505,0.42773968454384725,0.46025967627244535,0.6087537337436368
68,AO-LSU,AO,Lunda-Sul,522927.625,0.0144919025398465,GM-R-002533,1,GM-R-002533,Angola-law-derived-ArcGIS-service DPA-2024-effective-2025-01-01:province-code-19,0.3542454319144403,0.4030129079030405,0.46025967627244535,0.6087537337436368
69,AO-MAL,AO,Malange,949144.3125,0.0263036531546782,GM-R-002535,1,GM-R-002535,Angola-law-derived-ArcGIS-service DPA-2024-effective-2025-01-01:province-code-17,0.3978768871494761,0.39700801611371694,0.46025967627244535,0.6087537337436368
70,AO-NAM,AO,Namibe,620699.375,0.0172014527804754,GM-R-002537,1,GM-R-002537,Angola-law-derived-ArcGIS-service DPA-2024-effective-2025-01-01:province-code-24,0.41506637718446915,0.49778408806934016,0.46025967627244535,0.6087537337436368
71,AO-UIG,AO,Uíge,921566.9375,0.0255394008725296,GM-R-002538,1,GM-R-002538,Angola-law-derived-ArcGIS-service DPA-2024-effective-2025-01-01:province-code-12,0.37203835275007746,0.3765722053756578,0.46025967627244535,0.6087537337436368
72,AO-ZAI,AO,Zaire,795115.5625,0.0220350516759662,GM-R-002539,1,GM-R-002539,Angola-law-derived-ArcGIS-service DPA-2024-effective-2025-01-01:province-code-11,0.3635604336154313,0.4568502165949344,0.46025967627244535,0.6087537337436368
73,AO2025-CCU,AO,Cubango,348907.96875,0.00966929272191505,GM-R-002610,1,GM-R-002610,Angola-law-derived-ArcGIS-service DPA-2024-effective-2025-01-01:province-code-27,0.3715958807291212,0.45236778635772507,0.46025967627244535,0.6087537337436368
74,AO2025-CUA,AO,Cuando,74159.5625,0.00205518526994564,GM-R-002609,1,GM-R-002609,Angola-law-derived-ArcGIS-service DPA-2024-effective-2025-01-01:province-code-30,0.40001044933471536,0.4964327335607785,0.46025967627244535,0.6087537337436368
75,AO2025-ICB,AO,Icolo e Bengo,2475561.25,0.0686052727973985,GM-R-002611,1,GM-R-002611,Angola-law-derived-ArcGIS-service DPA-2024-effective-2025-01-01:province-code-28,0.6290714418656108,0.8161213496060062,0.46025967627244535,0.6087537337436368
76,AO2025-LUA,AO,Luanda,13745158,0.380919807269299,GM-R-002612,1,GM-R-002612,Angola-law-derived-ArcGIS-service DPA-2024-effective-2025-01-01:province-code-14,0.39431245902308026,0.43057534767931926,0.46025967627244535,0.6087537337436368
77,AO2025-MOX,AO,Moxico,783824.4375,0.0217221405287205,GM-R-002613,1,GM-R-002613,Angola-law-derived-ArcGIS-service DPA-2024-effective-2025-01-01:province-code-20,0.36863862040044554,0.44036858640187204,0.46025967627244535,0.6087537337436368
78,AO2025-MXL,AO,Moxico Leste,417451.65625,0.0115688451484515,GM-R-002614,1,GM-R-002614,Angola-law-derived-ArcGIS-service DPA-2024-effective-2025-01-01:province-code-29,0.30182065818943576,0.33703076287580425,0.46025967627244535,0.6087537337436368
79,AR-A,AR,Salta,1388684.75,0.0307212181071305,GM-R-000087,1,GM-R-000087,GADM 3.6:ARG.17_1,0.5232983068327614,0.5424561769478005,0.7188604459571942,0.7145851176348851
80,AR-B,AR,Buenos Aires,17974340,0.397637850830954,GM-R-000071,1,GM-R-000071,GADM 3.6:ARG.1_1,0.5187582040364886,0.4884528554013188,0.7188604459571942,0.7145851176348851
81,AR-C,AR,Ciudad Autónoma de Buenos Aires,3093015,0.0684253128174889,GM-R-000075,1,GM-R-000075,GADM 3.6:ARG.5_1,0.54360529782787,0.4743185650164475,0.7188604459571942,0.7145851176348851
82,AR-D,AR,San Luis,520052.0625,0.0115048666294676,GM-R-000089,1,GM-R-000089,GADM 3.6:ARG.19_1,0.5039713862436473,0.6243546595695492,0.7188604459571942,0.7145851176348851
83,AR-E,AR,Entre Ríos,1331248.375,0.0294505802581458,GM-R-000078,1,GM-R-000078,GADM 3.6:ARG.8_1,0.5412491505190895,0.5150185349964153,0.7188604459571942,0.7145851176348851
84,AR-F,AR,La Rioja,393851.34375,0.00871298761877394,GM-R-000082,1,GM-R-000082,GADM 3.6:ARG.12_1,0.5444202485616259,0.5004970628777754,0.7188604459571942,0.7145851176348851
85,AR-G,AR,Santiago del Estero,958876.1875,0.0212127658879535,GM-R-000092,1,GM-R-000092,GADM 3.6:ARG.22_1,0.4374502696189438,0.47048924643548135,0.7188604459571942,0.7145851176348851
86,AR-H,AR,Chaco,1144243.875,0.0253135678573724,GM-R-000073,1,GM-R-000073,GADM 3.6:ARG.3_1,0.5382582694881133,0.5494661258445468,0.7188604459571942,0.7145851176348851
87,AR-J,AR,San Juan,761510.875,0.0168465461162635,GM-R-000088,1,GM-R-000088,GADM 3.6:ARG.18_1,0.4827990859424932,0.4432794911546327,0.7188604459571942,0.7145851176348851
88,AR-K,AR,Catamarca,409292.4375,0.00905458365697224,GM-R-000072,1,GM-R-000072,GADM 3.6:ARG.2_1,0.4684496087234477,0.5273152704252211,0.7188604459571942,0.7145851176348851
89,AR-L,AR,La Pampa,344038.21875,0.00761099533598783,GM-R-000081,1,GM-R-000081,GADM 3.6:ARG.11_1,0.5122023754459616,0.5657692323523366,0.7188604459571942,0.7145851176348851
90,AR-M,AR,Mendoza,1937266.125,0.0428572252685,GM-R-000083,1,GM-R-000083,GADM 3.6:ARG.13_1,0.4810509948985384,0.54642041727915,0.7188604459571942,0.7145851176348851
91,AR-N,AR,Misiones,1305673,0.0288847882930891,GM-R-000084,1,GM-R-000084,GADM 3.6:ARG.14_1,0.5468082017567427,0.5410638515351804,0.7188604459571942,0.7145851176348851
92,AR-P,AR,Formosa,589225.25,0.0130351524487314,GM-R-000079,1,GM-R-000079,GADM 3.6:ARG.9_1,0.49348970692383404,0.5252265068673233,0.7188604459571942,0.7145851176348851
93,AR-Q,AR,Neuquén,659250.625,0.014584290810342,GM-R-000085,1,GM-R-000085,GADM 3.6:ARG.15_1,0.5365843789876082,0.5370295147792663,0.7188604459571942,0.7145851176348851
94,AR-R,AR,Río Negro,749485.4375,0.0165805130311654,GM-R-000086,1,GM-R-000086,GADM 3.6:ARG.16_1,0.5064838369107693,0.6164882440808795,0.7188604459571942,0.7145851176348851
95,AR-S,AR,Santa Fe,3430108.25,0.0758826678836343,GM-R-000091,1,GM-R-000091,GADM 3.6:ARG.21_1,0.5496238270982257,0.5747838023638832,0.7188604459571942,0.7145851176348851
96,AR-T,AR,Tucumán,1582947.625,0.0350188041164773,GM-R-000094,1,GM-R-000094,GADM 3.6:ARG.24_1,0.5683908828187146,0.5433872003099887,0.7188604459571942,0.7145851176348851
97,AR-W,AR,Corrientes,1064100.625,0.0235405965166384,GM-R-000077,1,GM-R-000077,GADM 3.6:ARG.7_1,0.477359809558666,0.5131971572080026,0.7188604459571942,0.7145851176348851
98,AR-X,AR,Córdoba,3615148,0.0799762150463283,GM-R-000076,1,GM-R-000076,GADM 3.6:ARG.6_1,0.5014138183825751,0.5426410234131438,0.7188604459571942,0.7145851176348851
99,AR-Y,AR,Jujuy,751320,0.0166210981925518,GM-R-000080,1,GM-R-000080,GADM 3.6:ARG.10_1,0.5558271128576489,0.5634743458760233,0.7188604459571942,0.7145851176348851
100,AR.A,AR,"Chubut, Santa Cruz, and Tierra del Fuego",1199111.265625,0.0265273732760318,GM-A-0003,3,GM-R-000074|GM-R-000090|GM-R-000093,GADM 3.6:ARG.20_1|GADM 3.6:ARG.23_1|GADM 3.6:ARG.4_1,0.4881170191743813,0.5682925195355014,0.7188604459571942,0.7145851176348851
101,AT-1,AT,Burgenland,296037.75,0.0337081754571605,GM-R-000095,1,GM-R-000095,GADM 3.6:AUT.1_1,0.4010043910038696,0.4445158048392337,0.4912370309737028,0.5482058683301211
102,AT-2,AT,Kärnten,556996,0.0634220429554561,GM-R-000096,1,GM-R-000096,GADM 3.6:AUT.2_1,0.3770597269592687,0.4184082027086668,0.4912370309737028,0.5482058683301211
103,AT-3,AT,Niederösterreich,1724507.5,0.196360097275396,GM-R-000097,1,GM-R-000097,GADM 3.6:AUT.3_1,0.39047796262193557,0.39951387953144396,0.4912370309737028,0.5482058683301211
104,AT-4,AT,Oberösterreich,1437458.375,0.163675406656296,GM-R-000098,1,GM-R-000098,GADM 3.6:AUT.4_1,0.3659010429960586,0.42026097604079904,0.4912370309737028,0.5482058683301211
105,AT-5,AT,Salzburg,548745.25,0.0624825758481255,GM-R-000099,1,GM-R-000099,GADM 3.6:AUT.5_1,0.41972632164598955,0.5038788507462181,0.4912370309737028,0.5482058683301211
106,AT-6,AT,Steiermark,1242931.5,0.141525711106883,GM-R-000100,1,GM-R-000100,GADM 3.6:AUT.6_1,0.4060792326315151,0.3680348727813353,0.4912370309737028,0.5482058683301211
107,AT-7,AT,Tirol,750898.4375,0.0855006372726373,GM-R-000101,1,GM-R-000101,GADM 3.6:AUT.7_1,0.3886619282705855,0.4162040216898691,0.4912370309737028,0.5482058683301211
108,AT-8,AT,Vorarlberg,385822.84375,0.0439315057370407,GM-R-000102,1,GM-R-000102,GADM 3.6:AUT.8_1,0.34752645526117265,0.36625947424717703,0.4912370309737028,0.5482058683301211
109,AT-9,AT,Wien,1838974.75,0.209393847691005,GM-R-000103,1,GM-R-000103,GADM 3.6:AUT.9_1,0.40665398485903403,0.4746681013258029,0.4912370309737028,0.5482058683301211
110,AU-ACT,AU,Australian Capital Territory,356821.125,0.0169585504422678,GM-R-000104,1,GM-R-000104,GADM 3.6:AUS.2_1,0.4220209913034196,0.48752068391090225,0.4648147790132734,0.49948712928559885
111,AU-NSW,AU,New South Wales,6726237,0.319676222788514,GM-R-000105,1,GM-R-000105,GADM 3.6:AUS.5_1,0.37075867522525907,0.39479990281488136,0.4648147790132734,0.49948712928559885
112,AU-NT,AU,Northern Territory,203685.921875,0.00968053105178964,GM-R-000106,1,GM-R-000106,GADM 3.6:AUS.6_1,0.3223343330719114,0.46288977345624166,0.4648147790132734,0.49948712928559885
113,AU-QLD,AU,Queensland,4218944,0.200512720868483,GM-R-000107,1,GM-R-000107,GADM 3.6:AUS.7_1,0.3660238737874899,0.3690196478126843,0.4648147790132734,0.49948712928559885
114,AU-SA,AU,South Australia,1571438,0.0746853499492119,GM-R-000108,1,GM-R-000108,GADM 3.6:AUS.8_1,0.38741913737371425,0.3967957164687918,0.4648147790132734,0.49948712928559885
115,AU-TAS,AU,Tasmania,465415.21875,0.0221196754081502,GM-R-000109,1,GM-R-000109,GADM 3.6:AUS.9_1,0.378643344159392,0.40104567395955537,0.4648147790132734,0.49948712928559885
116,AU-VIC,AU,Victoria,5310449,0.252388412366535,GM-R-000110,1,GM-R-000110,GADM 3.6:AUS.10_1,0.38079204280801177,0.40993481472226895,0.4648147790132734,0.49948712928559885
117,AU-WA,AU,Western Australia,2187789.5,0.103978537125048,GM-R-000111,1,GM-R-000111,GADM 3.6:AUS.11_1,0.3929937032966366,0.3949184727170034,0.4648147790132734,0.49948712928559885
118,AZ-ABSHERON,AZ,Absheron,3161403.75,0.310012917848441,GM-R-000112,1,GM-R-000112,GADM 3.6:AZE.1_1,0.43743823256311726,0.37029619001455005,0.6020118540978764,0.5776495281170082
119,AZ-ARAN,AZ,Aran,2009412.25,0.197046566666121,GM-R-000113,1,GM-R-000113,GADM 3.6:AZE.2_1,0.43396655133391365,0.4868284976204423,0.6020118540978764,0.5776495281170082
120,AZ-GANJA,AZ,Ganja-Qazakh,322227.53125,0.0315982092366127,GM-R-000114,1,GM-R-000114,GADM 3.6:AZE.3_1,0.5368055388464761,0.4507847099380692,0.6020118540978764,0.5776495281170082
121,AZ-GUBA,AZ,Guba-Khachmaz,1266842.625,0.124228858345293,GM-R-000115,1,GM-R-000115,GADM 3.6:AZE.4_1,0.5221601434799591,0.5606298816364564,0.6020118540978764,0.5776495281170082
122,AZ-KALBAJAR,AZ,Kalbajar-Lachin,257002.609375,0.025202136496171,GM-R-000116,1,GM-R-000116,GADM 3.6:AZE.5_1,0.45301860163396074,0.44293170400793297,0.6020118540978764,0.5776495281170082
123,AZ-LANKARAN,AZ,Lankaran,937026,0.0918864489737678,GM-R-000117,1,GM-R-000117,GADM 3.6:AZE.6_1,0.4724085701903264,0.4344100536561322,0.6020118540978764,0.5776495281170082
124,AZ-NAKCHIVAN,AZ,Nakhchivan,544657.875,0.0534101274023862,GM-R-000119,1,GM-R-000119,GADM 3.6:AZE.8_1,0.45168209674706994,0.43928133738457986,0.6020118540978764,0.5776495281170082
125,AZ-SHEKI,AZ,Shaki-Zaqatala,621722.5625,0.0609672287802008,GM-R-000120,1,GM-R-000120,GADM 3.6:AZE.9_1,0.5213544796824878,0.5089483554685981,0.6020118540978764,0.5776495281170082
126,AZ-SHIRVAN,AZ,Mountainous Shirvan,429056.71875,0.0420740708307711,GM-R-000118,1,GM-R-000118,GADM 3.6:AZE.7_1,0.35666012576507317,0.464107356225624,0.6020118540978764,0.5776495281170082
127,AZ-YUKHARI,AZ,Yukhari-Karabakh,648299.75,0.0635734354202353,GM-R-000121,1,GM-R-000121,GADM 3.6:AZE.10_1,0.3928474695742124,0.318502918786507,0.6020118540978764,0.5776495281170082
128,BA-BIH,BA,Federacija Bosne i Hercegovine,2139182,0.638472425750819,GM-R-000123,1,GM-R-000123,GADM 3.6:BIH.2_1,0.3477956436085854,0.390609135578906,0.41849222563732813,0.5082201088798562
129,BA-BRC,BA,Brčko distrikt,118337.390625,0.0353196506184916,GM-R-000122,1,GM-R-000122,GADM 3.6:BIH.1_1,0.4069830981471728,0.40708315152426316,0.41849222563732813,0.5082201088798562
130,BA-SRP,BA,Republika Srpska,1092949.5,0.326207923630689,GM-R-000124,1,GM-R-000124,GADM 3.6:BIH.3_1,0.3493982663891584,0.420358029248615,0.41849222563732813,0.5082201088798562
131,BD-A,BD,Barisal,8268781.5,0.0501681294080232,GM-R-000136,1,GM-R-000136,GADM 3.6:BGD.1_1,0.5108971564665628,0.4355173503613277,0.6527047686339883,0.517649813488458
132,BD-B,BD,Chittagong,32305822,0.196005017030449,GM-R-000137,1,GM-R-000137,GADM 3.6:BGD.2_1,0.48280452158143894,0.4878689301611484,0.6527047686339883,0.517649813488458
133,BD-C,BD,Dhaka,45300984,0.27484891548081,GM-R-000138,1,GM-R-000138,globalmrp-mixed-source-partition-repairs worldpop-readiness-overlap-repair-2026-08-10:BD-C,0.48495983248087554,0.37603859766286135,0.6527047686339883,0.517649813488458
134,BD-D,BD,Khulna,16604640,0.100743226591927,GM-R-000139,1,GM-R-000139,GADM 3.6:BGD.4_1,0.4869090674601298,0.4126156189749092,0.6527047686339883,0.517649813488458
135,BD-E,BD,Rajshahi,20630230,0.125167178302786,GM-R-000141,1,GM-R-000141,GADM 3.6:BGD.5_1,0.45635797302469217,0.3812406133438372,0.6527047686339883,0.517649813488458
136,BD-F,BD,Rangpur,17606240,0.106820107256276,GM-R-000142,1,GM-R-000142,GADM 3.6:BGD.6_1,0.4674335518637919,0.4001142205945431,0.6527047686339883,0.517649813488458
137,BD-G,BD,Sylhet,12015196,0.0728982750107452,GM-R-000143,1,GM-R-000143,GADM 3.6:BGD.7_1,0.4954228394135975,0.3856803464296975,0.6527047686339883,0.517649813488458
138,BD-H,BD,Mymensingh,12089510,0.0733491509189824,GM-R-000140,1,GM-R-000140,globalmrp-mixed-source-partition-repairs worldpop-readiness-overlap-repair-2026-08-10:BD-H,0.4964895817894571,0.3439805386274216,0.6527047686339883,0.517649813488458
139,BE-BRU,BE,Brussels Hoofdstedelijk Gewest,1261529.375,0.108732154422094,GM-R-000146,1,GM-R-000146,GADM 4.1:BEL.1.1_1,0.37293559542598276,0.4032693588947414,0.45561208997332,0.49947712965371477
140,BE-VAN,BE,Antwerpen,1882165.625,0.162225254077382,GM-R-000144,1,GM-R-000144,GADM 4.1:BEL.2.1_1,0.3718549461612194,0.4244269435267729,0.45561208997332,0.49947712965371477
141,BE-VBR,BE,Vlaams-Brabant,1165318.375,0.100439656826384,GM-R-000153,1,GM-R-000153,GADM 4.1:BEL.2.4_1,0.3780426878232467,0.38042971477881776,0.45561208997332,0.49947712965371477
142,BE-VLI,BE,Limburg,890405.5625,0.0767447171969667,GM-R-000149,1,GM-R-000149,GADM 4.1:BEL.2.2_1,0.3450787830861061,0.4177350613454021,0.45561208997332,0.49947712965371477
143,BE-VOV,BE,Oost-Vlaanderen,1521633.625,0.131150733043652,GM-R-000152,1,GM-R-000152,GADM 4.1:BEL.2.3_1,0.36399377548368794,0.374011630093115,0.45561208997332,0.49947712965371477
144,BE-VWV,BE,West-Vlaanderen,1185571,0.102185245627242,GM-R-000154,1,GM-R-000154,GADM 4.1:BEL.2.5_1,0.3623413929038806,0.4171255255624852,0.45561208997332,0.49947712965371477
145,BE-WBR,BE,Brabant wallon,409393.03125,0.0352858896315466,GM-R-000145,1,GM-R-000145,GADM 4.1:BEL.3.1_1,0.38346323054893794,0.37127742715410555,0.45561208997332,0.49947712965371477
146,BE-WHT,BE,Hainaut,1359944.75,0.117214648737383,GM-R-000147,1,GM-R-000147,GADM 4.1:BEL.3.2_1,0.382280742235779,0.38215303498176634,0.45561208997332,0.49947712965371477
147,BE-WLG,BE,Liège,1130560,0.0974438066520981,GM-R-000148,1,GM-R-000148,GADM 4.1:BEL.3.3_1,0.36382097128008317,0.3950723637425651,0.45561208997332,0.49947712965371477
148,BE-WLX,BE,Luxembourg,292058.5625,0.025172744564941,GM-R-000150,1,GM-R-000150,GADM 4.1:BEL.3.4_1,0.4133798107656464,0.33278083445375367,0.45561208997332,0.49947712965371477
149,BE-WNA,BE,Namur,503594.09375,0.0434051492203099,GM-R-000151,1,GM-R-000151,GADM 4.1:BEL.3.5_1,0.3917800884583305,0.3815342984260601,0.45561208997332,0.49947712965371477
150,BF-01,BF,Boucle du Mouhoun,1938578.25,0.0849553149273854,GM-R-000155,1,GM-R-000155,GADM 3.6:BFA.1_1,0.5039322730003679,0.38412475571087606,0.6602720709983189,0.4774165438249548
151,BF-02,BF,Cascades,1139585,0.0499406214639644,GM-R-000156,1,GM-R-000156,GADM 3.6:BFA.2_1,0.5225162522575004,0.28546650274758417,0.6602720709983189,0.4774165438249548
152,BF-03,BF,Centre,4218651.5,0.184876141446128,GM-R-000157,1,GM-R-000157,GADM 3.6:BFA.7_1,0.5119494731714832,0.35914114750071857,0.6602720709983189,0.4774165438249548
153,BF-04,BF,Centre-Est,1726232.5,0.0756495775578767,GM-R-000158,1,GM-R-000158,GADM 3.6:BFA.3_1,0.47053869134934806,0.3715950151123248,0.6602720709983189,0.4774165438249548
154,BF-05,BF,Centre-Nord,1737056.5,0.0761239232949002,GM-R-000159,1,GM-R-000159,GADM 3.6:BFA.4_1,0.4091018481195504,0.39188543167250606,0.6602720709983189,0.4774165438249548
155,BF-06,BF,Centre-Ouest,1713911.75,0.0751096389733023,GM-R-000160,1,GM-R-000160,GADM 3.6:BFA.5_1,0.4995657347560446,0.3611035051671573,0.6602720709983189,0.4774165438249548
156,BF-07,BF,Centre-Sud,881659.1875,0.0386374054968817,GM-R-000161,1,GM-R-000161,GADM 3.6:BFA.6_1,0.41982342113461046,0.42255065159362176,0.6602720709983189,0.4774165438249548
157,BF-08,BF,Est,2031701.375,0.0890362976844123,GM-R-000162,1,GM-R-000162,GADM 3.6:BFA.8_1,0.4791158884671799,0.5393178141467537,0.6602720709983189,0.4774165438249548
158,BF-09,BF,Hauts-Bassins,2480561,0.108706904635699,GM-R-000163,1,GM-R-000163,GADM 3.6:BFA.9_1,0.4974979299714866,0.3399731589002482,0.6602720709983189,0.4774165438249548
159,BF-10,BF,Nord,1598667.375,0.0700592252632885,GM-R-000164,1,GM-R-000164,GADM 3.6:BFA.10_1,0.5113916360928908,0.49304667000755786,0.6602720709983189,0.4774165438249548
160,BF-11,BF,Plateau-Central,923625.6875,0.0404765250804735,GM-R-000165,1,GM-R-000165,GADM 3.6:BFA.11_1,0.4535012212253168,0.40594103939178905,0.6602720709983189,0.4774165438249548
161,BF-12,BF,Sahel,1494114.75,0.0654773616303091,GM-R-000166,1,GM-R-000166,GADM 3.6:BFA.12_1,0.47031055871597593,0.2460710018309726,0.6602720709983189,0.4774165438249548
162,BF-13,BF,Sud-Ouest,934454.0625,0.0409510625453794,GM-R-000167,1,GM-R-000167,GADM 3.6:BFA.13_1,0.5053597086133379,0.4108196511397935,0.6602720709983189,0.4774165438249548
163,BG31,BG,Severozapaden,699004.625,0.101259796078027,GM-R-000170,1,GM-R-000170,gisco-nuts-2024 2024-RG-01M-EPSG4326:BG31,0.3986353632705768,0.4081682193598249,0.5047157749545016,0.5347936827261838
164,BG32,BG,Severen tsentralen,741976.1875,0.107484778718026,GM-R-000168,1,GM-R-000168,gisco-nuts-2024 2024-RG-01M-EPSG4326:BG32,0.39294134945880776,0.39379104362342793,0.5047157749545016,0.5347936827261838
165,BG33,BG,Severoiztochen,914618.125,0.132494180316428,GM-R-000169,1,GM-R-000169,gisco-nuts-2024 2024-RG-01M-EPSG4326:BG33,0.4160952495029548,0.43152014544884193,0.5047157749545016,0.5347936827261838
166,BG34,BG,Yugoiztochen,1000457.1875,0.144929070807001,GM-R-000171,1,GM-R-000171,gisco-nuts-2024 2024-RG-01M-EPSG4326:BG34,0.40052328734970455,0.4124879583338818,0.5047157749545016,0.5347936827261838
167,BG41,BG,Yugozapaden,2176414.75,0.315281624590409,GM-R-000172,1,GM-R-000172,gisco-nuts-2024 2024-RG-01M-EPSG4326:BG41,0.3964664799091177,0.4361242587515163,0.5047157749545016,0.5347936827261838
168,BG42,BG,Yuzhen tsentralen,1370610.625,0.198550549490108,GM-R-000173,1,GM-R-000173,gisco-nuts-2024 2024-RG-01M-EPSG4326:BG42,0.39358416224887965,0.3914987631352845,0.5047157749545016,0.5347936827261838
169,BH-13,BH,Al ‘Āşimah,604658.875,0.374943460306374,GM-R-000174,1,GM-R-000174,GADM 3.6:BHR.2_1,0.3208367016020847,0.2910159396854165,0.4305819038240949,0.2577387408384929
170,BH-14,BH,Al Janūbīyah,237404.9375,0.147212639126596,GM-R-000175,1,GM-R-000175,GADM 3.6:BHR.5_1,0.38925178646712716,0.2608302427530755,0.4305819038240949,0.2577387408384929
171,BH-15,BH,Al Muḩarraq,302659.28125,0.187676263257882,GM-R-000176,1,GM-R-000176,GADM 3.6:BHR.3_1,NA,NA,0.4305819038240949,0.2577387408384929
172,BH-17,BH,Ash Shamālīyah,467943.71875,0.290167637309148,GM-R-000177,1,GM-R-000177,GADM 3.6:BHR.4_1,NA,NA,0.4305819038240949,0.2577387408384929
173,BI2025-BUH,BI,Buhumuza,1998820.125,0.176088886551397,GM-R-002572,1,GM-R-002572,GADM 4.1|Organic-Law-1-05-2023:BI-CA|BI-RY|BI-MY,0.4778463587349483,0.47852254853344167,0.530762254625308,0.5312943739228655
174,BI2025-BUJ,BI,Bujumbura,2690855.75,0.237054743926958,GM-R-002573,1,GM-R-002573,GADM 4.1|Organic-Law-1-05-2023:BI-BL|BI-BM|BI-CI|BI-BB,0.3950658839849681,0.39593961633898805,0.530762254625308,0.5312943739228655
175,BI2025-BUR,BI,Burunga,1968626.375,0.173428925431429,GM-R-002574,1,GM-R-002574,GADM 4.1|Organic-Law-1-05-2023:BI-MA|BI-BR|BI-RT|BI-RM,0.4638612361178103,0.4649738904846123,0.530762254625308,0.5312943739228655
176,BI2025-BUT,BI,Butanyerera,2564497.75,0.225923057164068,GM-R-002575,1,GM-R-002575,GADM 4.1|Organic-Law-1-05-2023:BI-KY|BI-NG|BI-KI,0.37808828813793055,0.3781465440588674,0.530762254625308,0.5312943739228655
177,BI2025-GIT,BI,Gitega,2128399.75,0.187504386926148,GM-R-002576,1,GM-R-002576,GADM 4.1|Organic-Law-1-05-2023:BI-GI|BI-MW|BI-MU|BI-KR,0.37288416315783346,0.3716419700754226,0.530762254625308,0.5312943739228655
178,BJ-AK,BJ,Atacora,1037561,0.079837999562802,GM-R-000197,1,GM-R-000197,GADM 3.6:BEN.2_1,0.4319718806116368,0.4505180285012181,0.4954096618679889,0.5953310111780885
179,BJ-AL,BJ,Alibori,1206923.5,0.09287006534106,GM-R-000196,1,GM-R-000196,GADM 3.6:BEN.1_1,0.38916824889183843,0.44918536588674696,0.4954096618679889,0.5953310111780885
180,BJ-AQ,BJ,Atlantique,1972170,0.151754072866821,GM-R-000198,1,GM-R-000198,GADM 3.6:BEN.3_1,0.3945204023063841,0.41269680870945236,0.4954096618679889,0.5953310111780885
181,BJ-BO,BJ,Borgou,1699929.75,0.130805794201299,GM-R-000199,1,GM-R-000199,GADM 3.6:BEN.4_1,0.40735555537086954,0.4736216747755262,0.4954096618679889,0.5953310111780885
182,BJ-CO,BJ,Collines,867204.625,0.0667294573250247,GM-R-000200,1,GM-R-000200,GADM 3.6:BEN.5_1,0.3382982110026237,0.4661134604958887,0.4954096618679889,0.5953310111780885
183,BJ-DO,BJ,Donga,721476.25,0.0555159846332621,GM-R-000202,1,GM-R-000202,GADM 3.6:BEN.6_1,0.44259792661598835,0.38263886294984983,0.4954096618679889,0.5953310111780885
184,BJ-KO,BJ,Couffo,930505.75,0.071600337389016,GM-R-000201,1,GM-R-000201,GADM 3.6:BEN.7_1,0.42023440086139524,0.4690414952432279,0.4954096618679889,0.5953310111780885
185,BJ-LI,BJ,Littoral,619235.5625,0.0476487922812697,GM-R-000203,1,GM-R-000203,GADM 3.6:BEN.8_1,0.42147593294021574,0.4066929746718448,0.4954096618679889,0.5953310111780885
186,BJ-MO,BJ,Mono,602292.4375,0.0463450566875624,GM-R-000204,1,GM-R-000204,GADM 3.6:BEN.9_1,0.3662041532424031,0.499082499879437,0.4954096618679889,0.5953310111780885
187,BJ-OU,BJ,Ouémé,1452273.125,0.111749170524739,GM-R-000205,1,GM-R-000205,GADM 3.6:BEN.10_1,0.3948659676670977,0.46012292422590556,0.4954096618679889,0.5953310111780885
188,BJ-PL,BJ,Plateau,815986.875,0.0627883659558351,GM-R-000206,1,GM-R-000206,GADM 3.6:BEN.11_1,0.36594327355064243,0.43711516304082315,0.4954096618679889,0.5953310111780885
189,BJ-ZO,BJ,Zou,1070270.25,0.0823549032313088,GM-R-000207,1,GM-R-000207,GADM 3.6:BEN.12_1,0.34619482901157667,0.48985420903045246,0.4954096618679889,0.5953310111780885
190,BO-B,BO,El Beni,521599.15625,0.0439685790371976,GM-R-000210,1,GM-R-000210,GADM 3.6:BOL.3_1,0.5440837119473019,0.5254612697220563,0.7455167504411896,0.719347709513114
191,BO-C,BO,Cochabamba,2054228.5,0.173162680729919,GM-R-000209,1,GM-R-000209,GADM 3.6:BOL.2_1,0.5506029198897644,0.5545069161886195,0.7455167504411896,0.719347709513114
192,BO-H,BO,Chuquisaca,627178.5625,0.0528684716324582,GM-R-000208,1,GM-R-000208,GADM 3.6:BOL.1_1,0.5203469016845779,0.4876837639318445,0.7455167504411896,0.719347709513114
193,BO-L,BO,La Paz,3105508,0.261781048363515,GM-R-000211,1,GM-R-000211,GADM 3.6:BOL.4_1,0.5247049740772768,0.56871612093494,0.7455167504411896,0.719347709513114
194,BO-N,BO,Pando,195487.515625,0.0164787618587012,GM-R-000213,1,GM-R-000213,GADM 3.6:BOL.6_1,0.5508512329447746,0.5194778162393964,0.7455167504411896,0.719347709513114
195,BO-O,BO,Oruro,600452.8125,0.0506156051599515,GM-R-000212,1,GM-R-000212,GADM 3.6:BOL.5_1,0.5864354047347975,0.5704120895337482,0.7455167504411896,0.719347709513114
196,BO-P,BO,Potosí,941684.5,0.0793799776518598,GM-R-000214,1,GM-R-000214,GADM 3.6:BOL.7_1,0.5302133125858752,0.4858331743617209,0.7455167504411896,0.719347709513114
197,BO-S,BO,Santa Cruz,3245138.25,0.273551281519655,GM-R-000215,1,GM-R-000215,GADM 3.6:BOL.8_1,0.5254325583374219,0.4587995062555071,0.7455167504411896,0.719347709513114
198,BO-T,BO,Tarija,571720.5,0.048193594046743,GM-R-000216,1,GM-R-000216,GADM 3.6:BOL.9_1,0.5332143916869895,0.5062919794175349,0.7455167504411896,0.719347709513114
199,BR-AC,BR,Acre,939091.75,0.00434690014776359,GM-R-000217,1,GM-R-000217,GADM 3.6:BRA.1_1,0.5744702501326954,0.4781971865706771,0.7472406033883431,0.7062773726027589
200,BR-AL,BR,Alagoas,3432719,0.0158894876121858,GM-R-000218,1,GM-R-000218,GADM 3.6:BRA.2_1,0.5173875138125266,0.45087914691846276,0.7472406033883431,0.7062773726027589
201,BR-AM,BR,Amazonas,4395352.5,0.0203453586209474,GM-R-000220,1,GM-R-000220,GADM 3.6:BRA.4_1,0.5017251664522436,0.5334708176156936,0.7472406033883431,0.7062773726027589
202,BR-AP,BR,Amapá,934210.3125,0.00432430478219888,GM-R-000219,1,GM-R-000219,GADM 3.6:BRA.3_1,0.6016114820919576,0.47893006645662023,0.7472406033883431,0.7062773726027589
203,BR-BA,BR,Bahia,15103857,0.0699132520598761,GM-R-000221,1,GM-R-000221,GADM 3.6:BRA.5_1,0.4960323123500444,0.5106120076079365,0.7472406033883431,0.7062773726027589
204,BR-CE,BR,Ceará,9594337,0.0444105966461676,GM-R-000222,1,GM-R-000222,GADM 3.6:BRA.6_1,0.5444100186345957,0.4840889259545187,0.7472406033883431,0.7062773726027589
205,BR-DF,BR,Distrito Federal,3240356.5,0.0149990734650333,GM-R-000223,1,GM-R-000223,GADM 3.6:BRA.7_1,0.5622041640813339,0.49958958036498313,0.7472406033883431,0.7062773726027589
206,BR-ES,BR,Espírito Santo,3896721,0.0180372760070499,GM-R-000224,1,GM-R-000224,GADM 3.6:BRA.8_1,0.5514951007152883,0.5054269567384487,0.7472406033883431,0.7062773726027589
207,BR-GO,BR,Goiás,7308363,0.0338292016776954,GM-R-000225,1,GM-R-000225,GADM 3.6:BRA.9_1,0.5331982245329496,0.5106267622871685,0.7472406033883431,0.7062773726027589
208,BR-MA,BR,Maranhão,7751654.5,0.0358811245988076,GM-R-000226,1,GM-R-000226,GADM 3.6:BRA.10_1,0.5348100043831443,0.5533969879104913,0.7472406033883431,0.7062773726027589
209,BR-MG,BR,Minas Gerais,21664828,0.100282899976997,GM-R-000229,1,GM-R-000229,GADM 3.6:BRA.13_1,0.5508573535231065,0.5385769530163601,0.7472406033883431,0.7062773726027589
210,BR-MS,BR,Mato Grosso do Sul,2919632.5,0.0135144951977966,GM-R-000228,1,GM-R-000228,GADM 3.6:BRA.11_1,0.5467416796722425,0.46866071175317675,0.7472406033883431,0.7062773726027589
211,BR-MT,BR,Mato Grosso,3847836,0.017810995439977,GM-R-000227,1,GM-R-000227,GADM 3.6:BRA.12_1,0.6025168826243775,0.5218130094743768,0.7472406033883431,0.7062773726027589
212,BR-PA,BR,Pará,9678984,0.0448024135871723,GM-R-000230,1,GM-R-000230,GADM 3.6:BRA.14_1,0.5220097122494085,0.4557420709469072,0.7472406033883431,0.7062773726027589
213,BR-PB,BR,Paraíba,4113080.75,0.0190387694492456,GM-R-000231,1,GM-R-000231,GADM 3.6:BRA.15_1,0.4951758079462909,0.5086370783194042,0.7472406033883431,0.7062773726027589
214,BR-PE,BR,Pernambuco,9773618,0.0452404586968045,GM-R-000233,1,GM-R-000233,GADM 3.6:BRA.17_1,0.53747939827276,0.503869878044309,0.7472406033883431,0.7062773726027589
215,BR-PI,BR,Piauí,3422990.25,0.0158444548400285,GM-R-000234,1,GM-R-000234,GADM 3.6:BRA.18_1,0.5422994589920999,0.5219510439096826,0.7472406033883431,0.7062773726027589
216,BR-PR,BR,Paraná,11488648,0.0531790484676325,GM-R-000232,1,GM-R-000232,GADM 3.6:BRA.16_1,0.5610616591048482,0.5071892402466325,0.7472406033883431,0.7062773726027589
217,BR-RJ,BR,Rio de Janeiro,17741942,0.0821245105192469,GM-R-000235,1,GM-R-000235,GADM 3.6:BRA.19_1,0.5147606763355819,0.5172494160523301,0.7472406033883431,0.7062773726027589
218,BR-RN,BR,Rio Grande do Norte,3641438.5,0.0168556156027588,GM-R-000236,1,GM-R-000236,GADM 3.6:BRA.20_1,0.5648808057947177,0.4913253863723014,0.7472406033883431,0.7062773726027589
219,BR-RO,BR,Rondônia,1817845,0.00841450337425635,GM-R-000238,1,GM-R-000238,GADM 3.6:BRA.22_1,0.4968731310382567,0.4958113528250094,0.7472406033883431,0.7062773726027589
220,BR-RR,BR,Roraima,633049.875,0.00293028300501971,GM-R-000239,1,GM-R-000239,GADM 3.6:BRA.23_1,0.5895915971667577,0.48207894641436083,0.7472406033883431,0.7062773726027589
221,BR-RS,BR,Rio Grande do Sul,11262987,0.052134501079963,GM-R-000237,1,GM-R-000237,GADM 3.6:BRA.21_1,0.5067787271120017,0.557240987748331,0.7472406033883431,0.7062773726027589
222,BR-SC,BR,Santa Catarina,7263431.5,0.0336212212072151,GM-R-000240,1,GM-R-000240,GADM 3.6:BRA.24_1,0.5093467111924365,0.4731493240872774,0.7472406033883431,0.7062773726027589
223,BR-SE,BR,Sergipe,2399841,0.011108466449108,GM-R-000242,1,GM-R-000242,GADM 3.6:BRA.26_1,0.5107939109930902,0.500400577779946,0.7472406033883431,0.7062773726027589
224,BR-SP,BR,São Paulo,46060496,0.213206405943258,GM-R-000241,1,GM-R-000241,GADM 3.6:BRA.25_1,0.5491248005527432,0.5194403134215672,0.7472406033883431,0.7062773726027589
225,BR-TO,BR,Tocantins,1709800.125,0.0079143815457954,GM-R-000243,1,GM-R-000243,GADM 3.6:BRA.27_1,0.5646032322044744,0.4853060381408084,0.7472406033883431,0.7062773726027589
226,BS.nat,BS,Bahamas,373986,1,GM-A-0005,6,GM-R-000244|GM-R-000245|GM-R-000246|GM-R-000247|GM-R-000248|GM-R-000249,:,0.45320044833386225,0.5157879786107727,0.6011803571909755,0.7124151862518507
227,BW-FR,BW,Francistown,94972.296875,0.0395187766251303,GM-R-000252,1,GM-R-000252,GADM 3.6:BWA.3_1,NA,NA,0.4560480977362467,0.7002321719769403
228,BW-GA,BW,Gaborone,169885.875,0.0706909505908462,GM-R-000253,1,GM-R-000253,GADM 3.6:BWA.4_1,0.379963317853064,0.5059652738709322,0.4560480977362467,0.7002321719769403
229,BW-KG,BW,Kgalagadi,59651.703125,0.0248215785936836,GM-R-000256,1,GM-R-000256,GADM 3.6:BWA.7_1,0.40565666353395974,0.45660322758836047,0.4560480977362467,0.7002321719769403
230,BW-KL,BW,Kgatleng,113146.71875,0.0470813074051779,GM-R-000257,1,GM-R-000257,GADM 3.6:BWA.8_1,0.3572775693459463,0.4770483447843679,0.4560480977362467,0.7002321719769403
231,BW-KW,BW,Kweneng,391362.34375,0.162849183930971,GM-R-000258,1,GM-R-000258,GADM 3.6:BWA.9_1,0.3761908683959486,0.530435854132117,0.4560480977362467,0.7002321719769403
232,BW-NE,BW,North East,93939.4609375,0.0390890048490702,GM-R-000260,1,GM-R-000260,GADM 3.6:BWA.11_1,0.3230856523890773,0.46446647146374376,0.4560480977362467,0.7002321719769403
233,BW.A,BW,Central and Ghanzi,773479.625640869,0.321851419367295,GM-A-0056,4,GM-R-000250|GM-R-000254|GM-R-000262|GM-R-000265,GADM 3.6:BWA.1_1|GADM 3.6:BWA.13_1|GADM 3.6:BWA.16_1|GADM 3.6:BWA.5_1,0.37741067217935664,0.5164088400825249,0.4560480977362467,0.7002321719769403
234,BW.B,BW,Southern,245903.023681641,0.102322329606382,GM-A-0007,2,GM-R-000255|GM-R-000264,GADM 3.6:BWA.15_1|GADM 3.6:BWA.6_1,0.34737950627317393,0.4955597527285463,0.4560480977362467,0.7002321719769403
235,BW.C,BW,South-East,249203.671875,0.10369575725806,GM-A-0008,2,GM-R-000259|GM-R-000263,GADM 3.6:BWA.10_1|GADM 3.6:BWA.14_1,0.39659795975046735,0.501186621452239,0.4560480977362467,0.7002321719769403
236,BW.D,BW,Chobe and North-West,211674.837890625,0.0880796917733835,GM-A-0057,2,GM-R-000251|GM-R-000261,GADM 3.6:BWA.12_1|GADM 3.6:BWA.2_1,0.3669393091093656,0.5168024388034816,0.4560480977362467,0.7002321719769403
237,BY-BR,BY,Brestskaya voblasts',1327776.625,0.117306080672663,GM-R-000266,1,GM-R-000266,GADM 3.6:BLR.1_1,0.3537956094639721,0.37043741556666987,0.44180642981894835,0.3880528798793255
238,BY-HM,BY,Horad Minsk,2149747.25,0.189925338032167,GM-R-000268,1,GM-R-000268,GADM 4.1:BLR.7_1,0.35011586290109015,0.31833710036097346,0.44180642981894835,0.3880528798793255
239,BY-HO,BY,Homyel'skaya voblasts',1354947,0.119706522239148,GM-R-000267,1,GM-R-000267,GADM 3.6:BLR.2_1,0.35715528830772897,0.33396820448816344,0.44180642981894835,0.3880528798793255
240,BY-HR,BY,Hrodzenskaya voblasts',976809.9375,0.086298962621242,GM-R-000269,1,GM-R-000269,GADM 3.6:BLR.3_1,0.3307191677441076,0.34597971660587684,0.44180642981894835,0.3880528798793255
241,BY-MA,BY,Mahilyowskaya voblasts',986098,0.0871195420684196,GM-R-000270,1,GM-R-000270,GADM 3.6:BLR.4_1,0.4030409760976696,0.3749282241836155,0.44180642981894835,0.3880528798793255
242,BY-MI,BY,Minskaya voblasts',3422218.5,0.302345313121083,GM-R-000271,1,GM-R-000271,GADM 3.6:BLR.5_1,0.3783245208059628,0.30732141414685976,0.44180642981894835,0.3880528798793255
243,BY-VI,BY,Vitsyebskaya voblasts',1101309.75,0.0972982412452775,GM-R-000272,1,GM-R-000272,GADM 3.6:BLR.6_1,0.35701295302831615,0.3489312912935361,0.44180642981894835,0.3880528798793255
244,BZ.nat,BZ,Belize,410415.875,1,GM-R-002483,1,GM-R-002483,GADM 4.1:BLZ,0.5032662363405788,0.5582637318112167,0.6901606915496814,0.7879059928962269
245,CA-AB,CA,Alberta,4397699.5,0.119812339852184,GM-R-000273,1,GM-R-000273,GADM 3.6:CAN.1_1,0.32738360531191263,0.3181909402827152,0.5008556602269235,0.47854314770067213
246,CA-BC,CA,British Columbia,4882202,0.133012281819394,GM-R-000274,1,GM-R-000274,GADM 3.6:CAN.2_1,0.3888653944550379,0.39154543404909287,0.5008556602269235,0.47854314770067213
247,CA-MB,CA,Manitoba,1328778,0.0362016552800174,GM-R-000275,1,GM-R-000275,GADM 3.6:CAN.3_1,0.339171819537755,0.3609956102564261,0.5008556602269235,0.47854314770067213
248,CA-NB,CA,New Brunswick,776641.1875,0.0211590623461092,GM-R-000276,1,GM-R-000276,GADM 3.6:CAN.4_1,0.43514957394719034,0.3607389104864599,0.5008556602269235,0.47854314770067213
249,CA-NL,CA,Newfoundland and Labrador,493839.40625,0.0134543196446291,GM-R-000277,1,GM-R-000277,GADM 3.6:CAN.5_1,0.40412934022306723,0.44735629901447915,0.5008556602269235,0.47854314770067213
250,CA-NS,CA,Nova Scotia,905558.1875,0.0246713185647808,GM-R-000279,1,GM-R-000279,GADM 3.6:CAN.7_1,0.4277301083669124,0.3963278484746796,0.5008556602269235,0.47854314770067213
251,CA-NT,CA,Northwest Territories,40760.4609375,0.00111049110981216,GM-R-000278,1,GM-R-000278,GADM 3.6:CAN.6_1,0.39832953084068484,0.3966754568348279,0.5008556602269235,0.47854314770067213
252,CA-NU,CA,Nunavut,31117.828125,8.4778411957759e-4,GM-R-000280,1,GM-R-000280,GADM 3.6:CAN.8_1,0.38567813154737784,0.38370110336940605,0.5008556602269235,0.47854314770067213
253,CA-ON,CA,Ontario,14267242,0.388701330606456,GM-R-000281,1,GM-R-000281,GADM 3.6:CAN.9_1,0.41508305921525596,0.3869579534129416,0.5008556602269235,0.47854314770067213
254,CA-PE,CA,Prince Edward Island,141200.578125,0.00384691397255253,GM-R-000282,1,GM-R-000282,GADM 3.6:CAN.10_1,0.4481552365767359,0.41238348192289564,0.5008556602269235,0.47854314770067213
255,CA-QC,CA,Quebec,8233153.5,0.224306682436395,GM-R-000283,1,GM-R-000283,GADM 3.6:CAN.11_1,0.418244187703332,0.41654669385048415,0.5008556602269235,0.47854314770067213
256,CA-SK,CA,Saskatchewan,1165397.375,0.0317504609754128,GM-R-000284,1,GM-R-000284,GADM 3.6:CAN.12_1,0.3227684651755681,0.3422637338731159,0.5008556602269235,0.47854314770067213
257,CA-YT,CA,Yukon,41306.1953125,0.00112535927267925,GM-R-000285,1,GM-R-000285,GADM 3.6:CAN.13_1,0.3799580796645199,0.38284011799179263,0.5008556602269235,0.47854314770067213
258,CD.nat,CD,Democratic Republic of the Congo,114387787.5625,1,GM-A-0010,26,GM-R-000286|GM-R-000287|GM-R-000288|GM-R-000289|GM-R-000290|GM-R-000291|GM-R-000292|GM-R-000293|GM-R-000294|GM-R-000295|GM-R-000296|GM-R-000297|GM-R-000298|GM-R-000299|GM-R-000300|GM-R-000301|GM-R-000302|GM-R-000303|GM-R-000304|GM-R-000305|GM-R-000306|GM-R-000307|GM-R-000308|GM-R-000309|GM-R-000310|GM-R-000311,GADM 3.6:COD.1_1|GADM 3.6:COD.10_1|GADM 3.6:COD.11_1|GADM 3.6:COD.12_1|GADM 3.6:COD.13_1|GADM 3.6:COD.14_1|GADM 3.6:COD.15_1|GADM 3.6:COD.16_1|GADM 3.6:COD.17_1|GADM 3.6:COD.18_1|GADM 3.6:COD.19_1|GADM 3.6:COD.2_1|GADM 3.6:COD.20_1|GADM 3.6:COD.21_1|GADM 3.6:COD.22_1|GADM 3.6:COD.23_1|GADM 3.6:COD.24_1|GADM 3.6:COD.25_1|GADM 3.6:COD.26_1|GADM 3.6:COD.3_1|GADM 3.6:COD.4_1|GADM 3.6:COD.5_1|GADM 3.6:COD.6_1|GADM 3.6:COD.7_1|GADM 3.6:COD.8_1|GADM 3.6:COD.9_1,0.4049472124125023,0.40448455770172137,0.515421414066059,0.5145991525478265
259,CF-AC,CF,Ouham,508848.25,0.0941920544181842,GM-R-000325,1,GM-R-000325,GADM 3.6:CAF.15_1,0.40231310327721803,0.40287557309469035,0.5214733825219022,0.5218064956022903
260,CF-BB,CF,Bamingui-Bangoran,60133.69921875,0.0111312491871186,GM-R-000312,1,GM-R-000312,GADM 3.6:CAF.1_1,0.4041095778685069,0.4050420417053292,0.5214733825219022,0.5218064956022903
261,CF-BGF,CF,Bangui,285809.09375,0.0529056466475259,GM-R-000313,1,GM-R-000313,GADM 3.6:CAF.2_1,0.4027591455305209,0.4046737688817601,0.5214733825219022,0.5218064956022903
262,CF-BK,CF,Basse-Kotto,342606.78125,0.0634193722461243,GM-R-000314,1,GM-R-000314,GADM 3.6:CAF.3_1,0.42062408659346096,0.4219996098848298,0.5214733825219022,0.5218064956022903
263,CF-HK,CF,Haute-Kotto,124389.375,0.0230255106095853,GM-R-000317,1,GM-R-000317,GADM 3.6:CAF.5_1,0.40278524970437435,0.40129984857879886,0.5214733825219022,0.5218064956022903
264,CF-HM,CF,Haut-Mbomou,79914.3046875,0.0147928042120934,GM-R-000316,1,GM-R-000316,GADM 3.6:CAF.4_1,0.40499275143731905,0.40669121441387107,0.5214733825219022,0.5218064956022903
265,CF-HS,CF,Haute-Sangha/Mambéré-Kadéï,496957.25,0.0919909311577886,GM-R-000318,1,GM-R-000318,GADM 3.6:CAF.8_1,0.4365856708714729,0.4388615129540217,0.5214733825219022,0.5218064956022903
266,CF-KB,CF,Gribingui,161626.953125,0.029918496848904,GM-R-000315,1,GM-R-000315,GADM 3.6:CAF.10_1,0.4025316292167644,0.4012758099478129,0.5214733825219022,0.5218064956022903
267,CF-KG,CF,Kémo-Gribingui,162637.34375,0.0301055285793533,GM-R-000319,1,GM-R-000319,GADM 3.6:CAF.6_1,0.34091640780965266,0.3421539050019695,0.5214733825219022,0.5218064956022903
268,CF-LB,CF,Lobaye,341215.71875,0.0631618749771466,GM-R-000320,1,GM-R-000320,GADM 3.6:CAF.7_1,0.40676917218789377,0.4071850934541567,0.5214733825219022,0.5218064956022903
269,CF-MB,CF,Mbomou,226726.109375,0.0419688935400155,GM-R-000321,1,GM-R-000321,GADM 3.6:CAF.9_1,0.40244515937501474,0.40145801372424866,0.5214733825219022,0.5218064956022903
270,CF-MP,CF,Ombella-Mpoko,1096367.25,0.202946720705662,GM-R-000323,1,GM-R-000323,GADM 3.6:CAF.12_1,0.37047938379054474,0.3697170778873482,0.5214733825219022,0.5218064956022903
271,CF-NM,CF,Nana-Mambéré,322161.9375,0.0596348611761319,GM-R-000322,1,GM-R-000322,GADM 3.6:CAF.11_1,0.3820737968980843,0.38257771847453903,0.5214733825219022,0.5218064956022903
272,CF-OP,CF,Ouham-Pendé,594896.1875,0.11012024521293,GM-R-000326,1,GM-R-000326,GADM 3.6:CAF.14_1,0.3999723531515094,0.39875378840654735,0.5214733825219022,0.5218064956022903
273,CF-SE,CF,Sangha,144052.25,0.0266652727430268,GM-R-000327,1,GM-R-000327,GADM 3.6:CAF.16_1,0.3641775079427145,0.3631568320946047,0.5214733825219022,0.5218064956022903
274,CF-UK,CF,Ouaka,380993.03125,0.0705249872284104,GM-R-000324,1,GM-R-000324,GADM 3.6:CAF.13_1,0.5742105190291852,0.5745831110890348,0.5214733825219022,0.5218064956022903
275,CF-VK,CF,Vakaga,72906.2265625,0.0134955505099987,GM-R-000328,1,GM-R-000328,GADM 3.6:CAF.17_1,0.40269360480079175,0.4034732216641825,0.5214733825219022,0.5218064956022903
276,CG-11,CG,Bouenza,266502.40625,0.0659341864508368,GM-R-002489,1,GM-R-002489,GADM 3.6:COG.1_1,0.33993294779337113,0.5229391492971635,0.5379163491882994,0.6872299459193965
277,CG-12,CG,Pool,589411.6875,0.145823749386606,GM-R-002499,1,GM-R-002499,GADM 3.6:COG.11_1,0.3738481787909102,0.5066193173582864,0.5379163491882994,0.6872299459193965
278,CG-13,CG,Sangha,109945.984375,0.0272012517084057,GM-R-002500,1,GM-R-002500,GADM 3.6:COG.12_1,0.4806282157093891,0.49967815589353365,0.5379163491882994,0.6872299459193965
279,CG-14,CG,Plateaux,114447.21875,0.0283148822782616,GM-R-002497,1,GM-R-002497,GADM 3.6:COG.9_1,0.3995641788590937,0.4584072074934399,0.5379163491882994,0.6872299459193965
280,CG-15,CG,Cuvette-Ouest,173627.40625,0.0429563917930392,GM-R-002492,1,GM-R-002492,GADM 3.6:COG.3_1,0.3491308946960774,0.42385258828458044,0.5379163491882994,0.6872299459193965
281,CG-16,CG,Pointe Noire,92466.7578125,0.0228767932563977,GM-R-002498,1,GM-R-002498,GADM 3.6:COG.10_1,NA,NA,0.5379163491882994,0.6872299459193965
282,CG-2,CG,Lékoumou,161396.875,0.039930489929047,GM-R-002494,1,GM-R-002494,GADM 3.6:COG.6_1,0.33792729119411147,0.4427527868372632,0.5379163491882994,0.6872299459193965
283,CG-5,CG,Kouilou,405884.4375,0.100418080857827,GM-R-002493,1,GM-R-002493,GADM 3.6:COG.5_1,0.3374122089222826,0.45781532340060066,0.5379163491882994,0.6872299459193965
284,CG-7,CG,Likouala,1134219.25,0.280612188677483,GM-R-002495,1,GM-R-002495,GADM 3.6:COG.7_1,0.4761867094837921,0.557536376811319,0.5379163491882994,0.6872299459193965
285,CG-8,CG,Cuvette,173571.9375,0.0429426685139283,GM-R-002491,1,GM-R-002491,GADM 3.6:COG.4_1,0.5263440323304366,0.4767650329511618,0.5379163491882994,0.6872299459193965
286,CG-9,CG,Niari,155770.5625,0.0385385087359853,GM-R-002496,1,GM-R-002496,GADM 3.6:COG.8_1,0.4300679429616686,0.46297195175787037,0.5379163491882994,0.6872299459193965
287,CG-BZV,CG,Brazzaville,664701.25,0.164450808412182,GM-R-002490,1,GM-R-002490,GADM 3.6:COG.2_1,0.4416378512739817,0.48239408134010897,0.5379163491882994,0.6872299459193965
288,CH-AG,CH,Aargau,674094.5625,0.0773869708744191,GM-R-000329,1,GM-R-000329,GADM 3.6:CHE.1_1,0.35284819145696383,0.4269227735000377,0.4672138090105627,0.5478023224340022
289,CH-AI,CH,Appenzell Innerrhoden,17314.443359375,0.00198772160242538,GM-R-000331,1,GM-R-000331,GADM 3.6:CHE.3_1,0.37003748746164455,0.4160453120168811,0.4672138090105627,0.5478023224340022
290,CH-AR,CH,Appenzell Ausserrhoden,53479.03515625,0.00613946583500109,GM-R-000330,1,GM-R-000330,GADM 3.6:CHE.2_1,0.3982257171869741,0.45248454498892554,0.4672138090105627,0.5478023224340022
291,CH-BE,CH,Bern,1029256.875,0.118160086490715,GM-R-000334,1,GM-R-000334,GADM 3.6:CHE.6_1,0.3630306576211992,0.4365899605243552,0.4672138090105627,0.5478023224340022
292,CH-BL,CH,Basel-Landschaft,292333.59375,0.0335602934123141,GM-R-000332,1,GM-R-000332,GADM 3.6:CHE.4_1,0.3598918952917839,0.4140023507033167,0.4672138090105627,0.5478023224340022
293,CH-BS,CH,Basel-Stadt,171784.6875,0.0197211153268036,GM-R-000333,1,GM-R-000333,GADM 3.6:CHE.5_1,0.3718975799653692,0.4212646917721316,0.4672138090105627,0.5478023224340022
294,CH-FR,CH,Fribourg,334680.71875,0.0384218008495446,GM-R-000335,1,GM-R-000335,GADM 3.6:CHE.7_1,0.37902564482380685,0.45191438358344177,0.4672138090105627,0.5478023224340022
295,CH-GE,CH,Genève,520143.28125,0.0597131547943892,GM-R-000336,1,GM-R-000336,GADM 3.6:CHE.8_1,0.3851926433679367,0.3863839787548804,0.4672138090105627,0.5478023224340022
296,CH-GL,CH,Glarus,39626.37890625,0.00454916209219039,GM-R-000337,1,GM-R-000337,GADM 3.6:CHE.9_1,0.3812860052696073,0.45477627398986625,0.4672138090105627,0.5478023224340022
297,CH-GR,CH,Graubünden,210917.046875,0.0242135633061632,GM-R-000338,1,GM-R-000338,GADM 3.6:CHE.10_1,0.39166549293036557,0.38437249038667015,0.4672138090105627,0.5478023224340022
298,CH-JU,CH,Jura,71837.953125,0.00824709454048187,GM-R-000339,1,GM-R-000339,GADM 3.6:CHE.11_1,0.3833660502292176,0.4484037799817067,0.4672138090105627,0.5478023224340022
299,CH-LU,CH,Luzern,418089.84375,0.0479972816294178,GM-R-000340,1,GM-R-000340,GADM 3.6:CHE.12_1,0.3382704472971283,0.4550599599179417,0.4672138090105627,0.5478023224340022
300,CH-NE,CH,Neuchâtel,179446.09375,0.020600655164845,GM-R-000341,1,GM-R-000341,GADM 3.6:CHE.13_1,0.3787272917790808,0.414918653433934,0.4672138090105627,0.5478023224340022
301,CH-NW,CH,Nidwalden,42406.19921875,0.00486828923773765,GM-R-000342,1,GM-R-000342,GADM 3.6:CHE.14_1,0.3495589093333996,0.38402731719143735,0.4672138090105627,0.5478023224340022
302,CH-OW,CH,Obwalden,39449.01953125,0.00452880099517082,GM-R-000343,1,GM-R-000343,GADM 3.6:CHE.15_1,0.3569247926962412,0.3965832092165026,0.4672138090105627,0.5478023224340022
303,CH-SG,CH,St. Gallen,515505.375,0.059180716860821,GM-R-000347,1,GM-R-000347,GADM 3.6:CHE.16_1,0.3905161935767566,0.3856445092047543,0.4672138090105627,0.5478023224340022
304,CH-SH,CH,Schaffhausen,76891.78125,0.00882728086992388,GM-R-000344,1,GM-R-000344,GADM 3.6:CHE.17_1,0.385165766446884,0.4332781204966748,0.4672138090105627,0.5478023224340022
305,CH-SO,CH,Solothurn,268348.4375,0.0308067649143934,GM-R-000346,1,GM-R-000346,GADM 3.6:CHE.19_1,0.36937734457325677,0.47793433382225053,0.4672138090105627,0.5478023224340022
306,CH-SZ,CH,Schwyz,166573.96875,0.0191229177406288,GM-R-000345,1,GM-R-000345,GADM 3.6:CHE.18_1,0.3343013336622409,0.39276757218797,0.4672138090105627,0.5478023224340022
307,CH-TG,CH,Thurgau,275655.5,0.0316456256089048,GM-R-000348,1,GM-R-000348,GADM 3.6:CHE.20_1,0.387199791829268,0.41032610109466333,0.4672138090105627,0.5478023224340022
308,CH-TI,CH,Ticino,367301.5625,0.0421667179956167,GM-R-000349,1,GM-R-000349,GADM 3.6:CHE.21_1,0.4432190125948091,0.47059642619382097,0.4672138090105627,0.5478023224340022
309,CH-UR,CH,Uri,36414.2734375,0.00418040802386823,GM-R-000350,1,GM-R-000350,GADM 3.6:CHE.22_1,0.388578313313354,0.4584407914278159,0.4672138090105627,0.5478023224340022
310,CH-VD,CH,Vaud,838971.4375,0.0963150599487027,GM-R-000352,1,GM-R-000352,GADM 3.6:CHE.24_1,0.37772662786968125,0.3996848598769278,0.4672138090105627,0.5478023224340022
311,CH-VS,CH,Valais,367678.65625,0.0422100088700305,GM-R-000351,1,GM-R-000351,GADM 3.6:CHE.23_1,0.379092857250888,0.4338990465748807,0.4672138090105627,0.5478023224340022
312,CH-ZG,CH,Zug,129756.4140625,0.0148962124817967,GM-R-000353,1,GM-R-000353,GADM 3.6:CHE.25_1,0.3542017574906335,0.41841941156753093,0.4672138090105627,0.5478023224340022
313,CH-ZH,CH,Zürich,1572741.25,0.180552830533695,GM-R-000354,1,GM-R-000354,GADM 3.6:CHE.26_1,0.39445500751674994,0.42369585090362943,0.4672138090105627,0.5478023224340022
314,CI-AB,CI,Abidjan,5451928.5,0.205772896415121,GM-R-000355,1,GM-R-000355,GADM 3.6:CIV.1_1,0.6635240314927329,0.44396042396186847,0.9155865428801125,0.5761656921243079
315,CI-BS,CI,Bas-Sassandra,2673666,0.100912548076636,GM-R-000356,1,GM-R-000356,GADM 3.6:CIV.2_1,0.6025185117612958,0.4179245883915189,0.9155865428801125,0.5761656921243079
316,CI-CM,CI,Comoé,1379250,0.0520572247747848,GM-R-000357,1,GM-R-000357,GADM 3.6:CIV.3_1,0.6645395153431491,0.41556578734974,0.9155865428801125,0.5761656921243079
317,CI-DN,CI,Denguélé,343254,0.0129554835112155,GM-R-000358,1,GM-R-000358,GADM 3.6:CIV.4_1,0.6056342025853755,0.41144741835272786,0.9155865428801125,0.5761656921243079
318,CI-GD,CI,Gôh-Djiboua,1895127.875,0.0715280752335221,GM-R-000359,1,GM-R-000359,GADM 3.6:CIV.5_1,0.5991823075820539,0.46761208329169895,0.9155865428801125,0.5761656921243079
319,CI-LC,CI,Lacs,1461572.75,0.0551643437893423,GM-R-000360,1,GM-R-000360,GADM 3.6:CIV.6_1,0.6728482457410433,0.37949665237784086,0.9155865428801125,0.5761656921243079
320,CI-LG,CI,Lagunes,1591322.375,0.0600615019499869,GM-R-000361,1,GM-R-000361,GADM 3.6:CIV.7_1,0.6397320899913255,0.4160374256876588,0.9155865428801125,0.5761656921243079
321,CI-MG,CI,Montagnes,2866763,0.108200635031384,GM-R-000362,1,GM-R-000362,GADM 3.6:CIV.8_1,0.634246916387982,0.4313642110645284,0.9155865428801125,0.5761656921243079
322,CI-SM,CI,Sassandra-Marahoué,2764349,0.104335209170891,GM-R-000363,1,GM-R-000363,GADM 3.6:CIV.9_1,0.5653248740847655,0.4821251243788971,0.9155865428801125,0.5761656921243079
323,CI-SV,CI,Savanes,1983587.625,0.0748668238934976,GM-R-000364,1,GM-R-000364,GADM 3.6:CIV.10_1,0.6613788641777779,0.4848125314532974,0.9155865428801125,0.5761656921243079
324,CI-VB,CI,Vallée du Bandama,1592707.5,0.0601137809157046,GM-R-000365,1,GM-R-000365,GADM 3.6:CIV.11_1,0.5818460121900846,0.46378158728421,0.9155865428801125,0.5761656921243079
325,CI-WR,CI,Woroba,1027177.8125,0.038768915185053,GM-R-000366,1,GM-R-000366,GADM 3.6:CIV.12_1,0.6434189968391733,0.33232813779210413,0.9155865428801125,0.5761656921243079
326,CI-YM,CI,Yamoussoukro,405867.28125,0.0153187053027095,GM-R-000367,1,GM-R-000367,GADM 3.6:CIV.13_1,0.6295442881719565,0.4136746033135943,0.9155865428801125,0.5761656921243079
327,CI-ZZ,CI,Zanzan,1058307.75,0.0399438567501517,GM-R-000368,1,GM-R-000368,GADM 3.6:CIV.14_1,0.6318493345067462,0.47290601465464766,0.9155865428801125,0.5761656921243079
328,CL-AI,CL,Aisén del General Carlos Ibañez del Campo,123442.9609375,0.00598430514290289,GM-R-000369,1,GM-R-000369,GADM 3.6:CHL.1_1,0.5046956204380316,0.46709108791089593,0.7279315911808498,0.7947441946637638
329,CL-AN,CL,Antofagasta,692416.5,0.0335671762124919,GM-R-000370,1,GM-R-000370,GADM 3.6:CHL.2_1,0.5611934884584178,0.5109771054614404,0.7279315911808498,0.7947441946637638
330,CL-AP,CL,Arica y Parinacota,173332.40625,0.0084028607405066,GM-R-000371,1,GM-R-000371,GADM 3.6:CHL.4_1,0.524131033372084,0.557793852316055,0.7279315911808498,0.7947441946637638
331,CL-AR,CL,La Araucanía,1195365.125,0.0579492715571371,GM-R-000375,1,GM-R-000375,GADM 3.6:CHL.3_1,0.4866547535048352,0.5861380515510005,0.7279315911808498,0.7947441946637638
332,CL-AT,CL,Atacama,326006.34375,0.0158042339936245,GM-R-000372,1,GM-R-000372,GADM 3.6:CHL.5_1,0.567751426093497,0.5378829837486303,0.7279315911808498,0.7947441946637638
333,CL-BI,CL,Biobío,1784000,0.0864852908084738,GM-R-000373,1,GM-R-000373,GADM 3.6:CHL.6_1,0.5098642274757225,0.5113283129767172,0.7279315911808498,0.7947441946637638
334,CL-CO,CL,Coquimbo,883706.8125,0.0428406057558811,GM-R-000374,1,GM-R-000374,GADM 3.6:CHL.7_1,0.5374849967691295,0.5657246046255187,0.7279315911808498,0.7947441946637638
335,CL-LI,CL,Libertador General Bernardo O'Higgins,1026676.875,0.0497715516259586,GM-R-000376,1,GM-R-000376,GADM 3.6:CHL.8_1,0.5398349594131036,0.5278070024723754,0.7279315911808498,0.7947441946637638
336,CL-LL,CL,Los Lagos,1007145.375,0.0488246976700025,GM-R-000377,1,GM-R-000377,GADM 3.6:CHL.9_1,0.49854990253366,0.5735485767764704,0.7279315911808498,0.7947441946637638
337,CL-LR,CL,Los Ríos,351526.0625,0.017041386626721,GM-R-000378,1,GM-R-000378,GADM 3.6:CHL.10_1,0.4862732166564022,0.5824354097046267,0.7279315911808498,0.7947441946637638
338,CL-MA,CL,Magallanes,161173.46875,0.00781341609610662,GM-R-000379,1,GM-R-000379,GADM 3.6:CHL.11_1,0.48586923018230643,0.511165523740253,0.7279315911808498,0.7947441946637638
339,CL-ML,CL,Maule,1151471.875,0.0558214013268798,GM-R-000380,1,GM-R-000380,GADM 3.6:CHL.12_1,0.5256171132781734,0.5421309053380877,0.7279315911808498,0.7947441946637638
340,CL-NB,CL,Ñuble,499582.03125,0.024218888596045,GM-R-000381,1,GM-R-000381,GADM 3.6:CHL.13_1,0.527732218652887,0.4237282094697766,0.7279315911808498,0.7947441946637638
341,CL-RM,CL,Región Metropolitana de Santiago,8749553,0.424163472897508,GM-R-000382,1,GM-R-000382,GADM 3.6:CHL.14_1,0.5330274146542469,0.5962435927905387,0.7279315911808498,0.7947441946637638
342,CL-TA,CL,Tarapacá,440796.46875,0.0213690643425965,GM-R-000383,1,GM-R-000383,GADM 3.6:CHL.15_1,0.5214471717340188,0.5427377562100579,0.7279315911808498,0.7947441946637638
343,CL-VS,CL,Valparaíso,2061589.875,0.0999423766071638,GM-R-000384,1,GM-R-000384,GADM 3.6:CHL.16_1,0.5134139694335608,0.5336242051447755,0.7279315911808498,0.7947441946637638
344,CM-AD,CM,Adamaoua,1471471,0.0521616425360293,GM-R-000385,1,GM-R-000385,GADM 3.6:CMR.1_1,0.4107975637384189,0.5198936490452162,0.4839832141172518,0.6145239765869931
345,CM-CE,CM,Centre,5794755.5,0.205416188952884,GM-R-000386,1,GM-R-000386,GADM 3.6:CMR.2_1,0.3960039513934522,0.4532195430098159,0.4839832141172518,0.6145239765869931
346,CM-EN,CM,Far North,4733941,0.16781175995222,GM-R-000388,1,GM-R-000388,GADM 3.6:CMR.4_1,0.4088608208613672,0.47187785238093444,0.4839832141172518,0.6145239765869931
347,CM-ES,CM,East,1078026.25,0.0382145620925973,GM-R-000387,1,GM-R-000387,GADM 3.6:CMR.3_1,0.35115164763910744,0.4266157474570409,0.4839832141172518,0.6145239765869931
348,CM-LT,CM,Littoral,4450513.5,0.157764641157571,GM-R-000389,1,GM-R-000389,GADM 3.6:CMR.5_1,0.4034186925690698,0.47539603014594584,0.4839832141172518,0.6145239765869931
349,CM-NO,CM,North,3177842,0.112650170095082,GM-R-000390,1,GM-R-000390,GADM 3.6:CMR.7_1,0.36056801437296476,0.43358235930466266,0.4839832141172518,0.6145239765869931
350,CM-NW,CM,North-West,2358188,0.0835945523144893,GM-R-000391,1,GM-R-000391,GADM 3.6:CMR.6_1,0.35749396303844994,0.45580406038790006,0.4839832141172518,0.6145239765869931
351,CM-OU,CM,West,2158447.5,0.0765140236727643,GM-R-000394,1,GM-R-000394,GADM 3.6:CMR.8_1,0.37206404833708495,0.49779764910071767,0.4839832141172518,0.6145239765869931
352,CM-SU,CM,South,989027.1875,0.0350596665600542,GM-R-000392,1,GM-R-000392,GADM 3.6:CMR.10_1,0.4617956708517092,0.4388643622229652,0.4839832141172518,0.6145239765869931
353,CM-SW,CM,South-West,1997616.75,0.0708127926663078,GM-R-000393,1,GM-R-000393,GADM 3.6:CMR.9_1,0.33394496278518,0.41772360611131293,0.4839832141172518,0.6145239765869931
354,CN-AH,CN,Anhui Sheng,59851492,0.0412757352605217,GM-R-000395,1,GM-R-000395,GADM 3.6:CHN.1_1,0.2848482901974256,0.38046652122256464,0.34146056608338654,0.4513397982081596
355,CN-BJ,CN,Beijing Shi,28381582,0.0195729567594871,GM-R-000396,1,GM-R-000396,GADM 3.6:CHN.2_1,0.3295907815198472,0.3403430696374468,0.34146056608338654,0.4513397982081596
356,CN-CQ,CN,Chongqing Shi,27266978,0.0188042858694729,GM-R-000397,1,GM-R-000397,GADM 3.6:CHN.3_1,0.2784218630651674,0.3817988760250811,0.34146056608338654,0.4513397982081596
357,CN-FJ,CN,Fujian Sheng,40471588,0.0279106584654716,GM-R-000398,1,GM-R-000398,GADM 3.6:CHN.4_1,0.3091674218176046,0.4023244519225956,0.34146056608338654,0.4513397982081596
358,CN-GD,CN,Guangdong Sheng,126310024,0.0871079222448479,GM-R-000400,1,GM-R-000400,GADM 3.6:CHN.6_1,0.3268209301557824,0.39620212587142806,0.34146056608338654,0.4513397982081596
359,CN-GS,CN,Gansu Sheng,26111164,0.0180071950855973,GM-R-000399,1,GM-R-000399,GADM 3.6:CHN.5_1,0.3105505913139163,0.349692479886238,0.34146056608338654,0.4513397982081596
360,CN-GX,CN,Guangxi Zhuangzu Zizhiqu,48329504,0.0333297591374384,GM-R-000401,1,GM-R-000401,GADM 3.6:CHN.7_1,0.31937814854243285,0.3223321329893219,0.34146056608338654,0.4513397982081596
361,CN-GZ,CN,Guizhou Sheng,34487616,0.0237838967787559,GM-R-000402,1,GM-R-000402,GADM 3.6:CHN.8_1,0.3558838599095832,0.37254507295464084,0.34146056608338654,0.4513397982081596
362,CN-HA,CN,Henan Sheng,97708168,0.0673830566355568,GM-R-000406,1,GM-R-000406,GADM 3.6:CHN.12_1,0.27327146757962767,0.34475069271869785,0.34146056608338654,0.4513397982081596
363,CN-HB,CN,Hubei Sheng,55650372,0.0383784922491414,GM-R-000408,1,GM-R-000408,GADM 3.6:CHN.13_1,0.30428090869545,0.34513350586992836,0.34146056608338654,0.4513397982081596
364,CN-HE,CN,Hebei Sheng,77398640,0.0533768777921931,GM-R-000404,1,GM-R-000404,GADM 3.6:CHN.10_1,0.31009868282921094,0.39301093480751226,0.34146056608338654,0.4513397982081596
365,CN-HI,CN,Hainan Sheng,9906681,0.00683200248819929,GM-R-000403,1,GM-R-000403,GADM 3.6:CHN.9_1,0.296293139069743,0.3470891817985548,0.34146056608338654,0.4513397982081596
366,CN-HK,CN,Hong Kong SAR (en),7083909.5,0.00488531803236408,GM-R-000407,1,GM-R-000407,GADM 4.1:CHN.HKG,0.3964871663979865,0.30571438766092995,0.34146056608338654,0.4513397982081596
367,CN-HL,CN,Heilongjiang Sheng,40450960,0.0278964326569161,GM-R-000405,1,GM-R-000405,GADM 3.6:CHN.11_1,0.32667561689376245,0.36892481301246266,0.34146056608338654,0.4513397982081596
368,CN-HN,CN,Hunan Sheng,68370672,0.0471508673009515,GM-R-000409,1,GM-R-000409,GADM 3.6:CHN.14_1,0.2594372471588977,0.39987434796559806,0.34146056608338654,0.4513397982081596
369,CN-JL,CN,Jilin Sheng,28183032,0.019436029559143,GM-R-000412,1,GM-R-000412,GADM 3.6:CHN.17_1,0.3312573492059297,0.3611527975758748,0.34146056608338654,0.4513397982081596
370,CN-JS,CN,Jiangsu Sheng,84072800,0.0579796178750362,GM-R-000410,1,GM-R-000410,GADM 3.6:CHN.15_1,0.3035820202528406,0.35965613050562634,0.34146056608338654,0.4513397982081596
371,CN-JX,CN,Jiangxi Sheng,49411220,0.0340757492832325,GM-R-000411,1,GM-R-000411,GADM 3.6:CHN.16_1,0.292822698512707,0.37764395388509936,0.34146056608338654,0.4513397982081596
372,CN-LN,CN,Liaoning Sheng,45763696,0.0315602859263558,GM-R-000413,1,GM-R-000413,GADM 3.6:CHN.18_1,0.33031083821511764,0.35003261894388205,0.34146056608338654,0.4513397982081596
373,CN-MO,CN,Macao SAR (en),571376.375,3.9404163873837e-4,GM-R-000414,1,GM-R-000414,GADM 4.1:CHN.MAC,NA,NA,0.34146056608338654,0.4513397982081596
374,CN-NM,CN,Nei Mongol Zizhiqu,26749982,0.0184477468875082,GM-R-000415,1,GM-R-000415,GADM 3.6:CHN.19_1,0.28813063414189977,0.39052053221405897,0.34146056608338654,0.4513397982081596
375,CN-NX,CN,Ningxia Huizi Zizhiqu,7429578.5,0.00512370377104824,GM-R-000416,1,GM-R-000416,GADM 3.6:CHN.20_1,0.36614360420386804,0.3717640756352561,0.34146056608338654,0.4513397982081596
376,CN-QH,CN,Qinghai Sheng,6658342,0.00459183142278245,GM-R-000417,1,GM-R-000417,GADM 3.6:CHN.21_1,0.2883768380554704,0.37040847994713577,0.34146056608338654,0.4513397982081596
377,CN-SC,CN,Sichuan Sheng,80221272,0.0553234660438256,GM-R-000422,1,GM-R-000422,GADM 3.6:CHN.26_1,0.3133375186503353,0.3491380843619123,0.34146056608338654,0.4513397982081596
378,CN-SD,CN,Shandong Sheng,101813240,0.0702140615016908,GM-R-000419,1,GM-R-000419,GADM 3.6:CHN.23_1,0.3108422479915733,0.3643912588735364,0.34146056608338654,0.4513397982081596
379,CN-SH,CN,Shanghai Shi,32253918,0.0222434585337083,GM-R-000420,1,GM-R-000420,GADM 3.6:CHN.24_1,0.32876478775604345,0.37277787569336196,0.34146056608338654,0.4513397982081596
380,CN-SN,CN,Shaanxi Sheng,39299576,0.0271023969599079,GM-R-000418,1,GM-R-000418,GADM 3.6:CHN.22_1,0.311165065682785,0.382390332105747,0.34146056608338654,0.4513397982081596
381,CN-SX,CN,Shanxi Sheng,39395528,0.0271685689001114,GM-R-000421,1,GM-R-000421,GADM 3.6:CHN.25_1,0.35523207586299127,0.3662054070700943,0.34146056608338654,0.4513397982081596
382,CN-TJ,CN,Tianjin Shi,16944534,0.0116855583064982,GM-R-000423,1,GM-R-000423,GADM 3.6:CHN.27_1,0.2684272231939212,0.3933561153718794,0.34146056608338654,0.4513397982081596
383,CN-XJ,CN,Xinjiang Uygur Zizhiqu,26011718,0.0179386135576929,GM-R-000424,1,GM-R-000424,GADM 3.6:CHN.28_1,0.3097369144990749,0.39978607601816046,0.34146056608338654,0.4513397982081596
384,CN-XZ,CN,Xizang Zizhiqu,3459338.5,0.00238568388742139,GM-R-000425,1,GM-R-000425,GADM 3.6:CHN.29_1,0.25984903029315964,0.30640761215332735,0.34146056608338654,0.4513397982081596
385,CN-YN,CN,Yunnan Sheng,49880848,0.0343996215936993,GM-R-000426,1,GM-R-000426,GADM 3.6:CHN.30_1,0.3269535487658819,0.3686207977520329,0.34146056608338654,0.4513397982081596
386,CN-ZJ,CN,Zhejiang Sheng,64141252,0.0442341075946846,GM-R-000427,1,GM-R-000427,GADM 3.6:CHN.31_1,0.2645443975235363,0.3583813833975061,0.34146056608338654,0.4513397982081596
387,CO-AMA,CO,Amazonas,139797.8125,0.00221545672503361,GM-R-000428,1,GM-R-000428,GADM 3.6:COL.1_1,0.6000818795257858,0.6659266471627681,0.8450456692040939,0.8026306391642057
388,CO-ANT,CO,Antioquia,7906931.5,0.125305712963535,GM-R-000429,1,GM-R-000429,GADM 3.6:COL.2_1,0.6058569740586555,0.5289998124510157,0.8450456692040939,0.8026306391642057
389,CO-ARA,CO,Arauca,456433.9375,0.00723337238462117,GM-R-000430,1,GM-R-000430,GADM 3.6:COL.3_1,0.5654900720763677,0.5759646146796238,0.8450456692040939,0.8026306391642057
390,CO-ATL,CO,Atlántico,3263890.5,0.0517247589836095,GM-R-000431,1,GM-R-000431,GADM 3.6:COL.4_1,0.5947713814243631,0.5715401842168077,0.8450456692040939,0.8026306391642057
391,CO-BOL,CO,Bolívar,3127281.25,0.0495598332512108,GM-R-000432,1,GM-R-000432,GADM 3.6:COL.5_1,0.6016650808958375,0.6345200896032055,0.8450456692040939,0.8026306391642057
392,CO-BOY,CO,Boyacá,1562655.75,0.0247643087423127,GM-R-000433,1,GM-R-000433,GADM 3.6:COL.6_1,0.622680377290845,0.543509335834875,0.8450456692040939,0.8026306391642057
393,CO-CAL,CO,Caldas,1067783.625,0.0169217841866232,GM-R-000434,1,GM-R-000434,GADM 3.6:COL.7_1,0.5746916503887597,0.5616351406438203,0.8450456692040939,0.8026306391642057
394,CO-CAQ,CO,Caquetá,664020.875,0.0105231225494423,GM-R-000435,1,GM-R-000435,GADM 3.6:COL.8_1,0.6395948422584076,0.6754313133550657,0.8450456692040939,0.8026306391642057
395,CO-CAS,CO,Casanare,872871.4375,0.0138328981098981,GM-R-000436,1,GM-R-000436,GADM 3.6:COL.9_1,0.5686033737767625,0.583100671385919,0.8450456692040939,0.8026306391642057
396,CO-CAU,CO,Cauca,1829704,0.0289963766895201,GM-R-000437,1,GM-R-000437,GADM 3.6:COL.10_1,0.623364375229786,0.6680772582550838,0.8450456692040939,0.8026306391642057
397,CO-CES,CO,Cesar,1224240.125,0.0194012407596667,GM-R-000438,1,GM-R-000438,GADM 3.6:COL.11_1,0.5904163642996427,0.5720623411588827,0.8450456692040939,0.8026306391642057
398,CO-CHO,CO,Chocó,633802.75,0.0100442384592556,GM-R-000439,1,GM-R-000439,GADM 3.6:COL.12_1,0.5693845995952078,0.5974235533520688,0.8450456692040939,0.8026306391642057
399,CO-COR,CO,Córdoba,2512448.75,0.0398162273067742,GM-R-000440,1,GM-R-000440,GADM 3.6:COL.13_1,0.5530834148491738,0.6059244156341771,0.8450456692040939,0.8026306391642057
400,CO-CUN,CO,Cundinamarca,4103859,0.0650362252280573,GM-R-000441,1,GM-R-000441,globalmrp-mixed-source-partition-repairs worldpop-readiness-overlap-repair-2026-08-10:CO-CUN,0.6000485633092133,0.5570860293957561,0.8450456692040939,0.8026306391642057
401,CO-DC,CO,Distrito Capital de Bogotá,10177550,0.161289516542799,GM-R-000442,1,GM-R-000442,globalmrp-mixed-source-partition-repairs worldpop-readiness-overlap-repair-2026-08-10:CO-DC,0.5993503054572571,0.5208858528316012,0.8450456692040939,0.8026306391642057
402,CO-GUA,CO,Guainía,107540.6015625,0.00170425806159021,GM-R-000443,1,GM-R-000443,GADM 3.6:COL.15_1,0.6197691871869806,0.6362974544642543,0.8450456692040939,0.8026306391642057
403,CO-GUV,CO,Guaviare,181988.9375,0.00288408386551898,GM-R-000444,1,GM-R-000444,GADM 3.6:COL.16_1,0.6600208328765143,0.6899956025992287,0.8450456692040939,0.8026306391642057
404,CO-HUI,CO,Huila,1500683.75,0.0237822026441663,GM-R-000445,1,GM-R-000445,GADM 3.6:COL.17_1,0.553374183273307,0.6559352690785487,0.8450456692040939,0.8026306391642057
405,CO-LAG,CO,La Guajira,1489870.625,0.0236108408032943,GM-R-000446,1,GM-R-000446,GADM 3.6:COL.18_1,0.5256723755963822,0.5159839031691665,0.8450456692040939,0.8026306391642057
406,CO-MAG,CO,Magdalena,1616316.25,0.0256146976966726,GM-R-000447,1,GM-R-000447,GADM 3.6:COL.19_1,0.5858154294227848,0.5382054305424098,0.8450456692040939,0.8026306391642057
407,CO-MET,CO,Meta,1237486.375,0.0196111617385374,GM-R-000448,1,GM-R-000448,GADM 3.6:COL.20_1,0.5735925874781459,0.6043769043255395,0.8450456692040939,0.8026306391642057
408,CO-NAR,CO,Nariño,2182674.25,0.0345901002257829,GM-R-000449,1,GM-R-000449,GADM 3.6:COL.21_1,0.571039889196638,0.7059549795045874,0.8450456692040939,0.8026306391642057
409,CO-NSA,CO,Norte de Santander,1592037.25,0.0252299343526318,GM-R-000450,1,GM-R-000450,GADM 3.6:COL.22_1,0.5632333623603022,0.47953488615356055,0.8450456692040939,0.8026306391642057
410,CO-PUT,CO,Putumayo,528124.875,0.00836950010198684,GM-R-000451,1,GM-R-000451,GADM 3.6:COL.23_1,0.600841966959035,0.5883469065183103,0.8450456692040939,0.8026306391642057
411,CO-QUI,CO,Quindío,700414.625,0.0110998753379503,GM-R-000452,1,GM-R-000452,GADM 3.6:COL.24_1,0.5647033859309101,0.5129009776205286,0.8450456692040939,0.8026306391642057
412,CO-RIS,CO,Risaralda,1125625,0.0178384298832713,GM-R-000453,1,GM-R-000453,GADM 3.6:COL.25_1,0.5672734357792977,0.4908687598024616,0.8450456692040939,0.8026306391642057
413,CO-SAN,CO,Santander,2721915.75,0.0431357719085369,GM-R-000455,1,GM-R-000455,GADM 3.6:COL.27_1,0.5873001556418613,0.6186864720070114,0.8450456692040939,0.8026306391642057
414,CO-SAP,CO,"San Andrés, Providencia y Santa Catalina",85856.0625,0.00136061063938702,GM-R-000454,1,GM-R-000454,GADM 3.6:COL.26_1,NA,NA,0.8450456692040939,0.8026306391642057
415,CO-SUC,CO,Sucre,1042744.625,0.016524976683372,GM-R-000456,1,GM-R-000456,GADM 3.6:COL.28_1,0.5857528489643342,0.6142212766660803,0.8450456692040939,0.8026306391642057
416,CO-TOL,CO,Tolima,1693148,0.026832294840645102,GM-R-000457,1,GM-R-000457,GADM 3.6:COL.29_1,0.6033307249335418,0.6304822175991663,0.8450456692040939,0.8026306391642057
417,CO-VAC,CO,Valle del Cauca,5542966,0.0878425855292455,GM-R-000458,1,GM-R-000458,GADM 3.6:COL.30_1,0.5858257819040569,0.5175418115599407,0.8450456692040939,0.8026306391642057
418,CO-VAU,CO,Vaupés,103860.171875,0.00164593216538074,GM-R-000459,1,GM-R-000459,GADM 3.6:COL.31_1,0.603071317601868,0.6097811307650887,0.8450456692040939,0.8026306391642057
419,CO-VID,CO,Vichada,104600.8828125,0.00165767063967046,GM-R-000460,1,GM-R-000460,GADM 3.6:COL.32_1,0.5987375492683789,0.5981452038549073,0.8450456692040939,0.8026306391642057
420,CR-A,CR,Alajuela,980971.625,0.204028591919301,GM-R-000461,1,GM-R-000461,GADM 3.6:CRI.1_1,0.5575910799239965,0.5636275119170644,0.7977230103561668,0.8263184727076919
421,CR-C,CR,Cartago,537120.0625,0.111713577896284,GM-R-000462,1,GM-R-000462,GADM 3.6:CRI.2_1,0.5709431382878005,0.6112563568268737,0.7977230103561668,0.8263184727076919
422,CR-G,CR,Guanacaste,390678.34375,0.0812557166153272,GM-R-000463,1,GM-R-000463,GADM 3.6:CRI.3_1,0.5819794264021659,0.554965316434278,0.7977230103561668,0.8263184727076919
423,CR-H,CR,Heredia,511940.875,0.106476653564964,GM-R-000464,1,GM-R-000464,GADM 3.6:CRI.4_1,0.548906127601517,0.5510582795562912,0.7977230103561668,0.8263184727076919
424,CR-L,CR,Limón,430576.53125,0.0895539902945045,GM-R-000465,1,GM-R-000465,GADM 3.6:CRI.5_1,0.5781199205096663,0.5723542432289974,0.7977230103561668,0.8263184727076919
425,CR-P,CR,Puntarenas,457680.125,0.095191164630475,GM-R-000466,1,GM-R-000466,GADM 3.6:CRI.6_1,0.5650560194229048,0.5886522985352634,0.7977230103561668,0.8263184727076919
426,CR-SJ,CR,San José,1499043,0.311780305079145,GM-R-000467,1,GM-R-000467,GADM 3.6:CRI.7_1,0.5611150915350551,0.5950829187111701,0.7977230103561668,0.8263184727076919
427,CV-B,CV,Ilhas de Barlavento,177742.015625,0.339009231413132,GM-R-000468,1,GM-R-000468,cabo-verde-ine-rgph2021 RGPH2021-ILHAS-live-retrieved-2026-08-06:SA|SV|SN|SL|SZ|BV,0.4435230266947511,0.5147175647643065,0.5675520169863744,0.665698629501015
428,CV-S,CV,Ilhas de Sotavento,346556.4375,0.660990768586869,GM-R-000469,1,GM-R-000469,cabo-verde-ine-rgph2021 RGPH2021-ILHAS-live-retrieved-2026-08-06:BR|ST|FG|MA,0.4295380462746307,0.47657000722882814,0.5675520169863744,0.665698629501015
429,CY-01,CY,Lefkosia,344656.375,0.262258693859024,GM-R-000473,1,GM-R-000473,globalmrp-verified-territorial-partition legacy-g1agg-sha256-5b7b575b-dls-verified-2026-08-07:CY-01,0.5445218645412889,0.5325521018948228,0.7628457422998444,0.6925247649063951
430,CY-02,CY,Lemesos,270393.40625,0.205749919905638,GM-R-000474,1,GM-R-000474,globalmrp-verified-territorial-partition legacy-g1agg-sha256-5b7b575b-dls-verified-2026-08-07:CY-02,0.5415397285269946,0.5349263938588331,0.7628457422998444,0.6925247649063951
431,CY-03,CY,Larnaka,156304.609375,0.118936557314028,GM-R-000472,1,GM-R-000472,globalmrp-verified-territorial-partition legacy-g1agg-sha256-5b7b575b-dls-verified-2026-08-07:CY-03,0.5547089561597768,0.4771671643446277,0.7628457422998444,0.6925247649063951
432,CY-04,CY,Ammochostos,50156.49609375,0.038165483386437,GM-R-000470,1,GM-R-000470,globalmrp-verified-territorial-partition legacy-g1agg-sha256-5b7b575b-dls-verified-2026-08-07:CY-04,0.5556579752510847,0.5229365156185323,0.7628457422998444,0.6925247649063951
433,CY-05,CY,Pafos,117730.078125,0.089584115532415,GM-R-000475,1,GM-R-000475,globalmrp-verified-territorial-partition legacy-g1agg-sha256-5b7b575b-dls-verified-2026-08-07:CY-05,0.5411746628180022,0.40955170751458525,0.7628457422998444,0.6925247649063951
434,CY-NC,CY,Northern Cyprus,374943.78125,0.285305230002459,GM-R-000476,1,GM-R-000476,globalmrp-verified-territorial-partition legacy-g1agg-sha256-5b7b575b-dls-verified-2026-08-07:CY-NC,0.5407302497775606,0.4617160774901782,0.7628457422998444,0.6925247649063951
435,CZ-10,CZ,"Praha, Hlavní město",1340494.875,0.123677898008817,GM-R-000487,1,GM-R-000487,GADM 3.6:CZE.11_1,0.35901573446835633,0.30089170124824716,0.35713435089584916,0.38519973306146094
436,CZ-20,CZ,Středočeský kraj,1587333.25,0.146451913737831,GM-R-000488,1,GM-R-000488,GADM 3.6:CZE.12_1,0.30430209875412134,0.31410483322832433,0.35713435089584916,0.38519973306146094
437,CZ-31,CZ,Jihočeský kraj,639538.125,0.0590056198435672,GM-R-000477,1,GM-R-000477,GADM 3.6:CZE.1_1,0.2930783366301776,0.33866818426207823,0.35713435089584916,0.38519973306146094
438,CZ-32,CZ,Plzeňský kraj,595831.875,0.0549731559896134,GM-R-000486,1,GM-R-000486,GADM 3.6:CZE.10_1,0.3137845244561492,0.31522697120889154,0.35713435089584916,0.38519973306146094
439,CZ-41,CZ,Karlovarský kraj,293795.4375,0.0271064088585798,GM-R-000479,1,GM-R-000479,GADM 3.6:CZE.3_1,0.31707231436166405,0.3412160824966312,0.35713435089584916,0.38519973306146094
440,CZ-42,CZ,Ústecký kraj,816531.8125,0.0753355645819456,GM-R-000489,1,GM-R-000489,GADM 3.6:CZE.13_1,0.29252840861975804,0.32013744608517425,0.35713435089584916,0.38519973306146094
441,CZ-51,CZ,Liberecký kraj,438178.875,0.0404276384957221,GM-R-000482,1,GM-R-000482,GADM 3.6:CZE.6_1,0.33169423189458586,0.3326723990432879,0.35713435089584916,0.38519973306146094
442,CZ-52,CZ,Královéhradecký kraj,553304.0625,0.0510494181559174,GM-R-000481,1,GM-R-000481,GADM 3.6:CZE.5_1,0.3536686541833118,0.3558025301525751,0.35713435089584916,0.38519973306146094
443,CZ-53,CZ,Pardubický kraj,516696.09375,0.0476718620683773,GM-R-000485,1,GM-R-000485,GADM 3.6:CZE.9_1,0.28470051638018706,0.35187417501056034,0.35713435089584916,0.38519973306146094
444,CZ-63,CZ,Kraj Vysočina,515522.875,0.0475636175449475,GM-R-000480,1,GM-R-000480,GADM 3.6:CZE.4_1,0.274410682952822,0.3557714297509708,0.35713435089584916,0.38519973306146094
445,CZ-64,CZ,Jihomoravský kraj,1200559.625,0.110767070895555,GM-R-000478,1,GM-R-000478,GADM 3.6:CZE.2_1,0.31302827442943465,0.36191766119176666,0.35713435089584916,0.38519973306146094
446,CZ-71,CZ,Olomoucký kraj,611514.875,0.0564201145051931,GM-R-000484,1,GM-R-000484,GADM 3.6:CZE.8_1,0.3277788882003005,0.32485472400378895,0.35713435089584916,0.38519973306146094
447,CZ-72,CZ,Zlínský kraj,571640.3125,0.0527411731186987,GM-R-000490,1,GM-R-000490,GADM 3.6:CZE.14_1,0.32893029949896213,0.3301181271933443,0.35713435089584916,0.38519973306146094
448,CZ-80,CZ,Moravskoslezský kraj,1157654.75,0.106808544195234,GM-R-000483,1,GM-R-000483,GADM 3.6:CZE.7_1,0.31026279711470295,0.34309728087000707,0.35713435089584916,0.38519973306146094
449,DE-BB,DE,Brandenburg,2393931.25,0.0305620154438167,GM-R-000494,1,GM-R-000494,GADM 3.6:DEU.4_1,0.397360126959853,0.35269879278064,0.4803705650498845,0.4878088984212043
450,DE-BE,DE,Berlin,3224564.25,0.0411662542138916,GM-R-000493,1,GM-R-000493,GADM 3.6:DEU.3_1,0.41326725827438043,0.4033846379090068,0.4803705650498845,0.4878088984212043
451,DE-BW,DE,Baden-Württemberg,10396334,0.132724329600976,GM-R-000491,1,GM-R-000491,GADM 3.6:DEU.1_1,0.40435548770295177,0.38502819338031563,0.4803705650498845,0.4878088984212043
452,DE-BY,DE,Bayern,12529903,0.159962442110869,GM-R-000492,1,GM-R-000492,GADM 3.6:DEU.2_1,0.3816804263653079,0.3776851645624226,0.4803705650498845,0.4878088984212043
453,DE-HB,DE,Bremen,631209.6875,0.00805831003612227,GM-R-000495,1,GM-R-000495,GADM 3.6:DEU.5_1,0.3606538117022131,0.4747367990245795,0.4803705650498845,0.4878088984212043
454,DE-HE,DE,Hessen,5906363.5,0.0754033235097271,GM-R-000497,1,GM-R-000497,GADM 3.6:DEU.7_1,0.37075555055632786,0.4002182072041914,0.4803705650498845,0.4878088984212043
455,DE-HH,DE,Hamburg,1687803.75,0.0215472705298583,GM-R-000496,1,GM-R-000496,GADM 3.6:DEU.6_1,0.3467512045196383,0.3564263533226462,0.4803705650498845,0.4878088984212043
456,DE-MV,DE,Mecklenburg-Vorpommern,1459629.125,0.0186342894602736,GM-R-000498,1,GM-R-000498,GADM 3.6:DEU.8_1,0.36064652060954233,0.4259064761321885,0.4803705650498845,0.4878088984212043
457,DE-NI,DE,Niedersachsen,7595140,0.0969630126086328,GM-R-000499,1,GM-R-000499,GADM 3.6:DEU.9_1,0.3943308075870649,0.39598245603524285,0.4803705650498845,0.4878088984212043
458,DE-NW,DE,Nordrhein-Westfalen,17052306,0.217697496252112,GM-R-000500,1,GM-R-000500,GADM 3.6:DEU.10_1,0.40156090589828586,0.41526787842966933,0.4803705650498845,0.4878088984212043
459,DE-RP,DE,Rheinland-Pfalz,3980964.5,0.0508228039256709,GM-R-000501,1,GM-R-000501,GADM 3.6:DEU.11_1,0.373293003807953,0.40702706212878226,0.4803705650498845,0.4878088984212043
460,DE-SH,DE,Schleswig-Holstein,2757280.5,0.0352006972731296,GM-R-000505,1,GM-R-000505,GADM 3.6:DEU.15_1,0.37269751574619525,0.42327328698926825,0.4803705650498845,0.4878088984212043
461,DE-SL,DE,Saarland,935543.5625,0.0119435747394535,GM-R-000502,1,GM-R-000502,GADM 3.6:DEU.12_1,0.383509737120234,0.4382206560253101,0.4803705650498845,0.4878088984212043
462,DE-SN,DE,Sachsen,3766834.25,0.0480891197367501,GM-R-000503,1,GM-R-000503,GADM 3.6:DEU.14_1,0.3003074031037899,0.3115642301754995,0.4803705650498845,0.4878088984212043
463,DE-ST,DE,Sachsen-Anhalt,2044331.125,0.0260988611993453,GM-R-000504,1,GM-R-000504,GADM 3.6:DEU.13_1,0.4021654309708258,0.3673194874156195,0.4803705650498845,0.4878088984212043
464,DE-TH,DE,Thüringen,1968142.25,0.025126199359371,GM-R-000506,1,GM-R-000506,GADM 3.6:DEU.16_1,0.3593283221843313,0.2666626164116664,0.4803705650498845,0.4878088984212043
465,DJ.nat,DJ,Djibouti,1115473.5390625,1,GM-A-0011,6,GM-R-000507|GM-R-000508|GM-R-000509|GM-R-000510|GM-R-000511|GM-R-000512,globalmrp-mixed-source-partition-repairs worldpop-readiness-overlap-repair-2026-08-10:DJ-AR|globalmrp-mixed-source-partition-repairs worldpop-readiness-overlap-repair-2026-08-10:DJ-AS|globalmrp-mixed-source-partition-repairs worldpop-readiness-overlap-repair-2026-08-10:DJ-DI|globalmrp-mixed-source-partition-repairs worldpop-readiness-overlap-repair-2026-08-10:DJ-DJ|globalmrp-mixed-source-partition-repairs worldpop-readiness-overlap-repair-2026-08-10:DJ-OB|globalmrp-mixed-source-partition-repairs worldpop-readiness-overlap-repair-2026-08-10:DJ-TA,0.4199986932017062,0.4177527328609305,0.5421719326644547,0.538180258708343
466,DK-81,DK,Nordjylland,576354.125,0.0991507839571533,GM-R-000515,1,GM-R-000515,GADM 3.6:DNK.3_1,0.32252299076272273,0.37604814474972204,0.3810556290634021,0.4584478900942817
467,DK-82,DK,Midtjylland,1338319.125,0.230232394760082,GM-R-000514,1,GM-R-000514,GADM 3.6:DNK.2_1,0.33876017422643245,0.36380858673580657,0.3810556290634021,0.4584478900942817
468,DK-83,DK,Syddanmark,1221365.5,0.210112744180013,GM-R-000517,1,GM-R-000517,GADM 3.6:DNK.5_1,0.3109313996332228,0.3623922523946077,0.3810556290634021,0.4584478900942817
469,DK-84,DK,Hovedstaden,1859479,0.319888055979236,GM-R-000513,1,GM-R-000513,GADM 3.6:DNK.1_1,0.33991049759278075,0.3927900337737407,0.3810556290634021,0.4584478900942817
470,DK-85,DK,Sjælland,817387.625,0.140616021123516,GM-R-000516,1,GM-R-000516,GADM 3.6:DNK.4_1,0.32221689430700007,0.35595058921863015,0.3810556290634021,0.4584478900942817
471,DM.nat,DM,Dominica,64701.4073486328,1,GM-A-0012,10,GM-R-000518|GM-R-000519|GM-R-000520|GM-R-000521|GM-R-000522|GM-R-000523|GM-R-000524|GM-R-000525|GM-R-000526|GM-R-000527,GADM 3.6:DMA.1_1|GADM 3.6:DMA.10_1|GADM 3.6:DMA.2_1|GADM 3.6:DMA.3_1|GADM 3.6:DMA.4_1|GADM 3.6:DMA.5_1|GADM 3.6:DMA.6_1|GADM 3.6:DMA.7_1|GADM 3.6:DMA.8_1|GADM 3.6:DMA.9_1,0.25219745718593745,0.26247255270288755,0.24394412719209965,0.26220572799908587
472,DO-33,DO,Cibao Nordeste,747140.4375,0.0624310670667078,GM-R-000528,1,GM-R-000528,GADM 4.1:DOM.6_1|DOM.23_1|DOM.15_1|DOM.22_1,0.5082501529975642,0.46478962386256933,0.696887987859018,0.6388835376047638
473,DO-34,DO,Cibao Noroeste,552930.6875,0.0462028972090717,GM-R-000529,1,GM-R-000529,GADM 4.1:DOM.4_1|DOM.17_1|DOM.29_1|DOM.32_1,0.5118020848655807,0.46741674021533164,0.696887987859018,0.6388835376047638
474,DO-35,DO,Cibao Norte,1723214.75,0.14399185243884,GM-R-000530,1,GM-R-000530,GADM 4.1:DOM.30_1|DOM.21_1|DOM.8_1,0.5003014594770449,0.4585014383333285,0.696887987859018,0.6388835376047638
475,DO-36,DO,Cibao Sur,813417.875,0.0679692108183931,GM-R-000531,1,GM-R-000531,GADM 4.1:DOM.14_1|DOM.16_1|DOM.28_1,0.5465389442048498,0.4718544837264668,0.696887987859018,0.6388835376047638
476,DO-37,DO,El Valle,309869.96875,0.0258927396109381,GM-R-000532,1,GM-R-000532,GADM 4.1:DOM.26_1|DOM.12_1,0.4919678156566766,0.4326705339780095,0.696887987859018,0.6388835376047638
477,DO-38,DO,Enriquillo,495927,0.0414396681576898,GM-R-000533,1,GM-R-000533,GADM 4.1:DOM.10_1|DOM.2_1|DOM.3_1|DOM.19_1,0.48984571180400227,0.4775591499020781,0.696887987859018,0.6388835376047638
478,DO-39,DO,Higuamo,713044.5,0.0595820099766011,GM-R-000534,1,GM-R-000534,GADM 4.1:DOM.18_1|DOM.27_1|DOM.9_1,0.5285046593698245,0.4970532019917994,0.696887987859018,0.6388835376047638
479,DO-40,DO,Ozama,4385682.5,0.366467700780533,GM-R-000535,1,GM-R-000535,GADM 4.1:DOM.5_1|DOM.31_1,0.5069342280444884,0.49250808191324774,0.696887987859018,0.6388835376047638
480,DO-41,DO,Valdesia,1311399.625,0.109580573919385,GM-R-000536,1,GM-R-000536,GADM 4.1:DOM.1_1|DOM.20_1|DOM.24_1|DOM.25_1,0.5315887014340727,0.4779965696003892,0.696887987859018,0.6388835376047638
481,DO-42,DO,Yuma,914818.875,0.0764422800218402,GM-R-000537,1,GM-R-000537,GADM 4.1:DOM.11_1|DOM.13_1|DOM.7_1,0.44390758583851353,0.42166991485916133,0.696887987859018,0.6388835376047638
482,DZ-01,DZ,Adrar,548603.9375,0.0124935172290476,GM-R-002435,1,GM-R-002435,GADM 3.6:DZA.1_1,0.2764544891103035,0.21575220881067417,0.3788874843192897,0.39724397672082673
483,DZ-02,DZ,Chlef,1201401.5,0.0273598662227131,GM-R-002448,1,GM-R-002448,GADM 3.6:DZA.14_1,0.28441775494419724,0.35830826102472757,0.3788874843192897,0.39724397672082673
484,DZ-03,DZ,Laghouat,742506.4375,0.0169093153283921,GM-R-002459,1,GM-R-002459,GADM 3.6:DZA.25_1,0.3727475005831525,0.3965194199846551,0.3788874843192897,0.39724397672082673
485,DZ-04,DZ,Oum el Bouaghi,778325.1875,0.0177250261530122,GM-R-002468,1,GM-R-002468,GADM 3.6:DZA.34_1,0.3359864267220655,0.29568826235962736,0.3788874843192897,0.39724397672082673
486,DZ-05,DZ,Batna,1490702,0.0339481907571539,GM-R-002440,1,GM-R-002440,GADM 3.6:DZA.6_1,0.35020821157425835,0.3468266742892321,0.3788874843192897,0.39724397672082673
487,DZ-06,DZ,Béjaïa,982559.125,0.0223761050871886,GM-R-002442,1,GM-R-002442,GADM 3.6:DZA.8_1,0.368339841501648,0.3209931058456259,0.3788874843192897,0.39724397672082673
488,DZ-07,DZ,Biskra,1007477.875,0.0229435870375917,GM-R-002443,1,GM-R-002443,GADM 3.6:DZA.9_1,0.34646463178271,0.3599417324655921,0.3788874843192897,0.39724397672082673
489,DZ-08,DZ,Béchar,337029.53125,0.00767527166239072,GM-R-002441,1,GM-R-002441,GADM 3.6:DZA.7_1,0.3088716235060263,0.32095192345601536,0.3788874843192897,0.39724397672082673
490,DZ-09,DZ,Blida,1384929.375,0.0315393999657114,GM-R-002444,1,GM-R-002444,GADM 3.6:DZA.10_1,0.30979946011060555,0.3534479989884158,0.3788874843192897,0.39724397672082673
491,DZ-10,DZ,Bouira,793544.6875,0.0180716242586218,GM-R-002446,1,GM-R-002446,GADM 3.6:DZA.12_1,0.35290658847723483,0.3337947567122892,0.3788874843192897,0.39724397672082673
492,DZ-11,DZ,Tamanrasset,241428.109375,0.00549811264169601,GM-R-002475,1,GM-R-002475,GADM 3.6:DZA.41_1,0.32108109782724464,0.32257546554489686,0.3788874843192897,0.39724397672082673
493,DZ-12,DZ,Tébessa,800896.625,0.0182390520722859,GM-R-002476,1,GM-R-002476,GADM 3.6:DZA.42_1,0.37296252417518844,0.3459188105409112,0.3788874843192897,0.39724397672082673
494,DZ-13,DZ,Tlemcen,1101779.75,0.0250911510988577,GM-R-002482,1,GM-R-002482,GADM 3.6:DZA.48_1,0.3015139553546995,0.3493587790546555,0.3788874843192897,0.39724397672082673
495,DZ-14,DZ,Tiaret,1147862.875,0.0261406155244678,GM-R-002477,1,GM-R-002477,GADM 3.6:DZA.43_1,0.3240668898664775,0.32378953412160066,0.3788874843192897,0.39724397672082673
496,DZ-15,DZ,Tizi Ouzou,1156143.25,0.026329186915692,GM-R-002481,1,GM-R-002481,GADM 3.6:DZA.47_1,0.36607099214626904,0.34120976039712464,0.3788874843192897,0.39724397672082673
497,DZ-16,DZ,Alger,4316086,0.0982914833764773,GM-R-002438,1,GM-R-002438,GADM 3.6:DZA.4_1,0.3132522594204228,0.320028624644037,0.3788874843192897,0.39724397672082673
498,DZ-17,DZ,Djelfa,1678984.25,0.038235997266561,GM-R-002450,1,GM-R-002450,GADM 3.6:DZA.16_1,0.3202866713594167,0.3658146254191146,0.3788874843192897,0.39724397672082673
499,DZ-18,DZ,Jijel,704545.9375,0.0160448298073175,GM-R-002457,1,GM-R-002457,GADM 3.6:DZA.23_1,0.3300724484826227,0.30985487062320904,0.3788874843192897,0.39724397672082673
500,DZ-19,DZ,Sétif,1766439.125,0.0402276326028945,GM-R-002471,1,GM-R-002471,GADM 3.6:DZA.37_1,0.32457108546369373,0.3454404527567311,0.3788874843192897,0.39724397672082673
501,DZ-20,DZ,Saïda,410725.09375,0.00935356216827705,GM-R-002470,1,GM-R-002470,GADM 3.6:DZA.36_1,0.3051496338526595,0.32152455238984096,0.3788874843192897,0.39724397672082673
502,DZ-21,DZ,Skikda,1055345.125,0.0240336818613864,GM-R-002473,1,GM-R-002473,GADM 3.6:DZA.39_1,0.34601605561360166,0.3205420376404681,0.3788874843192897,0.39724397672082673
503,DZ-22,DZ,Sidi Bel Abbès,722503.5625,0.0164537840309286,GM-R-002472,1,GM-R-002472,GADM 3.6:DZA.38_1,0.29435718656029086,0.3444526280282114,0.3788874843192897,0.39724397672082673
504,DZ-23,DZ,Annaba,823620,0.0187565381084933,GM-R-002439,1,GM-R-002439,GADM 3.6:DZA.5_1,0.36113345957419146,0.40509735147717496,0.3788874843192897,0.39724397672082673
505,DZ-24,DZ,Guelma,558717.0625,0.0127238263697417,GM-R-002455,1,GM-R-002455,GADM 3.6:DZA.21_1,0.34565493630427263,0.3008313611467795,0.3788874843192897,0.39724397672082673
506,DZ-25,DZ,Constantine,1251301.5,0.0284962534542201,GM-R-002449,1,GM-R-002449,GADM 3.6:DZA.15_1,0.33137808288275467,0.35410026929392746,0.3788874843192897,0.39724397672082673
507,DZ-26,DZ,Médéa,877956.9375,0.0199939690097797,GM-R-002462,1,GM-R-002462,GADM 3.6:DZA.28_1,0.3321829382440209,0.3613527492434879,0.3788874843192897,0.39724397672082673
508,DZ-27,DZ,Mostaganem,879028.5,0.0200183720146447,GM-R-002464,1,GM-R-002464,GADM 3.6:DZA.30_1,0.3314186404855922,0.39320347494322827,0.3788874843192897,0.39724397672082673
509,DZ-28,DZ,M'sila,1296356.125,0.0295222955498181,GM-R-002460,1,GM-R-002460,GADM 3.6:DZA.26_1,0.3339528673326727,0.35038679703358017,0.3788874843192897,0.39724397672082673
510,DZ-29,DZ,Mascara,941268.8125,0.0214357887763683,GM-R-002461,1,GM-R-002461,GADM 3.6:DZA.27_1,0.33943598529129493,0.3311641135635652,0.3788874843192897,0.39724397672082673
511,DZ-30,DZ,Ouargla,777822.4375,0.0177135768808551,GM-R-002467,1,GM-R-002467,GADM 3.6:DZA.33_1,0.30404480209033385,0.3166852598279059,0.3788874843192897,0.39724397672082673
512,DZ-31,DZ,Oran,2149066,0.0489413058530234,GM-R-002466,1,GM-R-002466,GADM 3.6:DZA.32_1,0.3141581643135103,0.3449265497013602,0.3788874843192897,0.39724397672082673
513,DZ-32,DZ,El Bayadh,337036.375,0.00767542751710246,GM-R-002451,1,GM-R-002451,GADM 3.6:DZA.17_1,0.22722730803425917,0.17484316797253902,0.3788874843192897,0.39724397672082673
514,DZ-33,DZ,Illizi,88360.4921875,0.00201225922027156,GM-R-002456,1,GM-R-002456,GADM 3.6:DZA.22_1,0.19794687711032433,0.1605960250370383,0.3788874843192897,0.39724397672082673
515,DZ-34,DZ,Bordj Bou Arréridj,743876.875,0.0169405247006682,GM-R-002445,1,GM-R-002445,GADM 3.6:DZA.11_1,0.3307799486836327,0.27710909139511386,0.3788874843192897,0.39724397672082673
516,DZ-35,DZ,Boumerdès,1048718.875,0.0238827803404892,GM-R-002447,1,GM-R-002447,GADM 3.6:DZA.13_1,0.32601384011285883,0.3570693410729658,0.3788874843192897,0.39724397672082673
517,DZ-36,DZ,El Tarf,487452.46875,0.0111008970231278,GM-R-002453,1,GM-R-002453,GADM 3.6:DZA.19_1,0.3428543908159048,0.3457312138912628,0.3788874843192897,0.39724397672082673
518,DZ-37,DZ,Tindouf,100567.140625,0.00229024477986816,GM-R-002478,1,GM-R-002478,GADM 3.6:DZA.44_1,0.34762919489421273,0.3591766404071711,0.3788874843192897,0.39724397672082673
519,DZ-38,DZ,Tissemsilt,653832.5,0.0148899179267398,GM-R-002480,1,GM-R-002480,GADM 3.6:DZA.46_1,0.29955278377216354,0.33964569087927865,0.3788874843192897,0.39724397672082673
520,DZ-39,DZ,El Oued,880930.4375,0.0200616853912003,GM-R-002452,1,GM-R-002452,GADM 3.6:DZA.18_1,0.3595886797043705,0.39288849032845746,0.3788874843192897,0.39724397672082673
521,DZ-40,DZ,Khenchela,475094.625,0.0108194682486496,GM-R-002458,1,GM-R-002458,GADM 3.6:DZA.24_1,0.3240252168271128,0.3326241719467026,0.3788874843192897,0.39724397672082673
522,DZ-41,DZ,Souk Ahras,559796.9375,0.0127484186775899,GM-R-002474,1,GM-R-002474,GADM 3.6:DZA.40_1,0.35382722321742577,0.34183356568158435,0.3788874843192897,0.39724397672082673
523,DZ-42,DZ,Tipaza,689035.25,0.0156916004039729,GM-R-002479,1,GM-R-002479,GADM 3.6:DZA.45_1,0.33154986034946654,0.3862408453059757,0.3788874843192897,0.39724397672082673
524,DZ-43,DZ,Mila,899800.6875,0.0204914230897042,GM-R-002463,1,GM-R-002463,GADM 3.6:DZA.29_1,0.3671034186648306,0.3233666305680661,0.3788874843192897,0.39724397672082673
525,DZ-44,DZ,Aïn Defla,919334.75,0.0209362779835812,GM-R-002436,1,GM-R-002436,GADM 3.6:DZA.2_1,0.33742286356536216,0.33357836711350447,0.3788874843192897,0.39724397672082673
526,DZ-45,DZ,Naama,354601.09375,0.00807543397226302,GM-R-002465,1,GM-R-002465,GADM 3.6:DZA.31_1,0.3424690506338562,0.3745372588568261,0.3788874843192897,0.39724397672082673
527,DZ-46,DZ,Aïn Témouchent,435296.5625,0.00991313538164125,GM-R-002437,1,GM-R-002437,GADM 3.6:DZA.3_1,0.33143812181968707,0.3857930377382624,0.3788874843192897,0.39724397672082673
528,DZ-47,DZ,Ghardaïa,462621.8125,0.0105354212573474,GM-R-002454,1,GM-R-002454,GADM 3.6:DZA.20_1,0.2341549623298053,0.203727230898446,0.3788874843192897,0.39724397672082673
529,DZ-48,DZ,Relizane,849774.625,0.0193521650001737,GM-R-002469,1,GM-R-002469,GADM 3.6:DZA.35_1,0.3341610693937578,0.33627187016575766,0.3788874843192897,0.39724397672082673
530,EC-A,EC,Azuay,859162.375,0.0487780918129908,GM-R-000538,1,GM-R-000538,GADM 3.6:ECU.1_1,0.5541984199022459,0.5496266341141609,0.7407169246529375,0.7248373138578244
531,EC-B,EC,Bolívar,200191.65625,0.0113656827543888,GM-R-000539,1,GM-R-000539,GADM 3.6:ECU.2_1,0.5278779699220587,0.518773132368596,0.7407169246529375,0.7248373138578244
532,EC-C,EC,Carchi,185891.984375,0.0105538330646088,GM-R-000541,1,GM-R-000541,GADM 3.6:ECU.4_1,0.3889131576685193,0.5810448613062366,0.7407169246529375,0.7248373138578244
533,EC-D,EC,Orellana,226329.734375,0.0128496462189159,GM-R-000554,1,GM-R-000554,GADM 3.6:ECU.17_1,0.5631970712066479,0.5632327935462557,0.7407169246529375,0.7248373138578244
534,EC-E,EC,Esmeraldas,613641.6875,0.0348388982619887,GM-R-000545,1,GM-R-000545,GADM 3.6:ECU.8_1,0.584590997703122,0.51479486973476,0.7407169246529375,0.7248373138578244
535,EC-F,EC,Cañar,256102.078125,0.0145399415102169,GM-R-000540,1,GM-R-000540,GADM 3.6:ECU.3_1,0.5030236936734926,0.4660863987011561,0.7407169246529375,0.7248373138578244
536,EC-G,EC,Guayas,4399362.5,0.249769443108619,GM-R-000547,1,GM-R-000547,GADM 3.6:ECU.10_1,0.5442941439653127,0.5098625604658042,0.7407169246529375,0.7248373138578244
537,EC-H,EC,Chimborazo,529961.125,0.0300880173117054,GM-R-000542,1,GM-R-000542,GADM 3.6:ECU.5_1,0.4950183786145206,0.5994910718357711,0.7407169246529375,0.7248373138578244
538,EC-I,EC,Imbabura,474468.96875,0.0269375051719444,GM-R-000548,1,GM-R-000548,GADM 3.6:ECU.11_1,0.48020638739122345,0.5582991496501394,0.7407169246529375,0.7248373138578244
539,EC-L,EC,Loja,503120.53125,0.0285641692192506,GM-R-000549,1,GM-R-000549,GADM 3.6:ECU.12_1,0.5361045488528137,0.5174180149274114,0.7407169246529375,0.7248373138578244
540,EC-M,EC,Manabí,1609695.375,0.0913888585876409,GM-R-000551,1,GM-R-000551,GADM 3.6:ECU.14_1,0.4672507075093305,0.4990661579378427,0.7407169246529375,0.7248373138578244
541,EC-N,EC,Napo,172112.453125,0.00977151384299193,GM-R-000553,1,GM-R-000553,GADM 3.6:ECU.16_1,0.5642814046756235,0.4729582010043796,0.7407169246529375,0.7248373138578244
542,EC-O,EC,El Oro,695192.1875,0.0394688470262084,GM-R-000544,1,GM-R-000544,GADM 3.6:ECU.7_1,0.5219108754959706,0.45582982130457605,0.7407169246529375,0.7248373138578244
543,EC-P,EC,Pichincha,3229762.25,0.18336654880241,GM-R-000556,1,GM-R-000556,GADM 3.6:ECU.19_1,0.5420772140382237,0.5551916837688491,0.7407169246529375,0.7248373138578244
544,EC-R,EC,Los Ríos,954062.4375,0.0541659487494443,GM-R-000550,1,GM-R-000550,GADM 3.6:ECU.13_1,0.48886509765141384,0.4795251524907989,0.7407169246529375,0.7248373138578244
545,EC-S,EC,Morona Santiago,195280.234375,0.0110868416480716,GM-R-000552,1,GM-R-000552,GADM 3.6:ECU.15_1,0.5084199430951795,0.5672060494226593,0.7407169246529375,0.7248373138578244
546,EC-SD,EC,Santo Domingo de los Tsáchilas,539761.25,0.0306444096898385,GM-R-000558,1,GM-R-000558,GADM 3.6:ECU.21_1,0.642616502317574,0.5391245882209461,0.7407169246529375,0.7248373138578244
547,EC-SE,EC,Santa Elena,384501.375,0.0218296842572642,GM-R-000557,1,GM-R-000557,GADM 3.6:ECU.20_1,0.462631948393816,0.4670959565510384,0.7407169246529375,0.7248373138578244
548,EC-T,EC,Tungurahua,586022.25,0.0332708320880037,GM-R-000560,1,GM-R-000560,GADM 3.6:ECU.23_1,0.5364035186483096,0.5179675715473945,0.7407169246529375,0.7248373138578244
549,EC-U,EC,Sucumbíos,250677.9375,0.0142319913053294,GM-R-000559,1,GM-R-000559,GADM 3.6:ECU.22_1,0.5755438599130666,0.5071860851929345,0.7407169246529375,0.7248373138578244
550,EC-W,EC,Galápagos,31066.599609375,0.00176377538420897,GM-R-000546,1,GM-R-000546,GADM 3.6:ECU.9_1,0.4181937694849424,0.37559990761697654,0.7407169246529375,0.7248373138578244
551,EC-X,EC,Cotopaxi,487900.375,0.0277000599419203,GM-R-000543,1,GM-R-000543,GADM 3.6:ECU.6_1,0.5657876860684375,0.5216846855796593,0.7407169246529375,0.7248373138578244
552,EC-Y,EC,Pastaza,117828.28125,0.00668958381816872,GM-R-000555,1,GM-R-000555,GADM 3.6:ECU.18_1,0.6830887639583553,0.7449720561315211,0.7407169246529375,0.7248373138578244
553,EC-Z,EC,Zamora Chinchipe,111598.1875,0.00633587642386966,GM-R-000561,1,GM-R-000561,GADM 3.6:ECU.24_1,0.5410224534754066,0.5101275410407384,0.7407169246529375,0.7248373138578244
554,EE001,EE,Põhja-Eesti,624554.25,0.450738493220582,GM-R-000566,1,GM-R-000566,gisco-nuts-2024 2024-RG-01M-EPSG4326:EE001,0.3020799563925269,0.3176676721297859,0.33652156410793577,0.35490499663527464
555,EE004,EE,Lääne-Eesti,151840.921875,0.109583031954649,GM-R-000564,1,GM-R-000564,gisco-nuts-2024 2024-RG-01M-EPSG4326:EE004,0.3017493504920501,0.3073614358223673,0.33652156410793577,0.35490499663527464
556,EE006,EE,Kesk-Eesti,131622.15625,0.0949912235527483,GM-R-000562,1,GM-R-000562,gisco-nuts-2024 2024-RG-01M-EPSG4326:EE009,0.3316044851816648,0.2453134836712791,0.33652156410793577,0.35490499663527464
557,EE007,EE,Kirde-Eesti,169129.25,0.122059954446755,GM-R-000563,1,GM-R-000563,gisco-nuts-2024 2024-RG-01M-EPSG4326:EE00A,0.31235309553272483,0.35308164497924893,0.33652156410793577,0.35490499663527464
558,EE008,EE,Lõuna-Eesti,308477.8125,0.222627296825266,GM-R-000565,1,GM-R-000565,gisco-nuts-2024 2024-RG-01M-EPSG4326:EE008,0.293927128170024,0.3205556488963183,0.33652156410793577,0.35490499663527464
559,EG-ALX,EG,Al Iskandarīyah,4979616,0.0519652652364176,GM-R-000572,1,GM-R-000572,GADM 3.6:EGY.6_1,0.3883035976093055,0.36906350714551,0.42618521817278476,0.39908104276529627
560,EG-ASN,EG,Aswān,1527814.75,0.0159436588515783,GM-R-000583,1,GM-R-000583,GADM 3.6:EGY.17_1,0.3675800294168354,0.27669660168673876,0.42618521817278476,0.39908104276529627
561,EG-AST,EG,Asyūţ,4565108,0.047639626841285,GM-R-000584,1,GM-R-000584,GADM 3.6:EGY.18_1,0.3986937251550205,0.4485551919459664,0.42618521817278476,0.39908104276529627
562,EG-BA,EG,Al Baḩr al Aḩmar,330008.40625,0.00344383469750051,GM-R-000568,1,GM-R-000568,GADM 3.6:EGY.2_1,0.29980135665078406,0.2790134928336697,0.42618521817278476,0.39908104276529627
563,EG-BH,EG,Al Buḩayrah,6210317,0.0648083647629121,GM-R-000569,1,GM-R-000569,GADM 3.6:EGY.3_1,0.37545266066035343,0.37651668112282183,0.42618521817278476,0.39908104276529627
564,EG-BNS,EG,Banī Suwayf,3065966.75,0.0319951930770942,GM-R-000585,1,GM-R-000585,GADM 3.6:EGY.19_1,0.36057920540960725,0.3020152299763304,0.42618521817278476,0.39908104276529627
565,EG-C,EG,Al Qāhirah,8543100,0.0891523477796761,GM-R-000577,1,GM-R-000577,GADM 3.6:EGY.11_1,0.381841253965023,0.3460625951318914,0.42618521817278476,0.39908104276529627
566,EG-DK,EG,Ad Daqahlīyah,6410034.5,0.0668925360845269,GM-R-000567,1,GM-R-000567,GADM 3.6:EGY.1_1,0.3680868641514122,0.2218049325092589,0.42618521817278476,0.39908104276529627
567,EG-DT,EG,Dumyāţ,1449641,0.0151278691093019,GM-R-000587,1,GM-R-000587,GADM 3.6:EGY.21_1,0.35903301869890486,0.3339844484337468,0.42618521817278476,0.39908104276529627
568,EG-FYM,EG,Al Fayyūm,3462313.75,0.0361313105971315,GM-R-000570,1,GM-R-000570,GADM 3.6:EGY.4_1,0.3783290932555968,0.3393290791566312,0.42618521817278476,0.39908104276529627
569,EG-GH,EG,Al Gharbīyah,5098202.5,0.053202786146857,GM-R-000571,1,GM-R-000571,GADM 3.6:EGY.5_1,0.3267990534364642,0.33434593280007296,0.42618521817278476,0.39908104276529627
570,EG-GZ,EG,Al Jīzah,9719473,0.101428502198402,GM-R-000574,1,GM-R-000574,GADM 3.6:EGY.8_1,0.2896395367938358,0.3473209703029497,0.42618521817278476,0.39908104276529627
571,EG-IS,EG,Al Ismā'īlīyah,1261095.625,0.0131602855805771,GM-R-000573,1,GM-R-000573,GADM 3.6:EGY.7_1,0.3532078774629168,0.35775786187265446,0.42618521817278476,0.39908104276529627
572,EG-JS,EG,Janūb Sīnā',164263.328125,0.00171418587590536,GM-R-000588,1,GM-R-000588,GADM 3.6:EGY.22_1,0.4085060585887219,0.4165139813125435,0.42618521817278476,0.39908104276529627
573,EG-KB,EG,Al Qalyūbīyah,5509473.5,0.057494644514861,GM-R-000578,1,GM-R-000578,GADM 3.6:EGY.12_1,0.2957394992403425,0.4108804427142431,0.42618521817278476,0.39908104276529627
574,EG-KFS,EG,Kafr ash Shaykh,3413196.75,0.0356187453847503,GM-R-000589,1,GM-R-000589,GADM 3.6:EGY.23_1,0.3794977253948578,0.33110850612069254,0.42618521817278476,0.39908104276529627
575,EG-KN,EG,Qinā,2612967.25,0.0272678729043209,GM-R-000591,1,GM-R-000591,GADM 3.6:EGY.25_1,0.37877330276841453,0.37781861006304407,0.42618521817278476,0.39908104276529627
576,EG-LX,EG,Al Uqşur,3227499.5,0.033680883740414,GM-R-000579,1,GM-R-000579,GADM 3.6:EGY.13_1,0.3758848266495529,0.34922783329610624,0.42618521817278476,0.39908104276529627
577,EG-MN,EG,Al Minyā,5519792,0.0576023242213569,GM-R-000576,1,GM-R-000576,GADM 3.6:EGY.10_1,0.371025577947197,0.27293783873392297,0.42618521817278476,0.39908104276529627
578,EG-MNF,EG,Al Minūfīyah,4239824,0.0442450941429478,GM-R-000575,1,GM-R-000575,GADM 3.6:EGY.9_1,0.32248627133819957,0.26782895394626505,0.42618521817278476,0.39908104276529627
579,EG-MT,EG,Maţrūḩ,482124.46875,0.00503125660604366,GM-R-000590,1,GM-R-000590,GADM 3.6:EGY.24_1,0.2605493900397437,0.22507971675723107,0.42618521817278476,0.39908104276529627
580,EG-PTS,EG,Būr Sa‘īd,701683.8125,0.00732248941056162,GM-R-000586,1,GM-R-000586,GADM 3.6:EGY.20_1,0.3492189833325157,0.29078832152380785,0.42618521817278476,0.39908104276529627
581,EG-SHG,EG,Sūhāj,4917130,0.0513131865292316,GM-R-000593,1,GM-R-000593,GADM 3.6:EGY.27_1,0.36177433727032515,0.35203645922089527,0.42618521817278476,0.39908104276529627
582,EG-SHR,EG,Ash Sharqīyah,7024827.5,0.0733082680025087,GM-R-000582,1,GM-R-000582,GADM 3.6:EGY.16_1,0.34312299716515876,0.34092790595759254,0.42618521817278476,0.39908104276529627
583,EG-SIN,EG,Shamāl Sīnā',480176.90625,0.00501093262887815,GM-R-000592,1,GM-R-000592,GADM 3.6:EGY.26_1,0.519150127893029,0.5774864699847494,0.42618521817278476,0.39908104276529627
584,EG-SUZ,EG,As Suways,669581.0625,0.00698747805254357,GM-R-000581,1,GM-R-000581,GADM 3.6:EGY.15_1,0.34323082081898165,0.3628340844151562,0.42618521817278476,0.39908104276529627
585,EG-WAD,EG,Al Wādī al Jadīd,240624.1875,0.00251105702241598,GM-R-000580,1,GM-R-000580,GADM 3.6:EGY.14_1,0.4740013485458071,0.5019361978616471,0.42618521817278476,0.39908104276529627
586,ES-AN,ES,Andalucía,9184392,0.175840408426196,GM-R-000594,1,GM-R-000594,GADM 3.6:ESP.1_1,0.43961205772092826,0.44561024372842584,0.5574801797288995,0.623713387872986
587,ES-AR,ES,Aragón,1485632.125,0.0284432719804509,GM-R-000595,1,GM-R-000595,GADM 3.6:ESP.2_1,0.3768618281134922,0.4328512713936169,0.5574801797288995,0.623713387872986
588,ES-AS,ES,"Asturias, Principado de",1067257.25,0.02043324704954,GM-R-000596,1,GM-R-000596,GADM 3.6:ESP.17_1,0.4427110286321632,0.5080580155614846,0.5574801797288995,0.623713387872986
589,ES-CB,ES,Cantabria,624373.25,0.0119539809810373,GM-R-000598,1,GM-R-000598,GADM 3.6:ESP.3_1,0.4054807138936467,0.45086591842742585,0.5574801797288995,0.623713387872986
590,ES-CE,ES,Ceuta,78780.7890625,0.00150830301286008,GM-R-000602,1,GM-R-000602,gisco-nuts-2024 2024-RG-01M-EPSG4326:ES63,NA,NA,0.5574801797288995,0.623713387872986
591,ES-CL,ES,Castilla y León,2618433,0.0501313890082903,GM-R-000599,1,GM-R-000599,GADM 3.6:ESP.5_1,0.39303192521291513,0.48600015797043306,0.5574801797288995,0.623713387872986
592,ES-CM,ES,Castilla-La Mancha,2497107.25,0.0478085385210055,GM-R-000600,1,GM-R-000600,GADM 3.6:ESP.4_1,0.4271976970136953,0.4463102819650259,0.5574801797288995,0.623713387872986
593,ES-CN,ES,Canarias,2379993.75,0.045566333955671,GM-R-000597,1,GM-R-000597,GADM 3.6:ESP.14_1,0.48345831160314107,0.52700992459347,0.5574801797288995,0.623713387872986
594,ES-CT,ES,Catalunya,8627550,0.165179351634537,GM-R-000601,1,GM-R-000601,GADM 3.6:ESP.6_1,0.4164741622209121,0.4739409644516342,0.5574801797288995,0.623713387872986
595,ES-EX,ES,Extremadura,1147705,0.0219734649776258,GM-R-000603,1,GM-R-000603,GADM 3.6:ESP.11_1,0.43795878592549,0.4555568384111929,0.5574801797288995,0.623713387872986
596,ES-GA,ES,Galicia,2733566.75,0.0523356901338998,GM-R-000604,1,GM-R-000604,GADM 3.6:ESP.12_1,0.4404168274148583,0.48031973824035185,0.5574801797288995,0.623713387872986
597,ES-IB,ES,Illes Balears,1330889.75,0.0254806412019693,GM-R-000605,1,GM-R-000605,GADM 3.6:ESP.13_1,0.4260722431778779,0.4667626576522422,0.5574801797288995,0.623713387872986
598,ES-MC,ES,"Murcia, Región de",1725722.125,0.0330399315806776,GM-R-000609,1,GM-R-000609,GADM 3.6:ESP.18_1,0.44053827266522033,0.40409123466830044,0.5574801797288995,0.623713387872986
599,ES-MD,ES,"Madrid, Comunidad de",7480357.5,0.143215698760893,GM-R-000607,1,GM-R-000607,GADM 3.6:ESP.8_1,0.42150864974934965,0.45165870064504593,0.5574801797288995,0.623713387872986
600,ES-ML,ES,Melilla,102866.3671875,0.00196943510463937,GM-R-000608,1,GM-R-000608,gisco-nuts-2024 2024-RG-01M-EPSG4326:ES64,NA,NA,0.5574801797288995,0.623713387872986
601,ES-NC,ES,"Navarra, Comunidad Foral de",726830.625,0.0139155856976343,GM-R-000610,1,GM-R-000610,GADM 3.6:ESP.9_1,0.4239896308950042,0.4858526769335897,0.5574801797288995,0.623713387872986
602,ES-PV,ES,País Vasco,2250327.25,0.043083795065868,GM-R-000611,1,GM-R-000611,GADM 3.6:ESP.16_1,0.41500862165636604,0.4640104281541436,0.5574801797288995,0.623713387872986
603,ES-RI,ES,La Rioja,366064.0625,0.00700850467403313,GM-R-000606,1,GM-R-000606,GADM 3.6:ESP.15_1,0.4185364813717825,0.46350071992464936,0.5574801797288995,0.623713387872986
604,ES-VC,ES,"Valenciana, Comunidad",5803558.5,0.111112428233172,GM-R-000612,1,GM-R-000612,GADM 3.6:ESP.10_1,0.43986634939584307,0.49134931065528664,0.5574801797288995,0.623713387872986
605,ET-AA,ET,Ādīs Ābeba,3550134.25,0.0341952366038219,GM-R-000613,1,GM-R-000613,ocha-cod-ab ETH-v04-valid-2025-01-01:ET14,0.39623738154214017,0.23396629008091802,0.5755014211652684,0.2788350938867055
606,ET-AF,ET,Āfar,1849389.625,0.0178134998132897,GM-R-000614,1,GM-R-000614,ocha-cod-ab ETH-v04-valid-2025-01-01:ET02,0.45692101289253256,0.38115771875663684,0.5755014211652684,0.2788350938867055
607,ET-AM,ET,Āmara,22347806,0.215256229745765,GM-R-000615,1,GM-R-000615,ocha-cod-ab ETH-v04-valid-2025-01-01:ET03,0.4146738550528317,0.30067298977051726,0.5755014211652684,0.2788350938867055
608,ET-BE,ET,Bīnshangul Gumuz,1152960.375,0.011105425891417,GM-R-000616,1,GM-R-000616,ocha-cod-ab ETH-v04-valid-2025-01-01:ET06,0.38481454133283344,0.2537959290541034,0.5755014211652684,0.2788350938867055
609,ET-DD,ET,Dirē Dawa,471181.8125,0.00453846880913169,GM-R-000617,1,GM-R-000617,ocha-cod-ab ETH-v04-valid-2025-01-01:ET15,0.5160457741514561,0.3197635050720178,0.5755014211652684,0.2788350938867055
610,ET-GA,ET,Gambēla Hizboch,589295.9375,0.00567615548974902,GM-R-000618,1,GM-R-000618,ocha-cod-ab ETH-v04-valid-2025-01-01:ET12,0.40553440905592397,0.21285792436650156,0.5755014211652684,0.2788350938867055
611,ET-HA,ET,Hārerī Hizb,257856.953125,0.00248370312250867,GM-R-000619,1,GM-R-000619,ocha-cod-ab ETH-v04-valid-2025-01-01:ET13,0.5319574660624554,0.32286894417910184,0.5755014211652684,0.2788350938867055
612,ET-OR,ET,Oromīya,39751796,0.382893145420306,GM-R-000620,1,GM-R-000620,ocha-cod-ab ETH-v04-valid-2025-01-01:ET04,0.44095251978928857,0.2564356197824723,0.5755014211652684,0.2788350938867055
613,ET-SI,ET,Sidama,4616851,0.0444699555543826,GM-R-002567,1,GM-R-002567,ocha-cod-ab ETH-v04-valid-2025-01-01:ET16,0.5134473637284027,0.39163295142951493,0.5755014211652684,0.2788350938867055
614,ET-SN,ET,YeDebub Bihēroch Bihēreseboch na Hizboch,13652922,0.131506265748549,GM-R-000623,1,GM-R-000623,ocha-cod-ab ETH-v04-valid-2025-01-01:ET07|ET08,0.4228049369876569,0.19863285090909136,0.5755014211652684,0.2788350938867055
615,ET-SO,ET,Sumalē,6267384,0.0603680491144828,GM-R-000621,1,GM-R-000621,ocha-cod-ab ETH-v04-valid-2025-01-01:ET05,0.5102303781581938,0.2660231810755276,0.5755014211652684,0.2788350938867055
616,ET-SW,ET,Southwest Ethiopia Peoples,3360363,0.0323673415617251,GM-R-002568,1,GM-R-002568,ocha-cod-ab ETH-v04-valid-2025-01-01:ET11,0.46302519769959655,0.30927635070107723,0.5755014211652684,0.2788350938867055
617,ET-TI,ET,Tigray,4863725,0.0468478698096906,GM-R-000622,1,GM-R-000622,ocha-cod-ab ETH-v04-valid-2025-01-01:ET01,0.42165535201916887,0.32191401365524247,0.5755014211652684,0.2788350938867055
618,ET99,ET,Contested,1087889.125,0.0104786533151809,GM-R-002571,1,GM-R-002571,ocha-cod-ab ETH-v04-valid-2025-01-01:ET99,0.4532027413010585,0.3017386029857059,0.5755014211652684,0.2788350938867055
619,FI-01,FI,Åland,28764.2890625,0.00513752195705421,GM-R-000624,1,GM-R-000624,GADM 4.1:ALA,0.31739484130800394,0.34158095247297676,0.33869265645191055,0.4034900112476046
620,FI-02,FI,Etelä-Karjala,131891.28125,0.0235567912661977,GM-R-000625,1,GM-R-000625,GADM 4.1:FIN.4.4_1,0.3018589895510203,0.3394863323818486,0.33869265645191055,0.4034900112476046
621,FI-03,FI,Etelä-Pohjanmaa,197163.90625,0.0352149811628237,GM-R-000626,1,GM-R-000626,GADM 4.1:FIN.5.8_1,0.28050563441200654,0.2585559110394622,0.33869265645191055,0.4034900112476046
622,FI-04,FI,Etelä-Savo,146182.421875,0.0261092982512567,GM-R-000627,1,GM-R-000627,GADM 4.1:FIN.1.4_1,0.31467263490743586,0.32625643641335267,0.33869265645191055,0.4034900112476046
623,FI-05,FI,Kainuu,76081.5234375,0.0135887418019265,GM-R-000628,1,GM-R-000628,GADM 4.1:FIN.3.1_1,0.3198168549800766,0.3299655192858891,0.33869265645191055,0.4034900112476046
624,FI-06,FI,Kanta-Häme,179650.25,0.0320869082479267,GM-R-000629,1,GM-R-000629,GADM 4.1:FIN.5.9_1,0.26789388905979794,0.33092536691610225,0.33869265645191055,0.4034900112476046
625,FI-07,FI,Keski-Pohjanmaa,71190.859375,0.0127152318065612,GM-R-000630,1,GM-R-000630,GADM 4.1:FIN.5.2_1,0.2624650086309328,0.29401724093848386,0.33869265645191055,0.4034900112476046
626,FI-08,FI,Keski-Suomi,279533.46875,0.0499268148193834,GM-R-000631,1,GM-R-000631,GADM 4.1:FIN.5.1_1,0.2959394800491936,0.3596501208803452,0.33869265645191055,0.4034900112476046
627,FI-09,FI,Kymenlaakso,174841.84375,0.0312280901268135,GM-R-000632,1,GM-R-000632,GADM 4.1:FIN.4.2_1,0.2823424716396635,0.3360041362816345,0.33869265645191055,0.4034900112476046
628,FI-10,FI,Lappi,177900.953125,0.0317744704510045,GM-R-000633,1,GM-R-000633,GADM 4.1:FIN.2.1_1,0.2965010674737364,0.32998673275736684,0.33869265645191055,0.4034900112476046
629,FI-11,FI,Pirkanmaa,531758.3125,0.0949761004132185,GM-R-000635,1,GM-R-000635,GADM 4.1:FIN.5.6_1,0.2886554811366255,0.34698189108854166,0.33869265645191055,0.4034900112476046
630,FI-12,FI,Pohjanmaa,182544.4375,0.0326038322642573,GM-R-000636,1,GM-R-000636,GADM 4.1:FIN.5.4_1,0.2690847455072306,0.3095272689516188,0.33869265645191055,0.4034900112476046
631,FI-13,FI,Pohjois-Karjala,165326.078125,0.0295285016290622,GM-R-000637,1,GM-R-000637,GADM 4.1:FIN.1.1_1,0.28537537393443213,0.30427796036792715,0.33869265645191055,0.4034900112476046
632,FI-14,FI,Pohjois-Pohjanmaa,420769.875,0.0751527168629967,GM-R-000638,1,GM-R-000638,GADM 4.1:FIN.3.2_1,0.2660534249989185,0.33385955177341237,0.33869265645191055,0.4034900112476046
633,FI-15,FI,Pohjois-Savo,248316.234375,0.0443511780744045,GM-R-000639,1,GM-R-000639,GADM 4.1:FIN.1.2_1,0.2636636537010673,0.30214180808738034,0.33869265645191055,0.4034900112476046
634,FI-16,FI,Päijät-Häme,203585.515625,0.0363619296965421,GM-R-000634,1,GM-R-000634,GADM 4.1:FIN.1.3_1|FIN.4.3_1|FIN.5.5_1,0.2810144130060605,0.34740264513767066,0.33869265645191055,0.4034900112476046
635,FI-17,FI,Satakunta,222669.234375,0.0397704277785681,GM-R-000640,1,GM-R-000640,GADM 4.1:FIN.5.7_1,0.3196462332381166,0.2990334813332758,0.33869265645191055,0.4034900112476046
636,FI-18,FI,Uusimaa,1681816.5,0.300385285995144,GM-R-000641,1,GM-R-000641,GADM 4.1:FIN.4.1_1|FIN.4.5_1,0.3433244932945245,0.3713459452057743,0.33869265645191055,0.4034900112476046
637,FI-19,FI,Varsinais-Suomi,478877.46875,0.0855311773948582,GM-R-000642,1,GM-R-000642,GADM 4.1:FIN.5.3_1,0.3158711501512412,0.3533599102023096,0.33869265645191055,0.4034900112476046
638,FR-20R,FR,Corse,350119.15625,0.00516706145545961,GM-R-000647,1,GM-R-000647,GADM 3.6:FRA.5_1,0.41003032324795907,0.4399150830187105,0.43069144846762053,0.5715264277877727
639,FR-ARA,FR,Auvergne-Rhône-Alpes,8298661.5,0.122471716280325,GM-R-000643,1,GM-R-000643,GADM 3.6:FRA.1_1,0.36676028215845013,0.44154202140716364,0.43069144846762053,0.5715264277877727
640,FR-BFC,FR,Bourgogne-Franche-Comté,2948733.5,0.0435174338172835,GM-R-000644,1,GM-R-000644,GADM 3.6:FRA.2_1,0.3406165244179324,0.3904966637640852,0.43069144846762053,0.5715264277877727
641,FR-BRE,FR,Bretagne,3497843.75,0.0516212075095371,GM-R-000645,1,GM-R-000645,GADM 3.6:FRA.3_1,0.3569369321940367,0.45333584586748976,0.43069144846762053,0.5715264277877727
642,FR-CVL,FR,Centre-Val de Loire,2682490,0.0395882100028791,GM-R-000646,1,GM-R-000646,GADM 3.6:FRA.4_1,0.337593049656666,0.39699559138292695,0.43069144846762053,0.5715264277877727
643,FR-GES,FR,Grand-Est,5769994,0.0851536200274195,GM-R-000648,1,GM-R-000648,GADM 3.6:FRA.6_1,0.35776685757351795,0.4358627413306645,0.43069144846762053,0.5715264277877727
644,FR-HDF,FR,Hauts-de-France,6074977,0.0896545617089572,GM-R-000649,1,GM-R-000649,GADM 3.6:FRA.7_1,0.35462458405092895,0.41751065102500906,0.43069144846762053,0.5715264277877727
645,FR-IDF,FR,Île-de-France,12763105,0.188358011037803,GM-R-000650,1,GM-R-000650,GADM 3.6:FRA.8_1,0.3569448904026001,0.44965163256889457,0.43069144846762053,0.5715264277877727
646,FR-NAQ,FR,Nouvelle-Aquitaine,6303346,0.0930248333335104,GM-R-000652,1,GM-R-000652,GADM 3.6:FRA.10_1,0.35730579185472117,0.4425464723132523,0.43069144846762053,0.5715264277877727
647,FR-NOR,FR,Normandie,3440070.75,0.0507685930891679,GM-R-000651,1,GM-R-000651,GADM 3.6:FRA.9_1,0.34453865002610173,0.44188515718642957,0.43069144846762053,0.5715264277877727
648,FR-OCC,FR,Occitanie,6343682.5,0.0936201197400882,GM-R-000653,1,GM-R-000653,GADM 3.6:FRA.11_1,0.35123751553315447,0.44209044436496137,0.43069144846762053,0.5715264277877727
649,FR-PAC,FR,Provence-Alpes-Côte-d’Azur,5319324,0.0785026283733975,GM-R-000655,1,GM-R-000655,GADM 3.6:FRA.13_1,0.3748342407931052,0.41776450804617193,0.43069144846762053,0.5715264277877727
650,FR-PDL,FR,Pays-de-la-Loire,3967473.25,0.0585520036241721,GM-R-000654,1,GM-R-000654,GADM 3.6:FRA.12_1,0.36024116897687375,0.4615720499790522,0.43069144846762053,0.5715264277877727
651,GA-1,GA,Estuaire,1136832.5,0.377729232069152,GM-R-000656,1,GM-R-000656,GADM 3.6:GAB.1_1,0.34701333168153414,0.4094364585310311,0.39421387180548534,0.5066060609804515
652,GA-2,GA,Haut-Ogooué,811137.5625,0.269512323570595,GM-R-000657,1,GM-R-000657,GADM 3.6:GAB.2_1,0.30287167077210414,0.39660909057686106,0.39421387180548534,0.5066060609804515
653,GA-3,GA,Moyen-Ogooué,109314.2890625,0.0363212720095207,GM-R-000658,1,GM-R-000658,GADM 3.6:GAB.3_1,0.3463981504362772,0.4192043277424171,0.39421387180548534,0.5066060609804515
654,GA-4,GA,Ngounié,152205.78125,0.050572597870001,GM-R-000659,1,GM-R-000659,GADM 3.6:GAB.4_1,0.34131105318127414,0.30215588725741716,0.39421387180548534,0.5066060609804515
655,GA-5,GA,Nyanga,71238.8046875,0.0236701352117693,GM-R-000660,1,GM-R-000660,GADM 3.6:GAB.5_1,0.37136265698304843,0.3541222681265793,0.39421387180548534,0.5066060609804515
656,GA-6,GA,Ogooué-Ivindo,97493.7421875,0.0323937223540251,GM-R-000661,1,GM-R-000661,GADM 3.6:GAB.6_1,0.30696147486301745,0.3846752428263628,0.39421387180548534,0.5066060609804515
657,GA-7,GA,Ogooué-Lolo,123504.5859375,0.0410362057763043,GM-R-000662,1,GM-R-000662,GADM 3.6:GAB.7_1,0.3388491798878523,0.4657515476105307,0.39421387180548534,0.5066060609804515
658,GA-8,GA,Ogooué-Maritime,180501.921875,0.0599744046170829,GM-R-000663,1,GM-R-000663,GADM 3.6:GAB.8_1,0.36596617712996765,0.43009132476876705,0.39421387180548534,0.5066060609804515
659,GA-9,GA,Woleu-Ntem,327420.0625,0.108790106521549,GM-R-000664,1,GM-R-000664,GADM 3.6:GAB.9_1,0.3641284254906387,0.38774502995422233,0.39421387180548534,0.5066060609804515
660,GD.nat,GD,Grenada,94609.3154296875,1,GM-A-0013,7,GM-R-000677|GM-R-000678|GM-R-000679|GM-R-000680|GM-R-000681|GM-R-000682|GM-R-000683,GADM 3.6:GRD.1_1|GADM 3.6:GRD.2_1|GADM 3.6:GRD.3_1|GADM 3.6:GRD.4_1|GADM 3.6:GRD.5_1|GADM 3.6:GRD.6_1|GADM 3.6:GRD.7_1,NA,NA,NA,NA
661,GE-AB,GE,Abkhazia,260978.171875,0.0703622226623049,GM-R-000684,1,GM-R-000684,GADM 3.6:GEO.1_1,0.3238400560819683,0.4025736594242811,0.5156371065513788,0.7165333242768522
662,GE-AJ,GE,Ajaria,310554.46875,0.0837284686377042,GM-R-000685,1,GM-R-000685,GADM 3.6:GEO.2_1,0.3434500082916272,0.4887037044051121,0.5156371065513788,0.7165333242768522
663,GE-GU,GE,Guria,100503.84375,0.0270968019338495,GM-R-000686,1,GM-R-000686,GADM 3.6:GEO.3_1,0.42353466679191054,0.45982117927987365,0.5156371065513788,0.7165333242768522
664,GE-IM,GE,Imereti,462053.59375,0.124574088368308,GM-R-000687,1,GM-R-000687,GADM 3.6:GEO.4_1,0.3942959573513513,0.5804124540405398,0.5156371065513788,0.7165333242768522
665,GE-KA,GE,K'akheti,281988.96875,0.0760269353752873,GM-R-000688,1,GM-R-000688,GADM 3.6:GEO.5_1,0.4497940281373948,0.49450154791067524,0.5156371065513788,0.7165333242768522
666,GE-KK,GE,Kvemo Kartli,476432.4375,0.128450762797802,GM-R-000689,1,GM-R-000689,GADM 3.6:GEO.6_1,0.4235016932216538,0.5621129924348216,0.5156371065513788,0.7165333242768522
667,GE-MM,GE,Mtskheta-Mtianeti,87885.8671875,0.023694874216831,GM-R-000690,1,GM-R-000690,GADM 3.6:GEO.7_1,0.4410773927667946,0.5704487412042034,0.5156371065513788,0.7165333242768522
668,GE-RL,GE,Rach'a-Lechkhumi-Kvemo Svaneti,26770.400390625,0.00721755716009232,GM-R-000691,1,GM-R-000691,GADM 3.6:GEO.8_1,0.5289699091106201,0.6585735067290925,0.5156371065513788,0.7165333242768522
669,GE-SJ,GE,Samtskhe-Javakheti,141682.171875,0.0381988748450677,GM-R-000693,1,GM-R-000693,GADM 3.6:GEO.10_1,0.3597349486873715,0.47989760492754924,0.5156371065513788,0.7165333242768522
670,GE-SK,GE,Shida Kartli,236539.484375,0.0637733177010383,GM-R-000694,1,GM-R-000694,GADM 3.6:GEO.11_1,0.373181846116267,0.5018896506718453,0.5156371065513788,0.7165333242768522
671,GE-SZ,GE,Samegrelo-Zemo Svaneti,278677.40625,0.0751341063072044,GM-R-000692,1,GM-R-000692,GADM 3.6:GEO.9_1,0.41185684898133057,0.5560834202263754,0.5156371065513788,0.7165333242768522
672,GE-TB,GE,Tbilisi,1044999.8125,0.28174198999451,GM-R-000695,1,GM-R-000695,GADM 3.6:GEO.12_1,0.431532049847692,0.5107788117336054,0.5156371065513788,0.7165333242768522
673,GH-AA,GH,Greater Accra,5588898.5,0.168937960059265,GM-R-000702,1,GM-R-000702,GADM 4.1:GHA7_2,0.38641656145557235,0.3951461713950121,0.4601536900902257,0.5844604011517128
674,GH-AF,GH,Ahafo,602621.3125,0.0182156851161256,GM-R-000696,1,GM-R-000696,GADM 4.1:GHA1_2,0.3661660856644303,0.43467816576275964,0.4601536900902257,0.5844604011517128
675,GH-AH,GH,Ashanti,6761669,0.204387781860051,GM-R-000697,1,GM-R-000697,GADM 4.1:GHA2_2,0.3410192306451983,0.4419972455401143,0.4601536900902257,0.5844604011517128
676,GH-BE,GH,Bono East,1185885.5,0.0358462543619035,GM-R-000699,1,GM-R-000699,GADM 4.1:GHA4_2,0.3328458060361219,0.5037111083856518,0.4601536900902257,0.5844604011517128
677,GH-BO,GH,Bono,1170521.5,0.0353818403421552,GM-R-000698,1,GM-R-000698,GADM 4.1:GHA3_2,0.4108356059697239,0.45031732543387104,0.4601536900902257,0.5844604011517128
678,GH-CP,GH,Central,2937253,0.088785568390257,GM-R-000700,1,GM-R-000700,GADM 4.1:GHA5_2,0.3810092804583835,0.44344304879035545,0.4601536900902257,0.5844604011517128
679,GH-EP,GH,Eastern,3354317.25,0.10139234298254,GM-R-000701,1,GM-R-000701,GADM 4.1:GHA6_2,0.35337964407247296,0.4016940916242618,0.4601536900902257,0.5844604011517128
680,GH-NE,GH,North East,663630.5625,0.0200598370970116,GM-R-000703,1,GM-R-000703,GADM 4.1:GHA8_2,0.45709607830129906,0.38445938739161245,0.4601536900902257,0.5844604011517128
681,GH-NP,GH,Northern,2126684,0.0642841620134409,GM-R-000704,1,GM-R-000704,GADM 4.1:GHA9_2,0.36354847079204555,0.530178865757504,0.4601536900902257,0.5844604011517128
682,GH-OT,GH,Oti,790657.875,0.0238995445179928,GM-R-000705,1,GM-R-000705,GADM 4.1:GHA10_2,0.39263911029972,0.3989989052272272,0.4601536900902257,0.5844604011517128
683,GH-SV,GH,Savannah,671059.25,0.0202843871245649,GM-R-000706,1,GM-R-000706,GADM 4.1:GHA11_2,0.3952177119637802,0.4722555416103168,0.4601536900902257,0.5844604011517128
684,GH-TV,GH,Volta,2131987.75,0.0644444806711629,GM-R-000709,1,GM-R-000709,GADM 4.1:GHA14_2,0.3993936696617085,0.4613598828784863,0.4601536900902257,0.5844604011517128
685,GH-UE,GH,Upper East,1193357.125,0.0360721022791322,GM-R-000707,1,GM-R-000707,GADM 4.1:GHA12_2,0.42516012335483533,0.5198624305588141,0.4601536900902257,0.5844604011517128
686,GH-UW,GH,Upper West,875970.9375,0.0264783379502153,GM-R-000708,1,GM-R-000708,GADM 4.1:GHA13_2,0.4692943272089296,0.511711560083311,0.4601536900902257,0.5844604011517128
687,GH-WN,GH,Western North,828645.125,0.0250478009272407,GM-R-000711,1,GM-R-000711,GADM 4.1:GHA16_2,0.44237953666844554,0.49879994094482666,0.4601536900902257,0.5844604011517128
688,GH-WP,GH,Western,2199391.25,0.0664819143069419,GM-R-000710,1,GM-R-000710,GADM 4.1:GHA15_2,0.3241769734217901,0.44003224088879667,0.4601536900902257,0.5844604011517128
689,GM-B,GM,Banjul,363022.28125,0.152545294314442,GM-R-000712,1,GM-R-000712,GADM 3.6:GMB.1_1,NA,NA,0.5327970107062262,0.6385847355722237
690,GM-L,GM,Lower River,88744.265625,0.0372911548896413,GM-R-000714,1,GM-R-000714,GADM 3.6:GMB.2_1,0.3777644306005879,0.5022576421998094,0.5327970107062262,0.6385847355722237
691,GM-M,GM,Central River,259496.984375,0.10904301443672,GM-R-000713,1,GM-R-000713,GADM 3.6:GMB.3_1,0.4117329371360414,0.49717666035550007,0.5327970107062262,0.6385847355722237
692,GM-N,GM,North Bank,271520.5,0.114095406051346,GM-R-000715,1,GM-R-000715,GADM 3.6:GMB.4_1,0.4269911323944608,0.5020011260477197,0.5327970107062262,0.6385847355722237
693,GM-U,GM,Upper River,289516,0.121657280309816,GM-R-000716,1,GM-R-000716,GADM 3.6:GMB.5_1,0.4020117415232759,0.5268852536464275,0.5327970107062262,0.6385847355722237
694,GM-W,GM,Western,1107467.125,0.465367849998035,GM-R-000717,1,GM-R-000717,GADM 3.6:GMB.6_1,0.4194086518534867,0.4497301125251564,0.5327970107062262,0.6385847355722237
695,GN-B,GN,Boké,1216895.625,0.0986353526192592,GM-R-000718,1,GM-R-000718,GADM 3.6:GIN.1_1,0.45622545120680125,0.5195259397326963,0.6169362671668749,0.7512036105536152
696,GN-C,GN,Conakry,1898259.625,0.153863243180595,GM-R-000719,1,GM-R-000719,GADM 3.6:GIN.2_1,0.4642286168885605,0.5086667892707453,0.6169362671668749,0.7512036105536152
697,GN-D,GN,Kindia,2037639.25,0.165160644681086,GM-R-000722,1,GM-R-000722,GADM 3.6:GIN.5_1,0.4857439626280316,0.5865250061857185,0.6169362671668749,0.7512036105536152
698,GN-F,GN,Faranah,1092250,0.0885322140084001,GM-R-000720,1,GM-R-000720,GADM 3.6:GIN.3_1,0.5151831092580891,0.5276461490594224,0.6169362671668749,0.7512036105536152
699,GN-K,GN,Kankan,2518188.25,0.204111495593901,GM-R-000721,1,GM-R-000721,GADM 3.6:GIN.4_1,0.44809081077817964,0.5174830496709765,0.6169362671668749,0.7512036105536152
700,GN-L,GN,Labé,1078425.25,0.0874116502861638,GM-R-000723,1,GM-R-000723,GADM 3.6:GIN.6_1,0.42470793167126636,0.6115077576832681,0.6169362671668749,0.7512036105536152
701,GN-M,GN,Mamou,780564.625,0.06326858725373,GM-R-000724,1,GM-R-000724,GADM 3.6:GIN.7_1,0.44394637342948035,0.5783924741358831,0.6169362671668749,0.7512036105536152
702,GN-N,GN,Nzérékoré,1715094.5,0.139016812376864,GM-R-000725,1,GM-R-000725,GADM 3.6:GIN.8_1,0.4541116628190885,0.49525110788065096,0.6169362671668749,0.7512036105536152
703,GR-A,GR,Anatolikí Makedonía kai Thráki,597918.25,0.0573202898183671,GM-R-000726,1,GM-R-000726,GADM 4.1:GRC.6.2_1,0.5508990814418786,0.45180205991694306,0.7521040140690587,0.576163136981332
704,GR-B,GR,Kentrikí Makedonía,1853764.625,0.177713802112641,GM-R-000732,1,GM-R-000732,GADM 4.1:GRC.6.1_1,0.5389154321678813,0.4074905888544818,0.7521040140690587,0.576163136981332
705,GR-C,GR,Dytikí Makedonía,275189.25,0.0263814117814585,GM-R-000729,1,GM-R-000729,GADM 4.1:GRC.5.2_1,0.5319040181862739,0.40379206197470247,0.7521040140690587,0.576163136981332
706,GR-D,GR,Ípeiros,331986.3125,0.0318263435649121,GM-R-000731,1,GM-R-000731,GADM 4.1:GRC.5.1_1,0.5033209400694545,0.47427335954034044,0.7521040140690587,0.576163136981332
707,GR-E,GR,Thessalía,716954.625,0.0687318824799522,GM-R-000737,1,GM-R-000737,GADM 4.1:GRC.8.2_1,0.5442176930589376,0.4130137300925846,0.7521040140690587,0.576163136981332
708,GR-F,GR,Ionía Nísia,188699.421875,0.0180899404733562,GM-R-000730,1,GM-R-000730,GADM 4.1:GRC.7.1_1,0.7182320001506288,0.4863022998179364,0.7521040140690587,0.576163136981332
709,GR-G,GR,Dytikí Elláda,622335.25,0.0596610605115096,GM-R-000728,1,GM-R-000728,GADM 4.1:GRC.7.3_1,0.5469000517395469,0.4374541071798207,0.7521040140690587,0.576163136981332
710,GR-H,GR,Stereá Elláda,514419.3125,0.0493155445258029,GM-R-000736,1,GM-R-000736,GADM 4.1:GRC.8.1_1,0.5268904186597777,0.41425320026776546,0.7521040140690587,0.576163136981332
711,GR-I,GR,Attikí,3714436.75,0.356089801610828,GM-R-000727,1,GM-R-000727,GADM 4.1:GRC.3.1_1,0.5236426171688372,0.45586186595029865,0.7521040140690587,0.576163136981332
712,GR-J,GR,Pelóponnisos,537711.8125,0.0515485134151023,GM-R-000735,1,GM-R-000735,GADM 4.1:GRC.7.2_1,0.5186490372968602,0.39680486876190524,0.7521040140690587,0.576163136981332
713,GR-K,GR,Vóreio Aigaío,175085.578125,0.0167848298344152,GM-R-000738,1,GM-R-000738,GADM 4.1:GRC.1.1_1,0.48416961150634624,0.4888581664553392,0.7521040140690587,0.576163136981332
714,GR-L,GR,Nótio Aigaío,288618.25,0.0276688021094354,GM-R-000734,1,GM-R-000734,GADM 4.1:GRC.1.2_1,0.6143481246817003,0.4244444699241473,0.7521040140690587,0.576163136981332
715,GR-M,GR,Kríti,614060.375,0.0588677777622195,GM-R-000733,1,GM-R-000733,GADM 4.1:GRC.4.1_1,0.5670831707782383,0.4861553714009492,0.7521040140690587,0.576163136981332
716,GT-01,GT,Guatemala,3629406.75,0.198770316670058,GM-R-000745,1,GM-R-000745,GADM 3.6:GTM.7_1,0.5621941758883232,0.5255644193493858,0.767193533800756,0.6288751137082353
717,GT-02,GT,El Progreso,185133.375,0.0101391279924595,GM-R-000743,1,GM-R-000743,GADM 3.6:GTM.5_1,0.5273442400969818,0.430745316429122,0.767193533800756,0.6288751137082353
718,GT-03,GT,Sacatepéquez,386521.53125,0.0211684753069791,GM-R-000754,1,GM-R-000754,GADM 3.6:GTM.16_1,0.5445700576753594,0.42361644253487696,0.767193533800756,0.6288751137082353
719,GT-04,GT,Chimaltenango,791261.1875,0.0433346956243196,GM-R-000741,1,GM-R-000741,GADM 3.6:GTM.3_1,0.5279020277698446,0.47781121974510676,0.767193533800756,0.6288751137082353
720,GT-05,GT,Escuintla,843603.3125,0.046201296553365,GM-R-000744,1,GM-R-000744,GADM 3.6:GTM.6_1,0.509252288749383,0.4878932210090449,0.767193533800756,0.6288751137082353
721,GT-06,GT,Santa Rosa,413205.96875,0.0226298915817015,GM-R-000756,1,GM-R-000756,GADM 3.6:GTM.18_1,0.539503125133711,0.5100492501407913,0.767193533800756,0.6288751137082353
722,GT-07,GT,Sololá,572746.375,0.0313673793466047,GM-R-000757,1,GM-R-000757,GADM 3.6:GTM.19_1,0.5212925476033456,0.36780757651534346,0.767193533800756,0.6288751137082353
723,GT-08,GT,Totonicapán,618191.1875,0.0338562378278527,GM-R-000759,1,GM-R-000759,GADM 3.6:GTM.21_1,0.5380838272228802,0.4364483703081362,0.767193533800756,0.6288751137082353
724,GT-09,GT,Quetzaltenango,975607.625,0.053430725714877,GM-R-000751,1,GM-R-000751,GADM 3.6:GTM.13_1,0.5327964032378105,0.5121897681173314,0.767193533800756,0.6288751137082353
725,GT-10,GT,Suchitepéquez,640933.75,0.0351017709580299,GM-R-000758,1,GM-R-000758,GADM 3.6:GTM.20_1,0.507304064525637,0.48865129740872765,0.767193533800756,0.6288751137082353
726,GT-11,GT,Retalhuleu,371322.6875,0.0203360861058496,GM-R-000753,1,GM-R-000753,GADM 3.6:GTM.15_1,0.5208695489448957,0.4685028468922381,0.767193533800756,0.6288751137082353
727,GT-12,GT,San Marcos,1260011.5,0.0690065628116536,GM-R-000755,1,GM-R-000755,GADM 3.6:GTM.17_1,0.5178442230826802,0.47819295158575276,0.767193533800756,0.6288751137082353
728,GT-13,GT,Huehuetenango,1438437.5,0.0787783505899652,GM-R-000746,1,GM-R-000746,GADM 3.6:GTM.8_1,0.5225014646600199,0.44875178616491107,0.767193533800756,0.6288751137082353
729,GT-14,GT,Quiché,1292974.375,0.0708118278462506,GM-R-000752,1,GM-R-000752,GADM 3.6:GTM.14_1,0.5367173508831075,0.4708641685000209,0.767193533800756,0.6288751137082353
730,GT-15,GT,Baja Verapaz,340231.375,0.0186333202113098,GM-R-000740,1,GM-R-000740,GADM 3.6:GTM.2_1,0.522424417133684,0.5256864399083224,0.767193533800756,0.6288751137082353
731,GT-16,GT,Alta Verapaz,1461217.75,0.0800259477368882,GM-R-000739,1,GM-R-000739,GADM 3.6:GTM.1_1,0.5244542922776068,0.3758080041619403,0.767193533800756,0.6288751137082353
732,GT-17,GT,Petén,882429.0625,0.0483276513970189,GM-R-000750,1,GM-R-000750,GADM 3.6:GTM.12_1,0.7359012203987827,0.4181620074742479,0.767193533800756,0.6288751137082353
733,GT-18,GT,Izabal,513918.25,0.0281455621624724,GM-R-000747,1,GM-R-000747,GADM 3.6:GTM.9_1,0.5869990893476924,0.4524991259241351,0.767193533800756,0.6288751137082353
734,GT-19,GT,Zacapa,258020.8125,0.0141309261101943,GM-R-000760,1,GM-R-000760,GADM 3.6:GTM.22_1,0.5660398264673526,0.43567963119395703,0.767193533800756,0.6288751137082353
735,GT-20,GT,Chiquimula,454729.625,0.0249040016141775,GM-R-000742,1,GM-R-000742,GADM 3.6:GTM.4_1,0.5593556848492623,0.44400311368980006,0.767193533800756,0.6288751137082353
736,GT-21,GT,Jalapa,406645.8125,0.0222706140399331,GM-R-000748,1,GM-R-000748,GADM 3.6:GTM.10_1,0.5371001815734531,0.5530343711344612,0.767193533800756,0.6288751137082353
737,GT-22,GT,Jutiapa,522749.71875,0.02862923179804,GM-R-000749,1,GM-R-000749,GADM 3.6:GTM.11_1,0.536324474909316,0.41196419939320134,0.767193533800756,0.6288751137082353
738,GY.nat,GY,Guyana,711602.857421875,1,GM-A-0014,10,GM-R-000761|GM-R-000762|GM-R-000763|GM-R-000764|GM-R-000765|GM-R-000766|GM-R-000767|GM-R-000768|GM-R-000769|GM-R-000770,GADM 3.6:GUY.1_1|GADM 3.6:GUY.10_1|GADM 3.6:GUY.2_1|GADM 3.6:GUY.3_1|GADM 3.6:GUY.4_1|GADM 3.6:GUY.5_1|GADM 3.6:GUY.6_1|GADM 3.6:GUY.7_1|GADM 3.6:GUY.8_1|GADM 3.6:GUY.9_1,0.46678057491930286,0.5167764213531938,0.6253158847101659,0.714171914133638
739,HN-AT,HN,Atlántida,489468.03125,0.0513310118051972,GM-R-000772,1,GM-R-000772,GADM 3.6:HND.1_1,0.5151166604159136,0.4672705789782586,0.7218482492123999,0.6938850824724248
740,HN-CH,HN,Choluteca,466479.4375,0.0489201745250738,GM-R-000773,1,GM-R-000773,GADM 3.6:HND.2_1,0.5133564529611161,0.5060709479422668,0.7218482492123999,0.6938850824724248
741,HN-CL,HN,Colón,350911.78125,0.036800476509009,GM-R-000774,1,GM-R-000774,GADM 3.6:HND.3_1,0.49640031067149876,0.43702223655513533,0.7218482492123999,0.6938850824724248
742,HN-CM,HN,Comayagua,600658.75,0.0629916959201715,GM-R-000775,1,GM-R-000775,GADM 3.6:HND.4_1,0.5449917060334142,0.5349431198574622,0.7218482492123999,0.6938850824724248
743,HN-CP,HN,Copán,445128.25,0.0466810537089122,GM-R-000776,1,GM-R-000776,GADM 3.6:HND.5_1,0.5098268640159979,0.4873622394850261,0.7218482492123999,0.6938850824724248
744,HN-CR,HN,Cortés,1808102.375,0.189617540739296,GM-R-000777,1,GM-R-000777,GADM 3.6:HND.6_1,0.5180150202494135,0.492239653402136,0.7218482492123999,0.6938850824724248
745,HN-EP,HN,El Paraíso,512033.6875,0.0536974951982038,GM-R-000778,1,GM-R-000778,GADM 3.6:HND.7_1,0.5005372657122438,0.5282159251160145,0.7218482492123999,0.6938850824724248
746,HN-FM,HN,Francisco Morazán,1743345.5,0.182826421191399,GM-R-000779,1,GM-R-000779,GADM 3.6:HND.8_1,0.5371571860103609,0.5308448418263632,0.7218482492123999,0.6938850824724248
747,HN-GD,HN,Gracias a Dios,102745.2734375,0.0107750016487896,GM-R-000780,1,GM-R-000780,GADM 3.6:HND.9_1,0.5082415543364439,0.4924063674562097,0.7218482492123999,0.6938850824724248
748,HN-IB,HN,Islas de la Bahía,70201.734375,0.00736212750554063,GM-R-000782,1,GM-R-000782,GADM 3.6:HND.11_1,NA,NA,0.7218482492123999,0.6938850824724248
749,HN-IN,HN,Intibucá,270282.375,0.0283447884153552,GM-R-000781,1,GM-R-000781,GADM 3.6:HND.10_1,0.5617131799387295,0.4860169864596197,0.7218482492123999,0.6938850824724248
750,HN-LE,HN,Lempira,363753,0.0381471482202667,GM-R-000784,1,GM-R-000784,GADM 3.6:HND.13_1,0.48682327130363967,0.43326234029206817,0.7218482492123999,0.6938850824724248
751,HN-LP,HN,La Paz,218464.265625,0.0229105704190167,GM-R-000783,1,GM-R-000783,GADM 3.6:HND.12_1,0.5765597229795989,0.6001308620415613,0.7218482492123999,0.6938850824724248
752,HN-OC,HN,Ocotepeque,174891.953125,0.0183410975535358,GM-R-000785,1,GM-R-000785,GADM 3.6:HND.14_1,0.5135893548272726,0.498318537745538,0.7218482492123999,0.6938850824724248
753,HN-OL,HN,Olancho,602288.75,0.0631626356831399,GM-R-000786,1,GM-R-000786,GADM 3.6:HND.15_1,0.5088865210666413,0.5025589088837146,0.7218482492123999,0.6938850824724248
754,HN-SB,HN,Santa Bárbara,487250.75,0.0510984832583817,GM-R-000787,1,GM-R-000787,GADM 3.6:HND.16_1,0.5640327654642091,0.4997113238807646,0.7218482492123999,0.6938850824724248
755,HN-VA,HN,Valle,183565.21875,0.0192506717683206,GM-R-000788,1,GM-R-000788,GADM 3.6:HND.17_1,0.45994360438042636,0.5140212140768113,0.7218482492123999,0.6938850824724248
756,HN-YO,HN,Yoro,645951.625,0.06774160593039,GM-R-000789,1,GM-R-000789,GADM 3.6:HND.18_1,0.49302707167502163,0.5283735624209521,0.7218482492123999,0.6938850824724248
757,HR-01,HR,Zagrebačka županija,250785.171875,0.0613800105117265,GM-R-000810,1,GM-R-000810,GADM 3.6:HRV.21_1,0.47593451534135994,0.29599595817719443,0.5043064657446504,0.42937800259720404
758,HR-02,HR,Krapinsko-zagorska županija,125196.59375,0.0306420359024959,GM-R-000797,1,GM-R-000797,GADM 3.6:HRV.8_1,0.37277565322142125,0.33824097234659506,0.5043064657446504,0.42937800259720404
759,HR-03,HR,Sisačko-moslavačka županija,163060.6875,0.0399093241357508,GM-R-000804,1,GM-R-000804,GADM 3.6:HRV.15_1,0.4625701964612673,0.36574162358805223,0.5043064657446504,0.42937800259720404
760,HR-04,HR,Karlovačka županija,119597.90625,0.0292717495532968,GM-R-000795,1,GM-R-000795,GADM 3.6:HRV.6_1,0.33536659895625,0.312870035042481,0.5043064657446504,0.42937800259720404
761,HR-05,HR,Varaždinska županija,169904.421875,0.041584337394056,GM-R-000806,1,GM-R-000806,GADM 3.6:HRV.17_1,0.38622833687671065,0.3799426263551607,0.5043064657446504,0.42937800259720404
762,HR-06,HR,Koprivničko-križevačka županija,108460.640625,0.0265458887058495,GM-R-000796,1,GM-R-000796,GADM 3.6:HRV.7_1,0.40354633199107365,0.37996654433745713,0.5043064657446504,0.42937800259720404
763,HR-07,HR,Bjelovarsko-bilogorska županija,109273.5234375,0.0267448428752807,GM-R-000790,1,GM-R-000790,GADM 3.6:HRV.1_1,0.4098673645521922,0.31684444405586387,0.5043064657446504,0.42937800259720404
764,HR-08,HR,Primorsko-goranska županija,276037,0.0675604296496066,GM-R-000802,1,GM-R-000802,GADM 3.6:HRV.13_1,0.39053299412148573,0.3907563307199916,0.5043064657446504,0.42937800259720404
765,HR-09,HR,Ličko-senjska županija,48548.8671875,0.0118824010048986,GM-R-000798,1,GM-R-000798,GADM 3.6:HRV.9_1,0.3861117866010901,0.30339523161511966,0.5043064657446504,0.42937800259720404
766,HR-10,HR,Virovitičko-podravska županija,78070.4140625,0.0191078395902911,GM-R-000807,1,GM-R-000807,GADM 3.6:HRV.18_1,0.39679423595010904,0.32999881103602813,0.5043064657446504,0.42937800259720404
767,HR-11,HR,Požeško-slavonska županija,71778.0625,0.0175677780222083,GM-R-000801,1,GM-R-000801,GADM 3.6:HRV.12_1,0.38080730514650885,0.34916112076058,0.5043064657446504,0.42937800259720404
768,HR-12,HR,Brodsko-posavska županija,143951.46875,0.035232316962733,GM-R-000791,1,GM-R-000791,GADM 3.6:HRV.2_1,0.3768430408767141,0.4385540207832888,0.5043064657446504,0.42937800259720404
769,HR-13,HR,Zadarska županija,164458,0.0402513182628235,GM-R-000809,1,GM-R-000809,GADM 3.6:HRV.20_1,0.36270344850276837,0.35683007296407726,0.5043064657446504,0.42937800259720404
770,HR-14,HR,Osječko-baranjska županija,283659.84375,0.0694261309827678,GM-R-000800,1,GM-R-000800,GADM 3.6:HRV.11_1,0.3778475982935511,0.3390008061172498,0.5043064657446504,0.42937800259720404
771,HR-15,HR,Šibensko-kninska županija,99016,0.0242343001198588,GM-R-000803,1,GM-R-000803,GADM 3.6:HRV.14_1,0.40108774439096084,0.34565868207650846,0.5043064657446504,0.42937800259720404
772,HR-16,HR,Vukovarsko-srijemska županija,158750.765625,0.0388544649189384,GM-R-000808,1,GM-R-000808,GADM 3.6:HRV.19_1,0.36430021698998183,0.3300971070590281,0.5043064657446504,0.42937800259720404
773,HR-17,HR,Splitsko-dalmatinska županija,420865,0.103007278823062,GM-R-000805,1,GM-R-000805,GADM 3.6:HRV.16_1,0.3939791440389989,0.3322431351246058,0.5043064657446504,0.42937800259720404
774,HR-18,HR,Istarska županija,197552.15625,0.0483511578319436,GM-R-000794,1,GM-R-000794,GADM 3.6:HRV.5_1,0.3602742473795585,0.3305841279166231,0.5043064657446504,0.42937800259720404
775,HR-19,HR,Dubrovačko-neretvanska županija,112825.09375,0.0276140945199634,GM-R-000792,1,GM-R-000792,GADM 3.6:HRV.3_1,0.40985404810510234,0.3456731596858489,0.5043064657446504,0.42937800259720404
776,HR-20,HR,Međimurska županija,107706.546875,0.0263613232390966,GM-R-000799,1,GM-R-000799,GADM 3.6:HRV.10_1,0.39938968272263253,0.4279338913062589,0.5043064657446504,0.42937800259720404
777,HR-21,HR,Grad Zagreb,876281.0625,0.214470976993352,GM-R-000793,1,GM-R-000793,GADM 3.6:HRV.4_1,0.4148265099950316,0.3816643984567554,0.5043064657446504,0.42937800259720404
778,HT-AR,HT,Artibonite,2290811.75,0.158342493751063,GM-R-000811,1,GM-R-000811,GADM 3.6:HTI.3_1,0.2518726235167217,0.15125913484338452,0.3570124094974589,0.13919315876681673
779,HT-CE,HT,Centre,949402.375,0.0656233492912203,GM-R-000812,1,GM-R-000812,GADM 3.6:HTI.1_1,0.2674977128590346,0.13854598912724025,0.3570124094974589,0.13919315876681673
780,HT-GA,HT,Grande’Anse,616019.5,0.0425796942194324,GM-R-000813,1,GM-R-000813,GADM 3.6:HTI.2_1,0.3603852072947942,0.2661372140539362,0.3570124094974589,0.13919315876681673
781,HT-ND,HT,Nord,1353553.875,0.0935585807056884,GM-R-000815,1,GM-R-000815,GADM 3.6:HTI.7_1,0.26014019822823253,0.26158522394842254,0.3570124094974589,0.13919315876681673
782,HT-NE,HT,Nord-Est,463398.53125,0.0320304272224485,GM-R-000816,1,GM-R-000816,GADM 3.6:HTI.5_1,0.2901585025620469,0.28819294750945557,0.3570124094974589,0.13919315876681673
783,HT-NI,HT,Nippes,444256.8125,0.0307073383734601,GM-R-000814,1,GM-R-000814,GADM 3.6:HTI.4_1,0.33775081595652834,0.2651254634992791,0.3570124094974589,0.13919315876681673
784,HT-NO,HT,Nord-Ouest,973851.6875,0.0673133026938729,GM-R-000817,1,GM-R-000817,GADM 3.6:HTI.6_1,0.32004467062463743,0.29203123603637626,0.3570124094974589,0.13919315876681673
785,HT-OU,HT,Ouest,5760642,0.398179562282719,GM-R-000818,1,GM-R-000818,GADM 3.6:HTI.8_1,0.346163929742765,0.1446197837909205,0.3570124094974589,0.13919315876681673
786,HT-SD,HT,Sud,871334.0625,0.0602272134960432,GM-R-000819,1,GM-R-000819,GADM 3.6:HTI.10_1,0.3719509061910293,0.28631206123648645,0.3570124094974589,0.13919315876681673
787,HT-SE,HT,Sud-Est,744177.125,0.051438037964052,GM-R-000820,1,GM-R-000820,GADM 3.6:HTI.9_1,0.33538145352196946,0.24401616697106288,0.3570124094974589,0.13919315876681673
788,HU11,HU,Budapest,1794687.125,0.191649161838584,GM-R-002569,1,GM-R-002569,gisco-nuts-2024 2024-RG-01M-EPSG4326:HU11,0.3860987946102088,0.3914669011145438,0.5531940580645608,0.5099538050502794
789,HU12,HU,Pest,1130483.75,0.120720910147299,GM-R-002570,1,GM-R-002570,gisco-nuts-2024 2024-RG-01M-EPSG4326:HU12,0.5184666459636909,0.35917501087440334,0.5531940580645608,0.5099538050502794
790,HU21,HU,Közép-Dunántúl,966571.4375,0.103217214451232,GM-R-000825,1,GM-R-000825,gisco-nuts-2024 2024-RG-01M-EPSG4326:HU21,0.4362445665601303,0.41084712854260436,0.5531940580645608,0.5099538050502794
791,HU22,HU,Nyugat-Dunántúl,911888.25,0.0973777637163097,GM-R-000827,1,GM-R-000827,gisco-nuts-2024 2024-RG-01M-EPSG4326:HU22,0.3711808529971419,0.4241100671520335,0.5531940580645608,0.5099538050502794
792,HU23,HU,Dél-Dunántúl,815191.5625,0.0870518195147863,GM-R-000822,1,GM-R-000822,gisco-nuts-2024 2024-RG-01M-EPSG4326:HU23,0.4051906483806592,0.4345036196227498,0.5531940580645608,0.5099538050502794
793,HU31,HU,Észak-Magyarország,1100620,0.117531851409912,GM-R-000824,1,GM-R-000824,gisco-nuts-2024 2024-RG-01M-EPSG4326:HU31,0.418964965676073,0.4160577763143849,0.5531940580645608,0.5099538050502794
794,HU32,HU,Észak-Alföld,1506858.625,0.160912834592543,GM-R-000823,1,GM-R-000823,gisco-nuts-2024 2024-RG-01M-EPSG4326:HU32,0.4543290123202212,0.37702492285001776,0.5531940580645608,0.5099538050502794
795,HU33,HU,Dél-Alföld,1138139.5,0.121538444329334,GM-R-000821,1,GM-R-000821,gisco-nuts-2024 2024-RG-01M-EPSG4326:HU33,0.4181454684647194,0.4310459680003515,0.5531940580645608,0.5099538050502794
796,ID-AC,ID,Aceh,4783318,0.0170194447883802,GM-R-000828,1,GM-R-000828,GADM 3.6:IDN.1_1,0.4181544796561872,0.4600012398681784,0.538136445145929,0.6250719260969941
797,ID-BA,ID,Bali,4764540,0.0169526310966632,GM-R-000829,1,GM-R-000829,GADM 3.6:IDN.2_1,0.4325649961536282,0.4853986274048453,0.538136445145929,0.6250719260969941
798,ID-BB,ID,Kepulauan Bangka Belitung,1631524.75,0.00580510127143977,GM-R-000843,1,GM-R-000843,GADM 3.6:IDN.3_1,0.43495760798537,0.4239991951648989,0.538136445145929,0.6250719260969941
799,ID-BE,ID,Bengkulu,1847065.25,0.00657201236524743,GM-R-000831,1,GM-R-000831,GADM 3.6:IDN.5_1,0.4747910359182832,0.4265411086209668,0.538136445145929,0.6250719260969941
800,ID-BT,ID,Banten,14191472,0.05049444217797,GM-R-000830,1,GM-R-000830,GADM 3.6:IDN.4_1,0.44701715741824827,0.4864779830492846,0.538136445145929,0.6250719260969941
801,ID-GO,ID,Gorontalo,1282420.875,0.0045629605385903,GM-R-000832,1,GM-R-000832,GADM 3.6:IDN.6_1,0.30745482083246034,0.3432460075987023,0.538136445145929,0.6250719260969941
802,ID-JA,ID,Jambi,3999088.5,0.0142290907544922,GM-R-000834,1,GM-R-000834,GADM 3.6:IDN.8_1,0.4055360136404631,0.40090569403518533,0.538136445145929,0.6250719260969941
803,ID-JB,ID,Jawa Barat,52745888,0.187674273094551,GM-R-000835,1,GM-R-000835,GADM 3.6:IDN.9_1,0.45582248324810537,0.4912002048359214,0.538136445145929,0.6250719260969941
804,ID-JI,ID,Jawa Timur,40102208,0.142687004072934,GM-R-000837,1,GM-R-000837,GADM 3.6:IDN.11_1,0.43197722970589036,0.43221636262460417,0.538136445145929,0.6250719260969941
805,ID-JK,ID,Jakarta Jakarta Raya,10652641,0.0379029860339486,GM-R-000833,1,GM-R-000833,GADM 3.6:IDN.7_1,0.44021288973057693,0.5003211397325122,0.538136445145929,0.6250719260969941
806,ID-JT,ID,Jawa Tengah,33711940,0.119949897025283,GM-R-000836,1,GM-R-000836,GADM 3.6:IDN.10_1,0.36153206615524885,0.4667310100052143,0.538136445145929,0.6250719260969941
807,ID-KB,ID,Kalimantan Barat,5209340.5,0.018535268410677,GM-R-000838,1,GM-R-000838,GADM 3.6:IDN.12_1,0.3159444072311962,0.46936995462233816,0.538136445145929,0.6250719260969941
808,ID-KI,ID,Kalimantan Timur,4262719,0.0151671100831847,GM-R-000841,1,GM-R-000841,GADM 4.1:IDN.34_1,0.4463462258003714,0.4511601431068255,0.538136445145929,0.6250719260969941
809,ID-KR,ID,Kepulauan Riau,2645124,0.00941157202519659,GM-R-000844,1,GM-R-000844,GADM 3.6:IDN.16_1,0.36805109475793096,0.4154444787785707,0.538136445145929,0.6250719260969941
810,ID-KS,ID,Kalimantan Selatan,4480536.5,0.0159421229330921,GM-R-000839,1,GM-R-000839,GADM 3.6:IDN.13_1,0.5300140531048484,0.43749149117314345,0.538136445145929,0.6250719260969941
811,ID-KT,ID,Kalimantan Tengah,2775164.5,0.00987426698087449,GM-R-000840,1,GM-R-000840,GADM 3.6:IDN.14_1,0.4164819477204779,0.4571090595393491,0.538136445145929,0.6250719260969941
812,ID-KU,ID,Kalimantan Utara,831336.0625,0.00295796311604374,GM-R-000842,1,GM-R-000842,GADM 4.1:IDN.35_1,0.4599100122501924,0.5089185005642091,0.538136445145929,0.6250719260969941
813,ID-LA,ID,Lampung,8710829,0.0309938568220889,GM-R-000845,1,GM-R-000845,GADM 3.6:IDN.17_1,0.3875729303651996,0.42510127197692793,0.538136445145929,0.6250719260969941
814,ID-MA,ID,Maluku,1941279.375,0.00690723408764244,GM-R-000846,1,GM-R-000846,GADM 3.6:IDN.19_1,0.4305942522680733,0.5448079375843999,0.538136445145929,0.6250719260969941
815,ID-MU,ID,Maluku Utara,1504467.375,0.00535302052356371,GM-R-000847,1,GM-R-000847,GADM 3.6:IDN.18_1,0.36763649510828467,0.3967921650934391,0.538136445145929,0.6250719260969941
816,ID-NB,ID,Nusa Tenggara Barat,5143865,0.0183023011153306,GM-R-000848,1,GM-R-000848,GADM 3.6:IDN.20_1,0.44555284814162543,0.43382547027501145,0.538136445145929,0.6250719260969941
817,ID-NT,ID,Nusa Tenggara Timur,5614325,0.0199762370725765,GM-R-000849,1,GM-R-000849,GADM 3.6:IDN.21_1,0.423801450441017,0.5199697837524916,0.538136445145929,0.6250719260969941
818,ID-PA,ID,Papua,1160381.5,0.00412873425365149,GM-R-002577,1,GM-R-002577,Indonesia-BIG-RBI live-2026-08-06-deterministic-kdpkab-repair-v1:KDPPUM-91,0.38754339753095246,0.4620726924878744,0.538136445145929,0.6250719260969941
819,ID-PB,ID,Papua Barat,582663.0625,0.00207316382110645,GM-R-002578,1,GM-R-002578,Indonesia-BIG-RBI live-2026-08-06-deterministic-kdpkab-repair-v1:KDPPUM-92,0.4188126291731532,0.44682807914295003,0.538136445145929,0.6250719260969941
820,ID-PD,ID,Papua Barat Daya,832611.75,0.00296250211867193,GM-R-002579,1,GM-R-002579,Indonesia-BIG-RBI live-2026-08-06-deterministic-kdpkab-repair-v1:KDPPUM-96,0.5869514550774129,0.6720349264500227,0.538136445145929,0.6250719260969941
821,ID-PE,ID,Papua Pegunungan,2078249.375,0.0073945847828428,GM-R-002580,1,GM-R-002580,Indonesia-BIG-RBI live-2026-08-06-deterministic-kdpkab-repair-v1:KDPPUM-95,0.4180746735471752,0.5179754707672749,0.538136445145929,0.6250719260969941
822,ID-PS,ID,Papua Selatan,801284.25,0.00285103625823615,GM-R-002581,1,GM-R-002581,Indonesia-BIG-RBI live-2026-08-06-deterministic-kdpkab-repair-v1:KDPPUM-93,0.4643988610197383,0.5519436999906162,0.538136445145929,0.6250719260969941
823,ID-PT,ID,Papua Tengah,2662986.25,0.00947512740196042,GM-R-002582,1,GM-R-002582,Indonesia-BIG-RBI live-2026-08-06-deterministic-kdpkab-repair-v1:KDPPUM-94,0.41124568615748763,0.5242165946595448,0.538136445145929,0.6250719260969941
824,ID-RI,ID,Riau,8253879.5,0.0293679923517928,GM-R-000852,1,GM-R-000852,GADM 3.6:IDN.24_1,0.3244818598884092,0.47407597630589915,0.538136445145929,0.6250719260969941
825,ID-SA,ID,Sulawesi Utara,2738280.5,0.00974303062954376,GM-R-000857,1,GM-R-000857,GADM 3.6:IDN.29_1,0.4529588433899013,0.42788516109026403,0.538136445145929,0.6250719260969941
826,ID-SB,ID,Sumatera Barat,5511872.5,0.0196117025241351,GM-R-000858,1,GM-R-000858,GADM 3.6:IDN.30_1,0.3998575630819504,0.5480378051981756,0.538136445145929,0.6250719260969941
827,ID-SG,ID,Sulawesi Tenggara,2941573.25,0.0104663632063248,GM-R-000856,1,GM-R-000856,GADM 3.6:IDN.28_1,0.3876639263844706,0.5095443848893031,0.538136445145929,0.6250719260969941
828,ID-SN,ID,Sulawesi Selatan,9194256,0.0327139304479094,GM-R-000854,1,GM-R-000854,GADM 3.6:IDN.26_1,0.34068033067887665,0.49337950486235055,0.538136445145929,0.6250719260969941
829,ID-SR,ID,Sulawesi Barat,1649631.875,0.00586952793389746,GM-R-000853,1,GM-R-000853,GADM 3.6:IDN.25_1,0.5296815644081644,0.4138450320803233,0.538136445145929,0.6250719260969941
830,ID-SS,ID,Sumatera Selatan,8133894.5,0.0289410757046174,GM-R-000859,1,GM-R-000859,GADM 3.6:IDN.31_1,0.3904878816165425,0.3798862280513279,0.538136445145929,0.6250719260969941
831,ID-ST,ID,Sulawesi Tengah,3226226.75,0.0114791841241624,GM-R-000855,1,GM-R-000855,GADM 3.6:IDN.27_1,0.3572707217248079,0.47203784902091994,0.538136445145929,0.6250719260969941
832,ID-SU,ID,Sumatera Utara,14600067,0.0519482573002989,GM-R-000860,1,GM-R-000860,GADM 3.6:IDN.32_1,0.4431670820935146,0.45691894522009346,0.538136445145929,0.6250719260969941
833,ID-YO,ID,Yogyakarta,3851228,0.0137029907510778,GM-R-000861,1,GM-R-000861,GADM 3.6:IDN.33_1,0.43977825840884044,0.4931461750751677,0.538136445145929,0.6250719260969941
834,IE041,IE,Border,473141.375,0.0869845910463896,GM-R-000862,1,GM-R-000862,gisco-nuts-2024 2024-RG-01M-EPSG4326:IE041,0.35257204140637016,0.3435950793642979,0.42360098406720764,0.6111202234255982
835,IE042,IE,West,508725.8125,0.0935266055627766,GM-R-000869,1,GM-R-000869,gisco-nuts-2024 2024-RG-01M-EPSG4326:IE042,0.35829664350035156,0.46161020207510184,0.42360098406720764,0.6111202234255982
836,IE051,IE,Mid-West,523520.6875,0.0962465666979816,GM-R-000865,1,GM-R-000865,gisco-nuts-2024 2024-RG-01M-EPSG4326:IE051,0.3294033163738091,0.45402485921715774,0.42360098406720764,0.6111202234255982
837,IE052,IE,South-East (IRL),482826.3125,0.0887651166403462,GM-R-000867,1,GM-R-000867,gisco-nuts-2024 2024-RG-01M-EPSG4326:IE052,0.35878900509908307,0.48857456955155965,0.42360098406720764,0.6111202234255982
838,IE053,IE,South-West (IRL),760956.5625,0.139897922461609,GM-R-000868,1,GM-R-000868,gisco-nuts-2024 2024-RG-01M-EPSG4326:IE053,0.3599091355744857,0.49556114638250964,0.42360098406720764,0.6111202234255982
839,IE061,IE,Dublin,1514640.125,0.278458741545436,GM-R-000863,1,GM-R-000863,gisco-nuts-2024 2024-RG-01M-EPSG4326:IE061,0.34773034772681555,0.4808124455758904,0.42360098406720764,0.6111202234255982
840,IE062,IE,Mid-East,811712.875,0.14922920761044,GM-R-000864,1,GM-R-000864,gisco-nuts-2024 2024-RG-01M-EPSG4326:IE062,0.37230690315841364,0.44759692378246163,0.42360098406720764,0.6111202234255982
841,IE063,IE,Midland,363846.25,0.066891248435021,GM-R-000866,1,GM-R-000866,gisco-nuts-2024 2024-RG-01M-EPSG4326:IE063,0.3410724688374843,0.42841573438992253,0.42360098406720764,0.6111202234255982
842,IL-D,IL,HaDarom,1254093.75,0.142523988714683,GM-R-000870,1,GM-R-000870,GADM 3.6:ISR.2_1,0.3795253148999819,0.27090479788685207,0.470867747310601,0.2849560914889915
843,IL-HA,IL,H̱efa,1011182.375,0.114917840395095,GM-R-000873,1,GM-R-000873,GADM 3.6:ISR.3_1,0.3730069561879707,0.3096583689994894,0.470867747310601,0.2849560914889915
844,IL-JM,IL,Yerushalayim,1170973.75,0.133077650319356,GM-R-000875,1,GM-R-000875,GADM 3.6:ISR.6_1,0.34250971008167846,0.1607672674877702,0.470867747310601,0.2849560914889915
845,IL-M,IL,HaMerkaz,2430615,0.276232095750209,GM-R-000871,1,GM-R-000871,GADM 3.6:ISR.4_1,0.38474735185870385,0.2925558850106345,0.470867747310601,0.2849560914889915
846,IL-TA,IL,Tel Aviv,1424776.625,0.161921584907383,GM-R-000874,1,GM-R-000874,GADM 3.6:ISR.7_1,NA,NA,0.470867747310601,0.2849560914889915
847,IL-Z,IL,HaTsafon,1507535.125,0.171326839913274,GM-R-000872,1,GM-R-000872,GADM 3.6:ISR.5_1,0.39322205752580536,0.31465507704976003,0.470867747310601,0.2849560914889915
848,IN-AN,IN,Andaman and Nicobar Islands,384060.96875,2.7289342651781e-4,GM-R-000876,1,GM-R-000876,GADM 3.6:IND.1_1,0.29887899775507537,0.28662671086858943,0.5197511475896395,0.5647184055290893
849,IN-AP,IN,Andhra Pradesh,53555356,0.0380536055376527,GM-R-000877,1,GM-R-000877,GADM 3.6:IND.2_1,0.3949118735678601,0.41937641357674854,0.5197511475896395,0.5647184055290893
850,IN-AR,IN,Arunachal Pradesh,1758244.75,0.00124931579495333,GM-R-000878,1,GM-R-000878,GADM 3.6:IND.3_1,0.43604202270819703,0.49267644223554274,0.5197511475896395,0.5647184055290893
851,IN-AS,IN,Assam,35806168,0.0254419706011649,GM-R-000879,1,GM-R-000879,GADM 3.6:IND.4_1,0.3015054401211171,0.47914716201447716,0.5197511475896395,0.5647184055290893
852,IN-BR,IN,Bihar,128196880,0.0910899276381954,GM-R-000880,1,GM-R-000880,GADM 3.6:IND.5_1,0.44152582018844844,0.49370731107997273,0.5197511475896395,0.5647184055290893
853,IN-CG,IN,Chhattisgarh,30133968,0.0214116050606824,GM-R-000882,1,GM-R-000882,GADM 3.6:IND.7_1,0.45361674827206233,0.5224346714881125,0.5197511475896395,0.5647184055290893
854,IN-CH,IN,Chandigarh,927228.5,6.5883956746117e-4,GM-R-000881,1,GM-R-000881,GADM 3.6:IND.6_1,NA,NA,0.5197511475896395,0.5647184055290893
855,IN-DH,IN,Dadra and Nagar Haveli and Daman and Diu,809746.6875,5.7536320049008e-4,GM-R-000883,1,GM-R-000883,GADM 4.1:IND.8_1|IND.9_1,0.488817314403415,0.5562717057165546,0.5197511475896395,0.5647184055290893
856,IN-DL,IN,Delhi,19432342,0.0138075952130868,GM-R-000884,1,GM-R-000884,GADM 3.6:IND.25_1,0.44288389240135084,0.5185473587619923,0.5197511475896395,0.5647184055290893
857,IN-GA,IN,Goa,1559238.5,0.00110791247131512,GM-R-000885,1,GM-R-000885,GADM 3.6:IND.10_1,0.45305785074814525,0.5071767137030136,0.5197511475896395,0.5647184055290893
858,IN-GJ,IN,Gujarat,71226072,0.0506094824182374,GM-R-000886,1,GM-R-000886,GADM 3.6:IND.11_1,0.3642290206227639,0.5871515169326851,0.5197511475896395,0.5647184055290893
859,IN-HP,IN,Himachal Pradesh,7777536,0.00552630603368397,GM-R-000888,1,GM-R-000888,GADM 3.6:IND.13_1,0.46055130469795463,0.5198371256951821,0.5197511475896395,0.5647184055290893
860,IN-HR,IN,Haryana,29991800,0.0213105879935551,GM-R-000887,1,GM-R-000887,GADM 3.6:IND.12_1,0.48443325260388354,0.5110806075238693,0.5197511475896395,0.5647184055290893
861,IN-JH,IN,Jharkhand,39991300,0.0284157042133737,GM-R-000890,1,GM-R-000890,GADM 3.6:IND.15_1,0.40722752691313824,0.22174974520395976,0.5197511475896395,0.5647184055290893
862,IN-JK,IN,Jammu and Kashmir,14840112,0.0105445992774763,GM-R-000889,1,GM-R-000889,GADM 4.1:Z01.14.1_1|Z01.14.2_1|Z01.14.3_1|Z01.14.4_1|Z01.14.5_1|Z01.14.6_1|Z01.14.7_1|Z01.14.9_1|Z01.14.10_1|Z01.14.11_1|Z01.14.12_1|Z01.14.14_1|Z01.14.15_1|Z01.14.16_1|Z01.14.17_1|Z01.14.18_1|Z01.14.19_1|Z01.14.20_1|Z01.14.21_1|Z01.14.22_1,0.4557208229872001,0.593620129843212,0.5197511475896395,0.5647184055290893
863,IN-KA,IN,Karnataka,70143616,0.0498403463931522,GM-R-000891,1,GM-R-000891,GADM 3.6:IND.16_1,0.382959499841128,0.38235882380507596,0.5197511475896395,0.5647184055290893
864,IN-KL,IN,Kerala,34064168,0.0242041974670158,GM-R-000892,1,GM-R-000892,GADM 3.6:IND.17_1,0.4423416365149613,0.4421628754784226,0.5197511475896395,0.5647184055290893
865,IN-LA,IN,Ladakh,311116.21875,2.2106274234604e-4,GM-R-000893,1,GM-R-000893,GADM 4.1:Z01.14.8_1|Z01.14.13_1,0.49933096196041776,0.5798619044115734,0.5197511475896395,0.5647184055290893
866,IN-LD,IN,Lakshadweep,45017.42578125,3.19870035594618e-5,GM-R-000894,1,GM-R-000894,GADM 3.6:IND.18_1,NA,NA,0.5197511475896395,0.5647184055290893
867,IN-MH,IN,Maharashtra,128732656,0.0914706217476798,GM-R-000896,1,GM-R-000896,GADM 3.6:IND.20_1,0.38724383390860484,0.3060960325983722,0.5197511475896395,0.5647184055290893
868,IN-ML,IN,Meghalaya,3997803.25,0.00284062770290698,GM-R-000898,1,GM-R-000898,GADM 3.6:IND.22_1,0.3372705318644595,0.30967690766613987,0.5197511475896395,0.5647184055290893
869,IN-MN,IN,Manipur,3567705.5,0.00253502297270723,GM-R-000897,1,GM-R-000897,GADM 3.6:IND.21_1,0.43514184612677204,0.49870379473522064,0.5197511475896395,0.5647184055290893
870,IN-MP,IN,Madhya Pradesh,85790608,0.0609582719544874,GM-R-000895,1,GM-R-000895,GADM 3.6:IND.19_1,0.3916854253859596,0.40790736196929966,0.5197511475896395,0.5647184055290893
871,IN-MZ,IN,Mizoram,1366564.25,9.7100833222653e-4,GM-R-000899,1,GM-R-000899,GADM 3.6:IND.23_1,0.6397985844060244,0.7634927477468956,0.5197511475896395,0.5647184055290893
872,IN-NL,IN,Nagaland,2070269.75,0.00147102426922593,GM-R-000900,1,GM-R-000900,GADM 3.6:IND.24_1,0.4542011859944708,0.5168295467971894,0.5197511475896395,0.5647184055290893
873,IN-OD,IN,Odisha,47460852,0.0337231730938155,GM-R-000901,1,GM-R-000901,GADM 3.6:IND.26_1,0.4246097367092782,0.6354479787803097,0.5197511475896395,0.5647184055290893
874,IN-PB,IN,Punjab,31333020,0.022263588041192,GM-R-000903,1,GM-R-000903,GADM 3.6:IND.28_1,0.4470479488748394,0.6482294105887094,0.5197511475896395,0.5647184055290893
875,IN-PY,IN,Puducherry,1237348.875,8.7919471586946e-4,GM-R-000902,1,GM-R-000902,GADM 3.6:IND.27_1,0.42005733182339144,0.4831270430533802,0.5197511475896395,0.5647184055290893
876,IN-RJ,IN,Rajasthan,81953376,0.0582317376955338,GM-R-000904,1,GM-R-000904,GADM 3.6:IND.29_1,0.457707319787137,0.36484653159756497,0.5197511475896395,0.5647184055290893
877,IN-SK,IN,Sikkim,668896.9375,4.7528281214242e-4,GM-R-000905,1,GM-R-000905,GADM 3.6:IND.30_1,0.43743286806964143,0.4910943245260481,0.5197511475896395,0.5647184055290893
878,IN-TN,IN,Tamil Nadu,82862776,0.0588779092731429,GM-R-000906,1,GM-R-000906,GADM 3.6:IND.31_1,0.3349200732991033,0.430893524074118,0.5197511475896395,0.5647184055290893
879,IN-TR,IN,Tripura,4360387,0.00309826055286625,GM-R-000908,1,GM-R-000908,GADM 3.6:IND.33_1,0.3609287658992018,0.44448326728831367,0.5197511475896395,0.5647184055290893
880,IN-TS,IN,Telangana,40080304,0.0284789457518535,GM-R-000907,1,GM-R-000907,GADM 3.6:IND.32_1,0.40983413781970146,0.3769777616021678,0.5197511475896395,0.5647184055290893
881,IN-UK,IN,Uttarakhand,12201579,0.00866979717588856,GM-R-000910,1,GM-R-000910,GADM 3.6:IND.35_1,0.5190691355926852,0.3225264511977479,0.5197511475896395,0.5647184055290893
882,IN-UP,IN,Uttar Pradesh,236432848,0.167996686156578,GM-R-000909,1,GM-R-000909,GADM 3.6:IND.34_1,0.4267766032588556,0.410395837992081,0.5197511475896395,0.5647184055290893
883,IN-WB,IN,West Bengal,102295176,0.0726855456979644,GM-R-000911,1,GM-R-000911,GADM 3.6:IND.36_1,0.36419211328576023,0.41046152226381194,0.5197511475896395,0.5647184055290893
884,IQ-AN,IQ,Al Anbār,2057032.375,0.0462559825453256,GM-R-000912,1,GM-R-000912,globalmrp-iraq-current19-derived CSO-OCHA-CODAB-2019-plus-MoP-Halabja-membership-2026-08-10:IQ-AN,0.2679908335049269,0.23432676850109896,0.25993207925683515,0.3398989642069043
885,IQ-AR,IQ,Arbīl,2497567,0.056162176619987,GM-R-000917,1,GM-R-000917,globalmrp-iraq-current19-derived CSO-OCHA-CODAB-2019-plus-MoP-Halabja-membership-2026-08-10:IQ-AR,0.25303125900069656,0.4132541689709019,0.25993207925683515,0.3398989642069043
886,IQ-BA,IQ,Al Başrah,3404918.25,0.0765655616578522,GM-R-000913,1,GM-R-000913,globalmrp-iraq-current19-derived CSO-OCHA-CODAB-2019-plus-MoP-Halabja-membership-2026-08-10:IQ-BA,0.25843187983455174,0.2548027231793565,0.25993207925683515,0.3398989642069043
887,IQ-BB,IQ,Bābil,2131568.75,0.0479320637304804,GM-R-000919,1,GM-R-000919,globalmrp-iraq-current19-derived CSO-OCHA-CODAB-2019-plus-MoP-Halabja-membership-2026-08-10:IQ-BB,0.27209538369788605,0.2586025548444002,0.25993207925683515,0.3398989642069043
888,IQ-BG,IQ,Baghdād,8298947,0.186616385936358,GM-R-000920,1,GM-R-000920,globalmrp-iraq-current19-derived CSO-OCHA-CODAB-2019-plus-MoP-Halabja-membership-2026-08-10:IQ-BG,0.1967417883261077,0.2870892983852604,0.25993207925683515,0.3398989642069043
889,IQ-DA,IQ,Dahūk,2689503.5,0.060478205624543,GM-R-000921,1,GM-R-000921,globalmrp-iraq-current19-derived CSO-OCHA-CODAB-2019-plus-MoP-Halabja-membership-2026-08-10:IQ-DA,0.35705694600190574,0.4149880045639938,0.25993207925683515,0.3398989642069043
890,IQ-DI,IQ,Diyālá,1489035,0.033483564870669,GM-R-000923,1,GM-R-000923,globalmrp-iraq-current19-derived CSO-OCHA-CODAB-2019-plus-MoP-Halabja-membership-2026-08-10:IQ-DI,0.4562524212329433,0.3401596388757433,0.25993207925683515,0.3398989642069043
891,IQ-DQ,IQ,Dhī Qār,2488750,0.0559639109032881,GM-R-000922,1,GM-R-000922,globalmrp-iraq-current19-derived CSO-OCHA-CODAB-2019-plus-MoP-Halabja-membership-2026-08-10:IQ-DQ,0.3255882073583978,0.2824831959114235,0.25993207925683515,0.3398989642069043
892,IQ-HALABJA,IQ,Halabja,147249.546875,0.00331116444876426,GM-R-000924,1,GM-R-000924,globalmrp-iraq-current19-derived CSO-OCHA-CODAB-2019-plus-MoP-Halabja-membership-2026-08-10:IQ-HALABJA,0.2922146603520148,0.32119029663715015,0.25993207925683515,0.3398989642069043
893,IQ-KA,IQ,Karbalā’,1638791.75,0.036851108181233,GM-R-000925,1,GM-R-000925,globalmrp-iraq-current19-derived CSO-OCHA-CODAB-2019-plus-MoP-Halabja-membership-2026-08-10:IQ-KA,0.23826655893433923,0.2841508298595587,0.25993207925683515,0.3398989642069043
894,IQ-KI,IQ,Kirkūk,1744005.5,0.0392170239746236,GM-R-000926,1,GM-R-000926,globalmrp-iraq-current19-derived CSO-OCHA-CODAB-2019-plus-MoP-Halabja-membership-2026-08-10:IQ-KI,0.30125502444040225,0.27697251905339154,0.25993207925683515,0.3398989642069043
895,IQ-MA,IQ,Maysān,1335457.5,0.0300301052918645,GM-R-000927,1,GM-R-000927,globalmrp-iraq-current19-derived CSO-OCHA-CODAB-2019-plus-MoP-Halabja-membership-2026-08-10:IQ-MA,0.3055254933270161,0.3247164358827291,0.25993207925683515,0.3398989642069043
896,IQ-MU,IQ,Al Muthanná,995118.75,0.0223769912860639,GM-R-000914,1,GM-R-000914,globalmrp-iraq-current19-derived CSO-OCHA-CODAB-2019-plus-MoP-Halabja-membership-2026-08-10:IQ-MU,0.2449433247819923,0.2835021055163422,0.25993207925683515,0.3398989642069043
897,IQ-NA,IQ,An Najaf,1794001,0.0403412605221134,GM-R-000916,1,GM-R-000916,globalmrp-iraq-current19-derived CSO-OCHA-CODAB-2019-plus-MoP-Halabja-membership-2026-08-10:IQ-NA,0.25725051670233007,0.3026742686146636,0.25993207925683515,0.3398989642069043
898,IQ-NI,IQ,Nīnawá,4469231,0.100498501452622,GM-R-000928,1,GM-R-000928,globalmrp-iraq-current19-derived CSO-OCHA-CODAB-2019-plus-MoP-Halabja-membership-2026-08-10:IQ-NI,0.1840098361450085,0.34099034998760597,0.25993207925683515,0.3398989642069043
899,IQ-QA,IQ,Al Qādisīyah,1838629.5,0.0413448106568185,GM-R-000915,1,GM-R-000915,globalmrp-iraq-current19-derived CSO-OCHA-CODAB-2019-plus-MoP-Halabja-membership-2026-08-10:IQ-QA,0.3063312490272655,0.2667881005238257,0.25993207925683515,0.3398989642069043
900,IQ-SD,IQ,Şalāḩ ad Dīn,1807081.5,0.0406353985177218,GM-R-000929,1,GM-R-000929,globalmrp-iraq-current19-derived CSO-OCHA-CODAB-2019-plus-MoP-Halabja-membership-2026-08-10:IQ-SD,0.28103683028120297,0.24763148326188014,0.25993207925683515,0.3398989642069043
901,IQ-SU,IQ,As Sulaymānīyah,2112478.25,0.0475027803387781,GM-R-000918,1,GM-R-000918,globalmrp-iraq-current19-derived CSO-OCHA-CODAB-2019-plus-MoP-Halabja-membership-2026-08-10:IQ-SU,0.23440905114789953,0.41761580752838623,0.25993207925683515,0.3398989642069043
902,IQ-WA,IQ,Wāsiţ,1531257.125,0.0344330034408941,GM-R-000930,1,GM-R-000930,globalmrp-iraq-current19-derived CSO-OCHA-CODAB-2019-plus-MoP-Halabja-membership-2026-08-10:IQ-WA,0.2799776035537253,0.24571642887664907,0.25993207925683515,0.3398989642069043
903,IR-00,IR,Markazī,1444150.375,0.0179996598477725,GM-R-000953,1,GM-R-000953,GADM 3.6:IRN.19_1,0.39037772957714506,0.5260560585001167,0.5289548740184907,0.6033993607727255
904,IR-01,IR,Gīlān,2616366.25,0.0326099714769608,GM-R-000939,1,GM-R-000939,GADM 3.6:IRN.8_1,0.3625680001104794,0.4533166218592297,0.5289548740184907,0.6033993607727255
905,IR-02,IR,Māzandarān,3128777,0.0389965773055553,GM-R-000954,1,GM-R-000954,GADM 3.6:IRN.20_1,0.42889343180827394,0.42773310977085743,0.5289548740184907,0.6033993607727255
906,IR-03,IR,Āz̄ārbāyjān-e Shārqī,4078541.5,0.0508342904907143,GM-R-000934,1,GM-R-000934,GADM 3.6:IRN.5_1,0.4164200915185873,0.4404092520839686,0.5289548740184907,0.6033993607727255
907,IR-04,IR,Āz̄ārbāyjān-e Ghārbī,3214818.75,0.040068987948877,GM-R-000933,1,GM-R-000933,GADM 3.6:IRN.29_1,0.40978333484214524,0.4368865632254573,0.5289548740184907,0.6033993607727255
908,IR-05,IR,Kermānshāh,2013362.625,0.0250942305092144,GM-R-000945,1,GM-R-000945,GADM 3.6:IRN.14_1,0.38653804127333596,0.41147829836430905,0.5289548740184907,0.6033993607727255
909,IR-06,IR,Khūzestān,4733638.5,0.0589993149725285,GM-R-000949,1,GM-R-000949,GADM 3.6:IRN.15_1,0.4530654989905572,0.43229143061846814,0.5289548740184907,0.6033993607727255
910,IR-07,IR,Fārs,4730670,0.0589623160621774,GM-R-000938,1,GM-R-000938,GADM 3.6:IRN.7_1,0.4076572792716245,0.449822869537926,0.5289548740184907,0.6033993607727255
911,IR-08,IR,Kermān,3248409.75,0.0404876608131531,GM-R-000944,1,GM-R-000944,GADM 3.6:IRN.13_1,0.3987918411074235,0.4321109276793907,0.5289548740184907,0.6033993607727255
912,IR-09,IR,Khorāsān-e Raẕavī,6380575.5,0.0795264749580051,GM-R-000947,1,GM-R-000947,GADM 3.6:IRN.24_1,0.4363653716891028,0.4852167691670328,0.5289548740184907,0.6033993607727255
913,IR-10,IR,Eşfahān,5567108.5,0.0693875520654441,GM-R-000937,1,GM-R-000937,GADM 3.6:IRN.6_1,0.4191981571219468,0.46780278841476364,0.5289548740184907,0.6033993607727255
914,IR-11,IR,Sīstān va Balūchestān,2460098,0.0306622689428623,GM-R-000958,1,GM-R-000958,GADM 3.6:IRN.26_1,0.4030272547215888,0.42625859045641346,0.5289548740184907,0.6033993607727255
915,IR-12,IR,Kordestān,1541767.375,0.0192163425601667,GM-R-000951,1,GM-R-000951,GADM 3.6:IRN.17_1,0.37818192003159923,0.4089586224344669,0.5289548740184907,0.6033993607727255
916,IR-13,IR,Hamadān,1894248.875,0.0236096157348059,GM-R-000941,1,GM-R-000941,GADM 3.6:IRN.10_1,0.42248472321359315,0.46851900741421904,0.5289548740184907,0.6033993607727255
917,IR-14,IR,Chahār Maḩāl va Bakhtīārī,849154.6875,0.010583728535293,GM-R-000936,1,GM-R-000936,GADM 3.6:IRN.4_1,0.3744436415648663,0.5080205822552807,0.5289548740184907,0.6033993607727255
918,IR-15,IR,Lorestān,1773427.625,0.0221037189528432,GM-R-000952,1,GM-R-000952,GADM 3.6:IRN.18_1,0.36025060956481514,0.4799992001204282,0.5289548740184907,0.6033993607727255
919,IR-16,IR,Īlām,555407.5,0.00692251046010477,GM-R-000943,1,GM-R-000943,GADM 3.6:IRN.12_1,0.35326490839367153,0.359360977664917,0.5289548740184907,0.6033993607727255
920,IR-17,IR,Kohgīlūyeh va Bowyer Aḩmad,592164.0625,0.0073806383902889,GM-R-000950,1,GM-R-000950,GADM 3.6:IRN.16_1,0.34726027337199417,0.44876717483750045,0.5289548740184907,0.6033993607727255
921,IR-18,IR,Būshehr,1428911.25,0.0178097218253019,GM-R-000935,1,GM-R-000935,GADM 3.6:IRN.3_1,0.36605999369646924,0.40617243427268646,0.5289548740184907,0.6033993607727255
922,IR-19,IR,Zanjān,1112682.75,0.0138683002581945,GM-R-000961,1,GM-R-000961,GADM 3.6:IRN.31_1,0.3886402637189796,0.4416960371487679,0.5289548740184907,0.6033993607727255
923,IR-20,IR,Semnān,679181.4375,0.00846520906794154,GM-R-000957,1,GM-R-000957,GADM 3.6:IRN.25_1,0.4512908195013754,0.46764100916387885,0.5289548740184907,0.6033993607727255
924,IR-21,IR,Yazd,1195236.75,0.0148972401420158,GM-R-000960,1,GM-R-000960,GADM 3.6:IRN.30_1,0.44785399225544525,0.448535329756938,0.5289548740184907,0.6033993607727255
925,IR-22,IR,Hormozgān,1835604.5,0.0228786816020046,GM-R-000942,1,GM-R-000942,GADM 3.6:IRN.11_1,0.45266255068210304,0.41832496485697135,0.5289548740184907,0.6033993607727255
926,IR-23,IR,Tehrān,11614623,0.144762807862107,GM-R-000959,1,GM-R-000959,GADM 3.6:IRN.28_1,0.4088336453058508,0.4729728673820913,0.5289548740184907,0.6033993607727255
927,IR-24,IR,Ardabīl,1269792.375,0.0158264895560445,GM-R-000932,1,GM-R-000932,GADM 3.6:IRN.2_1,0.38592086429844286,0.4676375027760968,0.5289548740184907,0.6033993607727255
928,IR-25,IR,Qom,1384559.5,0.0172569286899932,GM-R-000956,1,GM-R-000956,GADM 3.6:IRN.23_1,0.3924549432457576,0.4298635352848666,0.5289548740184907,0.6033993607727255
929,IR-26,IR,Qazvīn,1350277,0.0168296370800518,GM-R-000955,1,GM-R-000955,GADM 3.6:IRN.22_1,0.43036841776651785,0.5322056861248317,0.5289548740184907,0.6033993607727255
930,IR-27,IR,Golestān,1956071.5,0.0243801630684908,GM-R-000940,1,GM-R-000940,GADM 3.6:IRN.9_1,0.4428594456479142,0.4426863528753111,0.5289548740184907,0.6033993607727255
931,IR-28,IR,Khorāsān-e Shomālī,893602.75,0.0111377220942342,GM-R-000948,1,GM-R-000948,GADM 3.6:IRN.21_1,0.42979960468844075,0.4786142536752692,0.5289548740184907,0.6033993607727255
932,IR-29,IR,Khorāsān-e Jonūbī,653942.375,0.0081506334200443,GM-R-000946,1,GM-R-000946,GADM 3.6:IRN.27_1,0.44460327319697046,0.4810502661351439,0.5289548740184907,0.6033993607727255
933,IR-30,IR,Alborz,4034920.5,0.0502906053068083,GM-R-000931,1,GM-R-000931,GADM 3.6:IRN.1_1,0.4213354060158304,0.4591638884796898,0.5289548740184907,0.6033993607727255
934,IS.A,IS,Höfuðborgarsvæðið,216961.6875,0.646823101853208,GM-A-0018,1,GM-R-000963,GADM 3.6:ISL.3_1,0.3093172293207328,0.3289251276252805,0.3353206731035625,0.34346373235128863
935,IS.B,IS,Landsbyggð,118464.93359375,0.353176898146792,GM-A-0019,7,GM-R-000962|GM-R-000964|GM-R-000965|GM-R-000966|GM-R-000967|GM-R-000968|GM-R-000969,GADM 3.6:ISL.1_1|GADM 3.6:ISL.2_1|GADM 3.6:ISL.4_1|GADM 3.6:ISL.5_1|GADM 3.6:ISL.6_1|GADM 3.6:ISL.7_1|GADM 3.6:ISL.8_1,0.29316178786554425,0.27022411108034056,0.3353206731035625,0.34346373235128863
936,IT-21,IT,Piemonte,4521356.5,0.0735632280219958,GM-R-000981,1,GM-R-000981,GADM 3.6:ITA.13_1,0.4103364959844106,0.5094522000692537,0.5559365558946106,0.5906083464138219
937,IT-23,IT,Valle d'Aosta,134124.125,0.00218222199258688,GM-R-000988,1,GM-R-000988,GADM 3.6:ITA.19_1,0.55690736239376315,0.5025836450216113,0.5559365558946106,0.5906083464138219
938,IT-25,IT,Lombardia,10423629,0.16959419080174,GM-R-000978,1,GM-R-000978,GADM 3.6:ITA.10_1,0.3984951752607462,0.4930094323104501,0.5559365558946106,0.5906083464138219
939,IT-32,IT,Trentino-Alto Adige,1120862.875,0.0182366268298053,GM-R-000986,1,GM-R-000986,GADM 3.6:ITA.17_1,0.4519400291396027,0.37956096550365337,0.5559365558946106,0.5906083464138219
940,IT-34,IT,Veneto,5169570.5,0.0841097784408911,GM-R-000989,1,GM-R-000989,GADM 3.6:ITA.20_1,0.4420729448766145,0.474060247767873,0.5559365558946106,0.5906083464138219
941,IT-36,IT,Friuli Venezia Giulia,1254202.125,0.0204060787745993,GM-R-000975,1,GM-R-000975,GADM 3.6:ITA.7_1,0.5160056441689688,0.3016111911829119,0.5559365558946106,0.5906083464138219
942,IT-42,IT,Liguria,1505358,0.0244924269538877,GM-R-000977,1,GM-R-000977,GADM 3.6:ITA.9_1,0.4077799459137751,0.43494609502808296,0.5559365558946106,0.5906083464138219
943,IT-45,IT,Emilia-Romagna,4667922.5,0.0759478814060569,GM-R-000974,1,GM-R-000974,GADM 3.6:ITA.6_1,0.42472016562837395,0.41960667615893554,0.5559365558946106,0.5906083464138219
944,IT-52,IT,Toscana,3822587.25,0.0621941352126787,GM-R-000985,1,GM-R-000985,GADM 3.6:ITA.16_1,0.43154948831615497,0.43995416520800157,0.5559365558946106,0.5906083464138219
945,IT-55,IT,Umbria,942343.75,0.0153320907467377,GM-R-000987,1,GM-R-000987,GADM 3.6:ITA.18_1,0.41057266301916856,0.33694742938358085,0.5559365558946106,0.5906083464138219
946,IT-57,IT,Marche,1611149.875,0.0262136784905669,GM-R-000979,1,GM-R-000979,GADM 3.6:ITA.11_1,0.4121487602633696,0.40345377244055647,0.5559365558946106,0.5906083464138219
947,IT-62,IT,Lazio,5874840,0.0955846314071323,GM-R-000976,1,GM-R-000976,GADM 3.6:ITA.8_1,0.42625298133319395,0.4506852729439065,0.5559365558946106,0.5906083464138219
948,IT-65,IT,Abruzzo,1328865.5,0.021620864399227,GM-R-000970,1,GM-R-000970,GADM 3.6:ITA.1_1,0.4034333873351452,0.4058664630585405,0.5559365558946106,0.5906083464138219
949,IT-67,IT,Molise,307233.125,0.0049987344351823,GM-R-000980,1,GM-R-000980,GADM 3.6:ITA.12_1,0.39013215522298217,0.4187900236019655,0.5559365558946106,0.5906083464138219
950,IT-72,IT,Campania,5784322.5,0.0941118965116466,GM-R-000973,1,GM-R-000973,GADM 3.6:ITA.5_1,0.4553526046490201,0.44161527543956786,0.5559365558946106,0.5906083464138219
951,IT-75,IT,Puglia,4017085.25,0.0653586502700121,GM-R-000982,1,GM-R-000982,GADM 3.6:ITA.2_1,0.4508054552248604,0.4375034253799009,0.5559365558946106,0.5906083464138219
952,IT-77,IT,Basilicata,562502.125,0.00915200384756923,GM-R-000971,1,GM-R-000971,GADM 3.6:ITA.3_1,0.45364610355562346,0.49872436270745724,0.5559365558946106,0.5906083464138219
953,IT-78,IT,Calabria,1856253.625,0.0302015575817857,GM-R-000972,1,GM-R-000972,GADM 3.6:ITA.4_1,0.4277469202300745,0.40737498265445865,0.5559365558946106,0.5906083464138219
954,IT-82,IT,Sicilia,4925484.5,0.0801384583127444,GM-R-000984,1,GM-R-000984,GADM 3.6:ITA.15_1,0.43132294813039707,0.4330788779993737,0.5559365558946106,0.5906083464138219
955,IT-88,IT,Sardegna,1632488.75,0.0265608655631541,GM-R-000983,1,GM-R-000983,GADM 3.6:ITA.14_1,0.4236685349181197,0.40714772306845365,0.5559365558946106,0.5906083464138219
956,JM-01,JM,Kingston,68447.515625,0.0254415107423307,GM-R-000992,1,GM-R-000992,GADM 3.6:JAM.3_1,NA,NA,0.52241194772071875,0.6395192371793456
957,JM-02,JM,Saint Andrew,572610.0625,0.212835556166475,GM-R-000995,1,GM-R-000995,GADM 3.6:JAM.6_1,0.4066720659271704,0.44317273002072965,0.52241194772071875,0.6395192371793456
958,JM-03,JM,Saint Thomas,90994.359375,0.0338220306521251,GM-R-001001,1,GM-R-001001,GADM 3.6:JAM.12_1,0.43039128934638754,0.531527667447875,0.52241194772071875,0.6395192371793456
959,JM-04,JM,Portland,77455.703125,0.0287897973376512,GM-R-000994,1,GM-R-000994,GADM 3.6:JAM.5_1,0.3936069767377066,0.4945733467438204,0.52241194772071875,0.6395192371793456
960,JM-05,JM,Saint Mary,108847.359375,0.0404578783835647,GM-R-001000,1,GM-R-001000,GADM 3.6:JAM.11_1,0.39988648578888736,0.45148100238060046,0.52241194772071875,0.6395192371793456
961,JM-06,JM,Saint Ann,169427.328125,0.0629750714715816,GM-R-000996,1,GM-R-000996,GADM 3.6:JAM.7_1,0.44882024328819453,0.49873110785344804,0.52241194772071875,0.6395192371793456
962,JM-07,JM,Trelawny,74526.2109375,0.0277009235300731,GM-R-001002,1,GM-R-001002,GADM 3.6:JAM.13_1,0.4341990770221405,0.5714202682017867,0.52241194772071875,0.6395192371793456
963,JM-08,JM,Saint James,181128.59375,0.0673243582554626,GM-R-000999,1,GM-R-000999,GADM 3.6:JAM.10_1,0.40508624258602033,0.49304409578270253,0.52241194772071875,0.6395192371793456
964,JM-09,JM,Hanover,65234.98828125,0.0242474345486259,GM-R-000991,1,GM-R-000991,GADM 3.6:JAM.2_1,0.3896431727984608,0.4460191834011618,0.52241194772071875,0.6395192371793456
965,JM-10,JM,Westmoreland,143416.609375,0.0533070510262615,GM-R-001003,1,GM-R-001003,GADM 3.6:JAM.14_1,0.45474391391747215,0.4937218130259695,0.52241194772071875,0.6395192371793456
966,JM-11,JM,Saint Elizabeth,151932.96875,0.0564725282031347,GM-R-000998,1,GM-R-000998,GADM 3.6:JAM.9_1,0.40130996929196433,0.49193774870497026,0.52241194772071875,0.6395192371793456
967,JM-12,JM,Manchester,192112.578125,0.0714070361133583,GM-R-000993,1,GM-R-000993,GADM 3.6:JAM.4_1,0.4094837803444323,0.45397847572227495,0.52241194772071875,0.6395192371793456
968,JM-13,JM,Clarendon,251899.140625,0.0936293250920282,GM-R-000990,1,GM-R-000990,GADM 3.6:JAM.1_1,0.4211257054597328,0.490900864776161,0.52241194772071875,0.6395192371793456
969,JM-14,JM,Saint Catherine,542353.8125,0.201589498477327,GM-R-000997,1,GM-R-000997,GADM 3.6:JAM.8_1,0.3892204714128138,0.47847585520715646,0.52241194772071875,0.6395192371793456
970,JO-AJ,JO,‘Ajlūn,192859.671875,0.0270053213200337,GM-R-001004,1,GM-R-001004,GADM 3.6:JOR.1_1,0.44692340343074605,0.3282564185033139,0.536835874160152,0.40040131547964203
971,JO-AM,JO,Al ‘A̅şimah,2493822.25,0.349199345418099,GM-R-001006,1,GM-R-001006,GADM 3.6:JOR.2_1,0.4147474684395153,0.3365067941042868,0.536835874160152,0.40040131547964203
972,JO-AQ,JO,Al ‘Aqabah,149818.8125,0.0209784924552329,GM-R-001005,1,GM-R-001005,GADM 3.6:JOR.3_1,0.4246485065037431,0.3493417423869573,0.536835874160152,0.40040131547964203
973,JO-AT,JO,Aţ Ţafīlah,99493.4375,0.013931643784314,GM-R-001010,1,GM-R-001010,GADM 3.6:JOR.11_1,0.413199466382421,0.344945079595052,0.536835874160152,0.40040131547964203
974,JO-AZ,JO,Az Zarqā’,885908.25,0.124049972286715,GM-R-001011,1,GM-R-001011,GADM 3.6:JOR.12_1,0.3938272245807542,0.33527710626072416,0.536835874160152,0.40040131547964203
975,JO-BA,JO,Al Balqā’,823939.625,0.115372768734433,GM-R-001007,1,GM-R-001007,GADM 3.6:JOR.4_1,0.42162224024381306,0.3124834204938566,0.536835874160152,0.40040131547964203
976,JO-IR,JO,Irbid,1401660.375,0.196268553401706,GM-R-001012,1,GM-R-001012,GADM 3.6:JOR.5_1,0.4249521095151657,0.37541920493741054,0.536835874160152,0.40040131547964203
977,JO-JA,JO,Jarash,133103.78125,0.0186379575710233,GM-R-001013,1,GM-R-001013,GADM 3.6:JOR.6_1,0.45990233884961806,0.408115824740799,0.536835874160152,0.40040131547964203
978,JO-KA,JO,Al Karak,271270.96875,0.0379849224291882,GM-R-001008,1,GM-R-001008,GADM 3.6:JOR.7_1,0.43154871152448493,0.3102528866857718,0.536835874160152,0.40040131547964203
979,JO-MA,JO,Al Mafraq,385831.34375,0.0540263255247183,GM-R-001009,1,GM-R-001009,GADM 3.6:JOR.10_1,0.4050088671357376,0.30203088445106835,0.536835874160152,0.40040131547964203
980,JO-MD,JO,Mādabā,177293.328125,0.0248256322712038,GM-R-001015,1,GM-R-001015,GADM 3.6:JOR.9_1,0.4166244201854557,0.36699989486164825,0.536835874160152,0.40040131547964203
981,JO-MN,JO,Ma‘ān,126541.46875,0.0177190648033334,GM-R-001014,1,GM-R-001014,GADM 3.6:JOR.8_1,0.41433362777431015,0.3147311810558317,0.536835874160152,0.40040131547964203
982,JP-01,JP,Hokkaidô,5171088,0.040797287230314797,GM-R-001023,1,GM-R-001023,GADM 3.6:JPN.12_1,0.47348074307254256,0.4158625680780662,0.6204454409239826,0.6121842736765863
983,JP-02,JP,Aomori,1227897.5,0.00968749458467647,GM-R-001018,1,GM-R-001018,GADM 3.6:JPN.3_1,0.46082114350201736,0.5141901145391142,0.6204454409239826,0.6121842736765863
984,JP-03,JP,Iwate,1213234,0.00957180693416622,GM-R-001030,1,GM-R-001030,GADM 3.6:JPN.16_1,0.432474238184498,0.4784369540807902,0.6204454409239826,0.6121842736765863
985,JP-04,JP,Miyagi,2292876.25,0.0180896420549828,GM-R-001038,1,GM-R-001038,GADM 3.6:JPN.24_1,0.5088939313467862,0.436248197681135,0.6204454409239826,0.6121842736765863
986,JP-05,JP,Akita,962176.4375,0.00759108885536826,GM-R-001017,1,GM-R-001017,GADM 3.6:JPN.2_1,0.4798361943348758,0.4617164013265871,0.6204454409239826,0.6121842736765863
987,JP-06,JP,Yamagata,1077622.375,0.00850189932151397,GM-R-001060,1,GM-R-001060,GADM 3.6:JPN.45_1,0.48554180253183366,0.44880559508209,0.6204454409239826,0.6121842736765863
988,JP-07,JP,Hukusima,1896394.25,0.0149615982012233,GM-R-001026,1,GM-R-001026,GADM 3.6:JPN.8_1,0.4797786466617974,0.5395099844605721,0.6204454409239826,0.6121842736765863
989,JP-08,JP,Ibaraki,2938849.25,0.0231860445961943,GM-R-001028,1,GM-R-001028,GADM 3.6:JPN.14_1,0.45926117857749504,0.45573923808735173,0.6204454409239826,0.6121842736765863
990,JP-09,JP,Totigi,2001643.875,0.015791964882666,GM-R-001056,1,GM-R-001056,GADM 3.6:JPN.39_1,0.469494715531478,0.4545506730229883,0.6204454409239826,0.6121842736765863
991,JP-10,JP,Gunma,1989740.375,0.0156980522459934,GM-R-001021,1,GM-R-001021,GADM 3.6:JPN.10_1,0.5146917922391475,0.46690320841217775,0.6204454409239826,0.6121842736765863
992,JP-11,JP,Saitama,7619940,0.0601174996166697,GM-R-001049,1,GM-R-001049,GADM 3.6:JPN.35_1,0.4664569963821649,0.4343697170263625,0.6204454409239826,0.6121842736765863
993,JP-12,JP,Tiba,6059163.5,0.0478037569047248,GM-R-001053,1,GM-R-001053,GADM 3.6:JPN.4_1,0.47890734982774646,0.49633592760473827,0.6204454409239826,0.6121842736765863
994,JP-13,JP,Tôkyô,14549746,0.114790188581228,GM-R-001055,1,GM-R-001055,GADM 3.6:JPN.41_1,0.48357052227611114,0.46705511046904075,0.6204454409239826,0.6121842736765863
995,JP-14,JP,Kanagawa,9319603,0.0735269870602673,GM-R-001033,1,GM-R-001033,GADM 3.6:JPN.19_1,0.44253077978801686,0.4756180623586532,0.6204454409239826,0.6121842736765863
996,JP-15,JP,Niigata,2236443.25,0.0176444140274829,GM-R-001043,1,GM-R-001043,GADM 3.6:JPN.29_1,0.43720279314844623,0.4779761200601194,0.6204454409239826,0.6121842736765863
997,JP-16,JP,Toyama,1038815.6875,0.00819573404712789,GM-R-001058,1,GM-R-001058,GADM 3.6:JPN.43_1,0.47058142587826224,0.42288282870527,0.6204454409239826,0.6121842736765863
998,JP-17,JP,Isikawa,1140960.375,0.0090016043310968,GM-R-001029,1,GM-R-001029,GADM 3.6:JPN.15_1,0.42646276551472745,0.45509019993999267,0.6204454409239826,0.6121842736765863
999,JP-18,JP,Hukui,764407.25,0.00603078929215381,GM-R-001024,1,GM-R-001024,GADM 3.6:JPN.6_1,0.4508897970327968,0.45134089554751095,0.6204454409239826,0.6121842736765863
1000,JP-19,JP,Yamanasi,822604.5625,0.0064899368591832,GM-R-001062,1,GM-R-001062,GADM 3.6:JPN.47_1,0.4908698912840055,0.47038545487921596,0.6204454409239826,0.6121842736765863
1001,JP-20,JP,Nagano,2069998.25,0.016331246571611,GM-R-001040,1,GM-R-001040,GADM 3.6:JPN.26_1,0.4906821711536036,0.47100558446746554,0.6204454409239826,0.6121842736765863
1002,JP-21,JP,Gihu,2042756.25,0.0161163208734353,GM-R-001020,1,GM-R-001020,GADM 3.6:JPN.9_1,0.42313371563067503,0.46876917630111314,0.6204454409239826,0.6121842736765863
1003,JP-22,JP,Sizuoka,3654103,0.028829037459845,GM-R-001052,1,GM-R-001052,GADM 3.6:JPN.38_1,0.453570755844027,0.4391323077088101,0.6204454409239826,0.6121842736765863
1004,JP-23,JP,Aiti,7640196,0.0602773092834433,GM-R-001016,1,GM-R-001016,GADM 3.6:JPN.1_1,0.472182188482885,0.437824283271077,0.6204454409239826,0.6121842736765863
1005,JP-24,JP,Mie,1779405.125,0.0140386127607419,GM-R-001037,1,GM-R-001037,GADM 3.6:JPN.23_1,0.449885158605309,0.4478045591704348,0.6204454409239826,0.6121842736765863
1006,JP-25,JP,Siga,1469454.5,0.011593257996843,GM-R-001050,1,GM-R-001050,GADM 3.6:JPN.36_1,0.4316980840869883,0.4471658263234157,0.6204454409239826,0.6121842736765863
1007,JP-26,JP,Kyôto,2621615,0.0206832256891203,GM-R-001036,1,GM-R-001036,GADM 3.6:JPN.22_1,0.5268793560217803,0.45586463088224233,0.6204454409239826,0.6121842736765863
1008,JP-27,JP,Ôsaka,8819124,0.0695784591072058,GM-R-001047,1,GM-R-001047,GADM 3.6:JPN.33_1,0.44043783365269906,0.42987807859335153,0.6204454409239826,0.6121842736765863
1009,JP-28,JP,Hyôgo,5481801.5,0.0432486606948229,GM-R-001027,1,GM-R-001027,GADM 3.6:JPN.13_1,0.4307559644126415,0.45393711445226936,0.6204454409239826,0.6121842736765863
1010,JP-29,JP,Nara,1339716.25,0.0105696883631395,GM-R-001042,1,GM-R-001042,GADM 3.6:JPN.28_1,0.48009908094178294,0.43338967515910387,0.6204454409239826,0.6121842736765863
1011,JP-30,JP,Wakayama,895953.4375,0.00706862264472687,GM-R-001059,1,GM-R-001059,GADM 3.6:JPN.44_1,0.4341235677190984,0.46992144813083464,0.6204454409239826,0.6121842736765863
1012,JP-31,JP,Tottori,507252.15625,0.00400196475417316,GM-R-001057,1,GM-R-001057,GADM 3.6:JPN.42_1,0.4934808743545766,0.46059367699690945,0.6204454409239826,0.6121842736765863
1013,JP-32,JP,Simane,669450,0.00528162428029348,GM-R-001051,1,GM-R-001051,GADM 3.6:JPN.37_1,0.4657146259573703,0.4341491534970002,0.6204454409239826,0.6121842736765863
1014,JP-33,JP,Okayama,1903924.75,0.0150210100641597,GM-R-001045,1,GM-R-001045,GADM 3.6:JPN.31_1,0.39664457530067393,0.46997241743952844,0.6204454409239826,0.6121842736765863
1015,JP-34,JP,Hirosima,2706033.75,0.0213492472287603,GM-R-001022,1,GM-R-001022,GADM 3.6:JPN.11_1,0.4377775834041176,0.4679268831269347,0.6204454409239826,0.6121842736765863
1016,JP-35,JP,Yamaguti,1299408.25,0.0102516784871367,GM-R-001061,1,GM-R-001061,GADM 3.6:JPN.46_1,0.5160597582127089,0.4616114564191672,0.6204454409239826,0.6121842736765863
1017,JP-36,JP,Tokusima,716019.8125,0.00564903671203404,GM-R-001054,1,GM-R-001054,GADM 3.6:JPN.40_1,0.40327142969036317,0.45184292810553356,0.6204454409239826,0.6121842736765863
1018,JP-37,JP,Kagawa,897064.6875,0.00707738984912075,GM-R-001031,1,GM-R-001031,GADM 3.6:JPN.17_1,0.4667541612521914,0.48998157815701554,0.6204454409239826,0.6121842736765863
1019,JP-38,JP,Ehime,1303803.25,0.0102863528298238,GM-R-001019,1,GM-R-001019,GADM 3.6:JPN.5_1,0.472479067519944,0.44894567812621544,0.6204454409239826,0.6121842736765863
1020,JP-39,JP,Kôti,677524.125,0.00534532507145357,GM-R-001034,1,GM-R-001034,GADM 3.6:JPN.20_1,0.5419247011841919,0.4948409612039854,0.6204454409239826,0.6121842736765863
1021,JP-40,JP,Hukuoka,4995994.5,0.0394158874530027,GM-R-001025,1,GM-R-001025,GADM 3.6:JPN.7_1,0.45747827752282444,0.47381699537706673,0.6204454409239826,0.6121842736765863
1022,JP-41,JP,Saga,830083.375,0.00654894093370372,GM-R-001048,1,GM-R-001048,GADM 3.6:JPN.34_1,0.4858453981340172,0.4957967518277356,0.6204454409239826,0.6121842736765863
1023,JP-42,JP,Nagasaki,1234226.875,0.00973743017460713,GM-R-001041,1,GM-R-001041,GADM 3.6:JPN.27_1,0.46908191332277455,0.5006812973582031,0.6204454409239826,0.6121842736765863
1024,JP-43,JP,Kumamoto,1744830,0.0137658323892516,GM-R-001035,1,GM-R-001035,GADM 3.6:JPN.21_1,0.48216319446694494,0.5004225264061519,0.6204454409239826,0.6121842736765863
1025,JP-44,JP,Ôita,1121928.125,0.00885144943721583,GM-R-001044,1,GM-R-001044,GADM 3.6:JPN.30_1,0.4650078082791983,0.44783505990979405,0.6204454409239826,0.6121842736765863
1026,JP-45,JP,Miyazaki,1075900.25,0.00848831262017152,GM-R-001039,1,GM-R-001039,GADM 3.6:JPN.25_1,0.4725530511922529,0.4903988406948101,0.6204454409239826,0.6121842736765863
1027,JP-46,JP,Kagosima,1543134,0.0121745522475859,GM-R-001032,1,GM-R-001032,GADM 3.6:JPN.18_1,0.45479680350454676,0.49129262050420164,0.6204454409239826,0.6121842736765863
1028,JP-47,JP,Okinawa,1386873.375,0.0109417343955375,GM-R-001046,1,GM-R-001046,GADM 3.6:JPN.32_1,0.463193666778178,0.42714268296170815,0.6204454409239826,0.6121842736765863
1029,KE-01,KE,Baringo,793219.8125,0.014389746198174,GM-R-001063,1,GM-R-001063,GADM 3.6:KEN.1_1,0.2877155783179028,0.44665340330579556,0.6427994613665462,0.6506589635176618
1030,KE-02,KE,Bomet,1095167.5,0.019867358481403,GM-R-001064,1,GM-R-001064,GADM 3.6:KEN.2_1,0.4316305085042992,0.45234207419983746,0.6427994613665462,0.6506589635176618
1031,KE-03,KE,Bungoma,2109132.75,0.0382616325165943,GM-R-001065,1,GM-R-001065,GADM 3.6:KEN.3_1,0.40556628278621143,0.4603708686500058,0.6427994613665462,0.6506589635176618
1032,KE-04,KE,Busia,968956.8125,0.0175777790583953,GM-R-001066,1,GM-R-001066,GADM 3.6:KEN.4_1,0.38911555056980557,0.5422797965730892,0.6427994613665462,0.6506589635176618
1033,KE-05,KE,Elgeyo/Marakwet,509373.625,0.00924051198455646,GM-R-001067,1,GM-R-001067,GADM 3.6:KEN.5_1,0.5056934231785465,0.4068452861359538,0.6427994613665462,0.6506589635176618
1034,KE-06,KE,Embu,648015.25,0.011755600191903,GM-R-001068,1,GM-R-001068,GADM 3.6:KEN.6_1,0.33899887534895423,0.49145194042058965,0.6427994613665462,0.6506589635176618
1035,KE-07,KE,Garissa,1559023.125,0.0282821315508104,GM-R-001069,1,GM-R-001069,GADM 3.6:KEN.7_1,0.41629942002044634,0.40510515382718953,0.6427994613665462,0.6506589635176618
1036,KE-08,KE,Homa Bay,1193290.25,0.0216473965572508,GM-R-001070,1,GM-R-001070,GADM 3.6:KEN.8_1,0.42476700914869014,0.430160358949891,0.6427994613665462,0.6506589635176618
1037,KE-09,KE,Isiolo,188820.90625,0.00342538710585562,GM-R-001071,1,GM-R-001071,GADM 3.6:KEN.9_1,0.3209724384169011,0.4679735890638798,0.6427994613665462,0.6506589635176618
1038,KE-10,KE,Kajiado,1021324.6875,0.0185277810859703,GM-R-001072,1,GM-R-001072,GADM 3.6:KEN.10_1,0.5297280600507315,0.49430821964500654,0.6427994613665462,0.6506589635176618
1039,KE-11,KE,Kakamega,1889939.375,0.0342852605389073,GM-R-001073,1,GM-R-001073,GADM 3.6:KEN.11_1,0.44403569749883964,0.48284480098790145,0.6427994613665462,0.6506589635176618
1040,KE-12,KE,Kericho,1113287.875,0.0201960789610944,GM-R-001074,1,GM-R-001074,GADM 3.6:KEN.12_1,0.5202276463403431,0.44584014278960665,0.6427994613665462,0.6506589635176618
1041,KE-13,KE,Kiambu,1902729.625,0.0345172875866573,GM-R-001075,1,GM-R-001075,GADM 3.6:KEN.13_1,0.47676716248961265,0.4897721969007579,0.6427994613665462,0.6506589635176618
1042,KE-14,KE,Kilifi,1504384.375,0.0272909337356582,GM-R-001076,1,GM-R-001076,GADM 3.6:KEN.14_1,0.4138078954980608,0.4771766922695515,0.6427994613665462,0.6506589635176618
1043,KE-15,KE,Kirinyaga,634035.5625,0.0115019956400692,GM-R-001077,1,GM-R-001077,GADM 3.6:KEN.15_1,0.3609332016031998,0.47367895963248463,0.6427994613665462,0.6506589635176618
1044,KE-16,KE,Kisii,1452397.125,0.0263478366000946,GM-R-001078,1,GM-R-001078,GADM 3.6:KEN.16_1,0.513154301685283,0.4654712706364753,0.6427994613665462,0.6506589635176618
1045,KE-17,KE,Kisumu,1243382.625,0.022556118895441,GM-R-001079,1,GM-R-001079,GADM 3.6:KEN.17_1,0.4108989249621933,0.4868108414848211,0.6427994613665462,0.6506589635176618
1046,KE-18,KE,Kitui,1272171.25,0.0230783713664664,GM-R-001080,1,GM-R-001080,GADM 3.6:KEN.18_1,0.5517804835219541,0.5170765820578319,0.6427994613665462,0.6506589635176618
1047,KE-19,KE,Kwale,849867.5625,0.0154173891444949,GM-R-001081,1,GM-R-001081,GADM 3.6:KEN.19_1,0.5052769076245145,0.49566284667923205,0.6427994613665462,0.6506589635176618
1048,KE-20,KE,Laikipia,576037,0.0104498476968609,GM-R-001082,1,GM-R-001082,GADM 3.6:KEN.20_1,0.6260012624138447,0.4680119693288434,0.6427994613665462,0.6506589635176618
1049,KE-21,KE,Lamu,114434.046875,0.00207594019338896,GM-R-001083,1,GM-R-001083,GADM 3.6:KEN.21_1,0.3946970078669176,0.51942289800317,0.6427994613665462,0.6506589635176618
1050,KE-22,KE,Machakos,1366777.625,0.024794619124687,GM-R-001084,1,GM-R-001084,GADM 3.6:KEN.22_1,0.5127660576525754,0.46480976696092535,0.6427994613665462,0.6506589635176618
1051,KE-23,KE,Makueni,1118685.25,0.020293992370672,GM-R-001085,1,GM-R-001085,GADM 3.6:KEN.23_1,0.5265777531066881,0.46398353774090306,0.6427994613665462,0.6506589635176618
1052,KE-24,KE,Mandera,2701107.5,0.0490006058427649,GM-R-001086,1,GM-R-001086,GADM 3.6:KEN.24_1,0.5045288797911904,0.49031136424848526,0.6427994613665462,0.6506589635176618
1053,KE-25,KE,Marsabit,363705.65625,0.00659795935729711,GM-R-001087,1,GM-R-001087,GADM 3.6:KEN.25_1,0.37280862621968,0.49733667214533367,0.6427994613665462,0.6506589635176618
1054,KE-26,KE,Meru,1714583.375,0.0311041393735468,GM-R-001088,1,GM-R-001088,GADM 3.6:KEN.26_1,0.4775743015601552,0.4706502319621746,0.6427994613665462,0.6506589635176618
1055,KE-27,KE,Migori,1178274.125,0.0213749900638363,GM-R-001089,1,GM-R-001089,GADM 3.6:KEN.27_1,0.5733416353404996,0.47637646650920495,0.6427994613665462,0.6506589635176618
1056,KE-28,KE,Mombasa,1197745.75,0.0217282234770726,GM-R-001090,1,GM-R-001090,GADM 3.6:KEN.28_1,0.4042173788503669,0.5013781780590709,0.6427994613665462,0.6506589635176618
1057,KE-29,KE,Murang'a,1132107.25,0.0205374799518296,GM-R-001091,1,GM-R-001091,GADM 3.6:KEN.29_1,0.45527975218967526,0.5344182450007164,0.6427994613665462,0.6506589635176618
1058,KE-30,KE,Nairobi City,4833076.5,0.0876765092038839,GM-R-001092,1,GM-R-001092,GADM 3.6:KEN.30_1,0.5007047046423934,0.47667638913527255,0.6427994613665462,0.6506589635176618
1059,KE-31,KE,Nakuru,2380825.5,0.0431903920543346,GM-R-001093,1,GM-R-001093,GADM 3.6:KEN.31_1,0.5028491153034956,0.5090681614906502,0.6427994613665462,0.6506589635176618
1060,KE-32,KE,Nandi,1137893.375,0.0206424456484862,GM-R-001094,1,GM-R-001094,GADM 3.6:KEN.32_1,0.46024041479796635,0.4376192713528648,0.6427994613665462,0.6506589635176618
1061,KE-33,KE,Narok,1309373.875,0.0237532616342329,GM-R-001095,1,GM-R-001095,GADM 3.6:KEN.33_1,0.5542125823770837,0.47186233356569324,0.6427994613665462,0.6506589635176618
1062,KE-34,KE,Nyamira,767793.0625,0.0139284812708757,GM-R-001096,1,GM-R-001096,GADM 3.6:KEN.34_1,0.48780050565102134,0.44527277958634504,0.6427994613665462,0.6506589635176618
1063,KE-35,KE,Nyandarua,719196.75,0.0130468988998578,GM-R-001097,1,GM-R-001097,GADM 3.6:KEN.35_1,0.6020599964966196,0.4854003442466559,0.6427994613665462,0.6506589635176618
1064,KE-36,KE,Nyeri,825977.6875,0.0149840045611313,GM-R-001098,1,GM-R-001098,GADM 3.6:KEN.36_1,0.48570921138428064,0.48749458035925314,0.6427994613665462,0.6506589635176618
1065,KE-37,KE,Samburu,327144.125,0.00593469912726584,GM-R-001099,1,GM-R-001099,GADM 3.6:KEN.37_1,0.6128276201506507,0.48519316034627435,0.6427994613665462,0.6506589635176618
1066,KE-38,KE,Siaya,1084267.375,0.0196696200616023,GM-R-001100,1,GM-R-001100,GADM 3.6:KEN.38_1,0.3684029452202962,0.47510630080986205,0.6427994613665462,0.6506589635176618
1067,KE-39,KE,Taita/Taveta,397058.0625,0.00720300307087164,GM-R-001101,1,GM-R-001101,GADM 3.6:KEN.39_1,0.5417911180892618,0.4494175245863777,0.6427994613665462,0.6506589635176618
1068,KE-40,KE,Tana River,401660,0.00728648650333426,GM-R-001102,1,GM-R-001102,GADM 3.6:KEN.40_1,0.49983271769342646,0.49366548649108866,0.6427994613665462,0.6506589635176618
1069,KE-41,KE,Tharaka-Nithi,441381.6875,0.00800707491108812,GM-R-001103,1,GM-R-001103,GADM 3.6:KEN.41_1,0.5146001336731632,0.47153965236651907,0.6427994613665462,0.6506589635176618
1070,KE-42,KE,Trans Nzoia,1200153.75,0.0217719068398671,GM-R-001104,1,GM-R-001104,GADM 3.6:KEN.42_1,0.4866144360738662,0.5010102728817571,0.6427994613665462,0.6506589635176618
1071,KE-43,KE,Turkana,1238070.125,0.0224597451974154,GM-R-001105,1,GM-R-001105,GADM 3.6:KEN.43_1,0.5687745223593611,0.5677529007953803,0.6427994613665462,0.6506589635176618
1072,KE-44,KE,Uasin Gishu,1358307.375,0.0246409609005549,GM-R-001106,1,GM-R-001106,GADM 3.6:KEN.44_1,0.4916323988157595,0.5128548431311708,0.6427994613665462,0.6506589635176618
1073,KE-45,KE,Vihiga,721495.8125,0.0130886060349386,GM-R-001107,1,GM-R-001107,GADM 3.6:KEN.45_1,0.40468975136528595,0.5121854959476683,0.6427994613665462,0.6506589635176618
1074,KE-46,KE,Wajir,1779782.75,0.0322869167622918,GM-R-001108,1,GM-R-001108,GADM 3.6:KEN.46_1,0.5026857448314707,0.4866343556793525,0.6427994613665462,0.6506589635176618
1075,KE-47,KE,West Pokot,788525.8125,0.014304592666215,GM-R-001109,1,GM-R-001109,GADM 3.6:KEN.47_1,0.49662177180971384,0.5131564977877865,0.6427994613665462,0.6506589635176618
1076,KG-B,KG,Batken,430165.1875,0.0761739951329398,GM-R-001110,1,GM-R-001110,GADM 3.6:KGZ.1_1,0.4048617034561686,0.39977143342058186,0.4272001837230885,0.5237485614844075
1077,KG-C,KG,Chüy,761679.6875,0.134878847694955,GM-R-001112,1,GM-R-001112,GADM 3.6:KGZ.3_1,0.3618576524319815,0.39310255460442045,0.4272001837230885,0.5237485614844075
1078,KG-GB,KG,Bishkek,988772,0.175092535854234,GM-R-001111,1,GM-R-001111,GADM 3.6:KGZ.2_1,NA,NA,0.4272001837230885,0.5237485614844075
1079,KG-GO,KG,Osh,284701.1875,0.0504151137775815,GM-R-001115,1,GM-R-001115,GADM 3.6:KGZ.6_1,NA,NA,0.4272001837230885,0.5237485614844075
1080,KG-J,KG,Jalal-Abad,1102898.625,0.195302169803957,GM-R-001113,1,GM-R-001113,GADM 3.6:KGZ.4_1,0.33655376753461114,0.4038671172320076,0.4272001837230885,0.5237485614844075
1081,KG-N,KG,Naryn,256707.8125,0.0454580245640231,GM-R-001114,1,GM-R-001114,GADM 3.6:KGZ.5_1,0.4058214090801042,0.4510822749677687,0.4272001837230885,0.5237485614844075
1082,KG-O,KG,Osh,1140977,0.202045118876097,GM-R-001116,1,GM-R-001116,GADM 3.6:KGZ.7_1,0.327347663356221,0.3788056725278194,0.4272001837230885,0.5237485614844075
1083,KG-T,KG,Talas,244430.046875,0.0432838680164012,GM-R-001117,1,GM-R-001117,GADM 3.6:KGZ.8_1,0.3585276350054201,0.4992174465862764,0.4272001837230885,0.5237485614844075
1084,KG-Y,KG,Ysyk-Köl,436808.09375,0.0773503262798113,GM-R-001118,1,GM-R-001118,GADM 3.6:KGZ.9_1,0.4484434214842852,0.41483764095763687,0.4272001837230885,0.5237485614844075
1085,KH-1,KH,Banteay Mean Chey,954652.8125,0.0487558827162237,GM-R-001120,1,GM-R-001120,GADM 3.6:KHM.1_1,0.41412451426324054,0.33549572438722725,0.5220301342157584,0.44532889258656416
1086,KH-10,KH,Kracheh,457767,0.0233790063477738,GM-R-001129,1,GM-R-001129,GADM 3.6:KHM.11_1,0.38182356188633654,0.34313885760919116,0.5220301342157584,0.44532889258656416
1087,KH-11,KH,Mondol Kiri,159406.40625,0.00814117964727592,GM-R-001130,1,GM-R-001130,GADM 3.6:KHM.14_1,0.35328406898565906,0.28300065135363095,0.5220301342157584,0.44532889258656416
1088,KH-12,KH,Phnom Penh,2337879.75,0.119399837724392,GM-R-001133,1,GM-R-001133,GADM 3.6:KHM.16_1,0.4187433552819984,0.3521219555693534,0.5220301342157584,0.44532889258656416
1089,KH-13,KH,Preah Vihear,396441.375,0.020246993388875,GM-R-001136,1,GM-R-001136,GADM 3.6:KHM.18_1,0.4161172380775576,0.38354566446959715,0.5220301342157584,0.44532889258656416
1090,KH-14,KH,Prey Veaeng,957276,0.0488898537478051,GM-R-001137,1,GM-R-001137,GADM 3.6:KHM.19_1,0.3525963945073636,0.2764768297679365,0.5220301342157584,0.44532889258656416
1091,KH-15,KH,Pousaat,452172.65625,0.023093292877727,GM-R-001134,1,GM-R-001134,GADM 3.6:KHM.17_1,0.383954606834204,0.29437282793904335,0.5220301342157584,0.44532889258656416
1092,KH-16,KH,Rotanak Kiri,278203.75,0.0142083794533561,GM-R-001138,1,GM-R-001138,GADM 3.6:KHM.20_1,0.4017228268317468,0.3324483049355574,0.5220301342157584,0.44532889258656416
1093,KH-17,KH,Siem Reab,1628763.875,0.0831839799999773,GM-R-001139,1,GM-R-001139,GADM 3.6:KHM.21_1,0.41499230164672707,0.3926667767667449,0.5220301342157584,0.44532889258656416
1094,KH-18,KH,Preah Sihanouk,257170.109375,0.0131341525700538,GM-R-001135,1,GM-R-001135,GADM 3.6:KHM.13_1,0.40191936505831855,0.3102726368039191,0.5220301342157584,0.44532889258656416
1095,KH-19,KH,Stueng Traeng,171895.796875,0.00877903589882245,GM-R-001140,1,GM-R-001140,GADM 3.6:KHM.22_1,0.48902357513762046,0.46805116648162287,0.5220301342157584,0.44532889258656416
1096,KH-2,KH,Baat Dambang,1955386.875,0.0998652199983365,GM-R-001119,1,GM-R-001119,GADM 3.6:KHM.2_1,0.31966869280390187,0.38415275326495313,0.5220301342157584,0.44532889258656416
1097,KH-20,KH,Svaay Rieng,500521.53125,0.0255625592414726,GM-R-001141,1,GM-R-001141,GADM 3.6:KHM.23_1,0.3300374853538234,0.2824099193171086,0.5220301342157584,0.44532889258656416
1098,KH-21,KH,Taakaev,936290.9375,0.0478181078390875,GM-R-001142,1,GM-R-001142,GADM 3.6:KHM.24_1,0.4019634126577776,0.3059840764008897,0.5220301342157584,0.44532889258656416
1099,KH-22,KH,Otdar Mean Chey,977518.25,0.0499236628499099,GM-R-001131,1,GM-R-001131,GADM 3.6:KHM.15_1,0.8426595200957419,0.9564848679962127,0.5220301342157584,0.44532889258656416
1100,KH-23,KH,Kaeb,45002.3203125,0.00229835163358321,GM-R-001121,1,GM-R-001121,GADM 3.6:KHM.10_1,0.45523861174069663,0.3446672801757009,0.5220301342157584,0.44532889258656416
1101,KH-24,KH,Pailin,411228.96875,0.0210022231196104,GM-R-001132,1,GM-R-001132,GADM 3.6:KHM.12_1,0.355452480428184,0.3539303237234976,0.5220301342157584,0.44532889258656416
1102,KH-25,KH,Tbong Khmum,987041.375,0.0504100264362445,GM-R-001143,1,GM-R-001143,GADM 3.6:KHM.25_1,0.3800739592637274,0.3464517200190111,0.5220301342157584,0.44532889258656416
1103,KH-3,KH,Kampong Chaam,947860.0625,0.0484089644251087,GM-R-001122,1,GM-R-001122,GADM 3.6:KHM.3_1,0.3598365830454475,0.2929552209383625,0.5220301342157584,0.44532889258656416
1104,KH-4,KH,Kampong Chhnang,552287.4375,0.0282063397036226,GM-R-001123,1,GM-R-001123,GADM 3.6:KHM.4_1,0.3606576565511137,0.31873504436793293,0.5220301342157584,0.44532889258656416
1105,KH-5,KH,Kampong Spueu,897776.5,0.045851104366156,GM-R-001124,1,GM-R-001124,GADM 3.6:KHM.5_1,0.4386789892654404,0.2991805968849533,0.5220301342157584,0.44532889258656416
1106,KH-6,KH,Kampong Thum,757073.9375,0.0386651645718162,GM-R-001125,1,GM-R-001125,GADM 3.6:KHM.6_1,0.3818098443953452,0.3275567870262931,0.5220301342157584,0.44532889258656416
1107,KH-7,KH,Kampot,780166.125,0.0398445252468899,GM-R-001126,1,GM-R-001126,GADM 3.6:KHM.7_1,0.4368841549569645,0.29417422317840436,0.5220301342157584,0.44532889258656416
1108,KH-8,KH,Kandaal,1617424.25,0.0826048444029238,GM-R-001127,1,GM-R-001127,GADM 3.6:KHM.8_1,0.352630639300149,0.29519383796199855,0.5220301342157584,0.44532889258656416
1109,KH-9,KH,Kaoh Kong,163050.921875,0.00832731179295578,GM-R-001128,1,GM-R-001128,GADM 3.6:KHM.9_1,0.48233921493740384,0.4580097424622914,0.5220301342157584,0.44532889258656416
1110,KM-A,KM,Anjouan,63364.4453125,0.0767039320538117,GM-R-001144,1,GM-R-001144,GADM 3.6:COM.1_1,0.3981272445284769,0.4099919393201011,0.46752916185612703,0.5076587461049193
1111,KM-G,KM,Grande Comore,438573.90625,0.530902510700879,GM-R-001145,1,GM-R-001145,GADM 3.6:COM.2_1,0.3880216125566045,0.37214340979551036,0.46752916185612703,0.5076587461049193
1112,KM-M,KM,Mohéli,324152.875,0.392393557245309,GM-R-001146,1,GM-R-001146,GADM 3.6:COM.3_1,NA,NA,0.46752916185612703,0.5076587461049193
1113,KN.nat,KN,Saint Kitts and Nevis,54935.595703125,1,GM-A-0020,2,GM-R-001147|GM-R-001148,GADM 4.1:KNA.1_1|KNA.2_1|KNA.3_1|KNA.6_1|KNA.8_1|KNA.9_1|KNA.11_1|KNA.13_1|KNA.14_1|GADM 4.1:KNA.4_1|KNA.5_1|KNA.7_1|KNA.10_1|KNA.12_1,NA,NA,NA,NA
1114,KR-11,KR,Seoul,9051428,0.175241851029004,GM-R-001161,1,GM-R-001161,GADM 3.6:KOR.16_1,0.44379690492832174,0.47517883574503217,0.5656914609842083,0.673068755182458
1115,KR-26,KR,Busan,2858308.25,0.0553388071519182,GM-R-001149,1,GM-R-001149,GADM 3.6:KOR.1_1,0.4298173753630386,0.47611269932497274,0.5656914609842083,0.673068755182458
1116,KR-27,KR,Daegu,2135789.75,0.0413503536899121,GM-R-001150,1,GM-R-001150,GADM 3.6:KOR.4_1,0.42814866173066635,0.49776000270042386,0.5656914609842083,0.673068755182458
1117,KR-28,KR,Incheon,2938996.5,0.0569009869854529,GM-R-001155,1,GM-R-001155,GADM 3.6:KOR.11_1,0.4349407142632821,0.47306388398341015,0.5656914609842083,0.673068755182458
1118,KR-29,KR,Gwangju,1420758.625,0.0275068609406629,GM-R-001153,1,GM-R-001153,GADM 3.6:KOR.7_1,0.41472555710013276,0.49495061550476094,0.5656914609842083,0.673068755182458
1119,KR-30,KR,Daejeon,1625804.375,0.0314766872239444,GM-R-001151,1,GM-R-001151,GADM 3.6:KOR.5_1,0.4166665186544912,0.5367167649820351,0.5656914609842083,0.673068755182458
1120,KR-31,KR,Ulsan,1014678,0.0196448616636411,GM-R-001165,1,GM-R-001165,GADM 3.6:KOR.17_1,0.4129488859483518,0.4576956914413831,0.5656914609842083,0.673068755182458
1121,KR-41,KR,Gyeonggi,15251658,0.295282554220319,GM-R-001154,1,GM-R-001154,GADM 3.6:KOR.8_1,0.43917538215813695,0.5012297352835551,0.5656914609842083,0.673068755182458
1122,KR-42,KR,Gangwon,1451964.25,0.0281110232327915,GM-R-001152,1,GM-R-001152,GADM 3.6:KOR.6_1,0.4495979657693464,0.474834004772788,0.5656914609842083,0.673068755182458
1123,KR-43,KR,North Chungcheong,1660295.125,0.032144451788097,GM-R-001157,1,GM-R-001157,GADM 3.6:KOR.2_1,0.3943545225150941,0.5234543062907727,0.5656914609842083,0.673068755182458
1124,KR-44,KR,South Chungcheong,2064343,0.0399670956316248,GM-R-001162,1,GM-R-001162,GADM 3.6:KOR.3_1,0.4633626517730523,0.48486528778740345,0.5656914609842083,0.673068755182458
1125,KR-45,KR,North Jeolla,1654337.875,0.0320291153442737,GM-R-001159,1,GM-R-001159,GADM 3.6:KOR.13_1,0.4135200387983309,0.5155148391565673,0.5656914609842083,0.673068755182458
1126,KR-46,KR,South Jeolla,1662601,0.032189095108824,GM-R-001164,1,GM-R-001164,GADM 3.6:KOR.14_1,0.4440961771333879,0.5015110736827534,0.5656914609842083,0.673068755182458
1127,KR-47,KR,North Gyeongsang,2836880,0.0549239415423909,GM-R-001158,1,GM-R-001158,GADM 3.6:KOR.9_1,0.43815715530534205,0.48124849380825585,0.5656914609842083,0.673068755182458
1128,KR-48,KR,South Gyeongsang,3418208.5,0.0661788598156086,GM-R-001163,1,GM-R-001163,GADM 3.6:KOR.10_1,0.39609200786450044,0.517578805149156,0.5656914609842083,0.673068755182458
1129,KR-49,KR,Jeju,542181.25,0.010497000676934,GM-R-001156,1,GM-R-001156,GADM 3.6:KOR.12_1,0.44787923056150614,0.5233562172749844,0.5656914609842083,0.673068755182458
1130,KR-50,KR,Sejong,62831.140625,0.00121645395460127,GM-R-001160,1,GM-R-001160,GADM 3.6:KOR.15_1,0.4540860531258859,0.5259179725333305,0.5656914609842083,0.673068755182458
1131,KW-AH,KW,Al Aḩmadī,716556.625,0.202326362828568,GM-R-001167,1,GM-R-001167,GADM 3.6:KWT.1_1,0.455473989599357,0.240261598861749,0.38581740864141695,0.22303884936446755
1132,KW-FA,KW,Al Farwānīyah,1077753.625,0.304313662540702,GM-R-001168,1,GM-R-001168,GADM 3.6:KWT.2_1,0.20948702472135922,0.22643019406194498,0.38581740864141695,0.22303884936446755
1133,KW-HA,KW,Ḩawallī,670254.3125,0.189252478432234,GM-R-001170,1,GM-R-001170,GADM 3.6:KWT.5_1,0.4236897588449128,0.2618206593515245,0.38581740864141695,0.22303884936446755
1134,KW-JA,KW,Al Jahrā’,360048.75,0.101663080748813,GM-R-001169,1,GM-R-001169,GADM 3.6:KWT.3_1,0.4137799728672298,0.20044185107373277,0.38581740864141695,0.22303884936446755
1135,KW-KU,KW,Al ‘Āşimah,347223.65625,0.0980417974044959,GM-R-001166,1,GM-R-001166,GADM 3.6:KWT.4_1,0.2802031509990554,0.26093797041860317,0.38581740864141695,0.22303884936446755
1136,KW-MU,KW,Mubārak al Kabīr,369751.0625,0.104402618045187,GM-R-001171,1,GM-R-001171,GADM 3.6:KWT.6_1,0.25284609510239825,0.2625148489933635,0.38581740864141695,0.22303884936446755
1137,KZ-10,KZ,Abay oblysy,625791.8125,0.034583147266405,GM-R-002519,1,GM-R-002519,KAZ-OSM published-2025-04-28-modified-2025-06-20:r14243026,0.4669764406482939,0.3846318931928746,0.4812339281170457,0.4861709107075588
1138,KZ-11,KZ,Aqmola oblysy,1153606.5,0.0637517824300107,GM-R-001174,1,GM-R-001174,KAZ-OSM published-2025-04-28-modified-2025-06-20:r215743,0.409265090772682,0.363580319370547,0.4812339281170457,0.4861709107075588
1139,KZ-15,KZ,Aqtöbe oblysy,898333.8125,0.0496446420543071,GM-R-001175,1,GM-R-001175,KAZ-OSM published-2025-04-28-modified-2025-06-20:r215683,0.43433323232142806,0.4140603443862541,0.4812339281170457,0.4861709107075588
1140,KZ-19,KZ,Almaty oblysy,1472821.125,0.0813925475622092,GM-R-001173,1,GM-R-001173,KAZ-OSM published-2025-04-28-modified-2025-06-20:r215718,0.35442927666286894,0.4575549124821512,0.4812339281170457,0.4861709107075588
1141,KZ-23,KZ,Atyraū oblysy,520212.1875,0.0287484980319892,GM-R-001177,1,GM-R-001177,KAZ-OSM published-2025-04-28-modified-2025-06-20:r214834,0.35273560309955254,0.4311927207296569,0.4812339281170457,0.4861709107075588
1142,KZ-27,KZ,Batys Qazaqstan oblysy,582777.8125,0.0322060635992755,GM-R-001178,1,GM-R-001178,KAZ-OSM published-2025-04-28-modified-2025-06-20:r215441,0.31621021287290185,0.41682674065687303,0.4812339281170457,0.4861709107075588
1143,KZ-31,KZ,Zhambyl oblysy,1075333.125,0.0594261591147272,GM-R-001188,1,GM-R-001188,KAZ-OSM published-2025-04-28-modified-2025-06-20:r215722,0.38123427989430003,0.3862420252424845,0.4812339281170457,0.4861709107075588
1144,KZ-33,KZ,Zhetisū oblysy,605045.625,0.0334366502314523,GM-R-002520,1,GM-R-002520,KAZ-OSM published-2025-04-28-modified-2025-06-20:r14312169,0.5040836544368614,0.38159556993852606,0.4812339281170457,0.4861709107075588
1145,KZ-35,KZ,Qaraghandy oblysy,1089802.25,0.0602257667009818,GM-R-001181,1,GM-R-001181,KAZ-OSM published-2025-04-28-modified-2025-06-20:r215776,0.39005518484063884,0.37850128356546514,0.4812339281170457,0.4861709107075588
1146,KZ-39,KZ,Qostanay oblysy,770407,0.0425750196852716,GM-R-001182,1,GM-R-001182,KAZ-OSM published-2025-04-28-modified-2025-06-20:r1288730,0.3143453296742821,0.35763052785949606,0.4812339281170457,0.4861709107075588
1147,KZ-43,KZ,Qyzylorda oblysy,815326.5625,0.0450574104964809,GM-R-001183,1,GM-R-001183,KAZ-OSM published-2025-04-28-modified-2025-06-20:r215727,0.3327283396098824,0.3481212242767387,0.4812339281170457,0.4861709107075588
1148,KZ-47,KZ,Mangghystaū oblysy,788418.625,0.0435703965301584,GM-R-001179,1,GM-R-001179,KAZ-OSM published-2025-04-28-modified-2025-06-20:r215686,0.4906784900905197,0.3874039600547161,0.4812339281170457,0.4861709107075588
1149,KZ-55,KZ,Pavlodar oblysy,694998.1875,0.0384077007530313,GM-R-001180,1,GM-R-001180,KAZ-OSM published-2025-04-28-modified-2025-06-20:r215772,0.362324117133638,0.40575601569007497,0.4812339281170457,0.4861709107075588
1150,KZ-59,KZ,Soltüstik Qazaqstan oblysy,489575.875,0.0270554427926526,GM-R-001186,1,GM-R-001186,KAZ-OSM published-2025-04-28-modified-2025-06-20:r215760,0.27566314600263747,0.3617658346896972,0.4812339281170457,0.4861709107075588
1151,KZ-61,KZ,Türkistan oblysy,2081142,0.115010198009423,GM-R-001187,1,GM-R-001187,KAZ-OSM published-2025-04-28-modified-2025-06-20:r215739,0.389036902629202,0.36890144389942436,0.4812339281170457,0.4861709107075588
1152,KZ-62,KZ,Ulytaū oblysy,206060.484375,0.0113875252673226,GM-R-002521,1,GM-R-002521,KAZ-OSM published-2025-04-28-modified-2025-06-20:r14312737,0.2878686382066755,0.4459617726154964,0.4812339281170457,0.4861709107075588
1153,KZ-63,KZ,Shyghys Qazaqstan oblysy,662989.9375,0.0366388281002113,GM-R-001184,1,GM-R-001184,KAZ-OSM published-2025-04-28-modified-2025-06-20:r215699,0.3303634770376392,0.3596828183446406,0.4812339281170457,0.4861709107075588
1154,KZ-71,KZ,Astana,663627.375,0.0366740548233727,GM-R-001176,1,GM-R-001176,KAZ-OSM published-2025-04-28-modified-2025-06-20:r3087155,0.3564569358771805,0.3632837901889246,0.4812339281170457,0.4861709107075588
1155,KZ-75,KZ,Almaty,1802338,0.0996026461721052,GM-R-001172,1,GM-R-001172,KAZ-OSM published-2025-04-28-modified-2025-06-20:r2465058,0.4028214950779812,0.40334429314892395,0.4812339281170457,0.4861709107075588
1156,KZ-79,KZ,Shymkent,1096674,0.0606055203786123,GM-R-001185,1,GM-R-001185,KAZ-OSM published-2025-04-28-modified-2025-06-20:r3389772,0.41721299556086816,0.3718895286706225,0.4812339281170457,0.4861709107075588
1157,LA-AT,LA,Attapu,169815.375,0.0223829000833691,GM-R-001189,1,GM-R-001189,GADM 3.6:LAO.1_1,0.35978752280242277,0.35767544460828055,0.4934378010047215,0.47386194517870106
1158,LA-BK,LA,Bokèo,203556.328125,0.0268302028232684,GM-R-001190,1,GM-R-001190,GADM 3.6:LAO.2_1,0.3932213006533605,0.37321327765961165,0.4934378010047215,0.47386194517870106
1159,LA-BL,LA,Bolikhamxai,410167.0625,0.0540629985796429,GM-R-001191,1,GM-R-001191,GADM 3.6:LAO.3_1,0.29776010099929934,0.4132702352106199,0.4934378010047215,0.47386194517870106
1160,LA-CH,LA,Champasak,821092.8125,0.108225997683426,GM-R-001192,1,GM-R-001192,GADM 3.6:LAO.4_1,0.3853000466240883,0.39085845254327134,0.4934378010047215,0.47386194517870106
1161,LA-HO,LA,Houaphan,331037.34375,0.0436331267944388,GM-R-001193,1,GM-R-001193,GADM 3.6:LAO.5_1,0.3843912290418497,0.43310715265858596,0.4934378010047215,0.47386194517870106
1162,LA-KH,LA,Khammouan,459935.0625,0.0606227825294125,GM-R-001194,1,GM-R-001194,GADM 3.6:LAO.6_1,0.34736062581584426,0.41697697164149694,0.4934378010047215,0.47386194517870106
1163,LA-LM,LA,Louang Namtha,211938.296875,0.0279350071970371,GM-R-001195,1,GM-R-001195,GADM 3.6:LAO.7_1,0.35100417374266946,0.35159528296725384,0.4934378010047215,0.47386194517870106
1164,LA-LP,LA,Louangphabang,486969.90625,0.0641861713357897,GM-R-001196,1,GM-R-001196,GADM 3.6:LAO.8_1,0.30241198470814706,0.3673476113500876,0.4934378010047215,0.47386194517870106
1165,LA-OU,LA,Oudômxai,379514.40625,0.0500227558034301,GM-R-001197,1,GM-R-001197,GADM 3.6:LAO.9_1,0.37342293189996867,0.37964858032166954,0.4934378010047215,0.47386194517870106
1166,LA-PH,LA,Phôngsali,193962.0625,0.0255656089143972,GM-R-001198,1,GM-R-001198,GADM 3.6:LAO.10_1,0.34857170444752317,0.3467405517389627,0.4934378010047215,0.47386194517870106
1167,LA-SL,LA,Salavan,468518.28125,0.0617541131152028,GM-R-001199,1,GM-R-001199,GADM 3.6:LAO.11_1,0.3839100643859972,0.36470468120686894,0.4934378010047215,0.47386194517870106
1168,LA-SV,LA,Savannakhét,1033471.8125,0.136219092753915,GM-R-001200,1,GM-R-001200,GADM 3.6:LAO.12_1,0.41725962548886447,0.3233413053618964,0.4934378010047215,0.47386194517870106
1169,LA-VI,LA,Viangchan,432849.96875,0.057052770407984,GM-R-001202,1,GM-R-001202,GADM 3.6:LAO.14_1,0.42258668139177685,0.38901067033382125,0.4934378010047215,0.47386194517870106
1170,LA-VT,LA,Viangchan,1046089.0625,0.137882137964497,GM-R-001201,1,GM-R-001201,GADM 3.6:LAO.13_1,0.47501912423719495,0.39578580389541257,0.4934378010047215,0.47386194517870106
1171,LA-XA,LA,Xaignabouli,412517.3125,0.0543727786035125,GM-R-001203,1,GM-R-001203,GADM 3.6:LAO.15_1,0.4191219043900306,0.4186171297457581,0.4934378010047215,0.47386194517870106
1172,LA-XE,LA,Xékong,145049.78125,0.0191186149124206,GM-R-001205,1,GM-R-001205,GADM 3.6:LAO.17_1,0.3537699161143515,0.3645204210131409,0.4934378010047215,0.47386194517870106
1173,LA-XI,LA,Xiangkhouang,286819.59375,0.0378049061155904,GM-R-001206,1,GM-R-001206,GADM 3.6:LAO.18_1,0.42939693300730086,0.35596706574730974,0.4934378010047215,0.47386194517870106
1174,LA-XS,LA,Xaisômboun,93530.765625,0.0123280343826664,GM-R-001204,1,GM-R-001204,GADM 3.6:LAO.16_1,0.3881704665371703,0.3932289102635289,0.4934378010047215,0.47386194517870106
1175,LB-AK,LB,Aakkâr,195090.859375,0.019790850659425,GM-R-001207,1,GM-R-001207,globalmrp-lebanon-current9-derived MoPH-26-district-dissolve-2026-08-10:LB-AK,0.2774990851171449,0.23164998417993854,0.5394508117733919,0.1706019793158114
1176,LB-AS,LB,Liban-Nord,1134963.875,0.1151355867001,GM-R-001211,1,GM-R-001211,globalmrp-lebanon-current9-derived MoPH-26-district-dissolve-2026-08-10:LB-AS,0.44364863964317286,0.26762619766270723,0.5394508117733919,0.1706019793158114
1177,LB-BA,LB,Beyrouth,901851.9375,0.0914877153607061,GM-R-001210,1,GM-R-001210,globalmrp-lebanon-current9-derived MoPH-26-district-dissolve-2026-08-10:LB-BA,NA,NA,0.5394508117733919,0.1706019793158114
1178,LB-BH,LB,Baalbek-Hermel,548158.5,0.0556075412551316,GM-R-001208,1,GM-R-001208,globalmrp-lebanon-current9-derived MoPH-26-district-dissolve-2026-08-10:LB-BH,0.41780629094684485,0.21447706879558276,0.5394508117733919,0.1706019793158114
1179,LB-BI,LB,Béqaa,524566.625,0.0532142806154655,GM-R-001209,1,GM-R-001209,globalmrp-lebanon-current9-derived MoPH-26-district-dissolve-2026-08-10:LB-BI,0.37580795616068485,0.18645494814165328,0.5394508117733919,0.1706019793158114
1180,LB-JA,LB,Liban-Sud,1228620.25,0.124636489699175,GM-R-001212,1,GM-R-001212,globalmrp-lebanon-current9-derived MoPH-26-district-dissolve-2026-08-10:LB-JA,0.4184727574972014,0.2553047542463588,0.5394508117733919,0.1706019793158114
1181,LB-JL,LB,Mont-Liban,4184406.5,0.424484080930955,GM-R-001213,1,GM-R-001213,globalmrp-lebanon-current9-derived MoPH-26-district-dissolve-2026-08-10:LB-JL,0.432949820060123,0.1802657746601774,0.5394508117733919,0.1706019793158114
1182,LB-KJ,LB,Keserwan-Jbeil,383240,0.0388775036975923,GM-R-001215,1,GM-R-001215,globalmrp-lebanon-current9-derived MoPH-26-district-dissolve-2026-08-10:LB-KJ,0.3591622721782723,0.20827768788905932,0.5394508117733919,0.1706019793158114
1183,LB-NA,LB,Nabatîyé,756730.25,0.0767659510814501,GM-R-001214,1,GM-R-001214,globalmrp-lebanon-current9-derived MoPH-26-district-dissolve-2026-08-10:LB-NA,0.3783873910620733,0.29350180473342774,0.5394508117733919,0.1706019793158114
1184,LC.nat,LC,Saint Lucia,165764.822998047,1,GM-A-0021,10,GM-R-001216|GM-R-001217|GM-R-001218|GM-R-001219|GM-R-001220|GM-R-001221|GM-R-001222|GM-R-001223|GM-R-001224|GM-R-001225,GADM 3.6:LCA.1_1|GADM 3.6:LCA.10_1|GADM 3.6:LCA.2_1|GADM 3.6:LCA.3_1|GADM 3.6:LCA.4_1|GADM 3.6:LCA.5_1|GADM 3.6:LCA.6_1|GADM 3.6:LCA.7_1|GADM 3.6:LCA.8_1|GADM 3.6:LCA.9_1,0.44305432216878615,0.4716821840710812,0.5831479695155238,0.6340273589241023
1185,LK-1,LK,Western Province,6121407.5,0.289164245514771,GM-R-001234,1,GM-R-001234,GADM 4.1:LKA.5_1|LKA.7_1|LKA.10_1,0.39187356553879055,0.34416090261008947,0.5022938626384011,0.4385697421025036
1186,LK-2,LK,Central Province,2698329.25,0.127464205205533,GM-R-001226,1,GM-R-001226,GADM 4.1:LKA.11_1|LKA.16_1|LKA.20_1,0.3797026875573359,0.39516903643471124,0.5022938626384011,0.4385697421025036
1187,LK-3,LK,Southern Province,2542275.5,0.120092507621521,GM-R-001232,1,GM-R-001232,GADM 4.1:LKA.6_1|LKA.17_1|LKA.8_1,0.4226564085896945,0.3731103574365419,0.5022938626384011,0.4385697421025036
1188,LK-4,LK,Northern Province,971223.6875,0.045878854629758103,GM-R-001230,1,GM-R-001230,GADM 4.1:LKA.9_1|LKA.13_1|LKA.15_1|LKA.19_1|LKA.25_1,0.4773624715090737,0.33021009803951223,0.5022938626384011,0.4385697421025036
1189,LK-5,LK,Eastern Province,1543671.75,0.0729202682407953,GM-R-001227,1,GM-R-001227,GADM 4.1:LKA.1_1|LKA.4_1|LKA.24_1,0.4979480494547127,0.3939589541810123,0.5022938626384011,0.4385697421025036
1190,LK-6,LK,North Western Province,2526912,0.119366763601708,GM-R-001229,1,GM-R-001229,GADM 4.1:LKA.14_1|LKA.22_1,0.3558731221685407,0.3414871590491171,0.5022938626384011,0.4385697421025036
1191,LK-7,LK,North Central Province,1393074.125,0.06580630815736,GM-R-001228,1,GM-R-001228,GADM 4.1:LKA.2_1|LKA.21_1,0.41780846982053826,0.3758009257950446,0.5022938626384011,0.4385697421025036
1192,LK-8,LK,Uva Province,1338488.75,0.063227793530125,GM-R-001233,1,GM-R-001233,GADM 4.1:LKA.3_1|LKA.18_1,0.34706184957405095,0.3400258872145485,0.5022938626384011,0.4385697421025036
1193,LK-9,LK,Sabaragamuwa Province,2033927.25,0.0960790534984287,GM-R-001231,1,GM-R-001231,GADM 4.1:LKA.23_1|LKA.12_1,0.36386177511118883,0.37615306924102226,0.5022938626384011,0.4385697421025036
1194,LR-BG,LR,Bong,371274.53125,0.0830114620957471,GM-R-001236,1,GM-R-001236,GADM 3.6:LBR.2_1,0.42432457549597863,0.38186395470231455,0.4164770340737679,0.5829792957220641
1195,LR-BM,LR,Bomi,151928.46875,0.0339689455197596,GM-R-001235,1,GM-R-001235,GADM 3.6:LBR.1_1,0.27634169677493436,0.4116730927812589,0.4164770340737679,0.5829792957220641
1196,LR-CM,LR,Grand Cape Mount,162024.484375,0.0362262644248596,GM-R-001239,1,GM-R-001239,GADM 3.6:LBR.4_1,0.36029729292865675,0.43528326467660994,0.4164770340737679,0.5829792957220641
1197,LR-GB,LR,Grand Bassa,249357.296875,0.055752582134159,GM-R-001238,1,GM-R-001238,GADM 3.6:LBR.5_1,0.43124373425032114,0.44522719862021176,0.4164770340737679,0.5829792957220641
1198,LR-GG,LR,Grand Gedeh,168982.5625,0.0377819871850177,GM-R-001240,1,GM-R-001240,GADM 3.6:LBR.6_1,0.3723110332857414,0.49295217043388057,0.4164770340737679,0.5829792957220641
1199,LR-GK,LR,Grand Kru,61592.12109375,0.0137710820302073,GM-R-001241,1,GM-R-001241,GADM 3.6:LBR.7_1,0.4172703079300447,0.49893452969913443,0.4164770340737679,0.5829792957220641
1200,LR-GP,LR,Gbarpolu,106275.8671875,0.0237617029399396,GM-R-001237,1,GM-R-001237,GADM 3.6:LBR.3_1,0.4596911411177422,0.3983693330944948,0.4164770340737679,0.5829792957220641
1201,LR-LO,LR,Lofa,329836.625,0.0737465626898604,GM-R-001242,1,GM-R-001242,GADM 3.6:LBR.8_1,0.22662130783604237,0.38299341886553023,0.4164770340737679,0.5829792957220641
1202,LR-MG,LR,Margibi,337706.90625,0.0755062404988058,GM-R-001243,1,GM-R-001243,GADM 3.6:LBR.9_1,0.30734572168799906,0.48129373310678963,0.4164770340737679,0.5829792957220641
1203,LR-MO,LR,Montserrado,1468733.125,0.32838687782925,GM-R-001245,1,GM-R-001245,GADM 3.6:LBR.11_1,0.36204609908262975,0.4550001354039347,0.4164770340737679,0.5829792957220641
1204,LR-MY,LR,Maryland,177075.578125,0.0395914650868095,GM-R-001244,1,GM-R-001244,GADM 3.6:LBR.10_1,0.4058384612679505,0.47374367028645464,0.4164770340737679,0.5829792957220641
1205,LR-NI,LR,Nimba,568569.75,0.127123738038289,GM-R-001246,1,GM-R-001246,GADM 3.6:LBR.12_1,0.27567422990867047,0.43911144018213283,0.4164770340737679,0.5829792957220641
1206,LR-RG,LR,River Gee,103302.1953125,0.0230968341451271,GM-R-001248,1,GM-R-001248,GADM 3.6:LBR.14_1,0.422967112058888,0.4875025636223062,0.4164770340737679,0.5829792957220641
1207,LR-RI,LR,River Cess,94085.265625,0.0210360657783417,GM-R-001247,1,GM-R-001247,GADM 3.6:LBR.13_1,0.409923517723964,0.4397888398538285,0.4164770340737679,0.5829792957220641
1208,LR-SI,LR,Sinoe,121824.6953125,0.0272381896038271,GM-R-001249,1,GM-R-001249,GADM 3.6:LBR.15_1,0.3127211968760096,0.46381106193794425,0.4164770340737679,0.5829792957220641
1209,LS-A,LS,Maseru,449478.78125,0.240817441021951,GM-R-001254,1,GM-R-001254,GADM 3.6:LSO.5_1,0.5146773220701292,0.5707297652231912,0.7202098638085913,0.813468299900608
1210,LS-B,LS,Butha-Buthe,106532.421875,0.0570769217413607,GM-R-001251,1,GM-R-001251,GADM 3.6:LSO.2_1,0.5158102852701614,0.6131755606614226,0.7202098638085913,0.813468299900608
1211,LS-C,LS,Leribe,274007.53125,0.146805133521233,GM-R-001252,1,GM-R-001252,GADM 3.6:LSO.3_1,0.5095557212989668,0.5678526822571786,0.7202098638085913,0.813468299900608
1212,LS-D,LS,Berea,279862.15625,0.149941868489505,GM-R-001250,1,GM-R-001250,GADM 3.6:LSO.1_1,0.498826633998179,0.61230819346657706,0.7202098638085913,0.813468299900608
1213,LS-E,LS,Mafeteng,173527.390625,0.0929708451226896,GM-R-001253,1,GM-R-001253,GADM 3.6:LSO.4_1,0.5538727306917789,0.5469538601369853,0.7202098638085913,0.813468299900608
1214,LS-F,LS,Mohale's Hoek,157883.875,0.084589511990739,GM-R-001255,1,GM-R-001255,GADM 3.6:LSO.6_1,0.5141756017380557,0.5582062181614936,0.7202098638085913,0.813468299900608
1215,LS-G,LS,Quthing,118647.125,0.0635676214740372,GM-R-001258,1,GM-R-001258,GADM 3.6:LSO.9_1,0.5665895445389081,0.5711707140007979,0.7202098638085913,0.813468299900608
1216,LS-H,LS,Qacha's Nek,67998.6640625,0.0364316736529875,GM-R-001257,1,GM-R-001257,GADM 3.6:LSO.8_1,0.5207272632898153,0.5362569783093583,0.7202098638085913,0.813468299900608
1217,LS-J,LS,Mokhotlong,113124.9375,0.0606089966889136,GM-R-001256,1,GM-R-001256,GADM 3.6:LSO.7_1,0.5453266072296566,0.5602733219445368,0.7202098638085913,0.813468299900608
1218,LS-K,LS,Thaba-Tseka,125408.1640625,0.0671899862965829,GM-R-001259,1,GM-R-001259,GADM 3.6:LSO.10_1,0.5084376170468323,0.5530736688803507,0.7202098638085913,0.813468299900608
1219,LT-AL,LT,Alytaus apskritis,134875.015625,0.0490154676347773,GM-R-001260,1,GM-R-001260,GADM 3.6:LTU.1_1,0.36338753458329714,0.3022952411558572,0.45198932336139513,0.33317378640194734
1220,LT-KL,LT,Klaipėdos apskritis,316154.71875,0.114895047927619,GM-R-001262,1,GM-R-001262,GADM 3.6:LTU.3_1,0.37574361309044707,0.3416235127554622,0.45198932336139513,0.33317378640194734
1221,LT-KU,LT,Kauno apskritis,537281.25,0.195255523034515,GM-R-001261,1,GM-R-001261,GADM 3.6:LTU.2_1,0.3829272451137039,0.28898752640189795,0.45198932336139513,0.33317378640194734
1222,LT-MR,LT,Marijampolės apskritis,142099.46875,0.0516409349734574,GM-R-001263,1,GM-R-001263,GADM 3.6:LTU.4_1,0.3739773675400939,0.26555380636797843,0.45198932336139513,0.33317378640194734
1223,LT-PN,LT,Panevėžio apskritis,212090.9375,0.077076813926492,GM-R-001264,1,GM-R-001264,GADM 3.6:LTU.5_1,0.4011749934830235,0.3434402281600953,0.45198932336139513,0.33317378640194734
1224,LT-SA,LT,Šiaulių apskritis,258562.484375,0.0939652242168215,GM-R-001265,1,GM-R-001265,GADM 3.6:LTU.6_1,0.3831359191615381,0.26727671781726586,0.45198932336139513,0.33317378640194734
1225,LT-TA,LT,Tauragės apskritis,84197.671875,0.0305986119192538,GM-R-001266,1,GM-R-001266,GADM 3.6:LTU.7_1,0.3756652823835631,0.33415203520223763,0.45198932336139513,0.33317378640194734
1226,LT-TE,LT,Telšių apskritis,129354.859375,0.0470093656242828,GM-R-001267,1,GM-R-001267,GADM 3.6:LTU.8_1,0.35479377691364516,0.3037926170375011,0.45198932336139513,0.33317378640194734
1227,LT-UT,LT,Utenos apskritis,126613.9453125,0.0460132791074611,GM-R-001268,1,GM-R-001268,GADM 3.6:LTU.9_1,0.3430140524827336,0.3221181442477355,0.45198932336139513,0.33317378640194734
1228,LT-VL,LT,Vilniaus apskritis,810452.375,0.294529731635321,GM-R-001269,1,GM-R-001269,GADM 3.6:LTU.10_1,0.3507731782071315,0.29634456999758557,0.45198932336139513,0.33317378640194734
1229,LU.nat,LU,Luxembourg,589729.562988281,1,GM-A-0022,12,GM-R-001270|GM-R-001271|GM-R-001272|GM-R-001273|GM-R-001274|GM-R-001275|GM-R-001276|GM-R-001277|GM-R-001278|GM-R-001279|GM-R-001280|GM-R-001281,GADM 4.1:LUX.1.1_1|GADM 4.1:LUX.1.2_1|GADM 4.1:LUX.1.3_1|GADM 4.1:LUX.1.4_1|GADM 4.1:LUX.1.5_1|GADM 4.1:LUX.2.1_1|GADM 4.1:LUX.2.2_1|GADM 4.1:LUX.2.3_1|GADM 4.1:LUX.3.1_1|GADM 4.1:LUX.3.2_1|GADM 4.1:LUX.3.3_1|GADM 4.1:LUX.3.4_1,0.3824416385384632,0.4191357956840862,0.4754229726557709,0.5406383323219448
1230,LV005,LV,Latgale,365643.65625,0.147502399344487,GM-R-001283,1,GM-R-001283,gisco-nuts-2024 2024-RG-01M-EPSG4326:LV005,0.36532771942295417,0.3367482495958267,0.4106127044074996,0.4506839265005787
1231,LV009,LV,Zemgale,307696.4375,0.12412621421215,GM-R-001286,1,GM-R-001286,gisco-nuts-2024 2024-RG-01M-EPSG4326:LV009,0.3442249471540249,0.41084867093106625,0.4106127044074996,0.4506839265005787
1232,LV00A,LV,Rīga,1038099.8125,0.418774428286864,GM-R-001284,1,GM-R-001284,gisco-nuts-2024 2024-RG-01M-EPSG4326:LV00A,0.342372077534598,0.37377377157729,0.4106127044074996,0.4506839265005787
1233,LV00B,LV,Kurzeme,389333.25,0.157058894740737,GM-R-001282,1,GM-R-001282,gisco-nuts-2024 2024-RG-01M-EPSG4326:LV00B,0.31703586880376206,0.3334350461612165,0.4106127044074996,0.4506839265005787
1234,LV00C,LV,Vidzeme,378126.5625,0.152538063415761,GM-R-001285,1,GM-R-001285,gisco-nuts-2024 2024-RG-01M-EPSG4326:LV00C,0.368376131972113,0.38651226969489055,0.4106127044074996,0.4506839265005787
1235,LY-BA,LY,Banghāzī,922201.3125,0.133894752936028,GM-R-001298,1,GM-R-001298,GADM 3.6:LBY.12_1,0.3056491104922553,0.3115959446527292,0.37240016484483657,0.3473505553869256
1236,LY-BU,LY,Al Buţnān,191506.328125,0.0278048752939536,GM-R-001287,1,GM-R-001287,GADM 3.6:LBY.1_1,0.3155771843330279,0.28979387360534686,0.37240016484483657,0.3473505553869256
1237,LY-DR,LY,Darnah,172821.421875,0.0250920067780821,GM-R-001299,1,GM-R-001299,GADM 3.6:LBY.13_1,0.2978661103758891,0.28818636474054593,0.37240016484483657,0.3473505553869256
1238,LY-GT,LY,Ghāt,29054.876953125,0.00421848843467719,GM-R-001300,1,GM-R-001300,GADM 3.6:LBY.14_1,0.329967479727929,0.4103868202556058,0.37240016484483657,0.3473505553869256
1239,LY-JA,LY,Al Jabal al Akhḑar,263890.53125,0.038314364775832,GM-R-001288,1,GM-R-001288,GADM 3.6:LBY.2_1,0.30913919862563594,0.3273103018001199,0.37240016484483657,0.3473505553869256
1240,LY-JG,LY,Al Jabal al Gharbī,350188.53125,0.0508440036217682,GM-R-001289,1,GM-R-001289,GADM 3.6:LBY.3_1,0.32182616081427745,0.2958637149612998,0.37240016484483657,0.3473505553869256
1241,LY-JI,LY,Al Jafārah,255711.40625,0.0371268345627822,GM-R-001290,1,GM-R-001290,GADM 3.6:LBY.4_1,0.3493938652633065,0.31255624866952786,0.37240016484483657,0.3473505553869256
1242,LY-JU,LY,Al Jufrah,62071.4453125,0.00901217632402728,GM-R-001291,1,GM-R-001291,GADM 3.6:LBY.5_1,0.2906609008112707,0.28058110982269674,0.37240016484483657,0.3473505553869256
1243,LY-KF,LY,Al Kufrah,61051.37890625,0.00886407250158429,GM-R-001292,1,GM-R-001292,GADM 3.6:LBY.6_1,0.3150598061095357,0.30376604390985174,0.37240016484483657,0.3473505553869256
1244,LY-MB,LY,Al Marqab,656112.5625,0.0952612279590113,GM-R-001294,1,GM-R-001294,GADM 3.6:LBY.8_1,0.39065998209443537,0.3458246483047751,0.37240016484483657,0.3473505553869256
1245,LY-MI,LY,Mişrātah,461960.53125,0.067072222040364,GM-R-001301,1,GM-R-001301,GADM 3.6:LBY.15_1,0.328858127436759,0.35021622720385187,0.37240016484483657,0.3473505553869256
1246,LY-MJ,LY,Al Marj,138653.96875,0.0201312214998404,GM-R-001293,1,GM-R-001293,GADM 3.6:LBY.7_1,0.31392005324518685,0.32443661483596326,0.37240016484483657,0.3473505553869256
1247,LY-MQ,LY,Murzuq,93891.296875,0.0136321124547536,GM-R-001302,1,GM-R-001302,GADM 3.6:LBY.16_1,0.3184247459886522,0.3722600262614647,0.37240016484483657,0.3473505553869256
1248,LY-NL,LY,Nālūt,128332.109375,0.0186325868827312,GM-R-001303,1,GM-R-001303,GADM 3.6:LBY.17_1,0.3666534130721124,0.3694232174863005,0.37240016484483657,0.3473505553869256
1249,LY-NQ,LY,An Nuqāţ al Khams,365118.78125,0.0530117321946151,GM-R-001296,1,GM-R-001296,GADM 3.6:LBY.10_1,0.3420445419774378,0.3134140538582667,0.37240016484483657,0.3473505553869256
1250,LY-SB,LY,Sabhā,161416.375,0.0234361037633573,GM-R-001304,1,GM-R-001304,GADM 3.6:LBY.18_1,0.296473227340761,0.3047582214477871,0.37240016484483657,0.3473505553869256
1251,LY-SR,LY,Surt,171400.359375,0.0248856821830451,GM-R-001305,1,GM-R-001305,GADM 3.6:LBY.19_1,0.34223076863991236,0.2980890873863263,0.37240016484483657,0.3473505553869256
1252,LY-TB,LY,Ţarābulus,1563651.625,0.227027163342271,GM-R-001306,1,GM-R-001306,GADM 3.6:LBY.20_1,0.31035575294078566,0.2946098581687232,0.37240016484483657,0.3473505553869256
1253,LY-WA,LY,Al Wāḩāt,216061.421875,0.031370038525032,GM-R-001295,1,GM-R-001295,GADM 3.6:LBY.9_1,0.36119370596033135,0.33872694136463766,0.37240016484483657,0.3473505553869256
1254,LY-WD,LY,Wādī al Ḩayāt,94732.9765625,0.013754316242887,GM-R-001307,1,GM-R-001307,GADM 3.6:LBY.21_1,0.3116318788053793,0.28481011416249913,0.37240016484483657,0.3473505553869256
1255,LY-WS,LY,Wādī ash Shāţi’,91915.890625,0.0133453024836477,GM-R-001308,1,GM-R-001308,GADM 3.6:LBY.22_1,0.2958398687764605,0.25810886232540814,0.37240016484483657,0.3473505553869256
1256,LY-ZA,LY,Az Zāwiyah,435763.84375,0.063268715199709,GM-R-001297,1,GM-R-001297,GADM 3.6:LBY.11_1,0.29923624026544016,0.2569982671212405,0.37240016484483657,0.3473505553869256
1257,MA-01,MA,Tanger-Tétouan-Al Hoceïma,3817990.5,0.106540784054622,GM-R-001320,1,GM-R-001320,geoboundaries-gbopen MAR-ADM1-70788906-built-2023-12-12:70788906B66040098455254,0.49882890680765524,0.46624598611943047,0.6667662502291131,0.6116424094863548
1258,MA-02,MA,L'Oriental,2400159.5,0.0669762994397577,GM-R-001315,1,GM-R-001315,geoboundaries-gbopen MAR-ADM1-70788906-built-2023-12-12:70788906B40056535803135,0.4855456173974295,0.47500746724454396,0.6667662502291131,0.6116424094863548
1259,MA-03,MA,Fès-Meknès,4477232.5,0.124936890478077,GM-R-001313,1,GM-R-001313,geoboundaries-gbopen MAR-ADM1-70788906-built-2023-12-12:70788906B83815134303720,0.41815757878968285,0.4676119017511639,0.6667662502291131,0.6116424094863548
1260,MA-04,MA,Rabat-Salé-Kénitra,4883341.5,0.13626933650476,GM-R-001318,1,GM-R-001318,geoboundaries-gbopen MAR-ADM1-70788906-built-2023-12-12:70788906B15955360211262,0.4779112944304366,0.4505261009096912,0.6667662502291131,0.6116424094863548
1261,MA-05,MA,Béni Mellal-Khénifra,2652579.5,0.0740200636165067,GM-R-001309,1,GM-R-001309,geoboundaries-gbopen MAR-ADM1-70788906-built-2023-12-12:70788906B63032885328780,0.4405642035946033,0.4104486275895789,0.6667662502291131,0.6116424094863548
1262,MA-06,MA,Casablanca-Settat,7413009.5,0.206859562467315,GM-R-001310,1,GM-R-001310,geoboundaries-gbopen MAR-ADM1-70788906-built-2023-12-12:70788906B33851053053385,0.4939347578300806,0.4960474849119788,0.6667662502291131,0.6116424094863548
1263,MA-07,MA,Marrakech-Safi,4827228,0.134703492827032,GM-R-001317,1,GM-R-001317,geoboundaries-gbopen MAR-ADM1-70788906-built-2023-12-12:70788906B60308563647099,0.5626042859899222,0.45138244971132285,0.6667662502291131,0.6116424094863548
1264,MA-08,MA,Drâa-Tafilalet,1716305.375,0.0478933932207696,GM-R-001312,1,GM-R-001312,geoboundaries-gbopen MAR-ADM1-70788906-built-2023-12-12:70788906B26242154300952,0.5173024931505831,0.4022840136562145,0.6667662502291131,0.6116424094863548
1265,MA-09,MA,Souss-Massa,2878671.75,0.0803291535903224,GM-R-001319,1,GM-R-001319,geoboundaries-gbopen MAR-ADM1-70788906-built-2023-12-12:70788906B1820144472977,0.5157655017473092,0.4480463368156074,0.6667662502291131,0.6116424094863548
1266,MA-10,MA,Guelmim-Oued Noun (EH-partial),414284.78125,0.0115605906867167,GM-R-001314,1,GM-R-001314,geoboundaries-gbopen MAR-ADM1-70788906-built-2023-12-12:70788906B64069740334949,0.4914374284954133,0.4169491920758206,0.6667662502291131,0.6116424094863548
1267,MA-11,MA,Laâyoune-Sakia El Hamra (EH-partial),355149.8125,0.00991043311412171,GM-R-001316,1,GM-R-001316,geoboundaries-gbopen MAR-ADM1-70788906-built-2023-12-12:70788906B89532291078161,0.46529658887531944,0.39445446912271376,0.6667662502291131,0.6116424094863548
1268,MD-GAGAUZIA,MD,Gagauzia,113940.7890625,0.0308594779436736,GM-R-001326,1,GM-R-001326,GADM 4.1:MDA.19_1,0.3727889540147214,0.4933596661690766,0.6302512517028047,0.660293926208648
1269,MD-NORTH,MD,Regiunea Nord,897697.8125,0.243130542388399,GM-R-001321,1,GM-R-001321,GADM 4.1:MDA.2_1|MDA.5_1|MDA.13_1|MDA.14_1|MDA.16_1|MDA.17_1|MDA.18_1|MDA.20_1|MDA.25_1|MDA.28_1|MDA.29_1|MDA.31_1,0.45620303304330334,0.4563886741120625,0.6302512517028047,0.660293926208648
1270,MD-SOUTH,MD,Regiunea Sud,535334.5625,0.144988860090245,GM-R-001323,1,GM-R-001323,GADM 4.1:MDA.3_1|MDA.6_1|MDA.8_1|MDA.9_1|MDA.11_1|MDA.23_1|MDA.32_1|MDA.34_1,0.4046165113225298,0.45925948319857696,0.6302512517028047,0.660293926208648
1271,MD-TRANSNISTRIA,MD,Transnistria,486646.3125,0.131802239308051,GM-R-001324,1,GM-R-001324,GADM 4.1:MDA.4_1|MDA.36_1,0.6765884748555828,0.8068346050381184,0.6302512517028047,0.660293926208648
1272,MD.CENTRAL,MD,Regiunea Centru,1658626.6875,0.449218880269632,GM-A-0023,2,GM-R-001322|GM-R-001325,GADM 4.1:MDA.1_1|MDA.7_1|MDA.12_1|MDA.15_1|MDA.21_1|MDA.22_1|MDA.24_1|MDA.26_1|MDA.27_1|MDA.30_1|MDA.33_1|MDA.35_1|MDA.37_1|GADM 4.1:MDA.10_1,0.4436496266064761,0.4170448039241391,0.6302512517028047,0.660293926208648
1273,ME.nat,ME,Montenegro,605311.25,1,GM-R-002487,1,GM-R-002487,GADM 4.1:MNE,0.341486828838494,0.3244430905577814,0.40263529057211844,0.37234399603109103
1274,MG-A,MG,Toamasina,3638282,0.131161165633889,GM-R-001331,1,GM-R-001331,GADM 3.6:MDG.5_1,0.4449366943962823,0.5709108355854523,0.6390209570180417,0.8488662883366966
1275,MG-D,MG,Antsiranana,2077568,0.0748969542667849,GM-R-001328,1,GM-R-001328,GADM 3.6:MDG.2_1,0.4577483245157976,0.5438280534034914,0.6390209570180417,0.8488662883366966
1276,MG-F,MG,Fianarantsoa,5743105,0.207040670887472,GM-R-001329,1,GM-R-001329,GADM 3.6:MDG.3_1,0.477602841030594,0.5916272748062076,0.6390209570180417,0.8488662883366966
1277,MG-M,MG,Mahajanga,3734714,0.134637568376834,GM-R-001330,1,GM-R-001330,GADM 3.6:MDG.4_1,0.4822504094428849,0.5855295578048401,0.6390209570180417,0.8488662883366966
1278,MG-T,MG,Antananarivo,7962885,0.287064410732485,GM-R-001327,1,GM-R-001327,GADM 3.6:MDG.1_1,0.461560936553739,0.6128570172686632,0.6390209570180417,0.8488662883366966
1279,MG-U,MG,Toliara,4582464.5,0.165199230102536,GM-R-001332,1,GM-R-001332,GADM 3.6:MDG.6_1,0.5177963841795077,0.6034938009804746,0.6390209570180417,0.8488662883366966
1280,MK001,MK,Vardar,157871.6875,0.0745262012042386,GM-R-001340,1,GM-R-001340,gisco-statistical-regions-2024 2024-RG-01M-EPSG4326:MK001,0.4001002044625065,0.553356184060346,0.43918377054012125,0.675329894809824
1281,MK002,MK,Eastern,176107.109375,0.0831345637372635,GM-R-001333,1,GM-R-001333,gisco-statistical-regions-2024 2024-RG-01M-EPSG4326:MK002,0.31185298532425493,0.501397415943673,0.43918377054012125,0.675329894809824
1282,MK003,MK,Southwestern,227484.46875,0.107388180600159,GM-R-001339,1,GM-R-001339,gisco-statistical-regions-2024 2024-RG-01M-EPSG4326:MK003,0.3500573691581177,0.5135501651906472,0.43918377054012125,0.675329894809824
1283,MK004,MK,Southeastern,178224.078125,0.0841339173357711,GM-R-001338,1,GM-R-001338,gisco-statistical-regions-2024 2024-RG-01M-EPSG4326:MK004,0.3858925023082437,0.5435520104834456,0.43918377054012125,0.675329894809824
1284,MK005,MK,Pelagonia,230467.6875,0.108796463265147,GM-R-001335,1,GM-R-001335,gisco-statistical-regions-2024 2024-RG-01M-EPSG4326:MK005,0.393551806761881,0.495244308787784,0.43918377054012125,0.675329894809824
1285,MK006,MK,Polog,335024.96875,0.158154629401211,GM-R-001336,1,GM-R-001336,gisco-statistical-regions-2024 2024-RG-01M-EPSG4326:MK006,0.33889534857717907,0.4643652748940018,0.43918377054012125,0.675329894809824
1286,MK007,MK,Northeastern,169600.421875,0.080062963569576,GM-R-001334,1,GM-R-001334,gisco-statistical-regions-2024 2024-RG-01M-EPSG4326:MK007,0.37599046176101025,0.501458669564994,0.43918377054012125,0.675329894809824
1287,MK008,MK,Skopje,643557.625,0.303803080886634,GM-R-001337,1,GM-R-001337,gisco-statistical-regions-2024 2024-RG-01M-EPSG4326:MK008,0.3611913249387418,0.47283108256935885,0.43918377054012125,0.675329894809824
1288,ML-00,ML,Bamako,4800272,0.206030412197366,GM-R-001341,1,GM-R-001341,mali-igm-ocha-codab MLI-v03-valid-2025-09-04-metadata-2026-06-24:ML20,0.5020661071842859,0.45357059227768215,0.6700021007320975,0.6163733301104773
1289,ML-01,ML,Kayes,1695986.25,0.0727926971989433,GM-R-002583,1,GM-R-002583,mali-igm-ocha-codab MLI-v03-valid-2025-09-04-metadata-2026-06-24:ML01,0.5550934756368838,0.44032772208804205,0.6700021007320975,0.6163733301104773
1290,ML-02,ML,Koulikoro,1763924.75,0.0757086563693967,GM-R-002584,1,GM-R-002584,mali-igm-ocha-codab MLI-v03-valid-2025-09-04-metadata-2026-06-24:ML02,0.5262570257226344,0.4819190002925845,0.6700021007320975,0.6163733301104773
1291,ML-03,ML,Sikasso,1592775.125,0.06836281684485,GM-R-002585,1,GM-R-002585,mali-igm-ocha-codab MLI-v03-valid-2025-09-04-metadata-2026-06-24:ML03,0.4560112875170391,0.45144031440503934,0.6700021007320975,0.6163733301104773
1292,ML-04,ML,Ségou,2552802.25,0.109567728625766,GM-R-002586,1,GM-R-002586,mali-igm-ocha-codab MLI-v03-valid-2025-09-04-metadata-2026-06-24:ML04,0.46286479426978316,0.48003872440228235,0.6700021007320975,0.6163733301104773
1293,ML-05,ML,Mopti,1162969,0.0499152928089823,GM-R-002587,1,GM-R-002587,mali-igm-ocha-codab MLI-v03-valid-2025-09-04-metadata-2026-06-24:ML05,0.509259912658671,0.4836901290374344,0.6700021007320975,0.6163733301104773
1294,ML-06,ML,Tombouctou,1034537.3125,0.044402931527199,GM-R-001351,1,GM-R-001351,mali-igm-ocha-codab MLI-v03-valid-2025-09-04-metadata-2026-06-24:ML06,0.5039024537740777,0.44825195608036517,0.6700021007320975,0.6163733301104773
1295,ML-07,ML,Gao,839262.1875,0.0360216117820591,GM-R-001342,1,GM-R-001342,mali-igm-ocha-codab MLI-v03-valid-2025-09-04-metadata-2026-06-24:ML07,0.5040889648949108,0.4813028854489199,0.6700021007320975,0.6163733301104773
1296,ML-08,ML,Kidal,135007.015625,0.0057945781153141,GM-R-001344,1,GM-R-001344,mali-igm-ocha-codab MLI-v03-valid-2025-09-04-metadata-2026-06-24:ML08,0.4536645883617664,0.5425180885654519,0.6700021007320975,0.6163733301104773
1297,ML-09,ML,Taoudénit,63416.30078125,0.0027218638006332,GM-R-001350,1,GM-R-001350,mali-igm-ocha-codab MLI-v03-valid-2025-09-04-metadata-2026-06-24:ML09,0.42796798960477916,0.39448636095419765,0.6700021007320975,0.6163733301104773
1298,ML-10,ML,Ménaka,86292.1640625,0.00370370890049557,GM-R-001346,1,GM-R-001346,mali-igm-ocha-codab MLI-v03-valid-2025-09-04-metadata-2026-06-24:ML10,0.5533865010175857,0.5893389400085413,0.6700021007320975,0.6163733301104773
1299,ML-11,ML,Nioro,641856.875,0.0275488631744125,GM-R-002588,1,GM-R-002588,mali-igm-ocha-codab MLI-v03-valid-2025-09-04-metadata-2026-06-24:ML11,0.5315887375167873,0.5445024581765054,0.6700021007320975,0.6163733301104773
1300,ML-12,ML,Kita,639891.125,0.027464492063197,GM-R-002589,1,GM-R-002589,mali-igm-ocha-codab MLI-v03-valid-2025-09-04-metadata-2026-06-24:ML12,0.30279203101227276,0.41547258929862974,0.6700021007320975,0.6163733301104773
1301,ML-13,ML,Dioïla,731779.125,0.0314083774338575,GM-R-002590,1,GM-R-002590,mali-igm-ocha-codab MLI-v03-valid-2025-09-04-metadata-2026-06-24:ML13,0.529377083741792,0.45272536980109596,0.6700021007320975,0.6163733301104773
1302,ML-14,ML,Nara,356131.03125,0.015285346989652,GM-R-002591,1,GM-R-002591,mali-igm-ocha-codab MLI-v03-valid-2025-09-04-metadata-2026-06-24:ML14,0.3126476988927858,0.08344982038938109,0.6700021007320975,0.6163733301104773
1303,ML-15,ML,Bougouni,1409579.25,0.0604999453994179,GM-R-002592,1,GM-R-002592,mali-igm-ocha-codab MLI-v03-valid-2025-09-04-metadata-2026-06-24:ML15,0.4748805412443942,0.44994751978957837,0.6700021007320975,0.6163733301104773
1304,ML-16,ML,Koutiala,1265983.5,0.0543367339059255,GM-R-002593,1,GM-R-002593,mali-igm-ocha-codab MLI-v03-valid-2025-09-04-metadata-2026-06-24:ML16,0.5508130837046645,0.5342424836519258,0.6700021007320975,0.6163733301104773
1305,ML-17,ML,San,832261.25,0.0357211275513961,GM-R-002594,1,GM-R-002594,mali-igm-ocha-codab MLI-v03-valid-2025-09-04-metadata-2026-06-24:ML17,0.4021902982862413,0.3734845337681799,0.6700021007320975,0.6163733301104773
1306,ML-18,ML,Douentza,409972.34375,0.0175962468319156,GM-R-002595,1,GM-R-002595,mali-igm-ocha-codab MLI-v03-valid-2025-09-04-metadata-2026-06-24:ML18,0.37514248365683345,0.507109601778675,0.6700021007320975,0.6163733301104773
1307,ML-19,ML,Bandiagara,1284152.75,0.0551165684792199,GM-R-002596,1,GM-R-002596,mali-igm-ocha-codab MLI-v03-valid-2025-09-04-metadata-2026-06-24:ML19,0.5543668464596542,0.5097733530535283,0.6700021007320975,0.6163733301104773
1308,MM-01,MM,Sagaing,5312841.5,0.110065795902669,GM-R-002512,1,GM-R-002512,GADM 3.6:MMR.12_1,0.24542454701522778,0.31313179480876635,0.2744636888844841,0.36104028523776627
1309,MM-02,MM,Bago,4634616,0.0960150418082763,GM-R-002502,1,GM-R-002502,GADM 3.6:MMR.2_1,0.2655162405240959,0.31861140622587275,0.2744636888844841,0.36104028523776627
1310,MM-03,MM,Magway,3533886.75,0.0732113046791716,GM-R-002507,1,GM-R-002507,GADM 3.6:MMR.7_1,0.2568707432220552,0.32349661079984876,0.2744636888844841,0.36104028523776627
1311,MM-04,MM,Mandalay,5903237.5,0.122296991890306,GM-R-002508,1,GM-R-002508,GADM 3.6:MMR.8_1,0.25681120205022634,0.31620063255262654,0.2744636888844841,0.36104028523776627
1312,MM-05,MM,Tanintharyi,1308731.25,0.0271129011949529,GM-R-002514,1,GM-R-002514,GADM 3.6:MMR.14_1,0.2440745512691256,0.2857139889966358,0.2744636888844841,0.36104028523776627
1313,MM-06,MM,Yangon,8002318.5,0.16578351806075,GM-R-002515,1,GM-R-002515,GADM 3.6:MMR.15_1,0.28424389554381535,0.3100376880657991,0.2744636888844841,0.36104028523776627
1314,MM-07,MM,Ayeyarwady,5730331,0.118714899042393,GM-R-002501,1,GM-R-002501,GADM 3.6:MMR.1_1,0.2559525553387113,0.312743757224033,0.2744636888844841,0.36104028523776627
1315,MM-11,MM,Kachin,1803101.75,0.0373547430705858,GM-R-002504,1,GM-R-002504,GADM 3.6:MMR.4_1,0.33211253248070993,0.34788376137089266,0.2744636888844841,0.36104028523776627
1316,MM-12,MM,Kayah,280985.90625,0.00582116696100176,GM-R-002505,1,GM-R-002505,GADM 3.6:MMR.5_1,0.319051852907013,0.40340582696396726,0.2744636888844841,0.36104028523776627
1317,MM-13,MM,Kayin,1434782.625,0.0297242994295889,GM-R-002506,1,GM-R-002506,GADM 3.6:MMR.6_1,0.3080036099782155,0.3625937437221059,0.2744636888844841,0.36104028523776627
1318,MM-14,MM,Chin,544092.6875,0.0112719332384581,GM-R-002503,1,GM-R-002503,GADM 3.6:MMR.3_1,0.25433967705631416,0.30150788878865115,0.2744636888844841,0.36104028523776627
1319,MM-15,MM,Mon,1766253.625,0.0365913628331656,GM-R-002509,1,GM-R-002509,GADM 3.6:MMR.9_1,0.2712971316520127,0.3004492499911838,0.2744636888844841,0.36104028523776627
1320,MM-16,MM,Rakhine,1725988.875,0.0357572005952046,GM-R-002511,1,GM-R-002511,GADM 3.6:MMR.11_1,0.26359917705709995,0.3040038502917559,0.2744636888844841,0.36104028523776627
1321,MM-17,MM,Shan,6238285,0.129238149414524,GM-R-002513,1,GM-R-002513,GADM 3.6:MMR.13_1,0.2837743616220217,0.3302844498027358,0.2744636888844841,0.36104028523776627
1322,MM-18,MM,Naypyitaw,50233.87109375,0.00104069187895134,GM-R-002510,1,GM-R-002510,GADM 3.6:MMR.10_1,NA,NA,0.2744636888844841,0.36104028523776627
1323,MN-035,MN,Orhon,104631.78125,0.0330873944124065,GM-R-001367,1,GM-R-001367,GADM 3.6:MNG.16_1,0.3896383291016653,0.41996071351092795,0.4783795753348881,0.5014063604340034
1324,MN-037,MN,Darhan uul,98248.4453125,0.0310688112313909,GM-R-001356,1,GM-R-001356,GADM 3.6:MNG.5_1,0.3897094695860448,0.41111605967680503,0.4783795753348881,0.5014063604340034
1325,MN-039,MN,Hentiy,60256.953125,0.0190548755867306,GM-R-001363,1,GM-R-001363,GADM 3.6:MNG.12_1,0.4219133951393641,0.38228805865800086,0.4783795753348881,0.5014063604340034
1326,MN-041,MN,Hövsgöl,109756.09375,0.034707840387371,GM-R-001365,1,GM-R-001365,GADM 3.6:MNG.14_1,0.3958409010977774,0.4973315815877467,0.4783795753348881,0.5014063604340034
1327,MN-043,MN,Hovd,66967.1640625,0.0211768254687557,GM-R-001364,1,GM-R-001364,GADM 3.6:MNG.13_1,0.37020392590430024,0.42572841599670025,0.4783795753348881,0.5014063604340034
1328,MN-046,MN,Uvs,59078.25,0.0186821378322349,GM-R-001373,1,GM-R-001373,GADM 3.6:MNG.22_1,0.34496404240713774,0.4267409894704737,0.4783795753348881,0.5014063604340034
1329,MN-047,MN,Töv,76686.3125,0.0242502826331322,GM-R-001371,1,GM-R-001371,GADM 3.6:MNG.20_1,0.34642179681140345,0.3772642211847531,0.4783795753348881,0.5014063604340034
1330,MN-049,MN,Selenge,92557.8046875,0.029269277011776,GM-R-001369,1,GM-R-001369,GADM 3.6:MNG.18_1,0.39207540269205526,0.3956892855528259,0.4783795753348881,0.5014063604340034
1331,MN-051,MN,Sühbaatar,46461.74609375,0.0146924586366343,GM-R-001370,1,GM-R-001370,GADM 3.6:MNG.19_1,0.38702872676810857,0.392381665477295,0.4783795753348881,0.5014063604340034
1332,MN-053,MN,Ömnögovĭ,78999.625,0.0249818145077905,GM-R-001366,1,GM-R-001366,GADM 3.6:MNG.15_1,0.38177504619713304,0.3921382248022903,0.4783795753348881,0.5014063604340034
1333,MN-055,MN,Övörhangay,90519.5546875,0.0286247273266287,GM-R-001368,1,GM-R-001368,GADM 3.6:MNG.17_1,0.3876796623818869,0.3711180401664824,0.4783795753348881,0.5014063604340034
1334,MN-057,MN,Dzavhan,46866.5,0.0148204527506221,GM-R-001360,1,GM-R-001360,GADM 3.6:MNG.9_1,0.3889476306414985,0.4012261943878681,0.4783795753348881,0.5014063604340034
1335,MN-059,MN,Dundgovĭ,28844.146484375,0.00912129794423952,GM-R-001359,1,GM-R-001359,GADM 3.6:MNG.8_1,0.3072124566252364,0.3221684447576105,0.4783795753348881,0.5014063604340034
1336,MN-061,MN,Dornod,63212.30078125,0.0199894363134995,GM-R-001357,1,GM-R-001357,GADM 3.6:MNG.6_1,0.40020882585459466,0.31020212092264376,0.4783795753348881,0.5014063604340034
1337,MN-063,MN,Dornogovĭ,66483.046875,0.0210237345423347,GM-R-001358,1,GM-R-001358,GADM 3.6:MNG.7_1,0.4044024316210901,0.5600223491043669,0.4783795753348881,0.5014063604340034
1338,MN-064,MN,Govĭ-Sümber,13959.904296875,0.00441449867250684,GM-R-001362,1,GM-R-001362,GADM 3.6:MNG.11_1,0.4001592630996532,0.4389157664100127,0.4783795753348881,0.5014063604340034
1339,MN-065,MN,Govĭ-Altay,44473.19140625,0.0140636239511314,GM-R-001361,1,GM-R-001361,GADM 3.6:MNG.10_1,0.3582995734780325,0.3833802048126567,0.4783795753348881,0.5014063604340034
1340,MN-067,MN,Bulgan,47102.77734375,0.014895170026482,GM-R-001355,1,GM-R-001355,GADM 3.6:MNG.4_1,0.3696231012143474,0.4433392274717966,0.4783795753348881,0.5014063604340034
1341,MN-069,MN,Bayanhongor,67628.203125,0.0213858638691503,GM-R-001354,1,GM-R-001354,GADM 3.6:MNG.3_1,0.39776704261118145,0.4108914422039728,0.4783795753348881,0.5014063604340034
1342,MN-071,MN,Bayan-Ölgiy,79775.4296875,0.025227144897617,GM-R-001353,1,GM-R-001353,GADM 3.6:MNG.2_1,0.3719935782000634,0.3169201490604927,0.4783795753348881,0.5014063604340034
1343,MN-073,MN,Arhangay,72805.578125,0.0230230896393647,GM-R-001352,1,GM-R-001352,GADM 3.6:MNG.1_1,0.35074619872219853,0.2775737762578271,0.4783795753348881,0.5014063604340034
1344,MN-1,MN,Ulaanbaatar,1746970.5,0.552439242358201,GM-R-001372,1,GM-R-001372,GADM 3.6:MNG.21_1,0.3864661923956221,0.40431935027055016,0.4783795753348881,0.5014063604340034
1345,MR-01,MR,Hodh ech Chargui,606239.0625,0.135764252578206,GM-R-001380,1,GM-R-001380,ocha-cod-ab MRT-v03-valid-2024-03-27:MR01,0.4661088686837943,0.33872587412124894,0.5777317259974625,0.4618957341784262
1346,MR-02,MR,Hodh el Gharbi,354300.875,0.0793439361756395,GM-R-001381,1,GM-R-001381,ocha-cod-ab MRT-v03-valid-2024-03-27:MR02,0.3537733178912729,0.30358935795525577,0.5777317259974625,0.4618957341784262
1347,MR-03,MR,Assaba,389957.78125,0.0873291247352804,GM-R-001375,1,GM-R-001375,ocha-cod-ab MRT-v03-valid-2024-03-27:MR03,0.38379878489828295,0.4229708427880982,0.5777317259974625,0.4618957341784262
1348,MR-04,MR,Gorgol,389470.65625,0.0872200354904132,GM-R-001378,1,GM-R-001378,ocha-cod-ab MRT-v03-valid-2024-03-27:MR04,0.5423451741833433,0.4325497987928207,0.5777317259974625,0.4618957341784262
1349,MR-05,MR,Brakna,369155.65625,0.0826705912831187,GM-R-001376,1,GM-R-001376,ocha-cod-ab MRT-v03-valid-2024-03-27:MR05,0.5508758999827064,0.3441457413783358,0.5777317259974625,0.4618957341784262
1350,MR-06,MR,Trarza,305287.46875,0.0683676252160612,GM-R-001388,1,GM-R-001388,ocha-cod-ab MRT-v03-valid-2024-03-27:MR06,0.4166255745991818,0.3028719859197714,0.5777317259974625,0.4618957341784262
1351,MR-07,MR,Adrar,59909.9296875,0.0134165337226786,GM-R-001374,1,GM-R-001374,ocha-cod-ab MRT-v03-valid-2024-03-27:MR07,0.47213687642068153,0.5259435828512478,0.5777317259974625,0.4618957341784262
1352,MR-08,MR,Dakhlet Nouâdhibou,118560.2265625,0.026550978880152,GM-R-001377,1,GM-R-001377,ocha-cod-ab MRT-v03-valid-2024-03-27:MR08,0.28452064079924017,0.37140913367391565,0.5777317259974625,0.4618957341784262
1353,MR-09,MR,Tagant,84394.0703125,0.0188996364417035,GM-R-001386,1,GM-R-001386,ocha-cod-ab MRT-v03-valid-2024-03-27:MR09,0.4409086911382473,0.4293624939209644,0.5777317259974625,0.4618957341784262
1354,MR-10,MR,Guidimaka,344795.90625,0.0772153452319918,GM-R-001379,1,GM-R-001379,ocha-cod-ab MRT-v03-valid-2024-03-27:MR10,0.43858008870212895,0.4472092503948427,0.5777317259974625,0.4618957341784262
1355,MR-11,MR,Tiris Zemmour,61287.39453125,0.0137250101910099,GM-R-001387,1,GM-R-001387,ocha-cod-ab MRT-v03-valid-2024-03-27:MR11,0.41060454584775863,0.352005715688591,0.5777317259974625,0.4618957341784262
1356,MR-12,MR,Inchiri,26209.25,0.00586943246812862,GM-R-001382,1,GM-R-001382,ocha-cod-ab MRT-v03-valid-2024-03-27:MR12,0.39149149480254847,0.3433480304133626,0.5777317259974625,0.4618957341784262
1357,MR.A,MR,Nouakchott,1355812.34375,0.303627497585616,GM-A-0024,3,GM-R-001383|GM-R-001384|GM-R-001385,ocha-cod-ab MRT-v03-valid-2024-03-27:MR13|ocha-cod-ab MRT-v03-valid-2024-03-27:MR14|ocha-cod-ab MRT-v03-valid-2024-03-27:MR15,0.42746706118611794,0.37718298264686095,0.5777317259974625,0.4618957341784262
1358,MT.nat,MT,Malta,413462.3125,1,GM-R-002484,1,GM-R-002484,GADM 4.1:MLT,NA,NA,NA,NA
1359,MU-AG,MU,Agalega Islands,190.701965332031,1.5177074438294e-4,GM-R-001389,1,GM-R-001389,GADM 3.6:MUS.1_1,NA,NA,0.5614836101971193,0.733252622239764
1360,MU-BL,MU,Black River,86478.3203125,0.0688240366268001,GM-R-001391,1,GM-R-001391,GADM 3.6:MUS.2_1,0.4509802537890158,0.4634880021623036,0.5614836101971193,0.733252622239764
1361,MU-FL,MU,Flacq,139289.984375,0.110854361552461,GM-R-001394,1,GM-R-001394,GADM 3.6:MUS.3_1,0.4113795862286005,0.5166527009626577,0.5614836101971193,0.733252622239764
1362,MU-GP,MU,Grand Port,106909.5390625,0.0850842847733741,GM-R-001395,1,GM-R-001395,GADM 3.6:MUS.4_1,0.4602928176625881,0.5741653916773667,0.5614836101971193,0.733252622239764
1363,MU-MO,MU,Moka,91339.7421875,0.0726930141459548,GM-R-001396,1,GM-R-001396,GADM 3.6:MUS.5_1,0.4196501316698666,0.5093489679194484,0.5614836101971193,0.733252622239764
1364,MU-PA,MU,Pamplemousses,144808.578125,0.115246351325226,GM-R-001397,1,GM-R-001397,GADM 3.6:MUS.6_1,0.3787189381018609,0.5503190986298515,0.5614836101971193,0.733252622239764
1365,MU-PL,MU,Port Louis,108324.7578125,0.0862105909589356,GM-R-001400,1,GM-R-001400,GADM 4.1:MUS.8_1,0.42600927784899906,0.5396894964723021,0.5614836101971193,0.733252622239764
1366,MU-RO,MU,Rodrigues Island,42244.35546875,0.03362029994975,GM-R-001403,1,GM-R-001403,GADM 3.6:MUS.10_1,NA,NA,0.5614836101971193,0.733252622239764
1367,MU-RR,MU,Rivière du Rempart,107458.9296875,0.0855215189883865,GM-R-001401,1,GM-R-001401,GADM 3.6:MUS.9_1,0.39598057543139314,0.5455196276551355,0.5614836101971193,0.733252622239764
1368,MU-SA,MU,Savanne,67240.6015625,0.0535136391181346,GM-R-001404,1,GM-R-001404,GADM 3.6:MUS.12_1,0.45441672933635485,0.551020365106824,0.5614836101971193,0.733252622239764
1369,MU.A,MU,Plaines Wilhems,362227.83203125,0.288280131816594,GM-A-0058,5,GM-R-001390|GM-R-001393|GM-R-001398|GM-R-001402|GM-R-001405,globalmrp-mauritius-plaines-wilhems5-derived official-2022-census-map-gadm4.1-clipped-2026-08-10:MU-BR|globalmrp-mauritius-plaines-wilhems5-derived official-2022-census-map-gadm4.1-clipped-2026-08-10:MU-CU|globalmrp-mauritius-plaines-wilhems5-derived official-2022-census-map-gadm4.1-clipped-2026-08-10:MU-PW|globalmrp-mauritius-plaines-wilhems5-derived official-2022-census-map-gadm4.1-clipped-2026-08-10:MU-QB|globalmrp-mauritius-plaines-wilhems5-derived official-2022-census-map-gadm4.1-clipped-2026-08-10:MU-VP,0.4581422831834104,0.512256732398505,0.5614836101971193,0.733252622239764
1370,MW-C,MW,Central Region,8137610,0.446764060281286,GM-R-001406,1,GM-R-001406,malawi-nso-ocha-codab MWI-v02-valid-2023-04-05-metadata-2026-06-24:MW2,0.43584044458608157,0.5660515897098689,0.4826598353086344,0.8335130583488496
1371,MW-N,MW,Northern Region,2385734.75,0.130979555872567,GM-R-001407,1,GM-R-001407,malawi-nso-ocha-codab MWI-v02-valid-2023-04-05-metadata-2026-06-24:MW1,0.3215506800777088,0.5453147057654567,0.4826598353086344,0.8335130583488496
1372,MW-S,MW,Southern Region,7691213.5,0.422256383846147,GM-R-001408,1,GM-R-001408,malawi-nso-ocha-codab MWI-v02-valid-2023-04-05-metadata-2026-06-24:MW3,0.3544745198609783,0.6148124377067155,0.4826598353086344,0.8335130583488496
1373,MX-AGU,MX,Aguascalientes,1439118.625,0.0102688761303873,GM-R-001409,1,GM-R-001409,GADM 3.6:MEX.1_1,0.5763394779207197,0.46677423396358675,0.7844288272560724,0.6269313219284346
1374,MX-BCN,MX,Baja California,3826709,0.0273056022105462,GM-R-001410,1,GM-R-001410,GADM 3.6:MEX.3_1,0.5461314841668733,0.4504319156821962,0.7844288272560724,0.6269313219284346
1375,MX-BCS,MX,Baja California Sur,1000208.0625,0.00713701603189743,GM-R-001411,1,GM-R-001411,GADM 3.6:MEX.2_1,0.49036165651841546,0.45736870678117025,0.7844288272560724,0.6269313219284346
1376,MX-CAM,MX,Campeche,962964.125,0.00687126074657799,GM-R-001412,1,GM-R-001412,GADM 3.6:MEX.4_1,0.5713343469762072,0.5509580573845285,0.7844288272560724,0.6269313219284346
1377,MX-CHH,MX,Chihuahua,3783415.5,0.0269966800820796,GM-R-001414,1,GM-R-001414,GADM 3.6:MEX.6_1,0.5628285537604449,0.4154891716155454,0.7844288272560724,0.6269313219284346
1378,MX-CHP,MX,Chiapas,6063587.5,0.0432669189749836,GM-R-001413,1,GM-R-001413,GADM 3.6:MEX.5_1,0.5334195541561588,0.4472146296117647,0.7844288272560724,0.6269313219284346
1379,MX-CMX,MX,Ciudad de México,8354052,0.0596106003247747,GM-R-001415,1,GM-R-001415,GADM 3.6:MEX.9_1,0.5455366095175959,0.5020718446093562,0.7844288272560724,0.6269313219284346
1380,MX-COA,MX,Coahuila de Zaragoza,3793462.75,0.027068372549892,GM-R-001416,1,GM-R-001416,GADM 3.6:MEX.7_1,0.5428258523539556,0.42757484950305585,0.7844288272560724,0.6269313219284346
1381,MX-COL,MX,Colima,859050.25,0.00612978002909819,GM-R-001417,1,GM-R-001417,GADM 3.6:MEX.8_1,0.5227233015953252,0.4667097977629816,0.7844288272560724,0.6269313219284346
1382,MX-DUR,MX,Durango,1480290.625,0.0105626602289986,GM-R-001418,1,GM-R-001418,GADM 3.6:MEX.10_1,0.586529177955939,0.4452479820696477,0.7844288272560724,0.6269313219284346
1383,MX-GRO,MX,Guerrero,4011166.75,0.0286218062767954,GM-R-001420,1,GM-R-001420,GADM 3.6:MEX.12_1,0.57756831580425,0.4799522944329911,0.7844288272560724,0.6269313219284346
1384,MX-GUA,MX,Guanajuato,6953997.5,0.0496204674847586,GM-R-001419,1,GM-R-001419,GADM 3.6:MEX.11_1,0.5727580179463122,0.4997488821844365,0.7844288272560724,0.6269313219284346
1385,MX-HID,MX,Hidalgo,3918699.25,0.0279620015274916,GM-R-001421,1,GM-R-001421,GADM 3.6:MEX.13_1,0.5647353093239699,0.49796671812624693,0.7844288272560724,0.6269313219284346
1386,MX-JAL,MX,Jalisco,9606993,0.0685510001668541,GM-R-001422,1,GM-R-001422,GADM 3.6:MEX.14_1,0.5720801953994885,0.42188182704098925,0.7844288272560724,0.6269313219284346
1387,MX-MEX,MX,México,19302028,0.137730226788822,GM-R-001423,1,GM-R-001423,GADM 3.6:MEX.15_1,0.5680495495586371,0.4827372298353953,0.7844288272560724,0.6269313219284346
1388,MX-MIC,MX,Michoacán de Ocampo,5243956,0.0374184126740777,GM-R-001424,1,GM-R-001424,GADM 3.6:MEX.16_1,0.5486293132901602,0.48379755692426246,0.7844288272560724,0.6269313219284346
1389,MX-MOR,MX,Morelos,2187275.75,0.0156073747845144,GM-R-001425,1,GM-R-001425,GADM 3.6:MEX.17_1,0.5961754600816853,0.4479804846373135,0.7844288272560724,0.6269313219284346
1390,MX-NAY,MX,Nayarit,1320790.375,0.00942454118754998,GM-R-001426,1,GM-R-001426,GADM 3.6:MEX.18_1,0.5758670042488252,0.49208207050750624,0.7844288272560724,0.6269313219284346
1391,MX-NLE,MX,Nuevo León,10225989,0.072967865558479,GM-R-001427,1,GM-R-001427,GADM 3.6:MEX.19_1,0.5343725872523432,0.4265080353503447,0.7844288272560724,0.6269313219284346
1392,MX-OAX,MX,Oaxaca,4509237,0.0321758021827834,GM-R-001428,1,GM-R-001428,GADM 3.6:MEX.20_1,0.5267454553787746,0.43246594101236313,0.7844288272560724,0.6269313219284346
1393,MX-PUE,MX,Puebla,7135929,0.0509186454148202,GM-R-001429,1,GM-R-001429,GADM 3.6:MEX.21_1,0.5390867644931345,0.50879810680348,0.7844288272560724,0.6269313219284346
1394,MX-QUE,MX,Querétaro,2450951.25,0.0174888395929612,GM-R-001430,1,GM-R-001430,GADM 3.6:MEX.22_1,0.5517616273124116,0.41174341253179303,0.7844288272560724,0.6269313219284346
1395,MX-ROO,MX,Quintana Roo,1818244.125,0.0129741380384327,GM-R-001431,1,GM-R-001431,GADM 3.6:MEX.23_1,0.5575466606528174,0.47615179018943343,0.7844288272560724,0.6269313219284346
1396,MX-SIN,MX,Sinaloa,3093048,0.0220705411114683,GM-R-001433,1,GM-R-001433,GADM 3.6:MEX.25_1,0.5529408982658032,0.48329420817548574,0.7844288272560724,0.6269313219284346
1397,MX-SLP,MX,San Luis Potosí,2960664.25,0.0211259127071029,GM-R-001432,1,GM-R-001432,GADM 3.6:MEX.24_1,0.5775464932538015,0.47629800045590015,0.7844288272560724,0.6269313219284346
1398,MX-SON,MX,Sonora,3288314,0.0234638677849218,GM-R-001434,1,GM-R-001434,GADM 3.6:MEX.26_1,0.538433888384257,0.4569135688076637,0.7844288272560724,0.6269313219284346
1399,MX-TAB,MX,Tabasco,2798437.5,0.0199683386393048,GM-R-001435,1,GM-R-001435,GADM 3.6:MEX.27_1,0.5000359634609167,0.5024525872513691,0.7844288272560724,0.6269313219284346
1400,MX-TAM,MX,Tamaulipas,3888456,0.0277461998676178,GM-R-001436,1,GM-R-001436,GADM 3.6:MEX.28_1,0.5622949455295284,0.44656902185620223,0.7844288272560724,0.6269313219284346
1401,MX-TLA,MX,Tlaxcala,1189084.25,0.00848474799764647,GM-R-001437,1,GM-R-001437,GADM 3.6:MEX.29_1,0.5442109802721602,0.46561588271144577,0.7844288272560724,0.6269313219284346
1402,MX-VER,MX,Veracruz de Ignacio de la Llave,8577191,0.0612028156648121,GM-R-001438,1,GM-R-001438,GADM 3.6:MEX.30_1,0.5732333347931731,0.49950571290754897,0.7844288272560724,0.6269313219284346
1403,MX-YUC,MX,Yucatán,2283721.75,0.0162955682454748,GM-R-001439,1,GM-R-001439,GADM 3.6:MEX.31_1,0.5703816967460703,0.47871271374834146,0.7844288272560724,0.6269313219284346
1404,MX-ZAC,MX,Zacatecas,1816699.875,0.0129631189940754,GM-R-001440,1,GM-R-001440,GADM 3.6:MEX.32_1,0.6026619171944941,0.44714557808921346,0.7844288272560724,0.6269313219284346
1405,MY-01,MY,Johor,4084613.5,0.118882748871835,GM-R-001441,1,GM-R-001441,GADM 3.6:MYS.1_1,0.3061909135116883,0.42591093938770636,0.5237621381400658,0.5250937817874695
1406,MY-02,MY,Kedah,2296077,0.0668273620946993,GM-R-001442,1,GM-R-001442,GADM 3.6:MYS.2_1,0.43883973262012255,0.36447951815680596,0.5237621381400658,0.5250937817874695
1407,MY-03,MY,Kelantan,1671174.5,0.0486395636709605,GM-R-001443,1,GM-R-001443,GADM 3.6:MYS.3_1,0.47565254964009246,0.37954684515655784,0.5237621381400658,0.5250937817874695
1408,MY-04,MY,Melaka,1008918.5,0.0293645909625596,GM-R-001444,1,GM-R-001444,GADM 3.6:MYS.6_1,0.4005390752191669,0.4367487624936141,0.5237621381400658,0.5250937817874695
1409,MY-05,MY,Negeri Sembilan,1197256.375,0.0348461681782937,GM-R-001445,1,GM-R-001445,GADM 3.6:MYS.7_1,0.4542852756623567,0.39998873618313563,0.5237621381400658,0.5250937817874695
1410,MY-06,MY,Pahang,1679900,0.0488935195043047,GM-R-001446,1,GM-R-001446,GADM 3.6:MYS.8_1,0.4006732614419539,0.3844317891740495,0.5237621381400658,0.5250937817874695
1411,MY-07,MY,Pulau Pinang,1834012.625,0.0533789702074996,GM-R-001449,1,GM-R-001449,GADM 3.6:MYS.11_1,0.4383447314246859,0.34629764863093887,0.5237621381400658,0.5250937817874695
1412,MY-08,MY,Perak,2693383.5,0.0783909748733987,GM-R-001447,1,GM-R-001447,GADM 3.6:MYS.9_1,0.43358864233775113,0.4201174233201115,0.5237621381400658,0.5250937817874695
1413,MY-09,MY,Perlis,255281.984375,0.00742998671476675,GM-R-001448,1,GM-R-001448,GADM 3.6:MYS.10_1,0.41298004205738725,0.2793872681853952,0.5237621381400658,0.5250937817874695
1414,MY-11,MY,Terengganu,1130748.625,0.0329104589266642,GM-R-001453,1,GM-R-001453,GADM 3.6:MYS.16_1,0.3378335731777412,0.39431537704304276,0.5237621381400658,0.5250937817874695
1415,MY-12,MY,Sabah,4250423.5,0.123708651883329,GM-R-001450,1,GM-R-001450,GADM 3.6:MYS.13_1,0.4526626661386263,0.45906576051914255,0.5237621381400658,0.5250937817874695
1416,MY-13,MY,Sarawak,2845615.5,0.0828216899523791,GM-R-001451,1,GM-R-001451,GADM 3.6:MYS.14_1,0.4360898827261411,0.4125734895636924,0.5237621381400658,0.5250937817874695
1417,MY-14,MY,Wilayah Persekutuan Kuala Lumpur,2138218.75,0.0622328949089797,GM-R-001454,1,GM-R-001454,GADM 3.6:MYS.4_1,0.3491586728507328,0.3984191624072988,0.5237621381400658,0.5250937817874695
1418,MY-15,MY,Wilayah Persekutuan Labuan,89419.7578125,0.00260256364823839,GM-R-001455,1,GM-R-001455,GADM 3.6:MYS.5_1,NA,NA,0.5237621381400658,0.5250937817874695
1419,MY.A,MY,Selangor and Putrajaya,7183292.46875,0.209069855602091,GM-A-0027,2,GM-R-001452|GM-R-001456,GADM 3.6:MYS.12_1|GADM 3.6:MYS.15_1,0.41634034220898075,0.42083649655901045,0.5237621381400658,0.5250937817874695
1420,MZ-A,MZ,Niassa,2202177,0.0713794467272583,GM-R-001464,1,GM-R-001464,GADM 3.6:MOZ.8_1,0.350124768277056,0.38105942636971385,0.5860779775130855,0.5092944237568378
1421,MZ-B,MZ,Manica,2370720.5,0.076842468900079,GM-R-001460,1,GM-R-001460,GADM 3.6:MOZ.4_1,0.3728671674686061,0.2924392455602431,0.5860779775130855,0.5092944237568378
1422,MZ-G,MZ,Gaza,1536223.125,0.0497937980063001,GM-R-001458,1,GM-R-001458,GADM 3.6:MOZ.2_1,0.4151804601105059,0.35519541413573974,0.5860779775130855,0.5092944237568378
1423,MZ-I,MZ,Inhambane,1496177.125,0.0484957818506324,GM-R-001459,1,GM-R-001459,GADM 3.6:MOZ.3_1,0.44097456626452225,0.43035322206928506,0.5860779775130855,0.5092944237568378
1424,MZ-L,MZ,Maputo Province,838523.875,0.0271791823568663,GM-R-001462,1,GM-R-001462,GADM 3.6:MOZ.6_1,0.47100204481997815,0.42768567180129735,0.5860779775130855,0.5092944237568378
1425,MZ-MPM,MZ,Maputo City,2528688.75,0.0819627141326254,GM-R-001461,1,GM-R-001461,GADM 3.6:MOZ.5_1,0.5287867054975919,0.47224970403939515,0.5860779775130855,0.5092944237568378
1426,MZ-N,MZ,Nampula,6016763.5,0.195022130246008,GM-R-001463,1,GM-R-001463,GADM 3.6:MOZ.7_1,0.4310560438504935,0.4594825346568325,0.5860779775130855,0.5092944237568378
1427,MZ-P,MZ,Cabo Delgado,2200134.25,0.0713132348084153,GM-R-001457,1,GM-R-001457,GADM 3.6:MOZ.1_1,0.4466554722897388,0.3831833104241707,0.5860779775130855,0.5092944237568378
1428,MZ-Q,MZ,Zambézia,5789264,0.187648159652033,GM-R-001467,1,GM-R-001467,GADM 3.6:MOZ.11_1,0.46080219204223066,0.3500803130497015,0.5860779775130855,0.5092944237568378
1429,MZ-S,MZ,Sofala,2340133,0.0758510323231054,GM-R-001465,1,GM-R-001465,GADM 3.6:MOZ.9_1,0.5313293902990732,0.34068705929553983,0.5860779775130855,0.5092944237568378
1430,MZ-T,MZ,Tete,3532891,0.114512050996678,GM-R-001466,1,GM-R-001466,GADM 3.6:MOZ.10_1,0.4381166422478579,0.4756850681084748,0.5860779775130855,0.5092944237568378
1431,NAM-CA,NAM,Zambezi,104706.234375,0.0428599394475028,GM-R-001481,1,GM-R-001481,namibia-nsa-ocha-codab NAM-V_01-valid-2020-01-09-metadata-2026-06-24:NA01,0.46094330496885866,0.40038915203718034,0.5036745749834336,0.5283737546232244
1432,NAM-ER,NAM,Erongo,206509.109375,0.0845314319247787,GM-R-001468,1,GM-R-001468,namibia-nsa-ocha-codab NAM-V_01-valid-2020-01-09-metadata-2026-06-24:NA02,0.3514184648913811,0.3780775527781894,0.5036745749834336,0.5283737546232244
1433,NAM-HA,NAM,Hardap,92101.4765625,0.0377003693434023,GM-R-001469,1,GM-R-001469,namibia-nsa-ocha-codab NAM-V_01-valid-2020-01-09-metadata-2026-06-24:NA03,0.3526337057933515,0.3955271681216666,0.5036745749834336,0.5283737546232244
1434,NAM-KA,NAM,Karas,84716.4609375,0.0346774230556698,GM-R-001470,1,GM-R-001470,namibia-nsa-ocha-codab NAM-V_01-valid-2020-01-09-metadata-2026-06-24:NA04,0.36944488658695435,0.3345766993004467,0.5036745749834336,0.5283737546232244
1435,NAM-KE,NAM,Kavango East,163679.921875,0.0669999411420863,GM-R-001471,1,GM-R-001471,namibia-nsa-ocha-codab NAM-V_01-valid-2020-01-09-metadata-2026-06-24:NA05,0.46063947262190397,0.3765577362628389,0.5036745749834336,0.5283737546232244
1436,NAM-KH,NAM,Khomas,453849.9375,0.185776720513476,GM-R-001473,1,GM-R-001473,namibia-nsa-ocha-codab NAM-V_01-valid-2020-01-09-metadata-2026-06-24:NA06,0.3839127820652503,0.41809118131052975,0.5036745749834336,0.5283737546232244
1437,NAM-KU,NAM,Kunene,105668.703125,0.0432539117127776,GM-R-001474,1,GM-R-001474,namibia-nsa-ocha-codab NAM-V_01-valid-2020-01-09-metadata-2026-06-24:NA07,0.42610905132382154,0.49916756628867154,0.5036745749834336,0.5283737546232244
1438,NAM-KW,NAM,Kavango West,77428.8125,0.0316943325777209,GM-R-001472,1,GM-R-001472,namibia-nsa-ocha-codab NAM-V_01-valid-2020-01-09-metadata-2026-06-24:NA14,0.43305881112476546,0.43427685588376264,0.5036745749834336,0.5283737546232244
1439,NAM-OD,NAM,Otjozondjupa,157155.46875,0.0643292533121328,GM-R-001480,1,GM-R-001480,namibia-nsa-ocha-codab NAM-V_01-valid-2020-01-09-metadata-2026-06-24:NA13,0.4009885572538065,0.46485382102021994,0.5036745749834336,0.5283737546232244
1440,NAM-OH,NAM,Omaheke,76555.1328125,0.031336704794368,GM-R-001476,1,GM-R-001476,namibia-nsa-ocha-codab NAM-V_01-valid-2020-01-09-metadata-2026-06-24:NA09,0.37144760999966786,0.36647807433467444,0.5036745749834336,0.5283737546232244
1441,NAM-ON,NAM,Oshana,192596.703125,0.0788365953851654,GM-R-001478,1,GM-R-001478,namibia-nsa-ocha-codab NAM-V_01-valid-2020-01-09-metadata-2026-06-24:NA11,0.3802465211492882,0.429499705245311,0.5036745749834336,0.5283737546232244
1442,NAM-OS,NAM,Omusati,257894.109375,0.10556511727939,GM-R-001477,1,GM-R-001477,namibia-nsa-ocha-codab NAM-V_01-valid-2020-01-09-metadata-2026-06-24:NA10,0.3910658318884006,0.41274691258337726,0.5036745749834336,0.5283737546232244
1443,NAM-OT,NAM,Oshikoto,205783.578125,0.0842344465004829,GM-R-001479,1,GM-R-001479,namibia-nsa-ocha-codab NAM-V_01-valid-2020-01-09-metadata-2026-06-24:NA12,0.4151615316343489,0.394197101210337,0.5036745749834336,0.5283737546232244
1444,NAM-OW,NAM,Ohangwena,264340.40625,0.108203813011046,GM-R-001475,1,GM-R-001475,namibia-nsa-ocha-codab NAM-V_01-valid-2020-01-09-metadata-2026-06-24:NA08,0.41368537411449935,0.4280832848200162,0.5036745749834336,0.5283737546232244
1445,NE-1,NE,Agadez,671524.4375,0.0280224493171652,GM-R-001482,1,GM-R-001482,GADM 3.6:NER.1_1,0.42596495016687563,0.371805870877234,0.46688792219468,0.49975774928921274
1446,NE-2,NE,Diffa,904899.4375,0.0377610958119079,GM-R-001483,1,GM-R-001483,GADM 3.6:NER.2_1,0.3591035262449706,0.40055867484558555,0.46688792219468,0.49975774928921274
1447,NE-3,NE,Dosso,2576747.75,0.107526664995709,GM-R-001484,1,GM-R-001484,GADM 3.6:NER.3_1,0.3420163649551615,0.38035854056558915,0.46688792219468,0.49975774928921274
1448,NE-4,NE,Maradi,4620792,0.19282382351895,GM-R-001485,1,GM-R-001485,GADM 3.6:NER.4_1,0.37378684888875874,0.42057748355736857,0.46688792219468,0.49975774928921274
1449,NE-5,NE,Tahoua,5002072,0.208734487195503,GM-R-001487,1,GM-R-001487,GADM 3.6:NER.6_1,0.39332680366845946,0.33437111086687343,0.46688792219468,0.49975774928921274
1450,NE-6,NE,Tillabéri,3755625.25,0.156720757049725,GM-R-001488,1,GM-R-001488,GADM 3.6:NER.7_1,0.4187452903086985,0.44637365923872646,0.46688792219468,0.49975774928921274
1451,NE-7,NE,Zinder,5251524.5,0.219144041409664,GM-R-001489,1,GM-R-001489,GADM 3.6:NER.8_1,0.358932539587035,0.40269185012606973,0.46688792219468,0.49975774928921274
1452,NE-8,NE,Niamey,1180617,0.049266680701376,GM-R-001486,1,GM-R-001486,GADM 3.6:NER.5_1,0.3431692325519904,0.41803233991585287,0.46688792219468,0.49975774928921274
1453,NG-AB,NG,Abia,4193710.25,0.0193997126840046,GM-R-001490,1,GM-R-001490,GADM 3.6:NGA.1_1,0.37385304334989483,0.27848694905226123,0.4466708964795618,0.5122565215099646
1454,NG-AD,NG,Adamawa,4668529,0.0215961799594866,GM-R-001492,1,GM-R-001492,GADM 3.6:NGA.2_1,0.37448520890283993,0.4171147339661187,0.4466708964795618,0.5122565215099646
1455,NG-AK,NG,Akwa Ibom,6092274,0.0281822916097343,GM-R-001493,1,GM-R-001493,GADM 3.6:NGA.3_1,0.4017875375441928,0.39381507219519996,0.4466708964795618,0.5122565215099646
1456,NG-AN,NG,Anambra,6050952,0.0279911398897201,GM-R-001494,1,GM-R-001494,GADM 3.6:NGA.4_1,0.4370719120385256,0.3477543589158403,0.4466708964795618,0.5122565215099646
1457,NG-BA,NG,Bauchi,7268806,0.0336248189668728,GM-R-001495,1,GM-R-001495,GADM 3.6:NGA.5_1,0.38035241885946486,0.539423530380669,0.4466708964795618,0.5122565215099646
1458,NG-BE,NG,Benue,6381748,0.0295213713493252,GM-R-001497,1,GM-R-001497,GADM 3.6:NGA.7_1,0.4427285483887692,0.42201922925512336,0.4466708964795618,0.5122565215099646
1459,NG-BO,NG,Borno,6649170,0.0307584405925763,GM-R-001498,1,GM-R-001498,GADM 3.6:NGA.8_1,0.4084304653948737,0.4041540437246635,0.4466708964795618,0.5122565215099646
1460,NG-BY,NG,Bayelsa,2600656,0.0120303922260563,GM-R-001496,1,GM-R-001496,GADM 3.6:NGA.6_1,0.5180735419838348,0.5158778002082166,0.4466708964795618,0.5122565215099646
1461,NG-CR,NG,Cross River,4258308.5,0.0196985381667355,GM-R-001499,1,GM-R-001499,GADM 3.6:NGA.9_1,0.307870039960501,0.42387361641471727,0.4466708964795618,0.5122565215099646
1462,NG-DE,NG,Delta,6292782.5,0.0291098252395793,GM-R-001500,1,GM-R-001500,GADM 3.6:NGA.10_1,0.3847321372111573,0.4101039487497937,0.4466708964795618,0.5122565215099646
1463,NG-EB,NG,Ebonyi,3193231,0.0147715889369459,GM-R-001501,1,GM-R-001501,GADM 3.6:NGA.11_1,0.3792404408779834,0.38864597037954446,0.4466708964795618,0.5122565215099646
1464,NG-ED,NG,Edo,4713541.5,0.0218044035884769,GM-R-001502,1,GM-R-001502,GADM 3.6:NGA.12_1,0.30853958737259113,0.46703779616791935,0.4466708964795618,0.5122565215099646
1465,NG-EK,NG,Ekiti,3589536.25,0.0166048600803595,GM-R-001503,1,GM-R-001503,GADM 3.6:NGA.13_1,0.3656210477375565,0.3756087425533396,0.4466708964795618,0.5122565215099646
1466,NG-EN,NG,Enugu,4800837,0.0222082244338981,GM-R-001504,1,GM-R-001504,GADM 3.6:NGA.14_1,0.40776539101987347,0.31817136869068574,0.4466708964795618,0.5122565215099646
1467,NG-FC,NG,Abuja Federal Capital Territory,4856746.5,0.0224668565690835,GM-R-001491,1,GM-R-001491,GADM 3.6:NGA.15_1,0.43869194138327294,0.37876136797548055,0.4466708964795618,0.5122565215099646
1468,NG-GO,NG,Gombe,3693200.25,0.0170844000809293,GM-R-001505,1,GM-R-001505,GADM 3.6:NGA.16_1,0.25439286564667474,0.4822375104916291,0.4466708964795618,0.5122565215099646
1469,NG-IM,NG,Imo,6022308,0.0278586354158785,GM-R-001506,1,GM-R-001506,GADM 3.6:NGA.17_1,0.3586743107236053,0.29874608572387773,0.4466708964795618,0.5122565215099646
1470,NG-JI,NG,Jigawa,6438956.5,0.0297860125374194,GM-R-001507,1,GM-R-001507,GADM 3.6:NGA.18_1,0.3804324072173974,0.44121679515341755,0.4466708964795618,0.5122565215099646
1471,NG-KD,NG,Kaduna,9222960,0.042664553207048,GM-R-001508,1,GM-R-001508,GADM 3.6:NGA.19_1,0.3553707654143823,0.43257491308952817,0.4466708964795618,0.5122565215099646
1472,NG-KE,NG,Kebbi,4970123,0.022991325689266,GM-R-001511,1,GM-R-001511,GADM 3.6:NGA.22_1,0.4335916395604791,0.431634456976907,0.4466708964795618,0.5122565215099646
1473,NG-KN,NG,Kano,14725746,0.0681199282801263,GM-R-001509,1,GM-R-001509,GADM 3.6:NGA.20_1,0.3137911749882639,0.3707486521099809,0.4466708964795618,0.5122565215099646
1474,NG-KO,NG,Kogi,4966100.5,0.0229727179792385,GM-R-001512,1,GM-R-001512,GADM 3.6:NGA.23_1,0.3505891568462338,0.41994161146494063,0.4466708964795618,0.5122565215099646
1475,NG-KT,NG,Katsina,8713399,0.0403073715216957,GM-R-001510,1,GM-R-001510,GADM 3.6:NGA.21_1,0.2420645254786451,0.4858014521689982,0.4466708964795618,0.5122565215099646
1476,NG-KW,NG,Kwara,3527661.5,0.0163186332547474,GM-R-001513,1,GM-R-001513,GADM 3.6:NGA.24_1,0.18803293705212057,0.38102919146080744,0.4466708964795618,0.5122565215099646
1477,NG-LA,NG,Lagos,13993339,0.0647318817722032,GM-R-001514,1,GM-R-001514,GADM 3.6:NGA.25_1,0.3430142330688581,0.28917934561014796,0.4466708964795618,0.5122565215099646
1478,NG-NA,NG,Nasarawa,2790950.25,0.0129106756875611,GM-R-001515,1,GM-R-001515,GADM 3.6:NGA.26_1,0.4327771922429937,0.4011278842270475,0.4466708964795618,0.5122565215099646
1479,NG-NI,NG,Niger,6260549,0.0289607160733464,GM-R-001516,1,GM-R-001516,GADM 3.6:NGA.27_1,0.2963003976779175,0.33678637448226634,0.4466708964795618,0.5122565215099646
1480,NG-OG,NG,Ogun,5878169.5,0.0271918641512916,GM-R-001517,1,GM-R-001517,GADM 3.6:NGA.28_1,0.2641563555213138,0.34012075001229547,0.4466708964795618,0.5122565215099646
1481,NG-ON,NG,Ondo,5175198.5,0.0239399858353809,GM-R-001518,1,GM-R-001518,GADM 3.6:NGA.29_1,0.3786017333738432,0.38215197052001015,0.4466708964795618,0.5122565215099646
1482,NG-OS,NG,Osun,5260948.5,0.0243366573418717,GM-R-001519,1,GM-R-001519,GADM 3.6:NGA.30_1,0.30477096035933376,0.3712649184254734,0.4466708964795618,0.5122565215099646
1483,NG-OY,NG,Oyo,8733706,0.0404013098107022,GM-R-001520,1,GM-R-001520,GADM 3.6:NGA.31_1,0.33783290282552214,0.4679255956531598,0.4466708964795618,0.5122565215099646
1484,NG-PL,NG,Plateau,4768252,0.0220574892614316,GM-R-001521,1,GM-R-001521,GADM 3.6:NGA.32_1,0.5028811245732413,0.5071512073384621,0.4466708964795618,0.5122565215099646
1485,NG-RI,NG,Rivers,7722983,0.0357257994310533,GM-R-001522,1,GM-R-001522,GADM 3.6:NGA.33_1,0.4621662574577488,0.4503801501095906,0.4466708964795618,0.5122565215099646
1486,NG-SO,NG,Sokoto,5615668,0.0259775566823576,GM-R-001523,1,GM-R-001523,GADM 3.6:NGA.34_1,0.4155748682913548,0.3815085493268976,0.4466708964795618,0.5122565215099646
1487,NG-TA,NG,Taraba,3388984.25,0.0156771252235695,GM-R-001524,1,GM-R-001524,GADM 3.6:NGA.35_1,0.49570490607091183,0.46687718019089797,0.4466708964795618,0.5122565215099646
1488,NG-YO,NG,Yobe,3722178.25,0.0172184496076359,GM-R-001525,1,GM-R-001525,GADM 3.6:NGA.36_1,0.30860866482837107,0.3994219993806005,0.4466708964795618,0.5122565215099646
1489,NG-ZA,NG,Zamfara,4971623.5,0.0229982668623913,GM-R-001526,1,GM-R-001526,GADM 3.6:NGA.37_1,0.4309397583139516,0.4568502682793392,0.4466708964795618,0.5122565215099646
1490,NI-AN,NI,Costa Caribe Norte,614041.3125,0.0898210101028284,GM-R-001531,1,GM-R-001531,GADM 3.6:NIC.1_1,0.4891811303329842,0.43551653143749997,0.7451777269719828,0.5965827677836097
1491,NI-AS,NI,Costa Caribe Sur,426071.40625,0.0623250639757363,GM-R-001532,1,GM-R-001532,GADM 3.6:NIC.2_1,0.5328504907962555,0.48164096437797793,0.7451777269719828,0.5965827677836097
1492,NI-BO,NI,Boaco,177769.40625,0.0260038328198887,GM-R-001527,1,GM-R-001527,GADM 3.6:NIC.3_1,0.5120889941091717,0.3778996992645595,0.7451777269719828,0.5965827677836097
1493,NI-CA,NI,Carazo,189790.78125,0.0277623008958049,GM-R-001528,1,GM-R-001528,GADM 3.6:NIC.4_1,0.565941552090957,0.4728457038745913,0.7451777269719828,0.5965827677836097
1494,NI-CI,NI,Chinandega,422540.875,0.0618086233444317,GM-R-001529,1,GM-R-001529,GADM 3.6:NIC.5_1,0.5251036423826914,0.48003059802918985,0.7451777269719828,0.5965827677836097
1495,NI-CO,NI,Chontales,164687.15625,0.0240901815956192,GM-R-001530,1,GM-R-001530,GADM 3.6:NIC.6_1,0.5395215156428048,0.45571299746640065,0.7451777269719828,0.5965827677836097
1496,NI-ES,NI,Estelí,251365.484375,0.0367693528952081,GM-R-001533,1,GM-R-001533,GADM 3.6:NIC.7_1,0.5062539880399926,0.4295413639770626,0.7451777269719828,0.5965827677836097
1497,NI-GR,NI,Granada,165398.375,0.0241942175704447,GM-R-001534,1,GM-R-001534,GADM 3.6:NIC.8_1,0.5266864677085429,0.44854023767423046,0.7451777269719828,0.5965827677836097
1498,NI-JI,NI,Jinotega,577712.625,0.0845069060832231,GM-R-001535,1,GM-R-001535,GADM 3.6:NIC.9_1,0.5469579621898718,0.47168693665748096,0.7451777269719828,0.5965827677836097
1499,NI-LE,NI,León,381317.4375,0.055778522892256,GM-R-001536,1,GM-R-001536,GADM 3.6:NIC.11_1,0.5353432543252981,0.44678290616588084,0.7451777269719828,0.5965827677836097
1500,NI-MD,NI,Madriz,173842.734375,0.0254294453528323,GM-R-001537,1,GM-R-001537,GADM 3.6:NIC.12_1,0.5358057428383646,0.40159461882581227,0.7451777269719828,0.5965827677836097
1501,NI-MN,NI,Managua,1612180.375,0.235827242894926,GM-R-001538,1,GM-R-001538,GADM 3.6:NIC.13_1,0.5529643205556266,0.4719628674598197,0.7451777269719828,0.5965827677836097
1502,NI-MS,NI,Masaya,373787.78125,0.0546770964632287,GM-R-001539,1,GM-R-001539,GADM 3.6:NIC.14_1,0.5446144118230136,0.42559402161849225,0.7451777269719828,0.5965827677836097
1503,NI-MT,NI,Matagalpa,688827.8125,0.100760663242299,GM-R-001540,1,GM-R-001540,GADM 3.6:NIC.15_1,0.5351020990853723,0.41370229001561964,0.7451777269719828,0.5965827677836097
1504,NI-NS,NI,Nueva Segovia,290480.78125,0.0424910778089279,GM-R-001541,1,GM-R-001541,GADM 3.6:NIC.16_1,0.5247824158650612,0.3951906038413252,0.7451777269719828,0.5965827677836097
1505,NI-RI,NI,Rivas,160504.515625,0.0234783514171169,GM-R-001543,1,GM-R-001543,GADM 3.6:NIC.18_1,0.5040075427711447,0.5417618015127971,0.7451777269719828,0.5965827677836097
1506,NI-SJ,NI,Río San Juan,165958.21875,0.0242761106452282,GM-R-001542,1,GM-R-001542,GADM 3.6:NIC.17_1,0.5477071357451433,0.4311104860546041,0.7451777269719828,0.5965827677836097
1507,NL-DR,NL,Drenthe,513246.25,0.0297388011903611,GM-R-001544,1,GM-R-001544,GADM 3.6:NLD.1_1,0.2756006331393431,0.3619691830267391,0.3361075562283387,0.4702174017738649
1508,NL-FL,NL,Flevoland,454489.28125,0.0263342720540946,GM-R-001545,1,GM-R-001545,GADM 3.6:NLD.2_1,0.3139640268026504,0.36317073333832045,0.3361075562283387,0.4702174017738649
1509,NL-FR,NL,Fryslân,660901.4375,0.0382943206233584,GM-R-001546,1,GM-R-001546,GADM 3.6:NLD.3_1,0.28490367002738093,0.3929860233578646,0.3361075562283387,0.4702174017738649
1510,NL-GE,NL,Gelderland,2069244.75,0.119897336287305,GM-R-001547,1,GM-R-001547,GADM 3.6:NLD.4_1,0.29266439373327235,0.4070943216484844,0.3361075562283387,0.4702174017738649
1511,NL-GR,NL,Groningen,569126.4375,0.032976642258937,GM-R-001548,1,GM-R-001548,GADM 3.6:NLD.5_1,0.3005252241002821,0.40334480783987686,0.3361075562283387,0.4702174017738649
1512,NL-LI,NL,Limburg,1095500.375,0.063476095258545,GM-R-001549,1,GM-R-001549,GADM 3.6:NLD.7_1,0.3211123603255601,0.3778903242825982,0.3361075562283387,0.4702174017738649
1513,NL-NB,NL,Noord-Brabant,2537425.25,0.147024912593423,GM-R-001550,1,GM-R-001550,GADM 3.6:NLD.8_1,0.2977363870294613,0.37258970405065744,0.3361075562283387,0.4702174017738649
1514,NL-NH,NL,Noord-Holland,2819795,0.163386138530139,GM-R-001551,1,GM-R-001551,GADM 3.6:NLD.9_1,0.3151471140772353,0.3893327117745737,0.3361075562283387,0.4702174017738649
1515,NL-OV,NL,Overijssel,1169491.5,0.0677633303941669,GM-R-001552,1,GM-R-001552,GADM 3.6:NLD.10_1,0.30458763446090653,0.3693700165713139,0.3361075562283387,0.4702174017738649
1516,NL-UT,NL,Utrecht,1338688.5,0.0775670375717751,GM-R-001553,1,GM-R-001553,GADM 3.6:NLD.11_1,0.3023451872535003,0.40212256593884016,0.3361075562283387,0.4702174017738649
1517,NL-ZE,NL,Zeeland,374904.375,0.0217229189176182,GM-R-001554,1,GM-R-001554,GADM 3.6:NLD.12_1,0.30030750845393284,0.3666359045536734,0.3361075562283387,0.4702174017738649
1518,NL-ZH,NL,Zuid-Holland,3655658.25,0.211818194320277,GM-R-001555,1,GM-R-001555,GADM 3.6:NLD.14_1,0.3088321693698371,0.35625147415779895,0.3361075562283387,0.4702174017738649
1519,NO-01,NO,Østfold,292054.84375,0.0565405713986211,GM-R-001557,1,GM-R-001557,GADM 3.6:NOR.2_1,0.28833106997274005,0.3393931763802967,0.28505056254702643,0.41889914771149406
1520,NO-02,NO,Akershus,622030.4375,0.120422438169489,GM-R-001556,1,GM-R-001556,GADM 3.6:NOR.1_1,0.2882476751262775,0.3733579547302986,0.28505056254702643,0.41889914771149406
1521,NO-03,NO,Oslo,677357.6875,0.131133557659061,GM-R-001566,1,GM-R-001566,GADM 3.6:NOR.12_1,0.30969313044100266,0.4299930898168959,0.28505056254702643,0.41889914771149406
1522,NO-04,NO,Hedmark,195510.078125,0.0378499167808326,GM-R-001561,1,GM-R-001561,GADM 3.6:NOR.6_1,0.29554876887960285,0.32659068715136513,0.28505056254702643,0.41889914771149406
1523,NO-05,NO,Oppland,188683.21875,0.0365282659396264,GM-R-001565,1,GM-R-001565,GADM 3.6:NOR.11_1,0.2629189500922033,0.32625692279874385,0.28505056254702643,0.41889914771149406
1524,NO-06,NO,Buskerud,280903.5625,0.0543817309369939,GM-R-001559,1,GM-R-001559,GADM 3.6:NOR.4_1,0.23365155095777485,0.3207485704138437,0.28505056254702643,0.41889914771149406
1525,NO-07,NO,Vestfold,250440.0625,0.048484127340745,GM-R-001573,1,GM-R-001573,GADM 3.6:NOR.19_1,0.24945214133092208,0.32733016461568476,0.28505056254702643,0.41889914771149406
1526,NO-08,NO,Telemark,170434.203125,0.0329953343927588,GM-R-001569,1,GM-R-001569,GADM 3.6:NOR.16_1,0.2595264859608657,0.30579465459244076,0.28505056254702643,0.41889914771149406
1527,NO-09,NO,Aust-Agder,113276.1640625,0.0219297819536256,GM-R-001558,1,GM-R-001558,GADM 3.6:NOR.3_1,0.21463599810191297,0.34611093606454685,0.28505056254702643,0.41889914771149406
1528,NO-10,NO,Vest-Agder,179406.34375,0.0347323025289234,GM-R-001572,1,GM-R-001572,GADM 3.6:NOR.18_1,0.30171254198751385,0.35211487344298786,0.28505056254702643,0.41889914771149406
1529,NO-11,NO,Rogaland,472483.6875,0.0914708255640001,GM-R-001567,1,GM-R-001567,GADM 3.6:NOR.13_1,0.24603155401990803,0.33244620891389515,0.28505056254702643,0.41889914771149406
1530,NO-12,NO,Hordaland,508197.9375,0.0983849519525415,GM-R-001562,1,GM-R-001562,GADM 3.6:NOR.7_1,0.2722327948162191,0.34307846267889475,0.28505056254702643,0.41889914771149406
1531,NO-14,NO,Sogn og Fjordane,101771.9140625,0.0197026082483014,GM-R-001568,1,GM-R-001568,GADM 3.6:NOR.14_1,0.2770974167125959,0.3444375301925652,0.28505056254702643,0.41889914771149406
1532,NO-15,NO,Møre og Romsdal,228785.203125,0.0442918389784011,GM-R-001563,1,GM-R-001563,GADM 3.6:NOR.8_1,0.2721510238423729,0.30600783321229846,0.28505056254702643,0.41889914771149406
1533,NO-18,NO,Nordland,219381.484375,0.042471319159007,GM-R-001564,1,GM-R-001564,GADM 3.6:NOR.10_1,0.2856029711437021,0.33351617807392037,0.28505056254702643,0.41889914771149406
1534,NO-19,NO,Troms,151126.640625,0.0292574726882665,GM-R-001570,1,GM-R-001570,GADM 3.6:NOR.17_1,0.2938962994718874,0.30344865661815834,0.28505056254702643,0.41889914771149406
1535,NO-20,NO,Finnmark,69827.7421875,0.0135183528958569,GM-R-001560,1,GM-R-001560,GADM 3.6:NOR.5_1,0.21853373068066284,0.3016266646564419,0.28505056254702643,0.41889914771149406
1536,NO-50,NO,Trøndelag,443731.90625,0.0859046034129485,GM-R-001571,1,GM-R-001571,globalmrp-mixed-source-partition-repairs worldpop-readiness-overlap-repair-2026-08-10:NO-50,0.2779372382285903,0.36058510971020985,0.28505056254702643,0.41889914771149406
1537,NP-P1,NP,Pradesh 1,8333450,0.20400139315905,GM-R-001576,1,GM-R-001576,nepal-national-geoportal live-retrieved-2026-08-06-updated-names:province0.1,0.4308811418417348,0.4411728022464739,0.529053445790243,0.6609523503614867
1538,NP-P2,NP,Pradesh 2,8077907,0.197745745376674,GM-R-001577,1,GM-R-001577,nepal-national-geoportal live-retrieved-2026-08-06-updated-names:province0.2,0.4038783122656935,0.5262022042966839,0.529053445790243,0.6609523503614867
1539,NP-P3,NP,Bagmati Pradesh,10772351,0.263705261518133,GM-R-001578,1,GM-R-001578,nepal-national-geoportal live-retrieved-2026-08-06-updated-names:province0.3,0.4287611342333321,0.5342144672693074,0.529053445790243,0.6609523503614867
1540,NP-P4,NP,Gandaki,2336208.5,0.0571899739855659,GM-R-001574,1,GM-R-001574,nepal-national-geoportal live-retrieved-2026-08-06-updated-names:province0.4,0.426655615267919,0.47132111348200983,0.529053445790243,0.6609523503614867
1541,NP-P5,NP,Pradesh 5,5280462.5,0.129264795075763,GM-R-001579,1,GM-R-001579,nepal-national-geoportal live-retrieved-2026-08-06-updated-names:province0.5,0.4159353022132004,0.44801801914027345,0.529053445790243,0.6609523503614867
1542,NP-P6,NP,Karnali,1493464.625,0.036559751859525,GM-R-001575,1,GM-R-001575,nepal-national-geoportal live-retrieved-2026-08-06-updated-names:province0.6,0.35528421453352055,0.4458084167512904,0.529053445790243,0.6609523503614867
1543,NP-P7,NP,Sudurpashchim,4556122.5,0.111533079025289,GM-R-001580,1,GM-R-001580,nepal-national-geoportal live-retrieved-2026-08-06-updated-names:province0.7,0.36428630043220356,0.4548974218384772,0.529053445790243,0.6609523503614867
1544,NZ-AUK,NZ,Auckland,1458504.75,0.336788836861658,GM-R-001581,1,GM-R-001581,GADM 3.6:NZL.1_1,0.3605643002433667,0.3719584466810358,0.3739814484517975,0.44815736150118035
1545,NZ-BOP,NZ,Bay of Plenty,267018.28125,0.0616581991680085,GM-R-001582,1,GM-R-001582,GADM 3.6:NZL.2_1,0.3267463627849179,0.3480381843774277,0.3739814484517975,0.44815736150118035
1546,NZ-CAN,NZ,Canterbury,576631.0625,0.133152055101416,GM-R-001583,1,GM-R-001583,GADM 3.6:NZL.3_1,0.29725980373016136,0.3740572563159661,0.3739814484517975,0.44815736150118035
1547,NZ-CIT,NZ,Chatham Islands Territory,509.856597900391,1.1773291144448e-4,GM-R-001584,1,GM-R-001584,GADM 3.6:NZL.4_1,0.29182025778371,0.3505257183270265,0.3739814484517975,0.44815736150118035
1548,NZ-GIS,NZ,Gisborne,41910.00390625,0.00967759718880138,GM-R-001585,1,GM-R-001585,GADM 3.6:NZL.5_1,0.2565223668291801,0.3378293882544236,0.3739814484517975,0.44815736150118035
1549,NZ-HKB,NZ,Hawke's Bay,151688.65625,0.0350270001544701,GM-R-001586,1,GM-R-001586,GADM 3.6:NZL.6_1,0.31436946283137235,0.3546211351700631,0.3739814484517975,0.44815736150118035
1550,NZ-MBH,NZ,Marlborough,43465.2734375,0.0100367303465344,GM-R-001588,1,GM-R-001588,GADM 3.6:NZL.8_1,0.27954896680493874,0.4094705182771376,0.3739814484517975,0.44815736150118035
1551,NZ-MWT,NZ,Manawatu-Wanganui,222623.796875,0.0514069012166448,GM-R-001587,1,GM-R-001587,GADM 3.6:NZL.7_1,0.29225488381523884,0.34882647685901474,0.3739814484517975,0.44815736150118035
1552,NZ-NTL,NZ,Northland,146316.546875,0.0337865061019825,GM-R-001590,1,GM-R-001590,GADM 3.6:NZL.11_1,0.3034893013356275,0.36029638729457325,0.3739814484517975,0.44815736150118035
1553,NZ-OTA,NZ,Otago,188324.40625,0.0434866994664226,GM-R-001591,1,GM-R-001591,GADM 3.6:NZL.12_1,0.3007571616882889,0.37369761366398635,0.3739814484517975,0.44815736150118035
1554,NZ-STL,NZ,Southland,94789.5234375,0.0218882066343537,GM-R-001592,1,GM-R-001592,GADM 3.6:NZL.14_1,0.23251059442184885,0.25586289865732503,0.3739814484517975,0.44815736150118035
1555,NZ-TKI,NZ,Taranaki,113213.4140625,0.0261425367584484,GM-R-001593,1,GM-R-001593,GADM 3.6:NZL.15_1,0.3163535359510107,0.2918357427410796,0.3739814484517975,0.44815736150118035
1556,NZ-WGN,NZ,Wellington,478246.65625,0.110433740508157,GM-R-001596,1,GM-R-001596,GADM 3.6:NZL.18_1,0.3526945404000052,0.3894828495834593,0.3739814484517975,0.44815736150118035
1557,NZ-WKO,NZ,Waikato,419850.53125,0.0969492708717174,GM-R-001595,1,GM-R-001595,GADM 3.6:NZL.17_1,0.29661395846250893,0.3713499509774426,0.3739814484517975,0.44815736150118035
1558,NZ-WTC,NZ,West Coast,31345.587890625,0.00723812801187549,GM-R-001597,1,GM-R-001597,GADM 3.6:NZL.19_1,0.18551997423428088,0.33715215513599955,0.3739814484517975,0.44815736150118035
1559,NZ.A,NZ,Tasman and Nelson,96182.4765625,0.022209858698066,GM-A-0035,2,GM-R-001589|GM-R-001594,GADM 3.6:NZL.16_1|GADM 3.6:NZL.9_1,0.3198609953035737,0.4358850482091744,0.3739814484517975,0.44815736150118035
1560,PA-1,PA,Bocas del Toro,165728.8125,0.0412938124674204,GM-R-001598,1,GM-R-001598,GADM 3.6:PAN.1_1,0.5237553633000996,0.5035465009312436,0.7258693730091546,0.7586435480290322
1561,PA-10,PA,Panamá Oeste,563576.6875,0.140423561199625,GM-R-001609,1,GM-R-001609,GADM 3.6:PAN.11_1,0.5280985032039824,0.5018739893918044,0.7258693730091546,0.7586435480290322
1562,PA-2,PA,Coclé,267615.21875,0.0666803345163062,GM-R-001600,1,GM-R-001600,GADM 3.6:PAN.3_1,0.5181175163567433,0.5159328078977377,0.7258693730091546,0.7586435480290322
1563,PA-3,PA,Colón,267571.59375,0.0666694646950499,GM-R-001601,1,GM-R-001601,GADM 3.6:PAN.4_1,0.5158117593353604,0.45893604689180856,0.7258693730091546,0.7586435480290322
1564,PA-4,PA,Chiriquí,468325.8125,0.116690381010407,GM-R-001599,1,GM-R-001599,GADM 3.6:PAN.2_1,0.5182553714025836,0.5629733595070097,0.7258693730091546,0.7586435480290322
1565,PA-5,PA,Darién,56874.61328125,0.0141711605819477,GM-R-001602,1,GM-R-001602,GADM 3.6:PAN.5_1,0.5146691626572873,0.5194550409742342,0.7258693730091546,0.7586435480290322
1566,PA-6,PA,Herrera,117835.7265625,0.0293605337613464,GM-R-001605,1,GM-R-001605,GADM 3.6:PAN.7_1,0.5162624624106011,0.5424075459556543,0.7258693730091546,0.7586435480290322
1567,PA-7,PA,Los Santos,95453.515625,0.0237836711318663,GM-R-001606,1,GM-R-001606,GADM 3.6:PAN.9_1,0.5151120259672742,0.6468056813614876,0.7258693730091546,0.7586435480290322
1568,PA-8,PA,Panamá,1502492.875,0.374368572838747,GM-R-001608,1,GM-R-001608,GADM 3.6:PAN.12_1,0.5147348714183965,0.5748039804805148,0.7258693730091546,0.7586435480290322
1569,PA-9,PA,Veraguas,246119.40625,0.0613243313155361,GM-R-001610,1,GM-R-001610,GADM 3.6:PAN.13_1,0.5234447802576556,0.5425715904010676,0.7258693730091546,0.7586435480290322
1570,PA-EM,PA,Emberá,12261.1357421875,0.00305504536198542,GM-R-001603,1,GM-R-001603,GADM 3.6:PAN.6_1,0.4107892815345984,0.3612717146010198,0.7258693730091546,0.7586435480290322
1571,PA-KY,PA,Guna Yala,31754.642578125,0.00791214415773996,GM-R-001604,1,GM-R-001604,GADM 3.6:PAN.8_1,0.6099319563561345,0.6256136494976073,0.7258693730091546,0.7586435480290322
1572,PA-NB,PA,Ngöbe-Buglé,217795.421875,0.0542669869620224,GM-R-001607,1,GM-R-001607,GADM 3.6:PAN.10_1,0.6003000427971191,0.4911333849919689,0.7258693730091546,0.7586435480290322
1573,PE-AMA,PE,Amazonas,438060.40625,0.0123143114050318,GM-R-001611,1,GM-R-001611,GADM 3.6:PER.1_1,0.490552905020002,0.5372946958168544,0.7636337876188732,0.7128280257548423
1574,PE-ANC,PE,Ancash,1187640.125,0.0333857388791592,GM-R-001612,1,GM-R-001612,GADM 3.6:PER.2_1,0.5784198863920785,0.4737161743018072,0.7636337876188732,0.7128280257548423
1575,PE-APU,PE,Apurímac,437078.21875,0.0122867011427014,GM-R-001613,1,GM-R-001613,GADM 3.6:PER.3_1,0.5433420693386616,0.5508259602592774,0.7636337876188732,0.7128280257548423
1576,PE-ARE,PE,Arequipa,1584976.625,0.0445552609902103,GM-R-001614,1,GM-R-001614,GADM 3.6:PER.4_1,0.5591907109150135,0.5629725621408267,0.7636337876188732,0.7128280257548423
1577,PE-AYA,PE,Ayacucho,805907.9375,0.0226548694302634,GM-R-001615,1,GM-R-001615,GADM 3.6:PER.5_1,0.5491106231135922,0.531942633414452,0.7636337876188732,0.7128280257548423
1578,PE-CAJ,PE,Cajamarca,1575236,0.0442814423847891,GM-R-001616,1,GM-R-001616,GADM 3.6:PER.6_1,0.5176924073088162,0.5234207821415424,0.7636337876188732,0.7128280257548423
1579,PE-CUS,PE,Cusco,1408298.25,0.0395886570761297,GM-R-001617,1,GM-R-001617,GADM 3.6:PER.8_1,0.5845043541751744,0.5730403028444033,0.7636337876188732,0.7128280257548423
1580,PE-HUC,PE,Huánuco,917679.125,0.0257968680892331,GM-R-001620,1,GM-R-001620,GADM 3.6:PER.10_1,0.4748427821490885,0.4439385949557812,0.7636337876188732,0.7128280257548423
1581,PE-HUV,PE,Huancavelica,589518,0.0165719342065545,GM-R-001619,1,GM-R-001619,GADM 3.6:PER.9_1,0.4788677142472929,0.49819108850359023,0.7636337876188732,0.7128280257548423
1582,PE-ICA,PE,Ica,902485.1875,0.0253697514743231,GM-R-001621,1,GM-R-001621,GADM 3.6:PER.11_1,0.5487375639902007,0.481646497189357,0.7636337876188732,0.7128280257548423
1583,PE-JUN,PE,Junín,1617600.125,0.0454723398505463,GM-R-001622,1,GM-R-001622,GADM 3.6:PER.12_1,0.5633491838523949,0.560834161790431,0.7636337876188732,0.7128280257548423
1584,PE-LAL,PE,La Libertad,2108734.25,0.0592786059969468,GM-R-001623,1,GM-R-001623,GADM 3.6:PER.13_1,0.51571145330835,0.5562136153019304,0.7636337876188732,0.7128280257548423
1585,PE-LAM,PE,Lambayeque,1339775.875,0.0376624253237883,GM-R-001624,1,GM-R-001624,GADM 3.6:PER.14_1,0.5078513148670435,0.4742569158369596,0.7636337876188732,0.7128280257548423
1586,PE-LIM,PE,Department of Lima,1041717.1875,0.0292837007404134,GM-R-001625,1,GM-R-001625,GADM 3.6:PER.16_1,0.5381140188187281,0.4959799189564394,0.7636337876188732,0.7128280257548423
1587,PE-LOR,PE,Loreto,1176859,0.0330826707893424,GM-R-001627,1,GM-R-001627,GADM 3.6:PER.17_1,0.5174885942974384,0.5189727051664519,0.7636337876188732,0.7128280257548423
1588,PE-MDD,PE,Madre de Dios,184208.453125,0.00517828185989008,GM-R-001628,1,GM-R-001628,GADM 3.6:PER.18_1,0.50164492386637,0.5437574027945828,0.7636337876188732,0.7128280257548423
1589,PE-MOQ,PE,Moquegua,201902.203125,0.0056756706773091,GM-R-001629,1,GM-R-001629,GADM 3.6:PER.19_1,0.6002387825180157,0.5702061382155775,0.7636337876188732,0.7128280257548423
1590,PE-PAS,PE,Pasco,370144.15625,0.0104051184260966,GM-R-001630,1,GM-R-001630,GADM 3.6:PER.20_1,0.6875940454153517,0.6039270499504767,0.7636337876188732,0.7128280257548423
1591,PE-PIU,PE,Piura,2028014,0.0570094799106583,GM-R-001631,1,GM-R-001631,GADM 3.6:PER.21_1,0.5379325053807315,0.5173034987374484,0.7636337876188732,0.7128280257548423
1592,PE-PUN,PE,Puno,1601577,0.0450219139546731,GM-R-001632,1,GM-R-001632,GADM 3.6:PER.22_1,0.5785559741257816,0.5107544337815767,0.7636337876188732,0.7128280257548423
1593,PE-SAM,PE,San Martín,1036440.9375,0.0291353801329725,GM-R-001633,1,GM-R-001633,GADM 3.6:PER.23_1,0.5714981349744486,0.48981500625245394,0.7636337876188732,0.7128280257548423
1594,PE-TAC,PE,Tacna,388203,0.0109127703900255,GM-R-001634,1,GM-R-001634,GADM 3.6:PER.24_1,0.497938559130968,0.5736634846393072,0.7636337876188732,0.7128280257548423
1595,PE-TUM,PE,Tumbes,252583.203125,0.00710036372743206,GM-R-001635,1,GM-R-001635,GADM 3.6:PER.25_1,0.48826834879562336,0.4519533929515393,0.7636337876188732,0.7128280257548423
1596,PE-UCA,PE,Ucayali,627892.625,0.0176506828803884,GM-R-001636,1,GM-R-001636,GADM 3.6:PER.26_1,0.5289121420365651,0.4912008137651842,0.7636337876188732,0.7128280257548423
1597,PE.A,PE,Metropolitan Lima,11750744.75,0.330325060261122,GM-A-0036,2,GM-R-001618|GM-R-001626,GADM 3.6:PER.15_1|GADM 3.6:PER.7_1,0.5512760090185014,0.5044534043441508,0.7636337876188732,0.7128280257548423
1598,PH.A,PH,Manila,12606971,0.120683676996039,GM-A-0037,1,GM-R-001649,GADM 4.1+PSGC-2026-Q2:PSGC2026-1300000000,0.48978543000018754,0.5549895842726187,0.6224459155488349,0.6523549206841586
1599,PH.B,PH,Luzon,48092257.25,0.460376282294091,GM-A-0038,7,GM-R-001638|GM-R-001639|GM-R-001640|GM-R-001642|GM-R-001644|GM-R-001647|GM-R-001648,GADM 4.1+PSGC-2026-Q2:PSGC2026-0100000000|GADM 4.1+PSGC-2026-Q2:PSGC2026-0200000000|GADM 4.1+PSGC-2026-Q2:PSGC2026-0300000000|GADM 4.1+PSGC-2026-Q2:PSGC2026-0400000000|GADM 4.1+PSGC-2026-Q2:PSGC2026-0500000000|GADM 4.1+PSGC-2026-Q2:PSGC2026-1400000000|GADM 4.1+PSGC-2026-Q2:PSGC2026-1700000000,0.47840323539143603,0.49454839500597964,0.6224459155488349,0.6523549206841586
1600,PH.C,PH,Mindanao,24425924.375,0.233823839810703,GM-A-0039,6,GM-R-001641|GM-R-001645|GM-R-001650|GM-R-002600|GM-R-002601|GM-R-002602,GADM 4.1+PSGC-2026-Q2:PSGC2026-0900000000|GADM 4.1+PSGC-2026-Q2:PSGC2026-1000000000|GADM 4.1+PSGC-2026-Q2:PSGC2026-1100000000|GADM 4.1+PSGC-2026-Q2:PSGC2026-1200000000|GADM 4.1+PSGC-2026-Q2:PSGC2026-1600000000|GADM 4.1+PSGC-2026-Q2:PSGC2026-1900000000,0.4418910411430766,0.4525483370309365,0.6224459155488349,0.6523549206841586
1601,PH.D,PH,Visayas,19337781.5,0.185116200899168,GM-A-0040,4,GM-R-001646|GM-R-002597|GM-R-002598|GM-R-002599,GADM 4.1+PSGC-2026-Q2:PSGC2026-0600000000|GADM 4.1+PSGC-2026-Q2:PSGC2026-0700000000|GADM 4.1+PSGC-2026-Q2:PSGC2026-0800000000|GADM 4.1+PSGC-2026-Q2:PSGC2026-1800000000,0.4455930080519293,0.44037889621459636,0.6224459155488349,0.6523549206841586
1602,PK-BA,PK,Balochistan,8288879,0.0417784342622517,GM-R-001655,1,GM-R-001655,GADM 3.6:PAK.2_1,0.01999110796477329,0.3759918733478437,0.1262311854233743,0.5369744263500987
1603,PK-GB,PK,Gilgit-Baltistan,1083230.25,0.00545980509433271,GM-R-001656,1,GM-R-001656,GADM 3.6:PAK.6_1,0.054128407401378587,0.28641835928171305,0.1262311854233743,0.5369744263500987
1604,PK-JK,PK,Azad Jammu and Kashmir,3946900.5,0.0198935613704698,GM-R-001654,1,GM-R-001654,GADM 3.6:PAK.1_1,0.4939759184966101,0.5383493032279864,0.1262311854233743,0.5369744263500987
1605,PK-KP,PK,Khyber Pakhtunkhwa,4836161.5,0.0243757033139683,GM-R-001658,1,GM-R-001658,GADM 3.6:PAK.3_1,0.15453482660718545,0.42056892451906824,0.1262311854233743,0.5369744263500987
1606,PK-SD,PK,Sindh,50556804,0.254821443578021,GM-R-001660,1,GM-R-001660,GADM 3.6:PAK.8_1,0.15194617693775322,0.4053202516054702,0.1262311854233743,0.5369744263500987
1607,PK.A,PK,Punjab and Islamabad,129688925.75,0.653671052380957,GM-A-0041,2,GM-R-001657|GM-R-001659,GADM 3.6:PAK.4_1|GADM 3.6:PAK.7_1,0.20803533668050914,0.4208946871867323,0.1262311854233743,0.5369744263500987
1608,PL-02,PL,Dolnośląskie,3179997.5,0.0811381770063861,GM-R-001661,1,GM-R-001661,GADM 3.6:POL.1_1,0.3793079352948286,0.3685325822002878,0.4434948461224103,0.409291304672625
1609,PL-04,PL,Kujawsko-pomorskie,2135482.25,0.0544871927712194,GM-R-001662,1,GM-R-001662,GADM 3.6:POL.2_1,0.37699526221344587,0.34699126033016975,0.4434948461224103,0.409291304672625
1610,PL-06,PL,Lubelskie,2155746,0.055004225798545,GM-R-001664,1,GM-R-001664,GADM 3.6:POL.4_1,0.3428929265644979,0.3383829326718612,0.4434948461224103,0.409291304672625
1611,PL-08,PL,Lubuskie,1030499.6875,0.0262933747744772,GM-R-001665,1,GM-R-001665,GADM 3.6:POL.5_1,0.3508835037950918,0.3347501202444103,0.4434948461224103,0.409291304672625
1612,PL-10,PL,Łódzkie,2472276.25,0.0630805489567789,GM-R-001663,1,GM-R-001663,GADM 3.6:POL.3_1,0.3753569097014452,0.3676152153400945,0.4434948461224103,0.409291304672625
1613,PL-12,PL,Małopolskie,3437694.5,0.0877133597856224,GM-R-001666,1,GM-R-001666,GADM 3.6:POL.6_1,0.3502950699098137,0.34884710447226336,0.4434948461224103,0.409291304672625
1614,PL-14,PL,Mazowieckie,5488302.5,0.140034971634283,GM-R-001667,1,GM-R-001667,GADM 3.6:POL.7_1,0.37169640314142166,0.3701517220328725,0.4434948461224103,0.409291304672625
1615,PL-16,PL,Opolskie,972445.125,0.0248121027394667,GM-R-001668,1,GM-R-001668,GADM 3.6:POL.8_1,0.3278209643691063,0.4039646962883855,0.4434948461224103,0.409291304672625
1616,PL-18,PL,Podkarpackie,2158494.25,0.0550743478646655,GM-R-001669,1,GM-R-001669,GADM 3.6:POL.9_1,0.3380468464695943,0.2954187255464383,0.4434948461224103,0.409291304672625
1617,PL-20,PL,Podlaskie,1196029,0.0305168833330124,GM-R-001670,1,GM-R-001670,GADM 3.6:POL.10_1,0.3635115082954245,0.26419063300444046,0.4434948461224103,0.409291304672625
1618,PL-22,PL,Pomorskie,2373428.25,0.0605584254265788,GM-R-001671,1,GM-R-001671,GADM 3.6:POL.11_1,0.3413935970119484,0.2940434362976153,0.4434948461224103,0.409291304672625
1619,PL-24,PL,Śląskie,4536521,0.11575010480077,GM-R-001672,1,GM-R-001672,GADM 3.6:POL.12_1,0.35260554478015893,0.3337213525714567,0.4434948461224103,0.409291304672625
1620,PL-26,PL,Świętokrzyskie,1271179.25,0.0324343547418968,GM-R-001673,1,GM-R-001673,GADM 3.6:POL.13_1,0.39825461822876435,0.3818112840188498,0.4434948461224103,0.409291304672625
1621,PL-28,PL,Warmińsko-mazurskie,1477681.625,0.0377032979580437,GM-R-001674,1,GM-R-001674,GADM 3.6:POL.14_1,0.4146566549788711,0.37016633820875633,0.4434948461224103,0.409291304672625
1622,PL-30,PL,Wielkopolskie,3562091.5,0.0908873703957136,GM-R-001675,1,GM-R-001675,GADM 3.6:POL.15_1,0.38466788751556075,0.34515871861107633,0.4434948461224103,0.409291304672625
1623,PL-32,PL,Zachodniopomorskie,1744501.875,0.0445112620125401,GM-R-001676,1,GM-R-001676,GADM 3.6:POL.16_1,0.3543628060634654,0.3344215730506262,0.4434948461224103,0.409291304672625
1624,PS-BTH,PS,Bethlehem,339787.625,0.0589151252927119,GM-R-001677,1,GM-R-001677,GADM 4.1:PSE.2.1_1,0.39271738267798734,0.38736920289844906,0.5159034583890798,0.4807369152280951
1625,PS-DEB,PS,Deir El Balah,308034.96875,0.0534095930610858,GM-R-001678,1,GM-R-001678,GADM 4.1:PSE.1.1_1,0.43320944498753616,0.3969730726912464,0.5159034583890798,0.4807369152280951
1626,PS-GZA,PS,Gaza,729168.0625,0.126429053328918,GM-R-001679,1,GM-R-001679,GADM 4.1:PSE.1.2_1,0.4593441804178664,0.4053642082629124,0.5159034583890798,0.4807369152280951
1627,PS-HBN,PS,Hebron,606375.4375,0.105138275341062,GM-R-001680,1,GM-R-001680,GADM 4.1:PSE.2.2_1,0.36600039743817325,0.37930284547614007,0.5159034583890798,0.4807369152280951
1628,PS-JEM,PS,Jerusalem,719551.375,0.124761634308101,GM-R-001683,1,GM-R-001683,GADM 4.1:PSE.2.5_1,0.3896040686336827,0.3763068954639777,0.5159034583890798,0.4807369152280951
1629,PS-JEN,PS,Jenin,358974.9375,0.0622419766457237,GM-R-001681,1,GM-R-001681,GADM 4.1:PSE.2.3_1,0.36330904977760936,0.39755101317918196,0.5159034583890798,0.4807369152280951
1630,PS-JRH,PS,Jericho and Al Aghwar,117038.8046875,0.0202931341077336,GM-R-001682,1,GM-R-001682,GADM 4.1:PSE.2.4_1,0.23493749631989513,0.4126737437390736,0.5159034583890798,0.4807369152280951
1631,PS-KYS,PS,Khan Yunis,399310.09375,0.069235612108963,GM-R-001684,1,GM-R-001684,GADM 4.1:PSE.1.4_1,0.4428333436676395,0.3860807960727039,0.5159034583890798,0.4807369152280951
1632,PS-NBS,PS,Nablus,320955.375,0.0556498375463036,GM-R-001685,1,GM-R-001685,GADM 4.1:PSE.2.6_1,0.49898878055250884,0.3845018989561069,0.5159034583890798,0.4807369152280951
1633,PS-NGZ,PS,North Gaza,441617.34375,0.0765711851291401,GM-R-001686,1,GM-R-001686,GADM 4.1:PSE.1.3_1,0.3223659899960843,0.36837504730869186,0.5159034583890798,0.4807369152280951
1634,PS-QQA,PS,Qalqilya,183590.90625,0.0318324754891273,GM-R-001687,1,GM-R-001687,GADM 4.1:PSE.2.7_1,0.4128690690631635,0.3451466223562927,0.5159034583890798,0.4807369152280951
1635,PS-RBH,PS,Ramallah,552565.1875,0.0958082191897168,GM-R-001689,1,GM-R-001689,GADM 4.1:PSE.2.8_1,0.42162308024289524,0.3851648611145983,0.5159034583890798,0.4807369152280951
1636,PS-RFH,PS,Rafah,252908.359375,0.0438512958797494,GM-R-001688,1,GM-R-001688,GADM 4.1:PSE.1.5_1,0.42746193735622695,0.32437132182490036,0.5159034583890798,0.4807369152280951
1637,PS-SLT,PS,Salfit,140197.921875,0.0243086490658495,GM-R-001690,1,GM-R-001690,GADM 4.1:PSE.2.9_1,0.36453775987789494,0.39543284707026194,0.5159034583890798,0.4807369152280951
1638,PS-TBS,PS,Tubas,48140.19921875,0.00834693690974992,GM-R-001691,1,GM-R-001691,GADM 4.1:PSE.2.10_1,0.49170055886831043,0.44044985619532917,0.5159034583890798,0.4807369152280951
1639,PS-TKM,PS,Tulkarm,249192.421875,0.0432069965960648,GM-R-001692,1,GM-R-001692,GADM 4.1:PSE.2.11_1,0.4175266108694318,0.4275762006646889,0.5159034583890798,0.4807369152280951
1640,PT11,PT,North,3631791,0.342764294282959,GM-R-001696,1,GM-R-001696,gisco-nuts-2024 2024-RG-01M-EPSG4326:PT11,0.47566901786687976,0.5024260367921642,0.6313353855545512,0.6835070354881738
1641,PT15,PT,Algarve,500324.1875,0.0472200264390579,GM-R-001694,1,GM-R-001694,gisco-nuts-2024 2024-RG-01M-EPSG4326:PT15,0.4808871006066814,0.5238799911285307,0.6313353855545512,0.6835070354881738
1642,PT19,PT,Centro (PT),1709132.25,0.16130595331821,GM-R-001695,1,GM-R-001695,gisco-nuts-2024 2024-RG-01M-EPSG4326:PT19,0.4597784549983137,0.4579174923075892,0.6313353855545512,0.6835070354881738
1643,PT1A,PT,Grande Lisboa,2094916.25,0.197715807438576,GM-R-002516,1,GM-R-002516,gisco-nuts-2024 2024-RG-01M-EPSG4326:PT1A,0.4646799049527432,0.5027666466204611,0.6313353855545512,0.6835070354881738
1644,PT1B,PT,Península de Setúbal,827870.5,0.0781334740050242,GM-R-002517,1,GM-R-002517,gisco-nuts-2024 2024-RG-01M-EPSG4326:PT1B,0.4626748773907468,0.5296135371442469,0.6313353855545512,0.6835070354881738
1645,PT1C,PT,Alentejo,489063.59375,0.0461572644381812,GM-R-001693,1,GM-R-001693,gisco-nuts-2024 2024-RG-01M-EPSG4326:PT1C,0.5158862291027674,0.5923286595636402,0.6313353855545512,0.6835070354881738
1646,PT1D,PT,Oeste e Vale do Tejo,858998.3125,0.0810712814625939,GM-R-002518,1,GM-R-002518,gisco-nuts-2024 2024-RG-01M-EPSG4326:PT1D,0.4261298286623813,0.44729873173021045,0.6313353855545512,0.6835070354881738
1647,PT20,PT,Região Autónoma dos Açores,228071.1875,0.0215250986716234,GM-R-001698,1,GM-R-001698,gisco-nuts-2024 2024-RG-01M-EPSG4326:PT20,0.5115445324084636,0.5382742456182783,0.6313353855545512,0.6835070354881738
1648,PT30,PT,Região Autónoma da Madeira,255425.84375,0.0241067999437738,GM-R-001697,1,GM-R-001697,gisco-nuts-2024 2024-RG-01M-EPSG4326:PT30,0.5333707933625708,0.5281129758338605,0.6313353855545512,0.6835070354881738
1649,PY-1,PY,Concepción,254588.515625,0.0339665585762791,GM-R-001708,1,GM-R-001708,GADM 3.6:PRY.10_1,0.5146735050502516,0.5021593806876998,0.7088988470318296,0.7125372874300384
1650,PY-10,PY,Alto Paraná,886509.125,0.118275814793908,GM-R-001700,1,GM-R-001700,GADM 3.6:PRY.2_1,0.5096339249764121,0.49874199861330365,0.7088988470318296,0.7125372874300384
1651,PY-11,PY,Central,2317734.75,0.309226333155233,GM-R-001707,1,GM-R-001707,GADM 3.6:PRY.9_1,0.5134003524229315,0.5381991937941772,0.7088988470318296,0.7125372874300384
1652,PY-12,PY,Ñeembucú,89888.1015625,0.0119926441282623,GM-R-001713,1,GM-R-001713,GADM 3.6:PRY.15_1,0.5031546263353511,0.44802384261703193,0.7088988470318296,0.7125372874300384
1653,PY-13,PY,Amambay,181190.875,0.0241740302152514,GM-R-001701,1,GM-R-001701,GADM 3.6:PRY.3_1,0.45476178229041353,0.5406881616620149,0.7088988470318296,0.7125372874300384
1654,PY-14,PY,Canindeyú,258386.3125,0.0344732510706315,GM-R-001706,1,GM-R-001706,GADM 3.6:PRY.8_1,0.5305099291924675,0.4849629070290795,0.7088988470318296,0.7125372874300384
1655,PY-15,PY,Presidente Hayes,135396.59375,0.0180642725432758,GM-R-001715,1,GM-R-001715,GADM 3.6:PRY.17_1,0.5348978528745437,0.5520501934222715,0.7088988470318296,0.7125372874300384
1656,PY-16,PY,Alto Paraguay,19085.119140625,0.00254628853007715,GM-R-001699,1,GM-R-001699,GADM 3.6:PRY.1_1,0.49156794326313696,0.47577509045628114,0.7088988470318296,0.7125372874300384
1657,PY-19,PY,Boquerón,69716.015625,0.00930133522566018,GM-R-001703,1,GM-R-001703,GADM 3.6:PRY.5_1,0.461740181330056,0.431349511552327,0.7088988470318296,0.7125372874300384
1658,PY-2,PY,San Pedro,440917.65625,0.0588261232505519,GM-R-001716,1,GM-R-001716,GADM 3.6:PRY.18_1,0.5191303225673136,0.49694806339820174,0.7088988470318296,0.7125372874300384
1659,PY-3,PY,Cordillera,306713.78125,0.0409209802390519,GM-R-001709,1,GM-R-001709,GADM 3.6:PRY.11_1,0.46780842893249663,0.5097652509270795,0.7088988470318296,0.7125372874300384
1660,PY-4,PY,Guairá,225900.453125,0.0301390695281026,GM-R-001710,1,GM-R-001710,GADM 3.6:PRY.12_1,0.5090587711004856,0.4577188975900519,0.7088988470318296,0.7125372874300384
1661,PY-5,PY,Caaguazú,571663.0625,0.0762698460715429,GM-R-001704,1,GM-R-001704,GADM 3.6:PRY.6_1,0.5509270182349292,0.5434815059106791,0.7088988470318296,0.7125372874300384
1662,PY-6,PY,Caazapá,191894.546875,0.0256020871597327,GM-R-001705,1,GM-R-001705,GADM 3.6:PRY.7_1,0.5219460401576709,0.49828318920669856,0.7088988470318296,0.7125372874300384
1663,PY-7,PY,Itapúa,627992.375,0.0837851610805318,GM-R-001711,1,GM-R-001711,GADM 3.6:PRY.13_1,0.5041816688737368,0.4891213114709019,0.7088988470318296,0.7125372874300384
1664,PY-8,PY,Misiones,125181.6640625,0.0167014223505589,GM-R-001712,1,GM-R-001712,GADM 3.6:PRY.14_1,0.5144812425969351,0.4903341619584969,0.7088988470318296,0.7125372874300384
1665,PY-9,PY,Paraguarí,257845.765625,0.0344011326679304,GM-R-001714,1,GM-R-001714,GADM 3.6:PRY.16_1,0.5373561325573765,0.5074364339272572,0.7088988470318296,0.7125372874300384
1666,PY-ASU,PY,Asunción,534664.9375,0.0713336494134184,GM-R-001702,1,GM-R-001702,GADM 3.6:PRY.4_1,NA,NA,0.7088988470318296,0.7125372874300384
1667,QA.nat,QA,Qatar,6709487.5,1,GM-R-002485,1,GM-R-002485,GADM 4.1:QAT,0.37101287283370993,0.3658938542851247,0.45511099047784476,0.44601312145038796
1668,RO11,RO,Nord-Vest,2476393,0.0730762896939075,GM-R-001720,1,GM-R-001720,gisco-nuts-2024 2024-RG-01M-EPSG4326:RO11,0.3802187051010446,0.3848812938135847,0.515727095483566,0.5534754924512537
1669,RO12,RO,Centru,2225366.75,0.0656687146580488,GM-R-001718,1,GM-R-001718,gisco-nuts-2024 2024-RG-01M-EPSG4326:RO12,0.37686657239225135,0.4248042860288841,0.515727095483566,0.5534754924512537
1670,RO21,RO,Nord-Est,2996496.25,0.0884241023261282,GM-R-001719,1,GM-R-001719,gisco-nuts-2024 2024-RG-01M-EPSG4326:RO21,0.4773815948927782,0.3495894239592485,0.515727095483566,0.5534754924512537
1671,RO22,RO,Sud-Est,2313316.5,0.0682640383443566,GM-R-001721,1,GM-R-001721,gisco-nuts-2024 2024-RG-01M-EPSG4326:RO22,0.4369653954739216,0.4449028706206392,0.515727095483566,0.5534754924512537
1672,RO31,RO,Sud-Muntenia,17912146,0.528572472194667,GM-R-001722,1,GM-R-001722,gisco-nuts-2024 2024-RG-01M-EPSG4326:RO31,0.38779979677136694,0.44624275478828496,0.515727095483566,0.5534754924512537
1673,RO32,RO,București-Ilfov,2367314,0.0698574594825793,GM-R-001717,1,GM-R-001717,gisco-nuts-2024 2024-RG-01M-EPSG4326:RO32,0.43899189677689254,0.43001126747220375,0.515727095483566,0.5534754924512537
1674,RO41,RO,Sud-Vest Oltenia,1874927.75,0.0553275523772464,GM-R-001723,1,GM-R-001723,gisco-nuts-2024 2024-RG-01M-EPSG4326:RO41,0.41926474969792293,0.392465502067491,0.515727095483566,0.5534754924512537
1675,RO42,RO,Vest,1721816.625,0.0508093709230668,GM-R-001724,1,GM-R-001724,gisco-nuts-2024 2024-RG-01M-EPSG4326:RO42,0.42710195995936445,0.42174181129130783,0.515727095483566,0.5534754924512537
1676,RS-BEL,RS,Belgrade,1754434.75,0.251392426602091,GM-R-001725,1,GM-R-001725,gisco-statistical-regions-2024 2024-RG-01M-EPSG4326:RS11,0.38481851429168806,0.37642564787757316,0.48900917703895375,0.5074494921706404
1677,RS-SES,RS,Southern and Eastern Serbia,1430274.125,0.204943548336541,GM-R-001727,1,GM-R-001727,gisco-statistical-regions-2024 2024-RG-01M-EPSG4326:RS22,0.41862594495333344,0.3873203134711944,0.48900917703895375,0.5074494921706404
1678,RS-SWS,RS,Šumadija and Western Serbia,1941889.875,0.278252814970908,GM-R-001728,1,GM-R-001728,gisco-statistical-regions-2024 2024-RG-01M-EPSG4326:RS21,0.38882874598323514,0.4230613551784257,0.48900917703895375,0.5074494921706404
1679,RS-VOJ,RS,Vojvodina,1852270,0.265411210090461,GM-R-001729,1,GM-R-001729,gisco-statistical-regions-2024 2024-RG-01M-EPSG4326:RS12,0.37435581439029725,0.4096825875497813,0.48900917703895375,0.5074494921706404
1680,RU-AD,RU,"Adygeya, Respublika",496760.03125,0.00353450269228086,GM-R-001730,1,GM-R-001730,GADM 3.6:RUS.1_1,0.3880696918945585,0.3302157122276263,0.45238067603880133,0.3090537738680323
1681,RU-AL,RU,"Altay, Respublika",210361.65625,0.00149674650453933,GM-R-001731,1,GM-R-001731,GADM 3.6:RUS.16_1,0.19789527691359143,0.07077280653230027,0.45238067603880133,0.3090537738680323
1682,RU-ALT,RU,Altayskiy kray,2203893.25,0.0156809447934518,GM-R-001732,1,GM-R-001732,GADM 3.6:RUS.2_1,0.35951415359761635,0.2566526202347602,0.45238067603880133,0.3090537738680323
1683,RU-AMU,RU,Amurskaya oblast',751988.625,0.00535048243100191,GM-R-001733,1,GM-R-001733,GADM 3.6:RUS.3_1,0.35375814737982203,0.3279599614733214,0.45238067603880133,0.3090537738680323
1684,RU-ARK,RU,Arkhangel'skaya oblast',1038172.4375,0.00738671198276992,GM-R-001734,1,GM-R-001734,GADM 3.6:RUS.4_1,0.3549163965373076,0.318515466465837,0.45238067603880133,0.3090537738680323
1685,RU-AST,RU,Astrakhanskaya oblast',1007589.8125,0.00716911321555929,GM-R-001735,1,GM-R-001735,GADM 3.6:RUS.5_1,0.4413982661882056,0.33996776887721636,0.45238067603880133,0.3090537738680323
1686,RU-BA,RU,"Bashkortostan, Respublika",4021291,0.028611931258197,GM-R-001736,1,GM-R-001736,GADM 3.6:RUS.6_1,0.3344041275674895,0.32866922966642087,0.45238067603880133,0.3090537738680323
1687,RU-BEL,RU,Belgorodskaya oblast',1570095.125,0.0111714008723393,GM-R-001737,1,GM-R-001737,GADM 3.6:RUS.7_1,0.39299399219659964,0.3028131328048045,0.45238067603880133,0.3090537738680323
1688,RU-BRY,RU,Bryanskaya oblast',1159729.375,0.00825160306866919,GM-R-001738,1,GM-R-001738,GADM 3.6:RUS.8_1,0.41692178765635585,0.24297694908547887,0.45238067603880133,0.3090537738680323
1689,RU-BU,RU,"Buryatiya, Respublika",960270.9375,0.00683243417424763,GM-R-001739,1,GM-R-001739,GADM 3.6:RUS.9_1,0.4858441812242308,0.4153530257508838,0.45238067603880133,0.3090537738680323
1690,RU-CE,RU,Chechenskaya Respublika,1440976,0.0102527039840468,GM-R-001740,1,GM-R-001740,GADM 3.6:RUS.10_1,0.27910909333758704,0.2518549886690634,0.45238067603880133,0.3090537738680323
1691,RU-CHE,RU,Chelyabinskaya oblast',3322602.5,0.0236406851253276,GM-R-001741,1,GM-R-001741,GADM 3.6:RUS.11_1,0.39652639644676485,0.3667778137937393,0.45238067603880133,0.3090537738680323
1692,RU-CHU,RU,Chukotskiy avtonomnyy okrug,44716.8359375,3.1816524492453e-4,GM-R-001742,1,GM-R-001742,GADM 3.6:RUS.12_1,0.31630766516442665,0.21646128025245517,0.45238067603880133,0.3090537738680323
1693,RU-CU,RU,Chuvashskaya Respublika,1181688.5,0.00840784467739389,GM-R-001743,1,GM-R-001743,GADM 3.6:RUS.13_1,0.36058016530421777,0.19734408769092465,0.45238067603880133,0.3090537738680323
1694,RU-DA,RU,"Dagestan, Respublika",3328549.25,0.0236829969108237,GM-R-001744,1,GM-R-001744,GADM 3.6:RUS.15_1,0.34336635448379366,0.3765384896714694,0.45238067603880133,0.3090537738680323
1695,RU-IN,RU,"Ingushetiya, Respublika",416594.53125,0.00296411627277554,GM-R-001745,1,GM-R-001745,GADM 3.6:RUS.17_1,0.50285145472907955,0.4654921300361329,0.45238067603880133,0.3090537738680323
1696,RU-IRK,RU,Irkutskaya oblast',2251992.25,0.0160231745106217,GM-R-001746,1,GM-R-001746,GADM 3.6:RUS.18_1,0.3412957471185138,0.4255328777983266,0.45238067603880133,0.3090537738680323
1697,RU-IVA,RU,Ivanovskaya oblast',978607.875,0.00696290351736054,GM-R-001747,1,GM-R-001747,GADM 3.6:RUS.19_1,0.31893106201439775,0.2273057933059402,0.45238067603880133,0.3090537738680323
1698,RU-KAM,RU,Kamchatskiy kray,273507.8125,0.00194603840652911,GM-R-001752,1,GM-R-001752,GADM 3.6:RUS.24_1,0.2795958991620031,0.21107425961602805,0.45238067603880133,0.3090537738680323
1699,RU-KB,RU,Kabardino-Balkarskaya Respublika,797751.0625,0.00567608724695717,GM-R-001748,1,GM-R-001748,GADM 3.6:RUS.20_1,0.3886900739729846,0.32189388697243265,0.45238067603880133,0.3090537738680323
1700,RU-KC,RU,Karachayevo-Cherkesskaya Respublika,668330.1875,0.00475524337396322,GM-R-001753,1,GM-R-001753,GADM 3.6:RUS.25_1,0.38424101587286047,0.2569896018934383,0.45238067603880133,0.3090537738680323
1701,RU-KDA,RU,Krasnodarskiy kray,5295374,0.0376771730457815,GM-R-001762,1,GM-R-001762,GADM 3.6:RUS.34_1,0.4136130782115162,0.27449688701382097,0.45238067603880133,0.3090537738680323
1702,RU-KEM,RU,Kemerovskaya oblast',2602320,0.0185157952885855,GM-R-001755,1,GM-R-001755,GADM 3.6:RUS.27_1,0.38831051413435774,0.3615031871423942,0.45238067603880133,0.3090537738680323
1703,RU-KGD,RU,Kaliningradskaya oblast',909375.125,0.00647030482609051,GM-R-001749,1,GM-R-001749,GADM 3.6:RUS.21_1,0.29990734100789407,0.213477282397245,0.45238067603880133,0.3090537738680323
1704,RU-KGN,RU,Kurganskaya oblast',794836.75,0.00565535159044415,GM-R-001764,1,GM-R-001764,GADM 3.6:RUS.36_1,0.35390088442321677,0.3379804188629181,0.45238067603880133,0.3090537738680323
1705,RU-KHA,RU,Khabarovskiy kray,1239817.125,0.00882143628830529,GM-R-001756,1,GM-R-001756,GADM 3.6:RUS.28_1,0.3428518238461475,0.29768603914072156,0.45238067603880133,0.3090537738680323
1706,RU-KHM,RU,Khanty-Mansiyskiy avtonomnyy okrug,1608061.75,0.0114415376181271,GM-R-001758,1,GM-R-001758,GADM 3.6:RUS.30_1,0.4370941411333938,0.22969314019190032,0.45238067603880133,0.3090537738680323
1707,RU-KIR,RU,Kirovskaya oblast',1151125.5,0.00819038554423385,GM-R-001759,1,GM-R-001759,GADM 3.6:RUS.31_1,0.3374258108792705,0.26646554931425215,0.45238067603880133,0.3090537738680323
1708,RU-KK,RU,"Khakasiya, Respublika",337453.40625,0.00240101839495561,GM-R-001757,1,GM-R-001757,GADM 3.6:RUS.29_1,0.39989554485462364,0.21608512200868285,0.45238067603880133,0.3090537738680323
1709,RU-KL,RU,"Kalmykiya, Respublika",289589.75,0.00206046317465671,GM-R-001750,1,GM-R-001750,GADM 3.6:RUS.22_1,0.40460617179669073,0.31838945451906775,0.45238067603880133,0.3090537738680323
1710,RU-KLU,RU,Kaluzhskaya oblast',983038.25,0.00699442612662906,GM-R-001751,1,GM-R-001751,GADM 3.6:RUS.23_1,0.2849978969723756,0.23410247865349476,0.45238067603880133,0.3090537738680323
1711,RU-KO,RU,"Komi, Respublika",773248.6875,0.00550175013254228,GM-R-001760,1,GM-R-001760,GADM 3.6:RUS.32_1,0.36022615291799864,0.24681157248602528,0.45238067603880133,0.3090537738680323
1712,RU-KOS,RU,Kostromskaya oblast',590545.25,0.00420179492055034,GM-R-001761,1,GM-R-001761,GADM 3.6:RUS.33_1,0.36201560706948266,0.3053869822973258,0.45238067603880133,0.3090537738680323
1713,RU-KR,RU,"Kareliya, Respublika",562029.125,0.00399889952992823,GM-R-001754,1,GM-R-001754,GADM 3.6:RUS.26_1,0.27824665917796215,0.23843854179587592,0.45238067603880133,0.3090537738680323
1714,RU-KRS,RU,Kurskaya oblast',1014865.9375,0.00722088365155262,GM-R-001765,1,GM-R-001765,GADM 3.6:RUS.37_1,0.35864080988410846,0.2582330024050182,0.45238067603880133,0.3090537738680323
1715,RU-KYA,RU,Krasnoyarskiy kray,2840089.25,0.0202075498610134,GM-R-001763,1,GM-R-001763,GADM 3.6:RUS.35_1,0.3563534011201172,0.22064389901847462,0.45238067603880133,0.3090537738680323
1716,RU-LEN,RU,Leningradskaya oblast',2171718,0.0154520143228105,GM-R-001766,1,GM-R-001766,GADM 3.6:RUS.38_1,0.30364049431932094,0.3079697163269117,0.45238067603880133,0.3090537738680323
1717,RU-LIP,RU,Lipetskaya oblast',1132473.125,0.0080576718283396,GM-R-001767,1,GM-R-001767,GADM 3.6:RUS.39_1,0.3510567755066916,0.277971093335322,0.45238067603880133,0.3090537738680323
1718,RU-MAG,RU,Magadanskaya oblast',128580.5546875,9.1486490081409e-4,GM-R-001768,1,GM-R-001768,GADM 3.6:RUS.40_1,0.3742922149524478,0.32264976423056924,0.45238067603880133,0.3090537738680323
1719,RU-ME,RU,"Mariy El, Respublika",651230.75,0.00463357898053737,GM-R-001769,1,GM-R-001769,GADM 3.6:RUS.41_1,0.38282548723354226,0.25557372289046,0.45238067603880133,0.3090537738680323
1720,RU-MO,RU,"Mordoviya, Respublika",777701.1875,0.00553343016363854,GM-R-001770,1,GM-R-001770,GADM 3.6:RUS.42_1,0.49878549263702143,0.3375101568103411,0.45238067603880133,0.3090537738680323
1721,RU-MOS,RU,Moskovskaya oblast',9057063,0.0644420072949607,GM-R-001771,1,GM-R-001771,GADM 3.6:RUS.44_1,0.34630906314986193,0.33295783043689947,0.45238067603880133,0.3090537738680323
1722,RU-MOW,RU,Moskva,11724093,0.0834182214071822,GM-R-001772,1,GM-R-001772,GADM 3.6:RUS.43_1,0.40851956083973384,0.31811497720837606,0.45238067603880133,0.3090537738680323
1723,RU-MUR,RU,Murmanskaya oblast',676770.3125,0.00481529579899553,GM-R-001773,1,GM-R-001773,GADM 3.6:RUS.45_1,0.3535671464696858,0.290447066401916,0.45238067603880133,0.3090537738680323
1724,RU-NEN,RU,Nenetskiy avtonomnyy okrug,37453.27734375,2.6648422030476e-4,GM-R-001774,1,GM-R-001774,GADM 3.6:RUS.46_1,0.40224599461123267,0.33913147966817375,0.45238067603880133,0.3090537738680323
1725,RU-NGR,RU,Novgorodskaya oblast',580197.0625,0.0041281664193061,GM-R-001776,1,GM-R-001776,GADM 3.6:RUS.49_1,0.31273052268257673,0.22679924888378292,0.45238067603880133,0.3090537738680323
1726,RU-NIZ,RU,Nizhegorodskaya oblast',3040933.25,0.0216365771862235,GM-R-001775,1,GM-R-001775,GADM 3.6:RUS.47_1,0.3597715339934872,0.28762618266119616,0.45238067603880133,0.3090537738680323
1727,RU-NVS,RU,Novosibirskaya oblast',2634817,0.0187470150461454,GM-R-001777,1,GM-R-001777,GADM 3.6:RUS.50_1,0.33717026025959446,0.1943067639895471,0.45238067603880133,0.3090537738680323
1728,RU-OMS,RU,Omskaya oblast',1853983.75,0.0131912999106044,GM-R-001778,1,GM-R-001778,GADM 3.6:RUS.51_1,0.3313533889430288,0.22843628983976744,0.45238067603880133,0.3090537738680323
1729,RU-ORE,RU,Orenburgskaya oblast',1869234.875,0.0132998133556921,GM-R-001779,1,GM-R-001779,GADM 3.6:RUS.53_1,0.3679037333547162,0.3231601925060488,0.45238067603880133,0.3090537738680323
1730,RU-ORL,RU,Orlovskaya oblast',702143.875,0.00499583150905122,GM-R-001780,1,GM-R-001780,GADM 3.6:RUS.52_1,0.3456747026081795,0.16360458141905596,0.45238067603880133,0.3090537738680323
1731,RU-PER,RU,Permskiy kray,2407266.75,0.0171279697915777,GM-R-001782,1,GM-R-001782,GADM 3.6:RUS.55_1,0.4076510180522432,0.2800094594483433,0.45238067603880133,0.3090537738680323
1732,RU-PNZ,RU,Penzenskaya oblast',1299838.25,0.00924849324651589,GM-R-001781,1,GM-R-001781,GADM 3.6:RUS.54_1,0.52042568366961794,0.17028067089190313,0.45238067603880133,0.3090537738680323
1733,RU-PRI,RU,Primorskiy kray,1765123.125,0.0125590467127979,GM-R-001783,1,GM-R-001783,GADM 3.6:RUS.56_1,0.37167074018874025,0.20362904026938086,0.45238067603880133,0.3090537738680323
1734,RU-PSK,RU,Pskovskaya oblast',577153.6875,0.00410651246879794,GM-R-001784,1,GM-R-001784,GADM 3.6:RUS.57_1,0.30231586966364277,0.25950958225101467,0.45238067603880133,0.3090537738680323
1735,RU-ROS,RU,Rostovskaya oblast',4108203,0.0292303197731074,GM-R-001785,1,GM-R-001785,GADM 3.6:RUS.58_1,0.43365735377866094,0.26120336398009375,0.45238067603880133,0.3090537738680323
1736,RU-RYA,RU,Ryazanskaya oblast',1072756,0.0076327778638299,GM-R-001786,1,GM-R-001786,GADM 3.6:RUS.59_1,0.39088467333792504,0.3192629716393647,0.45238067603880133,0.3090537738680323
1737,RU-SA,RU,"Saha, Respublika",969814.3125,0.00690033634533427,GM-R-001787,1,GM-R-001787,GADM 3.6:RUS.60_1,0.6207582521055532,0.471453918708925,0.45238067603880133,0.3090537738680323
1738,RU-SAK,RU,Sakhalinskaya oblast',432501.125,0.00307729345068359,GM-R-001788,1,GM-R-001788,GADM 3.6:RUS.61_1,0.32044602705492853,0.262680876131432,0.45238067603880133,0.3090537738680323
1739,RU-SAM,RU,Samarskaya oblast',3199662.5,0.0227659533964169,GM-R-001789,1,GM-R-001789,GADM 3.6:RUS.62_1,0.3601511310642493,0.3058648705409213,0.45238067603880133,0.3090537738680323
1740,RU-SAR,RU,Saratovskaya oblast',2349292.25,0.0167154747971273,GM-R-001791,1,GM-R-001791,GADM 3.6:RUS.63_1,0.40155167622379295,0.314215745798081,0.45238067603880133,0.3090537738680323
1741,RU-SE,RU,"Severnaya Osetiya, Respublika",667586.3125,0.00474995062087356,GM-R-001792,1,GM-R-001792,GADM 3.6:RUS.48_1,0.4769767953359114,0.4141358050202035,0.45238067603880133,0.3090537738680323
1742,RU-SMO,RU,Smolenskaya oblast',909874.375,0.00647385704518648,GM-R-001793,1,GM-R-001793,GADM 3.6:RUS.64_1,0.41308706528228517,0.3045342122585342,0.45238067603880133,0.3090537738680323
1743,RU-SPE,RU,Sankt-Peterburg,4752766,0.0338164569732198,GM-R-001790,1,GM-R-001790,GADM 3.6:RUS.14_1,0.3155144698296992,0.23850371899748496,0.45238067603880133,0.3090537738680323
1744,RU-STA,RU,Stavropol'skiy kray,2762899.25,0.0196583344538667,GM-R-001794,1,GM-R-001794,GADM 3.6:RUS.65_1,0.4387364436743881,0.32815848156100247,0.45238067603880133,0.3090537738680323
1745,RU-SVE,RU,Sverdlovskaya oblast',4075839,0.0290000463252917,GM-R-001795,1,GM-R-001795,GADM 3.6:RUS.66_1,0.34999706634957606,0.251580981904742,0.45238067603880133,0.3090537738680323
1746,RU-TA,RU,"Tatarstan, Respublika",3829863.25,0.0272499015956058,GM-R-001797,1,GM-R-001797,GADM 3.6:RUS.68_1,0.3381853519165863,0.26988937063646756,0.45238067603880133,0.3090537738680323
1747,RU-TAM,RU,Tambovskaya oblast',993159.875,0.00706644261056948,GM-R-001796,1,GM-R-001796,GADM 3.6:RUS.67_1,0.4747519169023599,0.1978745554825555,0.45238067603880133,0.3090537738680323
1748,RU-TOM,RU,Tomskaya oblast',1049375.5,0.00746642301440909,GM-R-001798,1,GM-R-001798,GADM 3.6:RUS.69_1,0.2679365592185154,0.2542929887163884,0.45238067603880133,0.3090537738680323
1749,RU-TUL,RU,Tul'skaya oblast',1407151.5,0.0100120389168227,GM-R-001799,1,GM-R-001799,GADM 3.6:RUS.70_1,0.4161367757239296,0.3272848264084561,0.45238067603880133,0.3090537738680323
1750,RU-TVE,RU,Tverskaya oblast',1240856.25,0.00882882977787585,GM-R-001800,1,GM-R-001800,GADM 3.6:RUS.72_1,0.3246689649100243,0.18430915393113956,0.45238067603880133,0.3090537738680323
1751,RU-TY,RU,"Tyva, Respublika",310841.9375,0.00221167484469907,GM-R-001802,1,GM-R-001802,GADM 3.6:RUS.71_1,0.39023402663852513,0.3085139770770806,0.45238067603880133,0.3090537738680323
1752,RU-TYU,RU,Tyumenskaya oblast',1404731.75,0.00999482212732349,GM-R-001801,1,GM-R-001801,GADM 3.6:RUS.73_1,0.2125360114422723,0.26047825104750566,0.45238067603880133,0.3090537738680323
1753,RU-UD,RU,Udmurtskaya Respublika,1448645.125,0.0103072706586075,GM-R-001803,1,GM-R-001803,GADM 3.6:RUS.74_1,0.3262562514591799,0.2648971064927345,0.45238067603880133,0.3090537738680323
1754,RU-ULY,RU,Ul'yanovskaya oblast',1191268.25,0.00847600566063801,GM-R-001804,1,GM-R-001804,GADM 3.6:RUS.75_1,0.35789697022625105,0.2629066383432656,0.45238067603880133,0.3090537738680323
1755,RU-VGG,RU,Volgogradskaya oblast',2505541,0.017827201974837,GM-R-001806,1,GM-R-001806,GADM 3.6:RUS.77_1,0.4100118068129941,0.26539585077482475,0.45238067603880133,0.3090537738680323
1756,RU-VLA,RU,Vladimirskaya oblast',1330815.75,0.00946890159312667,GM-R-001805,1,GM-R-001805,GADM 3.6:RUS.76_1,0.2994446280937285,0.24914616873510947,0.45238067603880133,0.3090537738680323
1757,RU-VLG,RU,Vologodskaya oblast',1125185.125,0.00800581690040483,GM-R-001807,1,GM-R-001807,GADM 3.6:RUS.78_1,0.3301362491051673,0.21245365815991143,0.45238067603880133,0.3090537738680323
1758,RU-VOR,RU,Voronezhskaya oblast',2268247,0.0161388288588445,GM-R-001808,1,GM-R-001808,GADM 3.6:RUS.79_1,0.3250535738798822,0.2909152531448417,0.45238067603880133,0.3090537738680323
1759,RU-YAN,RU,Yamalo-Nenetskiy avtonomnyy okrug,546163.6875,0.00388601518330143,GM-R-001809,1,GM-R-001809,GADM 3.6:RUS.80_1,0.4293521413076708,0.3661979884273735,0.45238067603880133,0.3090537738680323
1760,RU-YAR,RU,Yaroslavskaya oblast',1179094.75,0.00838938985860536,GM-R-001810,1,GM-R-001810,GADM 3.6:RUS.81_1,0.33428726422782107,0.24706839224502836,0.45238067603880133,0.3090537738680323
1761,RU-YEV,RU,Yevreyskaya avtonomnaya oblast',158671.609375,0.00112896609075667,GM-R-001811,1,GM-R-001811,GADM 3.6:RUS.82_1,0.3339900014770662,0.28735447437442524,0.45238067603880133,0.3090537738680323
1762,RU-ZAB,RU,Zabaykal'skiy kray,1050127.625,0.00747177446716333,GM-R-001812,1,GM-R-001812,GADM 3.6:RUS.83_1,0.2716596091116057,0.23646551908245342,0.45238067603880133,0.3090537738680323
1763,RW-01,RW,City of Kigali,1684958.5,0.124590453099038,GM-R-001813,1,GM-R-001813,GADM 3.6:RWA.5_1,0.4308345013830587,0.5104156869233922,0.5262958786643623,0.6894336254871507
1764,RW-02,RW,Eastern,3806878.75,0.281491056518958,GM-R-001814,1,GM-R-001814,GADM 3.6:RWA.3_1,0.43454739446513435,0.5518415536834635,0.5262958786643623,0.6894336254871507
1765,RW-03,RW,Northern,1931949.125,0.142853617372796,GM-R-001815,1,GM-R-001815,GADM 3.6:RWA.1_1,0.4094784427299897,0.5137308694180895,0.5262958786643623,0.6894336254871507
1766,RW-04,RW,Western,2937335.75,0.217194662062301,GM-R-001817,1,GM-R-001817,GADM 3.6:RWA.4_1,0.37636818440624176,0.42223662931680483,0.5262958786643623,0.6894336254871507
1767,RW-05,RW,Southern,3162855.5,0.233870210946907,GM-R-001816,1,GM-R-001816,GADM 3.6:RWA.2_1,0.40546482491480784,0.5081019307480222,0.5262958786643623,0.6894336254871507
1768,SA-01,SA,Ar Riyāḑ,9768840,0.264742666359062,GM-R-001824,1,GM-R-001824,GADM 3.6:SAU.7_1,0.39330503060900385,0.20486775910309596,0.4397813998341359,0.1655002866589051
1769,SA-02,SA,Makkah al Mukarramah,9274088,0.251334527453473,GM-R-001828,1,GM-R-001828,GADM 3.6:SAU.11_1,0.3319578601407648,0.19887356997518663,0.4397813998341359,0.1655002866589051
1770,SA-03,SA,Al Madīnah al Munawwarah,2336885.25,0.0633312892892261,GM-R-001822,1,GM-R-001822,GADM 3.6:SAU.5_1,0.4373922030664037,0.18695464030404718,0.4397813998341359,0.1655002866589051
1771,SA-04,SA,Ash Sharqīyah,5776856.5,0.15655701116854,GM-R-001825,1,GM-R-001825,GADM 3.6:SAU.8_1,0.3645209984888022,0.24651692651292953,0.4397813998341359,0.1655002866589051
1772,SA-05,SA,Al Qaşīm,1650925.25,0.044741274567349,GM-R-001823,1,GM-R-001823,GADM 3.6:SAU.6_1,0.38686377954833934,0.20055112657704893,0.4397813998341359,0.1655002866589051
1773,SA-06,SA,Ḩā'il,777181.5625,0.0210621853875539,GM-R-001826,1,GM-R-001826,GADM 3.6:SAU.9_1,0.38610015005365284,0.19563126954787682,0.4397813998341359,0.1655002866589051
1774,SA-07,SA,Tabūk,786556.0625,0.0213162411532111,GM-R-001830,1,GM-R-001830,GADM 3.6:SAU.13_1,0.3145740033050632,0.23011039741284112,0.4397813998341359,0.1655002866589051
1775,SA-08,SA,Al Ḩudūd ash Shamālīyah,485234.1875,0.013150199266988,GM-R-001820,1,GM-R-001820,GADM 3.6:SAU.3_1,0.3647452664679264,0.2112192911488104,0.4397813998341359,0.1655002866589051
1776,SA-09,SA,Jāzān,1829248,0.0495739507405159,GM-R-001827,1,GM-R-001827,GADM 3.6:SAU.10_1,0.2889699422266598,0.17205443073624438,0.4397813998341359,0.1655002866589051
1777,SA-10,SA,Najrān,640879.5625,0.017368302090246,GM-R-001829,1,GM-R-001829,GADM 3.6:SAU.12_1,0.356321120485993,0.2121235332343408,0.4397813998341359,0.1655002866589051
1778,SA-11,SA,Al Bāḩah,496291.875,0.0134498706376436,GM-R-001819,1,GM-R-001819,GADM 3.6:SAU.2_1,0.37933547468249634,0.1932568992845843,0.4397813998341359,0.1655002866589051
1779,SA-12,SA,Al Jawf,801553.5625,0.0217226843070267,GM-R-001821,1,GM-R-001821,GADM 3.6:SAU.4_1,0.4033080880859403,0.21331340890709832,0.4397813998341359,0.1655002866589051
1780,SA-14,SA,'Asīr,2274839.25,0.0616497975791649,GM-R-001818,1,GM-R-001818,GADM 3.6:SAU.1_1,0.3040003432052596,0.21382746353422558,0.4397813998341359,0.1655002866589051
1781,SC.CENTRAL,SC,Seychelles CENTRAL,22574.0126953125,0.261402980418386,GM-A-0042,9,GM-R-002548|GM-R-002555|GM-R-002556|GM-R-002557|GM-R-002558|GM-R-002561|GM-R-002563|GM-R-002564|GM-R-002603,OCHA-CODAB-SYC-NBS2010 NBS2010-published-2020-05-28-metadata-2025-11-13:SC1109BA|OCHA-CODAB-SYC-NBS2010 NBS2010-published-2020-05-28-metadata-2025-11-13:SC1116ER|OCHA-CODAB-SYC-NBS2010 NBS2010-published-2020-05-28-metadata-2025-11-13:SC1117MB|OCHA-CODAB-SYC-NBS2010 NBS2010-published-2020-05-28-metadata-2025-11-13:SC1122SL|OCHA-CODAB-SYC-NBS2010 NBS2010-published-2020-05-28-metadata-2025-11-13:SC1127PI|OCHA-CODAB-SYC-NBS2010 NBS2010-published-2020-05-28-metadata-2025-11-13:SC1218MF|OCHA-CODAB-SYC-NBS2010 NBS2010-published-2020-05-28-metadata-2025-11-13:SC1219PA|OCHA-CODAB-SYC-NBS2010 NBS2010-published-2020-05-28-metadata-2025-11-13:SC1224LM|OCHA-CODAB-SYC-NBS2010 NBS2010-published-2020-05-28-metadata-2025-11-13:SC1225RC,NA,NA,NA,NA
1782,SC.EASTSOUTH,SC,Seychelles EASTSOUTH,19248.8094482422,0.222897728781775,GM-A-0043,5,GM-R-002540|GM-R-002543|GM-R-002544|GM-R-002550|GM-R-002559,OCHA-CODAB-SYC-NBS2010 NBS2010-published-2020-05-28-metadata-2025-11-13:SC1301AA|OCHA-CODAB-SYC-NBS2010 NBS2010-published-2020-05-28-metadata-2025-11-13:SC1304AC|OCHA-CODAB-SYC-NBS2010 NBS2010-published-2020-05-28-metadata-2025-11-13:SC1305AR|OCHA-CODAB-SYC-NBS2010 NBS2010-published-2020-05-28-metadata-2025-11-13:SC1311CA|OCHA-CODAB-SYC-NBS2010 NBS2010-published-2020-05-28-metadata-2025-11-13:SC1320PL,NA,NA,NA,NA
1783,SC.LADIGUE,SC,Seychelles LADIGUE,2872.8232421875,0.0332667730748181,GM-A-0044,1,GM-R-002554,OCHA-CODAB-SYC-NBS2010 NBS2010-published-2020-05-28-metadata-2025-11-13:SC3615LD,NA,NA,NA,NA
1784,SC.NORTH,SC,Seychelles NORTH,14834.0026855469,0.171775065686106,GM-A-0045,4,GM-R-002542|GM-R-002547|GM-R-002549|GM-R-002551,OCHA-CODAB-SYC-NBS2010 NBS2010-published-2020-05-28-metadata-2025-11-13:SC1503AE|OCHA-CODAB-SYC-NBS2010 NBS2010-published-2020-05-28-metadata-2025-11-13:SC1508BV|OCHA-CODAB-SYC-NBS2010 NBS2010-published-2020-05-28-metadata-2025-11-13:SC1510BO|OCHA-CODAB-SYC-NBS2010 NBS2010-published-2020-05-28-metadata-2025-11-13:SC1512GL,NA,NA,NA,NA
1785,SC.OTHER,SC,Seychelles OTHER ISLANDS,717.49853515625,0.00830850314771977,GM-A-0059,1,GM-R-002604,OCHA-CODAB-SYC-NBS2010 NBS2010-published-2020-05-28-metadata-2025-11-13:SC4726OI,NA,NA,NA,NA
1786,SC.PRASLIN,SC,Seychelles PRASLIN,8452.1552734375,0.0978744279653182,GM-A-0046,2,GM-R-002546|GM-R-002553,OCHA-CODAB-SYC-NBS2010 NBS2010-published-2020-05-28-metadata-2025-11-13:SC2607BS|OCHA-CODAB-SYC-NBS2010 NBS2010-published-2020-05-28-metadata-2025-11-13:SC2614GP,NA,NA,NA,NA
1787,SC.WEST,SC,Seychelles WEST,17657.833984375,0.204474520925877,GM-A-0047,5,GM-R-002541|GM-R-002545|GM-R-002552|GM-R-002560|GM-R-002562,OCHA-CODAB-SYC-NBS2010 NBS2010-published-2020-05-28-metadata-2025-11-13:SC1323TA|OCHA-CODAB-SYC-NBS2010 NBS2010-published-2020-05-28-metadata-2025-11-13:SC1402AB|OCHA-CODAB-SYC-NBS2010 NBS2010-published-2020-05-28-metadata-2025-11-13:SC1406BL|OCHA-CODAB-SYC-NBS2010 NBS2010-published-2020-05-28-metadata-2025-11-13:SC1413GM|OCHA-CODAB-SYC-NBS2010 NBS2010-published-2020-05-28-metadata-2025-11-13:SC1421PG,NA,NA,NA,NA
1788,SD-DC,SD,Wasaţ Dārfūr Zālinjay,782315.875,0.0183291323212602,GM-R-001848,1,GM-R-001848,GADM 3.6:SDN.4_1,0.38788140270699184,0.29570333747466543,0.4809534177789859,0.3669513093048629
1789,SD-DE,SD,Sharq Dārfūr,2308959.75,0.0540973667218679,GM-R-001845,1,GM-R-001845,GADM 3.6:SDN.5_1,0.4201854683756618,0.2872586546726467,0.4809534177789859,0.3669513093048629
1790,SD-DN,SD,Shamāl Dārfūr,3357950.25,0.0786745053083051,GM-R-001844,1,GM-R-001844,GADM 3.6:SDN.8_1,0.38829999214854416,0.26403949108991925,0.4809534177789859,0.3669513093048629
1791,SD-DS,SD,Janūb Dārfūr,4302461.5,0.10080376566643,GM-R-001840,1,GM-R-001840,GADM 3.6:SDN.14_1,0.3836518238494596,0.25732635392852493,0.4809534177789859,0.3669513093048629
1792,SD-DW,SD,Gharb Dārfūr,826667.625,0.0193682638541969,GM-R-001838,1,GM-R-001838,GADM 3.6:SDN.16_1,0.38120108687976234,0.29076263592797047,0.4809534177789859,0.3669513093048629
1793,SD-GD,SD,Al Qaḑārif,1728910.75,0.0405072106051782,GM-R-001834,1,GM-R-001834,GADM 3.6:SDN.2_1,0.38596061062023507,0.345038183795373,0.4809534177789859,0.3669513093048629
1794,SD-GK,SD,Gharb Kurdufān,1759788,0.0412306437081644,GM-R-001839,1,GM-R-001839,GADM 3.6:SDN.17_1,0.36666724517994553,0.2975378104695897,0.4809534177789859,0.3669513093048629
1795,SD-GZ,SD,Al Jazīrah,3964571.75,0.092887237144306,GM-R-001832,1,GM-R-001832,GADM 3.6:SDN.1_1,0.3613932733373934,0.3249765937598745,0.4809534177789859,0.3669513093048629
1796,SD-KA,SD,Kassalā,2229731.75,0.0522411082181672,GM-R-001842,1,GM-R-001842,GADM 3.6:SDN.6_1,0.4119960850562243,0.3698391755571422,0.4809534177789859,0.3669513093048629
1797,SD-KH,SD,Al Kharţūm,7381070.5,0.172933494244956,GM-R-001833,1,GM-R-001833,GADM 3.6:SDN.7_1,0.3784436891512448,0.3169719028245201,0.4809534177789859,0.3669513093048629
1798,SD-KN,SD,Shiamāl Kurdufān,2846144.75,0.0666832482828117,GM-R-001846,1,GM-R-001846,GADM 3.6:SDN.9_1,0.33218303125278265,0.36981547033003614,0.4809534177789859,0.3669513093048629
1799,SD-KS,SD,Janūb Kurdufān,881318.3125,0.0206486925335144,GM-R-001841,1,GM-R-001841,GADM 3.6:SDN.15_1,0.3989428335496876,0.35217269302173443,0.4809534177789859,0.3669513093048629
1800,SD-NB,SD,An Nīl al Azraq,1172024.25,0.0274597362120202,GM-R-001836,1,GM-R-001836,GADM 3.6:SDN.3_1,0.42575432683817377,0.3407644572749601,0.4809534177789859,0.3669513093048629
1801,SD-NO,SD,Ash Shamālīyah,911639.625,0.0213591003965362,GM-R-001837,1,GM-R-001837,GADM 3.6:SDN.10_1,0.40489110065313066,0.3644423510546292,0.4809534177789859,0.3669513093048629
1802,SD-NR,SD,Nahr an Nīl,1511297.25,0.0354086733469479,GM-R-001843,1,GM-R-001843,GADM 3.6:SDN.12_1,0.4661653360023838,0.33150577308757373,0.4809534177789859,0.3669513093048629
1803,SD-NW,SD,An Nīl al Abyaḑ,2514421.5,0.0589111966888332,GM-R-001835,1,GM-R-001835,GADM 3.6:SDN.18_1,0.3654260985449325,0.3640363246951045,0.4809534177789859,0.3669513093048629
1804,SD-RS,SD,Al Baḩr al Aḩmar,2453845.75,0.0574919477988505,GM-R-001831,1,GM-R-001831,GADM 3.6:SDN.11_1,0.3651950994008275,0.3476059631913248,0.4809534177789859,0.3669513093048629
1805,SD-SI,SD,Sinnār,1748436.125,0.0409646769476543,GM-R-001847,1,GM-R-001847,GADM 3.6:SDN.13_1,0.4408569767486529,0.37339592971972185,0.4809534177789859,0.3669513093048629
1806,SE11,SE,Stockholm,2382494.75,0.236101034532042,GM-R-001854,1,GM-R-001854,gisco-nuts-2024 2024-RG-01M-EPSG4326:SE11,0.4083240839141871,0.4217891036863348,0.47938023205788804,0.5244488550312295
1807,SE12,SE,Östra Mellansverige,1676330.625,0.166121413186847,GM-R-001851,1,GM-R-001851,gisco-nuts-2024 2024-RG-01M-EPSG4326:SE12,0.3881440295672648,0.4118067743072613,0.47938023205788804,0.5244488550312295
1808,SE21,SE,Småland med öarna,828882.1875,0.082140765252025,GM-R-001853,1,GM-R-001853,gisco-nuts-2024 2024-RG-01M-EPSG4326:SE21,0.37642993608708425,0.40752878678208293,0.47938023205788804,0.5244488550312295
1809,SE22,SE,Sydsverige,1534503.375,0.152066582446996,GM-R-001855,1,GM-R-001855,gisco-nuts-2024 2024-RG-01M-EPSG4326:SE22,0.379109201796451,0.41771307906488503,0.47938023205788804,0.5244488550312295
1810,SE23,SE,Västsverige,1984477.375,0.196658213514607,GM-R-001856,1,GM-R-001856,gisco-nuts-2024 2024-RG-01M-EPSG4326:SE23,0.3769780209166222,0.4044279025440389,0.47938023205788804,0.5244488550312295
1811,SE31,SE,Norra Mellansverige,829510.8125,0.0822030608826167,GM-R-001850,1,GM-R-001850,gisco-nuts-2024 2024-RG-01M-EPSG4326:SE31,0.3542759365010644,0.3827659998702941,0.47938023205788804,0.5244488550312295
1812,SE32,SE,Mellersta Norrland,357603.21875,0.0354378492959378,GM-R-001849,1,GM-R-001849,gisco-nuts-2024 2024-RG-01M-EPSG4326:SE32,0.37813419682104116,0.39906780200524855,0.47938023205788804,0.5244488550312295
1813,SE33,SE,Övre Norrland,497194.3125,0.0492710808889284,GM-R-001852,1,GM-R-001852,gisco-nuts-2024 2024-RG-01M-EPSG4326:SE33,0.3765844922516612,0.4038109036780972,0.47938023205788804,0.5244488550312295
1814,SG.nat,SG,Singapore,4479190.5,1,GM-R-002486,1,GM-R-002486,GADM 4.1:SGP,0.44695621309842665,0.4121392711212953,0.5900826762958115,0.5282036315066393
1815,SI031,SI,Pomurska statistična regija,113820.2890625,0.0522318826248506,GM-R-001864,1,GM-R-001864,GADM 3.6:SVN.9_1,0.4023359102718869,0.4409675470342107,0.5186845850323004,0.5382294449216265
1816,SI032,SI,Podravska statistična regija,333469.3125,0.153028340842865,GM-R-001863,1,GM-R-001863,GADM 3.6:SVN.8_1,0.4294002789433,0.42807764566357387,0.5186845850323004,0.5382294449216265
1817,SI033,SI,Koroška statistična regija,72253.0078125,0.0331567478385388,GM-R-001860,1,GM-R-001860,GADM 3.6:SVN.4_1,0.39580175919423266,0.4417197395606965,0.5186845850323004,0.5382294449216265
1818,SI034,SI,Savinjska statistična regija,270016.84375,0.123910141202842,GM-R-001866,1,GM-R-001866,GADM 3.6:SVN.10_1,0.4293687637592069,0.42657097338377586,0.5186845850323004,0.5382294449216265
1819,SI035,SI,Zasavska statistična regija,42426.51953125,0.0194694373612102,GM-R-001868,1,GM-R-001868,GADM 3.6:SVN.12_1,0.4145286226443941,0.38132643252163106,0.5186845850323004,0.5382294449216265
1820,SI036,SI,Spodnjeposavska statistična regija,72151.8359375,0.0331103202855651,GM-R-001867,1,GM-R-001867,GADM 3.6:SVN.11_1,0.44446642846305623,0.4295616360022139,0.5186845850323004,0.5382294449216265
1821,SI037,SI,Jugovzhodna Slovenija statistična regija,152700.78125,0.0700740557651664,GM-R-001859,1,GM-R-001859,GADM 3.6:SVN.3_1,0.404558369394857,0.4355164934765533,0.5186845850323004,0.5382294449216265
1822,SI038,SI,Primorsko-notranjska statistična regija,55077.0703125,0.0252747475478952,GM-R-001865,1,GM-R-001865,GADM 3.6:SVN.5_1,0.39606387350848604,0.4186668005996904,0.5186845850323004,0.5382294449216265
1823,SI041,SI,Osrednjeslovenska statistična regija,618777.3125,0.283955560327854,GM-R-001862,1,GM-R-001862,GADM 3.6:SVN.7_1,0.3963156335894192,0.4140594896164954,0.5186845850323004,0.5382294449216265
1824,SI042,SI,Gorenjska statistična regija,213842.015625,0.0981316349869155,GM-R-001857,1,GM-R-001857,GADM 3.6:SVN.1_1,0.37958425299839404,0.3958084891798428,0.5186845850323004,0.5382294449216265
1825,SI043,SI,Goriška statistična regija,116626.0625,0.053519445941255,GM-R-001858,1,GM-R-001858,GADM 3.6:SVN.2_1,0.3913299304608348,0.39749782922872373,0.5186845850323004,0.5382294449216265
1826,SI044,SI,Obalno-kraška statistična regija,117973.2890625,0.0541376852750432,GM-R-001861,1,GM-R-001861,GADM 3.6:SVN.6_1,0.4037098637280829,0.3934494052493472,0.5186845850323004,0.5382294449216265
1827,SK01,SK,Bratislava Region,614497.0625,0.112864959954042,GM-R-001869,1,GM-R-001869,gisco-nuts-2024 2024-RG-01M-EPSG4326:SK01,0.3634886486544639,0.31659765870451984,0.4955004545985058,0.4784021821603041
1828,SK02,SK,Západné Slovensko,1812634.75,0.33292746370135,GM-R-001872,1,GM-R-001872,gisco-nuts-2024 2024-RG-01M-EPSG4326:SK02,0.3924850684058069,0.3742652577673394,0.4955004545985058,0.4784021821603041
1829,SK03,SK,Stredné Slovensko,1350087.375,0.247971173196345,GM-R-001870,1,GM-R-001870,gisco-nuts-2024 2024-RG-01M-EPSG4326:SK03,0.4110702118046843,0.39887975946033116,0.4955004545985058,0.4784021821603041
1830,SK04,SK,Východné Slovensko,1667314.375,0.306236403148263,GM-R-001871,1,GM-R-001871,gisco-nuts-2024 2024-RG-01M-EPSG4326:SK04,0.39221564108228074,0.40776104997629,0.4955004545985058,0.4784021821603041
1831,SL-E,SL,Eastern,1495678.25,0.223431441546076,GM-R-001873,1,GM-R-001873,stats-sl-ocha-codab SLE-v02-valid-2023-12-15-metadata-2026-06-24:SL01,0.4106982792125413,0.4408828200835772,0.5743050955599085,0.7091494249804083
1832,SL-N,SL,Northern,1181147.625,0.176445379567748,GM-R-001875,1,GM-R-001875,stats-sl-ocha-codab SLE-v02-valid-2023-12-15-metadata-2026-06-24:SL02,0.5090224736354073,0.5305140743963732,0.5743050955599085,0.7091494249804083
1833,SL-NW,SL,North Western,1090314.875,0.162876356770168,GM-R-001874,1,GM-R-001874,stats-sl-ocha-codab SLE-v02-valid-2023-12-15-metadata-2026-06-24:SL05,0.4207237169354758,0.5201861287929177,0.5743050955599085,0.7091494249804083
1834,SL-S,SL,Southern,1574678.125,0.235232813902203,GM-R-001876,1,GM-R-001876,stats-sl-ocha-codab SLE-v02-valid-2023-12-15-metadata-2026-06-24:SL03,0.4883724057865609,0.519102861379353,0.5743050955599085,0.7091494249804083
1835,SL-W,SL,Western Area (Freetown),1352307.25,0.202014008213806,GM-R-001877,1,GM-R-001877,stats-sl-ocha-codab SLE-v02-valid-2023-12-15-metadata-2026-06-24:SL04,0.36182662007222666,0.5692702832618726,0.5743050955599085,0.7091494249804083
1836,SN-DB,SN,Diourbel,1814246.625,0.111991659237065,GM-R-001879,1,GM-R-001879,GADM 3.6:SEN.2_1,0.3808903696069004,0.3947164451171283,0.4964410294567191,0.6516162380920547
1837,SN-DK,SN,Dakar,3590700.75,0.221650424630816,GM-R-001878,1,GM-R-001878,GADM 3.6:SEN.1_1,0.35109415726468457,0.489366176074045,0.4964410294567191,0.6516162380920547
1838,SN-FK,SN,Fatick,881803.3125,0.0544328509293026,GM-R-001880,1,GM-R-001880,GADM 3.6:SEN.3_1,0.3973748359553943,0.5643960259965715,0.4964410294567191,0.6516162380920547
1839,SN-KA,SN,Kaffrine,699991.9375,0.0432098136234334,GM-R-001881,1,GM-R-001881,GADM 3.6:SEN.4_1,0.41547323623214405,0.5301975812077084,0.4964410294567191,0.6516162380920547
1840,SN-KD,SN,Kolda,815927.625,0.0503664095509109,GM-R-001884,1,GM-R-001884,GADM 3.6:SEN.7_1,0.353715944181375,0.5001337347746924,0.4964410294567191,0.6516162380920547
1841,SN-KE,SN,Kédougou,191757.75,0.0118370172490007,GM-R-001883,1,GM-R-001883,GADM 3.6:SEN.6_1,0.38264655019010485,0.5026067021473519,0.4964410294567191,0.6516162380920547
1842,SN-KL,SN,Kaolack,1174799.25,0.0725192018907351,GM-R-001882,1,GM-R-001882,GADM 3.6:SEN.5_1,0.39840384315985056,0.47823354451442873,0.4964410294567191,0.6516162380920547
1843,SN-LG,SN,Louga,1057523,0.0652798543590284,GM-R-001885,1,GM-R-001885,GADM 3.6:SEN.8_1,0.39599325296350674,0.46222334126466147,0.4964410294567191,0.6516162380920547
1844,SN-MT,SN,Matam,685496.8125,0.0423150438180335,GM-R-001886,1,GM-R-001886,GADM 3.6:SEN.9_1,0.3751050823475382,0.4674796363810932,0.4964410294567191,0.6516162380920547
1845,SN-SE,SN,Sédhiou,556090.875,0.0343269426105954,GM-R-001888,1,GM-R-001888,GADM 3.6:SEN.11_1,0.39493828053331687,0.4691402681508195,0.4964410294567191,0.6516162380920547
1846,SN-SL,SN,Saint-Louis,1090454.125,0.0673126603063969,GM-R-001887,1,GM-R-001887,GADM 3.6:SEN.10_1,0.4644549015946696,0.4660690271216342,0.4964410294567191,0.6516162380920547
1847,SN-TC,SN,Tambacounda,839969.5625,0.051850494699422,GM-R-001889,1,GM-R-001889,GADM 3.6:SEN.12_1,0.3576857698729871,0.5193952479707609,0.4964410294567191,0.6516162380920547
1848,SN-TH,SN,Thiès,2132107.75,0.131612913759564,GM-R-001890,1,GM-R-001890,GADM 3.6:SEN.13_1,0.46521463994297835,0.4772083801630473,0.4964410294567191,0.6516162380920547
1849,SN-ZG,SN,Ziguinchor,668967.625,0.0412947133356959,GM-R-001891,1,GM-R-001891,GADM 3.6:SEN.14_1,0.4032805238426228,0.5396398977622396,0.4964410294567191,0.6516162380920547
1850,SO-AW,SO,Awdal,452778.21875,0.0411227569841304,GM-R-001892,1,GM-R-001892,GADM 3.6:SOM.1_1,0.2688580736320923,0.05871895028696828,0.29346193676168203,0.27227234404488726
1851,SO-BK,SO,Bakool,456601.84375,0.0414700307600367,GM-R-001893,1,GM-R-001893,GADM 3.6:SOM.2_1,0.23725575307609506,0.214911049940201,0.29346193676168203,0.27227234404488726
1852,SO-BN,SO,Banaadir,1233278.875,0.112010307408999,GM-R-001894,1,GM-R-001894,GADM 3.6:SOM.3_1,0.3315202901959891,0.2980417084371615,0.29346193676168203,0.27227234404488726
1853,SO-BR,SO,Bari,567109.5,0.0515066873496588,GM-R-001895,1,GM-R-001895,GADM 3.6:SOM.4_1,0.24346280112818783,0.25545045976854547,0.29346193676168203,0.27227234404488726
1854,SO-BY,SO,Bay,915004.375,0.0831036056823153,GM-R-001896,1,GM-R-001896,GADM 3.6:SOM.5_1,0.28459387173672424,0.3740233107264725,0.29346193676168203,0.27227234404488726
1855,SO-GA,SO,Galguduud,500255.15625,0.0454347633535031,GM-R-001897,1,GM-R-001897,GADM 3.6:SOM.6_1,0.32447425997880586,0.3350583575257529,0.29346193676168203,0.27227234404488726
1856,SO-GE,SO,Gedo,487868.375,0.0443097565089477,GM-R-001898,1,GM-R-001898,GADM 3.6:SOM.7_1,0.2841587312238486,0.31249980320811377,0.29346193676168203,0.27227234404488726
1857,SO-HI,SO,Hiiraan,485262.71875,0.0440731025262347,GM-R-001899,1,GM-R-001899,GADM 3.6:SOM.8_1,0.37166844064195703,0.42168771433235736,0.29346193676168203,0.27227234404488726
1858,SO-JD,SO,Jubbada Dhexe,351236.90625,0.0319004522334402,GM-R-001900,1,GM-R-001900,GADM 3.6:SOM.9_1,0.2708597048894429,0.2686084536961425,0.29346193676168203,0.27227234404488726
1859,SO-JH,SO,Jubbada Hoose,563176.4375,0.051149474112155,GM-R-001901,1,GM-R-001901,GADM 3.6:SOM.10_1,0.38444616269117665,0.429667204769607,0.29346193676168203,0.27227234404488726
1860,SO-MU,SO,Mudug,514812.03125,0.0467568650100845,GM-R-001902,1,GM-R-001902,GADM 3.6:SOM.11_1,0.3708212480365348,0.3513562636049593,0.29346193676168203,0.27227234404488726
1861,SO-NU,SO,Nugaal,183907.671875,0.0167030793109078,GM-R-001903,1,GM-R-001903,GADM 3.6:SOM.12_1,0.3355340029726121,0.3319824646366779,0.29346193676168203,0.27227234404488726
1862,SO-SA,SO,Sanaag,397531.59375,0.0361050829000269,GM-R-001904,1,GM-R-001904,GADM 3.6:SOM.13_1,0.20400324741458484,0.2560003142192701,0.29346193676168203,0.27227234404488726
1863,SO-SD,SO,Shabeellaha Dhexe,767413.625,0.0696989446495665,GM-R-001905,1,GM-R-001905,GADM 3.6:SOM.14_1,0.23632980709303317,0.18497181504501564,0.29346193676168203,0.27227234404488726
1864,SO-SH,SO,Shabeellaha Hoose,1268735.25,0.115230568084719,GM-R-001906,1,GM-R-001906,GADM 3.6:SOM.15_1,0.3603118043249725,0.25399869580311696,0.29346193676168203,0.27227234404488726
1865,SO-SO,SO,Sool,221659.84375,0.0201318515560143,GM-R-001907,1,GM-R-001907,GADM 3.6:SOM.16_1,0.08940403165972859,0.23855715562687227,0.29346193676168203,0.27227234404488726
1866,SO-TO,SO,Togdheer,607686.4375,0.0551920137873559,GM-R-001908,1,GM-R-001908,GADM 3.6:SOM.17_1,0.1815600540161665,0.14104233965600593,0.29346193676168203,0.27227234404488726
1867,SO-WO,SO,Woqooyi Galbeed,1036086.375,0.0941006577819034,GM-R-001909,1,GM-R-001909,GADM 3.6:SOM.18_1,0.14559920012166694,0.15962142368766616,0.29346193676168203,0.27227234404488726
1868,SR-BR,SR,Brokopondo,13764.525390625,0.0220363038147648,GM-R-001910,1,GM-R-001910,GADM 3.6:SUR.1_1,0.48288648603684675,0.541796484998822,0.6105108901165403,0.6967430680250134
1869,SR-CM,SR,Commewijne,42711.38671875,0.068378753888989,GM-R-001911,1,GM-R-001911,GADM 3.6:SUR.2_1,0.4015500446979314,0.4257413860333342,0.6105108901165403,0.6967430680250134
1870,SR-CR,SR,Coronie,18825.427734375,0.0301385506019798,GM-R-001912,1,GM-R-001912,GADM 3.6:SUR.3_1,0.5609195051412063,0.6574405226729843,0.6105108901165403,0.6967430680250134
1871,SR-MA,SR,Marowijne,20169.076171875,0.0322896632883025,GM-R-001913,1,GM-R-001913,GADM 3.6:SUR.4_1,0.47483264563023375,0.5306483573653255,0.6105108901165403,0.6967430680250134
1872,SR-NI,SR,Nickerie,32732.443359375,0.0524029740217594,GM-R-001914,1,GM-R-001914,GADM 3.6:SUR.5_1,0.4544122557892216,0.49912208745528086,0.6105108901165403,0.6967430680250134
1873,SR-PM,SR,Paramaribo,226935.5625,0.363312272650578,GM-R-001916,1,GM-R-001916,GADM 3.6:SUR.7_1,0.48604091908733354,0.5461311630550307,0.6105108901165403,0.6967430680250134
1874,SR-PR,SR,Para,39902.27734375,0.0638815129104831,GM-R-001915,1,GM-R-001915,GADM 3.6:SUR.6_1,0.4933184662959146,0.5568949912188096,0.6105108901165403,0.6967430680250134
1875,SR-SA,SR,Saramacca,19656.033203125,0.0314683076361051,GM-R-001917,1,GM-R-001917,GADM 3.6:SUR.8_1,0.4869445122702237,0.5485721850479912,0.6105108901165403,0.6967430680250134
1876,SR-SI,SR,Sipaliwini,41311.78125,0.0661380568467802,GM-R-001918,1,GM-R-001918,GADM 3.6:SUR.9_1,0.37838377202203166,0.3923566174910417,0.6105108901165403,0.6967430680250134
1877,SR-WA,SR,Wanica,168620.984375,0.269953604340258,GM-R-001919,1,GM-R-001919,GADM 3.6:SUR.10_1,0.4291639831811805,0.46530585694207877,0.6105108901165403,0.6967430680250134
1878,ST.nat,ST,Sao Tome and Principe,195915.187988281,1,GM-A-0048,2,GM-R-001920|GM-R-001921,GADM 3.6:STP.1_1|GADM 3.6:STP.2_1,0.38591955362263153,0.44524104984583984,0.48160416063625305,0.5870343711403135
1879,SV-AH,SV,Ahuachapán,396275.34375,0.0588841095716017,GM-R-001922,1,GM-R-001922,GADM 3.6:SLV.1_1,0.4886325133414348,0.452138233214025,0.6868830607293291,0.7158352207076618
1880,SV-CA,SV,Cabañas,161045.53125,0.0239303879428956,GM-R-001923,1,GM-R-001923,GADM 3.6:SLV.2_1,0.4808736070172035,0.5348016502250896,0.6868830607293291,0.7158352207076618
1881,SV-CH,SV,Chalatenango,248665.25,0.0369501460501849,GM-R-001924,1,GM-R-001924,GADM 3.6:SLV.3_1,0.5160400164390873,0.5381952113707266,0.6868830607293291,0.7158352207076618
1882,SV-CU,SV,Cuscatlán,294172.6875,0.0437122749041147,GM-R-001925,1,GM-R-001925,GADM 3.6:SLV.4_1,0.5007063486346537,0.5076711876231338,0.6868830607293291,0.7158352207076618
1883,SV-LI,SV,La Libertad,860749.625,0.127902167095691,GM-R-001926,1,GM-R-001926,GADM 3.6:SLV.5_1,0.5120734647087245,0.5212187081316806,0.6868830607293291,0.7158352207076618
1884,SV-MO,SV,Morazán,190064.609375,0.0282424467245729,GM-R-001929,1,GM-R-001929,GADM 3.6:SLV.8_1,0.4993255896720822,0.43041572494745306,0.6868830607293291,0.7158352207076618
1885,SV-PA,SV,La Paz,372995.5,0.0554248661647003,GM-R-001927,1,GM-R-001927,GADM 3.6:SLV.6_1,0.5113309897456029,0.5404375933910077,0.6868830607293291,0.7158352207076618
1886,SV-SA,SV,Santa Ana,602166.125,0.0894782293272739,GM-R-001933,1,GM-R-001933,GADM 3.6:SLV.12_1,0.5070005422895034,0.5033196891800634,0.6868830607293291,0.7158352207076618
1887,SV-SM,SV,San Miguel,471355.1875,0.0700405184063205,GM-R-001930,1,GM-R-001930,GADM 3.6:SLV.9_1,0.49614012161904636,0.4932297297282218,0.6868830607293291,0.7158352207076618
1888,SV-SO,SV,Sonsonate,525346.875,0.0780633552869097,GM-R-001934,1,GM-R-001934,GADM 3.6:SLV.13_1,0.4749282267738474,0.5137353760333736,0.6868830607293291,0.7158352207076618
1889,SV-SS,SV,San Salvador,1815669.75,0.269797498610693,GM-R-001931,1,GM-R-001931,GADM 3.6:SLV.10_1,0.5067750236510596,0.5552918811364723,0.6868830607293291,0.7158352207076618
1890,SV-SV,SV,San Vicente,185755.25,0.0276021020914205,GM-R-001932,1,GM-R-001932,GADM 3.6:SLV.11_1,0.4907563078657906,0.4794098986983286,0.6868830607293291,0.7158352207076618
1891,SV-UN,SV,La Unión,227165.890625,0.0337554718088437,GM-R-001928,1,GM-R-001928,GADM 3.6:SLV.7_1,0.5156452039883618,0.438704137870611,0.6868830607293291,0.7158352207076618
1892,SV-US,SV,Usulután,378322.5,0.0562164260147772,GM-R-001935,1,GM-R-001935,GADM 3.6:SLV.14_1,0.48706150036000573,0.5317685262339789,0.6868830607293291,0.7158352207076618
1893,SY-DI,SY,Dimashq,1007717.0625,0.0376412377841769,GM-R-001943,1,GM-R-001943,GADM 3.6:SYR.5_1,NA,NA,0.3822565824404306,0.3815174987275633
1894,SY-DR,SY,Dar'ā,1358290.75,0.0507362105926414,GM-R-001941,1,GM-R-001941,GADM 3.6:SYR.6_1,0.3147359709183104,0.31523700058297094,0.3822565824404306,0.3815174987275633
1895,SY-DY,SY,Dayr az Zawr,1605579.75,0.0599731922780749,GM-R-001942,1,GM-R-001942,GADM 3.6:SYR.7_1,0.34778938638346846,0.34495026836833204,0.3822565824404306,0.3815174987275633
1896,SY-HA,SY,Al Ḩasakah,1887876.125,0.0705178038286868,GM-R-001936,1,GM-R-001936,GADM 3.6:SYR.1_1,0.3288294519217984,0.3283568477553261,0.3822565824404306,0.3815174987275633
1897,SY-HI,SY,Ḩimş,2269059.5,0.084756139758173,GM-R-001946,1,GM-R-001946,GADM 3.6:SYR.9_1,0.3506849877900854,0.3479481563576847,0.3822565824404306,0.3815174987275633
1898,SY-HL,SY,Ḩalab,6167375.5,0.230369869022444,GM-R-001944,1,GM-R-001944,GADM 3.6:SYR.2_1,0.33043705177626154,0.33066824679706247,0.3822565824404306,0.3815174987275633
1899,SY-HM,SY,Ḩamāh,1951908.25,0.0729095946722115,GM-R-001945,1,GM-R-001945,GADM 3.6:SYR.8_1,0.33400416222839663,0.3349159802488069,0.3822565824404306,0.3815174987275633
1900,SY-ID,SY,Idlib,1905267.75,0.0711674328926764,GM-R-001947,1,GM-R-001947,GADM 3.6:SYR.10_1,0.30821970529109943,0.3089066383981111,0.3822565824404306,0.3815174987275633
1901,SY-LA,SY,Al Lādhiqīyah,1166328.25,0.0435658386925972,GM-R-001937,1,GM-R-001937,GADM 3.6:SYR.11_1,0.3175122110684197,0.3181674711513912,0.3822565824404306,0.3815174987275633
1902,SY-QU,SY,Al Qunayţirah,146524.65625,0.00547313291834932,GM-R-001938,1,GM-R-001938,GADM 3.6:SYR.12_1,0.3307321675649268,0.33268517520352514,0.3822565824404306,0.3815174987275633
1903,SY-RA,SY,Ar Raqqah,1201638.375,0.0448847771732226,GM-R-001939,1,GM-R-001939,GADM 3.6:SYR.3_1,0.3126637934310132,0.3139158047485202,0.3822565824404306,0.3815174987275633
1904,SY-RD,SY,Rīf Dimashq,4778014.5,0.178473091925786,GM-R-001948,1,GM-R-001948,GADM 3.6:SYR.13_1,0.3329333985020219,0.33129451785109454,0.3822565824404306,0.3815174987275633
1905,SY-SU,SY,As Suwaydā',446904.78125,0.0166932264659524,GM-R-001940,1,GM-R-001940,GADM 3.6:SYR.4_1,0.3808958686874049,0.38011484699458986,0.3822565824404306,0.3815174987275633
1906,SY-TA,SY,Ţarţūs,879138.6875,0.032838451995008,GM-R-001949,1,GM-R-001949,GADM 3.6:SYR.14_1,0.3239504847165837,0.3234152507988486,0.3822565824404306,0.3815174987275633
1907,SZ-HH,SZ,Hhohho,311114.5,0.283290060141414,GM-R-001950,1,GM-R-001950,GADM 3.6:SWZ.1_1,0.4871370006862897,0.5042393485665728,0.6670850829382502,0.7159147752628037
1908,SZ-LU,SZ,Lubombo,221771.75,0.201937654449299,GM-R-001951,1,GM-R-001951,GADM 3.6:SWZ.2_1,0.4994344906418727,0.5297484250645066,0.6670850829382502,0.7159147752628037
1909,SZ-MA,SZ,Manzini,367421.8125,0.334561543613018,GM-R-001952,1,GM-R-001952,GADM 3.6:SWZ.3_1,0.4921394782923488,0.5247708560185123,0.6670850829382502,0.7159147752628037
1910,SZ-SH,SZ,Shiselweni,197910.84375,0.180210741796269,GM-R-001953,1,GM-R-001953,GADM 3.6:SWZ.4_1,0.4815242471736559,0.5125486050005893,0.6670850829382502,0.7159147752628037
1911,TD.nat,TD,Chad,16573910.1992188,1,GM-A-0049,23,GM-R-001954|GM-R-001955|GM-R-001956|GM-R-001957|GM-R-001958|GM-R-001959|GM-R-001960|GM-R-001961|GM-R-001962|GM-R-001963|GM-R-001964|GM-R-001965|GM-R-001966|GM-R-001967|GM-R-001968|GM-R-001969|GM-R-001970|GM-R-001971|GM-R-001972|GM-R-001973|GM-R-001974|GM-R-001975|GM-R-001976,GADM 3.6:TCD.1_1|GADM 3.6:TCD.10_1|GADM 3.6:TCD.11_1|GADM 3.6:TCD.12_1|GADM 3.6:TCD.13_1|GADM 3.6:TCD.14_1|GADM 3.6:TCD.15_1|GADM 3.6:TCD.16_1|GADM 3.6:TCD.17_1|GADM 3.6:TCD.18_1|GADM 3.6:TCD.19_1|GADM 3.6:TCD.2_1|GADM 3.6:TCD.20_1|GADM 3.6:TCD.21_1|GADM 3.6:TCD.22_1|GADM 3.6:TCD.23_1|GADM 3.6:TCD.3_1|GADM 3.6:TCD.4_1|GADM 3.6:TCD.5_1|GADM 3.6:TCD.6_1|GADM 3.6:TCD.7_1|GADM 3.6:TCD.8_1|GADM 3.6:TCD.9_1,0.4633181567133382,0.44194963842560736,0.6191622388389558,0.5811846501962418
1912,TG-C,TG,Centrale,853714.8125,0.0977347241037866,GM-R-001977,1,GM-R-001977,GADM 3.6:TGO.1_1,0.4916029039298199,0.3985116213076179,0.5437911311358363,0.616757289975361
1913,TG-K,TG,Kara,957670.125,0.109635705131113,GM-R-001978,1,GM-R-001978,GADM 3.6:TGO.2_1,0.4226326663290675,0.45855677004033707,0.5437911311358363,0.616757289975361
1914,TG-M,TG,Maritime (Région),3914235.25,0.448108310450647,GM-R-001979,1,GM-R-001979,GADM 3.6:TGO.3_1,0.39499546356338955,0.4577994285545276,0.5437911311358363,0.616757289975361
1915,TG-P,TG,Plateaux,1801168.75,0.206200862709773,GM-R-001980,1,GM-R-001980,GADM 3.6:TGO.4_1,0.4386786996674128,0.4730173038070563,0.5437911311358363,0.616757289975361
1916,TG-S,TG,Savanes,1208231.5,0.138320397604679,GM-R-001981,1,GM-R-001981,GADM 3.6:TGO.5_1,0.427057569619056,0.5065201058042986,0.5437911311358363,0.616757289975361
1917,TH.A,TH,Northeast,18606394.09375,0.248972873011712,GM-A-0050,21,GM-R-001982|GM-R-001984|GM-R-001985|GM-R-001988|GM-R-001994|GM-R-001997|GM-R-002002|GM-R-002005|GM-R-002006|GM-R-002008|GM-R-002009|GM-R-002010|GM-R-002015|GM-R-002016|GM-R-002036|GM-R-002038|GM-R-002044|GM-R-002050|GM-R-002054|GM-R-002055|GM-R-002059,GADM 3.6:THA.1_1|GADM 3.6:THA.14_1|GADM 3.6:THA.17_1|GADM 3.6:THA.21_1|GADM 3.6:THA.24_1|GADM 3.6:THA.25_1|GADM 3.6:THA.27_1|GADM 3.6:THA.28_1|GADM 3.6:THA.29_1|GADM 3.6:THA.34_1|GADM 3.6:THA.35_1|GADM 3.6:THA.4_1|GADM 3.6:THA.5_1|GADM 3.6:THA.54_1|GADM 3.6:THA.56_1|GADM 3.6:THA.62_1|GADM 3.6:THA.68_1|GADM 3.6:THA.72_1|GADM 3.6:THA.73_1|GADM 3.6:THA.77_1|GADM 3.6:THA.8_1,0.3658429715290744,0.4280654305178356,0.5392754833718663,0.5860653930410071
1918,TH.B,TH,Central,34024457.625,0.455282572479049,GM-A-0051,25,GM-R-001983|GM-R-001986|GM-R-001987|GM-R-001989|GM-R-001992|GM-R-001996|GM-R-001999|GM-R-002003|GM-R-002007|GM-R-002017|GM-R-002018|GM-R-002025|GM-R-002028|GM-R-002031|GM-R-002032|GM-R-002034|GM-R-002035|GM-R-002037|GM-R-002039|GM-R-002040|GM-R-002041|GM-R-002042|GM-R-002045|GM-R-002048|GM-R-002053,GADM 3.6:THA.12_1|GADM 3.6:THA.16_1|GADM 3.6:THA.2_1|GADM 3.6:THA.22_1|GADM 3.6:THA.26_1|GADM 3.6:THA.3_1|GADM 3.6:THA.36_1|GADM 3.6:THA.37_1|GADM 3.6:THA.43_1|GADM 3.6:THA.46_1|GADM 3.6:THA.49_1|GADM 3.6:THA.50_1|GADM 3.6:THA.52_1|GADM 3.6:THA.53_1|GADM 3.6:THA.55_1|GADM 3.6:THA.57_1|GADM 3.6:THA.58_1|GADM 3.6:THA.59_1|GADM 3.6:THA.6_1|GADM 3.6:THA.60_1|GADM 3.6:THA.63_1|GADM 3.6:THA.66_1|GADM 3.6:THA.7_1|GADM 3.6:THA.71_1|GADM 3.6:THA.9_1,0.44253084856552394,0.4664634852997366,0.5392754833718663,0.5860653930410071
1919,TH.C,TH,North,12183118.640625,0.163022777810443,GM-A-0052,17,GM-R-001990|GM-R-001991|GM-R-001995|GM-R-002000|GM-R-002001|GM-R-002004|GM-R-002011|GM-R-002013|GM-R-002023|GM-R-002024|GM-R-002026|GM-R-002027|GM-R-002029|GM-R-002047|GM-R-002051|GM-R-002056|GM-R-002057,GADM 3.6:THA.10_1|GADM 3.6:THA.11_1|GADM 3.6:THA.15_1|GADM 3.6:THA.19_1|GADM 3.6:THA.20_1|GADM 3.6:THA.23_1|GADM 3.6:THA.30_1|GADM 3.6:THA.32_1|GADM 3.6:THA.41_1|GADM 3.6:THA.42_1|GADM 3.6:THA.44_1|GADM 3.6:THA.45_1|GADM 3.6:THA.47_1|GADM 3.6:THA.65_1|GADM 3.6:THA.69_1|GADM 3.6:THA.74_1|GADM 3.6:THA.75_1,0.4316617532195696,0.4392087324762487,0.5392754833718663,0.5860653930410071
1920,TH.D,TH,South,9918645.5625,0.132721776698796,GM-A-0053,14,GM-R-001993|GM-R-001998|GM-R-002012|GM-R-002014|GM-R-002019|GM-R-002020|GM-R-002021|GM-R-002030|GM-R-002033|GM-R-002043|GM-R-002046|GM-R-002049|GM-R-002052|GM-R-002058,GADM 3.6:THA.13_1|GADM 3.6:THA.18_1|GADM 3.6:THA.31_1|GADM 3.6:THA.33_1|GADM 3.6:THA.38_1|GADM 3.6:THA.39_1|GADM 3.6:THA.40_1|GADM 3.6:THA.48_1|GADM 3.6:THA.51_1|GADM 3.6:THA.61_1|GADM 3.6:THA.64_1|GADM 3.6:THA.67_1|GADM 3.6:THA.70_1|GADM 3.6:THA.76_1,0.4176911872722822,0.40796198983951404,0.5392754833718663,0.5860653930410071
1921,TJ-DU,TJ,Dushanbe,1004735.375,0.107056693989124,GM-R-002060,1,GM-R-002060,GADM 3.6:TJK.1_1,NA,NA,0.4438060284032142,0.6378384008417919
1922,TJ-GB,TJ,Kŭhistoni Badakhshon,208225.671875,0.022186888796069,GM-R-002062,1,GM-R-002062,GADM 3.6:TJK.2_1,0.36855214646045187,0.45709080128577984,0.4438060284032142,0.6378384008417919
1923,TJ-KT,TJ,Khatlon,3375419.25,0.359658109710977,GM-R-002061,1,GM-R-002061,GADM 3.6:TJK.3_1,0.38394682939215935,0.44265405034026833,0.4438060284032142,0.6378384008417919
1924,TJ-RA,TJ,nohiyahoi tobei jumhurí,2130851,0.227046712119019,GM-R-002063,1,GM-R-002063,GADM 3.6:TJK.5_1,0.3722573156833341,0.5107224628340843,0.4438060284032142,0.6378384008417919
1925,TJ-SU,TJ,Sughd,2665846.25,0.28405159538481,GM-R-002064,1,GM-R-002064,GADM 3.6:TJK.4_1,0.3642245913841197,0.47737487584318866,0.4438060284032142,0.6378384008417919
1926,TM-A,TM,Ahal,1737021.25,0.176100683446933,GM-R-002065,1,GM-R-002065,GADM 3.6:TKM.1_1,0.27761879227653885,0.2811127741123238,0.18993618906659357,0.3224815428184199
1927,TM-B,TM,Balkan,820070.1875,0.0831394092002066,GM-R-002067,1,GM-R-002067,GADM 3.6:TKM.3_1,0.18260456424165392,0.32110599752571334,0.18993618906659357,0.3224815428184199
1928,TM-D,TM,Daşoguz,2013671.25,0.204147694429437,GM-R-002068,1,GM-R-002068,GADM 3.6:TKM.6_1,0.1243104726826501,0.29153108870169453,0.18993618906659357,0.3224815428184199
1929,TM-L,TM,Lebap,1956664.125,0.198368263881973,GM-R-002069,1,GM-R-002069,GADM 3.6:TKM.4_1,0.2886473163608008,0.28145105621368116,0.18993618906659357,0.3224815428184199
1930,TM-M,TM,Mary,2172224.5,0.220221957014154,GM-R-002070,1,GM-R-002070,GADM 3.6:TKM.5_1,0.15250078144054724,0.27267835331586376,0.18993618906659357,0.3224815428184199
1931,TM-S,TM,Aşgabat,1164144.875,0.118021992027296,GM-R-002066,1,GM-R-002066,GADM 3.6:TKM.2_1,NA,NA,0.18993618906659357,0.3224815428184199
1932,TN-11,TN,Tunis,1228820.125,0.106115432376722,GM-R-002093,1,GM-R-002093,GADM 3.6:TUN.23_1,0.4280867556701467,0.4117026637279593,0.5773855171664419,0.5400878597685811
1933,TN-12,TN,L'Ariana,654373.25,0.0565087590500772,GM-R-002080,1,GM-R-002080,GADM 3.6:TUN.1_1,0.38768287207801394,0.45199287418162326,0.5773855171664419,0.5400878597685811
1934,TN-13,TN,Ben Arous,727086.625,0.0627879622228733,GM-R-002072,1,GM-R-002072,GADM 3.6:TUN.3_1,0.41654699835359976,0.3956314156572483,0.5773855171664419,0.5400878597685811
1935,TN-14,TN,La Manouba,271244.6875,0.0234234829885711,GM-R-002081,1,GM-R-002081,GADM 3.6:TUN.13_1,0.5052611901825226,0.4076888629848998,0.5773855171664419,0.5400878597685811
1936,TN-21,TN,Nabeul,840437.125,0.0725764064979194,GM-R-002086,1,GM-R-002086,GADM 3.6:TUN.16_1,0.4405674531178815,0.44600486237225445,0.5773855171664419,0.5400878597685811
1937,TN-22,TN,Zaghouan,190658.609375,0.0164644282418248,GM-R-002094,1,GM-R-002094,GADM 3.6:TUN.24_1,0.4552991189873398,0.13623204096959318,0.5773855171664419,0.5400878597685811
1938,TN-23,TN,Bizerte,572576.6875,0.04944517226465,GM-R-002073,1,GM-R-002073,GADM 3.6:TUN.4_1,0.42992909769990956,0.4037672312189192,0.5773855171664419,0.5400878597685811
1939,TN-31,TN,Béja,299997,0.0259064046226615,GM-R-002071,1,GM-R-002071,GADM 3.6:TUN.2_1,0.4476839919991599,0.43582154399766837,0.5773855171664419,0.5400878597685811
1940,TN-32,TN,Jendouba,391162.09375,0.0337790160359435,GM-R-002076,1,GM-R-002076,GADM 3.6:TUN.7_1,0.49250489355848387,0.35613844693037755,0.5773855171664419,0.5400878597685811
1941,TN-33,TN,Le Kef,232154.21875,0.0200478042306935,GM-R-002082,1,GM-R-002082,GADM 3.6:TUN.11_1,0.44818556514371033,0.44137875857367914,0.5773855171664419,0.5400878597685811
1942,TN-34,TN,Siliana,220421.15625,0.0190345892165835,GM-R-002089,1,GM-R-002089,GADM 3.6:TUN.19_1,0.4797491510410104,0.42290555797198026,0.5773855171664419,0.5400878597685811
1943,TN-41,TN,Kairouan,586708.375,0.0506655218493992,GM-R-002077,1,GM-R-002077,GADM 3.6:TUN.8_1,0.4436218893686603,0.41377200983233103,0.5773855171664419,0.5400878597685811
1944,TN-42,TN,Kasserine,452075.96875,0.0390392669480667,GM-R-002078,1,GM-R-002078,GADM 3.6:TUN.9_1,0.43881538933312403,0.49212667466775883,0.5773855171664419,0.5400878597685811
1945,TN-43,TN,Sidi Bouzid,454229.375,0.0392252255197506,GM-R-002088,1,GM-R-002088,GADM 3.6:TUN.18_1,0.4571014462565869,0.4601369971931657,0.5773855171664419,0.5400878597685811
1946,TN-51,TN,Sousse,745936.75,0.0644157750524608,GM-R-002090,1,GM-R-002090,GADM 3.6:TUN.20_1,0.4258430954953659,0.3757714979183601,0.5773855171664419,0.5400878597685811
1947,TN-52,TN,Monastir,592815.6875,0.0511929221526757,GM-R-002085,1,GM-R-002085,GADM 3.6:TUN.15_1,0.4825057817271599,0.4282516024729532,0.5773855171664419,0.5400878597685811
1948,TN-53,TN,Mahdia,435580.625,0.0376148025381646,GM-R-002083,1,GM-R-002083,GADM 3.6:TUN.12_1,0.43745476656158583,0.40355051594623137,0.5773855171664419,0.5400878597685811
1949,TN-61,TN,Sfax,1010522.8125,0.0872642488460047,GM-R-002087,1,GM-R-002087,GADM 3.6:TUN.17_1,0.42476673679332677,0.41491733932821856,0.5773855171664419,0.5400878597685811
1950,TN-71,TN,Gafsa,346066.84375,0.0298847911168274,GM-R-002075,1,GM-R-002075,GADM 3.6:TUN.6_1,0.4289705279994154,0.4670661622034255,0.5773855171664419,0.5400878597685811
1951,TN-72,TN,Tozeur,118352.2890625,0.0102203764986694,GM-R-002092,1,GM-R-002092,GADM 3.6:TUN.22_1,0.5024490582344586,0.4783849219169581,0.5773855171664419,0.5400878597685811
1952,TN-73,TN,Kébili,166182.578125,0.0143507872083498,GM-R-002079,1,GM-R-002079,GADM 3.6:TUN.10_1,0.49018078112082075,0.40837517907786,0.5773855171664419,0.5400878597685811
1953,TN-81,TN,Gabès,389500.03125,0.0336354877218832,GM-R-002074,1,GM-R-002074,GADM 3.6:TUN.5_1,0.4329766685785526,0.5282264938830612,0.5773855171664419,0.5400878597685811
1954,TN-82,TN,Médenine,491670.59375,0.0424584823939963,GM-R-002084,1,GM-R-002084,GADM 3.6:TUN.14_1,0.4252196608258476,0.3878944067868617,0.5773855171664419,0.5400878597685811
1955,TN-83,TN,Tataouine,161458.703125,0.0139428544052321,GM-R-002091,1,GM-R-002091,GADM 3.6:TUN.21_1,0.47413704833941017,0.4105731822063021,0.5773855171664419,0.5400878597685811
1956,TR1,TR,Istanbul,15754448,0.196907861449362,GM-R-002100,1,GM-R-002100,gisco-statistical-regions-2024 2024-RG-01M-EPSG4326:TR1,0.5284106513742441,0.4315464573499943,0.6876306834095801,0.5766335705127188
1957,TR2,TR,West Marmara,3475276,0.0434359340997725,GM-R-002106,1,GM-R-002106,gisco-statistical-regions-2024 2024-RG-01M-EPSG4326:TR2,0.543937183412901,0.44549781201788374,0.6876306834095801,0.5766335705127188
1958,TR3,TR,Aegean,10344600,0.129292569536493,GM-R-002095,1,GM-R-002095,gisco-statistical-regions-2024 2024-RG-01M-EPSG4326:TR3,0.48721759966247563,0.4816334006046504,0.6876306834095801,0.5766335705127188
1959,TR4,TR,East Marmara,7678392.5,0.0959688239501518,GM-R-002099,1,GM-R-002099,gisco-statistical-regions-2024 2024-RG-01M-EPSG4326:TR4,0.5123389993144706,0.41196055580045016,0.6876306834095801,0.5766335705127188
1960,TR5,TR,West Anatolia,8316946.5,0.103949827318847,GM-R-002104,1,GM-R-002104,gisco-statistical-regions-2024 2024-RG-01M-EPSG4326:TR5,0.490020192322622,0.45362821265771636,0.6876306834095801,0.5766335705127188
1961,TR6,TR,Mediterranean,9545294,0.11930239818275,GM-R-002101,1,GM-R-002101,gisco-statistical-regions-2024 2024-RG-01M-EPSG4326:TR6,0.46828641381028335,0.4428729609623828,0.6876306834095801,0.5766335705127188
1962,TR7,TR,Central Anatolia,3960609.25,0.049501899238492,GM-R-002096,1,GM-R-002096,gisco-statistical-regions-2024 2024-RG-01M-EPSG4326:TR7,0.5423268344978214,0.44957071461245024,0.6876306834095801,0.5766335705127188
1963,TR8,TR,West Black Sea,4334704,0.0541775436788389,GM-R-002105,1,GM-R-002105,gisco-statistical-regions-2024 2024-RG-01M-EPSG4326:TR8,0.4864589580071257,0.4192762102784931,0.6876306834095801,0.5766335705127188
1964,TR9,TR,East Black Sea,2070001.5,0.0258720310963591,GM-R-002098,1,GM-R-002098,gisco-statistical-regions-2024 2024-RG-01M-EPSG4326:TR9,0.5151744768106278,0.42340470100698535,0.6876306834095801,0.5766335705127188
1965,TRA,TR,Northeast Anatolia,1983705.5,0.0247934556482295,GM-R-002102,1,GM-R-002102,gisco-statistical-regions-2024 2024-RG-01M-EPSG4326:TRA,0.45647396016128156,0.3972556960296037,0.6876306834095801,0.5766335705127188
1966,TRB,TR,Central East Anatolia,3733115,0.0466585494581933,GM-R-002097,1,GM-R-002097,gisco-statistical-regions-2024 2024-RG-01M-EPSG4326:TRB,0.4872204119082238,0.4325182853761694,0.6876306834095801,0.5766335705127188
1967,TRC,TR,Southeast Anatolia,8812146,0.11013910634251,GM-R-002103,1,GM-R-002103,gisco-statistical-regions-2024 2024-RG-01M-EPSG4326:TRC,0.49591958707726835,0.4295634231236344,0.6876306834095801,0.5766335705127188
1968,TT.nat,TT,Trinidad and Tobago,1361691.51171875,1,GM-A-0054,15,GM-R-002107|GM-R-002108|GM-R-002109|GM-R-002110|GM-R-002111|GM-R-002112|GM-R-002113|GM-R-002114|GM-R-002115|GM-R-002116|GM-R-002117|GM-R-002118|GM-R-002119|GM-R-002120|GM-R-002121,GADM 3.6:TTO.1_1|GADM 3.6:TTO.10_1|GADM 3.6:TTO.11_1|GADM 3.6:TTO.12_1|GADM 3.6:TTO.13_1|GADM 3.6:TTO.14_1|GADM 3.6:TTO.15_1|GADM 3.6:TTO.2_1|GADM 3.6:TTO.3_1|GADM 3.6:TTO.4_1|GADM 3.6:TTO.5_1|GADM 3.6:TTO.6_1|GADM 3.6:TTO.7_1|GADM 3.6:TTO.8_1|GADM 3.6:TTO.9_1,0.5281784019464761,0.5400187916147917,0.7344362919839504,0.7554798403544015
1969,TW-CHA,TW,Changhua,1253995.375,0.0524276952210022,GM-R-002122,1,GM-R-002122,GADM 4.1:TWN.7.1_1,0.4587606469761501,0.41675330698181706,0.5942825678348855,0.5097357614729772
1970,TW-CYI,TW,Chiayi,400010.78125,0.0167238601852818,GM-R-002123,1,GM-R-002123,GADM 4.1:TWN.7.2_1,NA,NA,0.5942825678348855,0.5097357614729772
1971,TW-CYQ,TW,Chiayi,447879,0.0187251597382385,GM-R-002124,1,GM-R-002124,GADM 4.1:TWN.7.3_1,0.46794468171115167,0.36747387943055126,0.5942825678348855,0.5097357614729772
1972,TW-HSQ,TW,Hsinchu,576002.125,0.0240817984325896,GM-R-002126,1,GM-R-002126,GADM 4.1:TWN.7.5_1,0.45965210624144537,0.40223573396043777,0.5942825678348855,0.5097357614729772
1973,TW-HSZ,TW,Hsinchu,462253.09375,0.0193261193759111,GM-R-002125,1,GM-R-002125,GADM 4.1:TWN.7.4_1,0.4498476759767447,0.3731300717489878,0.5942825678348855,0.5097357614729772
1974,TW-HUA,TW,Hualien,289369.5,0.0120981115677989,GM-R-002127,1,GM-R-002127,GADM 4.1:TWN.7.6_1,0.4080361733242949,0.40145650112884834,0.5942825678348855,0.5097357614729772
1975,TW-ILA,TW,Yilan,404756.5,0.0169222716796061,GM-R-002142,1,GM-R-002142,GADM 4.1:TWN.7.14_1,0.4488206647738904,0.383813223091606,0.5942825678348855,0.5097357614729772
1976,TW-KEE,TW,Keelung,595087.5,0.0248797297835553,GM-R-002129,1,GM-R-002129,GADM 4.1:TWN.7.7_1,NA,NA,0.5942825678348855,0.5097357614729772
1977,TW-KHH,TW,Kaohsiung,2743528.5,0.114702876019884,GM-R-002128,1,GM-R-002128,GADM 4.1:TWN.2.1_1,0.4481978084102655,0.4172402962835075,0.5942825678348855,0.5097357614729772
1978,TW-KIN,TW,Kinmen,52694.11328125,0.00220306307832303,GM-R-002130,1,GM-R-002130,GADM 4.1:TWN.1.1_1,NA,NA,0.5942825678348855,0.5097357614729772
1979,TW-LIE,TW,Lienchiang,8228.4296875,3.4401849672188e-4,GM-R-002131,1,GM-R-002131,GADM 4.1:TWN.1.2_1,NA,NA,0.5942825678348855,0.5097357614729772
1980,TW-MIA,TW,Miaoli,525985.5,0.0219906771862428,GM-R-002132,1,GM-R-002132,GADM 4.1:TWN.7.8_1,0.4166708130798232,0.4114399808289447,0.5942825678348855,0.5097357614729772
1981,TW-NAN,TW,Nantou,432294.28125,0.0180735856566913,GM-R-002133,1,GM-R-002133,GADM 4.1:TWN.7.9_1,0.45504817743246895,0.38943731856872227,0.5942825678348855,0.5097357614729772
1982,TW-NWT,TW,New Taipei,4398589,0.183898511981715,GM-R-002134,1,GM-R-002134,GADM 4.1:TWN.3.1_1,0.46073776963237045,0.40067088829064007,0.5942825678348855,0.5097357614729772
1983,TW-PEN,TW,Penghu,73918.140625,0.00309040832625932,GM-R-002135,1,GM-R-002135,GADM 4.1:TWN.7.10_1,NA,NA,0.5942825678348855,0.5097357614729772
1984,TW-PIF,TW,Pingtung,728553.875,0.0304597618715939,GM-R-002136,1,GM-R-002136,GADM 4.1:TWN.7.11_1,0.3810943008914466,0.44793105713981723,0.5942825678348855,0.5097357614729772
1985,TW-TAO,TW,Taoyuan,2735202,0.114354757348189,GM-R-002141,1,GM-R-002141,GADM 4.1:TWN.7.13_1,0.46219052653447346,0.3882760659719993,0.5942825678348855,0.5097357614729772
1986,TW-TNN,TW,Tainan,1702446.25,0.0711767642086703,GM-R-002138,1,GM-R-002138,GADM 4.1:TWN.5.1_1,0.4560050958096477,0.38821227631601446,0.5942825678348855,0.5097357614729772
1987,TW-TPE,TW,Taipei,2350348.25,0.0982645902615198,GM-R-002139,1,GM-R-002139,GADM 4.1:TWN.6.1_1,0.45539535985939317,0.39086712816143115,0.5942825678348855,0.5097357614729772
1988,TW-TTT,TW,Taitung,190885.9375,0.0079806592215105,GM-R-002140,1,GM-R-002140,GADM 4.1:TWN.7.12_1,0.41954573382247284,0.4041013456942606,0.5942825678348855,0.5097357614729772
1989,TW-TXG,TW,Taichung,3001615.25,0.125493101996259,GM-R-002137,1,GM-R-002137,GADM 4.1:TWN.4.1_1,0.43537979109198593,0.3921905385508292,0.5942825678348855,0.5097357614729772
1990,TW-YUN,TW,Yunlin,544924.25,0.0227824783624367,GM-R-002143,1,GM-R-002143,GADM 4.1:TWN.7.15_1,0.4071008363983335,0.4280624995569573,0.5942825678348855,0.5097357614729772
1991,TZ-01,TZ,Arusha,2117793.5,0.0376446225902003,GM-R-002144,1,GM-R-002144,GADM 3.6:TZA.1_1,0.4934112173898445,0.4531987136012226,0.6091486468841254,0.6244434318129259
1992,TZ-02,TZ,Dar es Salaam,6795417.5,0.12079125142765,GM-R-002145,1,GM-R-002145,GADM 3.6:TZA.2_1,0.455706577515922,0.44839640156209987,0.6091486468841254,0.6244434318129259
1993,TZ-03,TZ,Dodoma,2462000.5,0.0437630390495506,GM-R-002146,1,GM-R-002146,GADM 3.6:TZA.3_1,0.3182400844479127,0.42787637433027775,0.6091486468841254,0.6244434318129259
1994,TZ-04,TZ,Iringa,1042070.4375,0.0185232168915867,GM-R-002148,1,GM-R-002148,GADM 3.6:TZA.5_1,0.4166646191868886,0.4737442214811768,0.6091486468841254,0.6244434318129259
1995,TZ-05,TZ,Kagera,2871032,0.0510337368040784,GM-R-002149,1,GM-R-002149,GADM 3.6:TZA.6_1,0.5771336273920784,0.42928980797018995,0.6091486468841254,0.6244434318129259
1996,TZ-06,TZ,Kaskazini Pemba,224526.1875,0.00399104237030383,GM-R-002150,1,GM-R-002150,GADM 3.6:TZA.18_1,0.42340212872984034,0.4570099503774801,0.6091486468841254,0.6244434318129259
1997,TZ-07,TZ,Kaskazini Unguja,231916.734375,0.0041224122833027,GM-R-002151,1,GM-R-002151,GADM 3.6:TZA.28_1,0.5389695823098878,0.4817406324796341,0.6091486468841254,0.6244434318129259
1998,TZ-08,TZ,Kigoma,2581839,0.0458932160966875,GM-R-002153,1,GM-R-002153,GADM 3.6:TZA.8_1,0.4425489374736228,0.46054081928788526,0.6091486468841254,0.6244434318129259
1999,TZ-09,TZ,Kilimanjaro,1882279.625,0.0334582697002086,GM-R-002154,1,GM-R-002154,GADM 3.6:TZA.9_1,0.5005042059266394,0.4796000393671716,0.6091486468841254,0.6244434318129259
2000,TZ-10,TZ,Kusini Pemba,202553.265625,0.00360046493620163,GM-R-002155,1,GM-R-002155,GADM 3.6:TZA.19_1,0.4360866177872301,0.48336175529519215,0.6091486468841254,0.6244434318129259
2001,TZ-11,TZ,Kusini Unguja,129575.28125,0.00230325221022508,GM-R-002156,1,GM-R-002156,GADM 3.6:TZA.29_1,0.5594887526759751,0.46693167969655225,0.6091486468841254,0.6244434318129259
2002,TZ-12,TZ,Lindi,924437.75,0.0164322490398067,GM-R-002157,1,GM-R-002157,GADM 3.6:TZA.10_1,0.4642698278066617,0.5178753554452868,0.6091486468841254,0.6244434318129259
2003,TZ-13,TZ,Mara,2112770.75,0.0375553412093127,GM-R-002159,1,GM-R-002159,GADM 3.6:TZA.12_1,0.48881674699505795,0.48114693586290574,0.6091486468841254,0.6244434318129259
2004,TZ-14,TZ,Mbeya,2085191.125,0.0370651023950448,GM-R-002160,1,GM-R-002160,globalmrp-mixed-source-partition-repairs worldpop-readiness-overlap-repair-2026-08-10:TZ-14,0.40427820536814896,0.4977044110867079,0.6091486468841254,0.6244434318129259
2005,TZ-15,TZ,Mjini Magharibi,811501.6875,0.0144247655672039,GM-R-002161,1,GM-R-002161,GADM 3.6:TZA.30_1,NA,NA,0.6091486468841254,0.6244434318129259
2006,TZ-16,TZ,Morogoro,2687721.75,0.0477753241315656,GM-R-002162,1,GM-R-002162,GADM 3.6:TZA.14_1,0.4698305511483382,0.46580361146638016,0.6091486468841254,0.6244434318129259
2007,TZ-17,TZ,Mtwara,1392274.125,0.0247482268586273,GM-R-002163,1,GM-R-002163,GADM 3.6:TZA.15_1,0.4687059751935149,0.45966608938353115,0.6091486468841254,0.6244434318129259
2008,TZ-18,TZ,Mwanza,3407872.5,0.0605762904164275,GM-R-002164,1,GM-R-002164,GADM 3.6:TZA.16_1,0.39687139227315993,0.45488768268501983,0.6091486468841254,0.6244434318129259
2009,TZ-19,TZ,Pwani,1327862.75,0.0236032890247966,GM-R-002166,1,GM-R-002166,GADM 3.6:TZA.20_1,0.4768485428417175,0.4925436872808614,0.6091486468841254,0.6244434318129259
2010,TZ-20,TZ,Rukwa,1303519.375,0.0231705758426819,GM-R-002167,1,GM-R-002167,GADM 3.6:TZA.21_1,0.43727263268873817,0.48055476387110013,0.6091486468841254,0.6244434318129259
2011,TZ-21,TZ,Ruvuma,1637975.25,0.0291156621730773,GM-R-002168,1,GM-R-002168,GADM 3.6:TZA.22_1,0.4709160464540523,0.45668495922954294,0.6091486468841254,0.6244434318129259
2012,TZ-22,TZ,Shinyanga,1817078.375,0.0322992915237909,GM-R-002169,1,GM-R-002169,GADM 3.6:TZA.23_1,0.4905861858796372,0.5645562785441387,0.6091486468841254,0.6244434318129259
2013,TZ-23,TZ,Singida,1657193.75,0.0294572786617717,GM-R-002171,1,GM-R-002171,GADM 3.6:TZA.25_1,0.3971682926232251,0.44798665494302276,0.6091486468841254,0.6244434318129259
2014,TZ-24,TZ,Tabora,2922018.25,0.0519400376962757,GM-R-002173,1,GM-R-002173,GADM 3.6:TZA.26_1,0.534631646572059,0.44940731827006863,0.6091486468841254,0.6244434318129259
2015,TZ-25,TZ,Tanga,2460636,0.0437387845188212,GM-R-002174,1,GM-R-002174,GADM 3.6:TZA.27_1,0.4711857596060899,0.40750415329516243,0.6091486468841254,0.6244434318129259
2016,TZ-26,TZ,Manyara,1844813,0.0327922855247668,GM-R-002158,1,GM-R-002158,GADM 3.6:TZA.11_1,0.3917989609212075,0.4548470186531702,0.6091486468841254,0.6244434318129259
2017,TZ-27,TZ,Geita,2484630.5,0.0441652963089181,GM-R-002147,1,GM-R-002147,GADM 3.6:TZA.4_1,0.4548499869191011,0.4893348802706737,0.6091486468841254,0.6244434318129259
2018,TZ-28,TZ,Katavi,728687,0.0129527015270305,GM-R-002152,1,GM-R-002152,GADM 3.6:TZA.7_1,0.513483000757935,0.4684394868092684,0.6091486468841254,0.6244434318129259
2019,TZ-29,TZ,Njombe,747929.0625,0.013294736848543,GM-R-002165,1,GM-R-002165,GADM 3.6:TZA.17_1,0.292131469655986,0.43690112130150477,0.6091486468841254,0.6244434318129259
2020,TZ-30,TZ,Simiyu,2067712.625,0.0367544150990724,GM-R-002170,1,GM-R-002170,GADM 3.6:TZA.24_1,0.5567687062669929,0.5490988859310184,0.6091486468841254,0.6244434318129259
2021,TZ-31,TZ,Songwe,1294700.75,0.0230138212724703,GM-R-002172,1,GM-R-002172,globalmrp-mixed-source-partition-repairs worldpop-readiness-overlap-repair-2026-08-10:TZ-31,0.3831162225802236,0.49562231907784515,0.6091486468841254,0.6244434318129259
2022,UA-05,UA,Vinnytska oblast,1539250.5,0.0352394151969723,GM-R-002197,1,GM-R-002197,GADM 3.6:UKR.24_1,0.3094982861879068,0.40060827083256023,0.499629368230283,0.3918337526637785
2023,UA-07,UA,Volynska oblast,1028726.0625,0.0235515303327067,GM-R-002198,1,GM-R-002198,GADM 3.6:UKR.25_1,0.35956762364520645,0.355554376438134,0.499629368230283,0.3918337526637785
2024,UA-09,UA,Luhanska oblast,2100937.5,0.0480986095930382,GM-R-002188,1,GM-R-002188,GADM 3.6:UKR.15_1,0.37310913930457534,0.3310830407142427,0.499629368230283,0.3918337526637785
2025,UA-12,UA,Dnipropetrovska oblast,3160662.5,0.0723598258600535,GM-R-002179,1,GM-R-002179,GADM 3.6:UKR.5_1,0.44047294570434603,0.3272542767408846,0.499629368230283,0.3918337526637785
2026,UA-14,UA,Donetska oblast,4099165,0.0938457888406707,GM-R-002180,1,GM-R-002180,GADM 3.6:UKR.6_1,0.4201789085220801,0.3584367466854745,0.499629368230283,0.3918337526637785
2027,UA-18,UA,Zhytomyrska oblast,1206156.75,0.0276136070807712,GM-R-002201,1,GM-R-002201,GADM 3.6:UKR.27_1,0.36009424723346806,0.37837302700288605,0.499629368230283,0.3918337526637785
2028,UA-21,UA,Zakarpatska oblast,1243864.5,0.0284768837588647,GM-R-002199,1,GM-R-002199,GADM 3.6:UKR.23_1,0.5052241298202241,0.46726957955499715,0.499629368230283,0.3918337526637785
2029,UA-23,UA,Zaporizka oblast,1700397.125,0.0389286865832514,GM-R-002200,1,GM-R-002200,GADM 3.6:UKR.26_1,0.3649222642987314,0.3541014178091093,0.499629368230283,0.3918337526637785
2030,UA-26,UA,Ivano-Frankivska oblast,1362283.875,0.0311879626397817,GM-R-002181,1,GM-R-002181,GADM 3.6:UKR.7_1,0.4332060453860095,0.345341654991674,0.499629368230283,0.3918337526637785
2031,UA-30,UA,Kyiv,2879523.75,0.06592346924415,GM-R-002186,1,GM-R-002186,GADM 3.6:UKR.11_1,0.42271579637058243,0.3573133327076629,0.499629368230283,0.3918337526637785
2032,UA-32,UA,Kyivska oblast,1684481.5,0.0385643161851295,GM-R-002187,1,GM-R-002187,GADM 3.6:UKR.12_1,0.3452073214371765,0.3666259207400576,0.499629368230283,0.3918337526637785
2033,UA-35,UA,Kirovohradska oblast,916599.8125,0.0209845254961128,GM-R-002185,1,GM-R-002185,GADM 3.6:UKR.13_1,0.4511352321987936,0.36882142617147806,0.499629368230283,0.3918337526637785
2034,UA-40,UA,Sevastopol,370710.4375,0.00848700002040846,GM-R-002194,1,GM-R-002194,GADM 3.6:UKR.20_1,0.3545265727466721,0.2819832354044065,0.499629368230283,0.3918337526637785
2035,UA-43,UA,Avtonomna Respublika Krym,1895734.375,0.0434007140123052,GM-R-002175,1,GM-R-002175,GADM 3.6:UKR.4_1,0.1708299031232574,0.02968183794804744,0.499629368230283,0.3918337526637785
2036,UA-46,UA,Lvivska oblast,2469229,0.0565302307502285,GM-R-002189,1,GM-R-002189,GADM 3.6:UKR.14_1,0.3821147016328012,0.30732764574124866,0.499629368230283,0.3918337526637785
2037,UA-48,UA,Mykolaivska oblast,1116996.5,0.0255723830767408,GM-R-002190,1,GM-R-002190,GADM 3.6:UKR.16_1,0.4580794381275661,0.3624690120474576,0.499629368230283,0.3918337526637785
2038,UA-51,UA,Odeska oblast,2298785.5,0.0526281178296057,GM-R-002191,1,GM-R-002191,GADM 3.6:UKR.17_1,0.4059509449501117,0.317259218196501,0.499629368230283,0.3918337526637785
2039,UA-53,UA,Poltavska oblast,1372109.875,0.0314129178980229,GM-R-002192,1,GM-R-002192,GADM 3.6:UKR.18_1,0.4172876211600875,0.3512816824547899,0.499629368230283,0.3918337526637785
2040,UA-56,UA,Rivnenska oblast,1144131.875,0.0261936170774123,GM-R-002193,1,GM-R-002193,GADM 3.6:UKR.19_1,0.44268580127913715,0.3700943881012061,0.499629368230283,0.3918337526637785
2041,UA-59,UA,Sumska oblast,1060586.5,0.0242809393440532,GM-R-002195,1,GM-R-002195,GADM 3.6:UKR.21_1,0.4513557709414359,0.36655069998494183,0.499629368230283,0.3918337526637785
2042,UA-61,UA,Ternopilska oblast,1036637.4375,0.0237326523972465,GM-R-002196,1,GM-R-002196,GADM 3.6:UKR.22_1,0.37335062202598024,0.3964703824484093,0.499629368230283,0.3918337526637785
2043,UA-63,UA,Kharkivska oblast,2629579.75,0.0602012814703003,GM-R-002182,1,GM-R-002182,GADM 3.6:UKR.8_1,0.3837964494028365,0.2735945120768637,0.499629368230283,0.3918337526637785
2044,UA-65,UA,Khersonska oblast,1019855.8125,0.0233484558996297,GM-R-002183,1,GM-R-002183,GADM 3.6:UKR.9_1,0.5448695553497676,0.3332941523807568,0.499629368230283,0.3918337526637785
2045,UA-68,UA,Khmelnytska oblast,1249811.875,0.0286130422444114,GM-R-002184,1,GM-R-002184,GADM 3.6:UKR.10_1,0.3815962180832828,0.3406198360661932,0.499629368230283,0.3918337526637785
2046,UA-71,UA,Cherkaska oblast,1193136.125,0.0273155144632934,GM-R-002176,1,GM-R-002176,GADM 3.6:UKR.1_1,0.3758420008926106,0.36121423582878504,0.499629368230283,0.3918337526637785
2047,UA-74,UA,Chernihivska oblast,1005985.75,0.0230309163625333,GM-R-002177,1,GM-R-002177,GADM 3.6:UKR.2_1,0.3981023209179629,0.3897645033697997,0.499629368230283,0.3918337526637785
2048,UA-77,UA,Chernivetska oblast,894457.25,0.0204775963423056,GM-R-002178,1,GM-R-002178,GADM 3.6:UKR.3_1,0.4363481523109066,0.3433541139203168,0.499629368230283,0.3918337526637785
2049,UG-C,UG,Central,11756570,0.278464384590032,GM-R-002202,1,GM-R-002202,ubos-ocha-codab UGA-admin1-valid-2020-08-24-retrieved-2026-08-06:UG1,0.3752982622919082,0.4636210479760012,0.5445663546979936,0.6484220505654981
2050,UG-E,UG,Eastern,11018604,0.26098503065956,GM-R-002203,1,GM-R-002203,ubos-ocha-codab UGA-admin1-valid-2020-08-24-retrieved-2026-08-06:UG2,0.4313418328831316,0.46008533355086734,0.5445663546979936,0.6484220505654981
2051,UG-N,UG,Northern,8706619,0.206223694640093,GM-R-002204,1,GM-R-002204,ubos-ocha-codab UGA-admin1-valid-2020-08-24-retrieved-2026-08-06:UG3,0.47435642376577536,0.5298129564444639,0.5445663546979936,0.6484220505654981
2052,UG-W,UG,Western,10737502,0.254326890110316,GM-R-002205,1,GM-R-002205,ubos-ocha-codab UGA-admin1-valid-2020-08-24-retrieved-2026-08-06:UG4,0.4185221880021438,0.47711903200763733,0.5445663546979936,0.6484220505654981
2053,UKC,GB,North East,2644398.75,0.0395228135877439,GM-R-000668,1,GM-R-000668,ons-itl-2025 ITL1-JAN-2025-BGC-20m-MHWM:TLC,0.31929710689747265,0.40279299885051884,0.38793500828865923,0.5514363613398408
2054,UKD,GB,North West,7339311.5,0.109692322414267,GM-R-000669,1,GM-R-000669,ons-itl-2025 ITL1-JAN-2025-BGC-20m-MHWM:TLD,0.3190824049949556,0.3989370540116854,0.38793500828865923,0.5514363613398408
2055,UKE,GB,Yorkshire and the Humber,5568797.5,0.0832304679846012,GM-R-000676,1,GM-R-000676,ons-itl-2025 ITL1-JAN-2025-BGC-20m-MHWM:TLE,0.3255039536716727,0.4067699956776418,0.38793500828865923,0.5514363613398408
2056,UKF,GB,East Midlands,4895253,0.0731637661619089,GM-R-000665,1,GM-R-000665,ons-itl-2025 ITL1-JAN-2025-BGC-20m-MHWM:TLF,0.32572673539352237,0.41845724029384435,0.38793500828865923,0.5514363613398408
2057,UKG,GB,West Midlands,5923655,0.088534118511101,GM-R-000675,1,GM-R-000675,ons-itl-2025 ITL1-JAN-2025-BGC-20m-MHWM:TLG,0.2951793510047019,0.43254795005764296,0.38793500828865923,0.5514363613398408
2058,UKH,GB,East of England,6256625,0.0935106415261384,GM-R-000666,1,GM-R-000666,ons-itl-2025 ITL1-JAN-2025-BGC-20m-MHWM:TLH,0.32878850858310704,0.42377548222323086,0.38793500828865923,0.5514363613398408
2059,UKI,GB,London,9129175,0.136443371762633,GM-R-000667,1,GM-R-000667,ons-itl-2025 ITL1-JAN-2025-BGC-20m-MHWM:TLI,0.37047957336947906,0.43677588949248597,0.38793500828865923,0.5514363613398408
2060,UKJ,GB,South East,9118226,0.136279729541137,GM-R-000672,1,GM-R-000672,ons-itl-2025 ITL1-JAN-2025-BGC-20m-MHWM:TLJ,0.32745263796986884,0.4270838374224755,0.38793500828865923,0.5514363613398408
2061,UKK,GB,South West,5545033.5,0.0828752945667877,GM-R-000673,1,GM-R-000673,ons-itl-2025 ITL1-JAN-2025-BGC-20m-MHWM:TLK,0.3335050160388949,0.4460327150913045,0.38793500828865923,0.5514363613398408
2062,UKL,GB,Wales,3157404.75,0.0471901294596011,GM-R-000674,1,GM-R-000674,ons-itl-2025 ITL1-JAN-2025-BGC-20m-MHWM:TLL,0.38514716246866065,0.41970536894506594,0.38793500828865923,0.5514363613398408
2063,UKM,GB,Scotland,5387529,0.0805212543552914,GM-R-000671,1,GM-R-000671,ons-itl-2025 ITL1-JAN-2025-BGC-20m-MHWM:TLM,0.33880950645342955,0.43919585181961535,0.38793500828865923,0.5514363613398408
2064,UKN,GB,Northern Ireland,1942751.375,0.0290360901287895,GM-R-000670,1,GM-R-000670,ons-itl-2025 ITL1-JAN-2025-BGC-20m-MHWM:TLN,0.32796267207706,0.4547293089248118,0.38793500828865923,0.5514363613398408
2065,US-AK,US,Alaska,790657.4375,0.00230971383967835,GM-R-002207,1,GM-R-002207,GADM 3.6:USA.2_1,0.28561648019787006,0.3395794219428622,0.34756513201700107,0.505404745467702
2066,US-AL,US,Alabama,5184202.5,0.0151443895852116,GM-R-002206,1,GM-R-002206,GADM 3.6:USA.1_1,0.2979487709845592,0.34878679744705865,0.34756513201700107,0.505404745467702
2067,US-AR,US,Arkansas,3239191.5,0.00946251193256939,GM-R-002209,1,GM-R-002209,GADM 3.6:USA.4_1,0.30447415366571623,0.3783698220103295,0.34756513201700107,0.505404745467702
2068,US-AZ,US,Arizona,8125097,0.0237354992181795,GM-R-002208,1,GM-R-002208,GADM 3.6:USA.3_1,0.31588036563232197,0.3846901055731339,0.34756513201700107,0.505404745467702
2069,US-CA,US,California,41220820,0.120416622827114,GM-R-002210,1,GM-R-002210,GADM 3.6:USA.5_1,0.3368097106353311,0.4827180471048608,0.34756513201700107,0.505404745467702
2070,US-CO,US,Colorado,5962885,0.0174191215508682,GM-R-002211,1,GM-R-002211,GADM 3.6:USA.6_1,0.29663626750383604,0.4606853368746005,0.34756513201700107,0.505404745467702
2071,US-CT,US,Connecticut,3721259.5,0.0108707566140925,GM-R-002212,1,GM-R-002212,GADM 3.6:USA.7_1,0.2988653944141028,0.43874664656356965,0.34756513201700107,0.505404745467702
2072,US-DC,US,District of Columbia,627161.375,0.00183209976766861,GM-R-002214,1,GM-R-002214,GADM 3.6:USA.9_1,0.379306176653405,0.5572818275833151,0.34756513201700107,0.505404745467702
2073,US-DE,US,Delaware,1032039.875,0.00301485405604297,GM-R-002213,1,GM-R-002213,GADM 3.6:USA.8_1,0.33382294959011144,0.49943036653966194,0.34756513201700107,0.505404745467702
2074,US-FL,US,Florida,22037902,0.0643783828908525,GM-R-002215,1,GM-R-002215,GADM 3.6:USA.10_1,0.3045208497352887,0.3666302269814002,0.34756513201700107,0.505404745467702
2075,US-GA,US,Georgia,11725081,0.0342519788882018,GM-R-002216,1,GM-R-002216,GADM 3.6:USA.11_1,0.2764686886456498,0.3618927353279285,0.34756513201700107,0.505404745467702
2076,US-HI,US,Hawaii,1481353.875,0.00432741587477783,GM-R-002217,1,GM-R-002217,GADM 3.6:USA.12_1,0.34672573270547435,0.46665717622841435,0.34756513201700107,0.505404745467702
2077,US-IA,US,Iowa,3201839,0.00935339566792085,GM-R-002221,1,GM-R-002221,GADM 3.6:USA.16_1,0.2891216488720112,0.3405912475491116,0.34756513201700107,0.505404745467702
2078,US-ID,US,Idaho,1924527.875,0.00562204117346872,GM-R-002218,1,GM-R-002218,GADM 3.6:USA.13_1,0.256846301855416,0.32910007599663355,0.34756513201700107,0.505404745467702
2079,US-IL,US,Illinois,13451430,0.0392950885692068,GM-R-002219,1,GM-R-002219,GADM 3.6:USA.14_1,0.30224650824150584,0.41944657432071875,0.34756513201700107,0.505404745467702
2080,US-IN,US,Indiana,6978252.5,0.0203852713091314,GM-R-002220,1,GM-R-002220,GADM 3.6:USA.15_1,0.2700416529686882,0.3583295581467005,0.34756513201700107,0.505404745467702
2081,US-KS,US,Kansas,3051053.25,0.00891291168954649,GM-R-002222,1,GM-R-002222,GADM 3.6:USA.17_1,0.2927474242059573,0.3928022589505112,0.34756513201700107,0.505404745467702
2082,US-KY,US,Kentucky,4702408.5,0.0137369453281986,GM-R-002223,1,GM-R-002223,GADM 3.6:USA.18_1,0.2901308610442308,0.33870963431858725,0.34756513201700107,0.505404745467702
2083,US-LA,US,Louisiana,4713163.5,0.0137683634508489,GM-R-002224,1,GM-R-002224,GADM 3.6:USA.19_1,0.29874904614131803,0.3685790151604496,0.34756513201700107,0.505404745467702
2084,US-MA,US,Massachusetts,6662433.5,0.0194626827384858,GM-R-002227,1,GM-R-002227,GADM 3.6:USA.22_1,0.3164567073672553,0.42796761294837105,0.34756513201700107,0.505404745467702
2085,US-MD,US,Maryland,6257048,0.018278447372642,GM-R-002226,1,GM-R-002226,GADM 3.6:USA.21_1,0.3168618931370794,0.41861416015596753,0.34756513201700107,0.505404745467702
2086,US-ME,US,Maine,1361792.625,0.00397814669609608,GM-R-002225,1,GM-R-002225,GADM 3.6:USA.20_1,0.2831075575914658,0.36120459461080734,0.34756513201700107,0.505404745467702
2087,US-MI,US,Michigan,9878020,0.0288562383916354,GM-R-002228,1,GM-R-002228,GADM 3.6:USA.23_1,0.27798981173230153,0.43565656816148535,0.34756513201700107,0.505404745467702
2088,US-MN,US,Minnesota,5775524,0.0168717918551098,GM-R-002229,1,GM-R-002229,GADM 3.6:USA.24_1,0.3170738843842785,0.45553871553969316,0.34756513201700107,0.505404745467702
2089,US-MO,US,Missouri,6471715,0.0189055449212213,GM-R-002231,1,GM-R-002231,GADM 3.6:USA.26_1,0.32515434515970815,0.34577471143158206,0.34756513201700107,0.505404745467702
2090,US-MS,US,Mississippi,3149275.5,0.00919984415793214,GM-R-002230,1,GM-R-002230,GADM 3.6:USA.25_1,0.3039045498320043,0.40378974879731,0.34756513201700107,0.505404745467702
2091,US-MT,US,Montana,1094920.125,0.00319854344765441,GM-R-002232,1,GM-R-002232,GADM 3.6:USA.27_1,0.2985409857280386,0.32404696657098897,0.34756513201700107,0.505404745467702
2092,US-NC,US,North Carolina,11412827,0.0333398045999596,GM-R-002239,1,GM-R-002239,GADM 3.6:USA.34_1,0.33427726679047814,0.39219034212659537,0.34756513201700107,0.505404745467702
2093,US-ND,US,North Dakota,712948.75,0.0020827067662364,GM-R-002240,1,GM-R-002240,GADM 3.6:USA.35_1,0.22625981186561278,0.29718032569713704,0.34756513201700107,0.505404745467702
2094,US-NE,US,Nebraska,1966988.25,0.00574607885543315,GM-R-002233,1,GM-R-002233,GADM 3.6:USA.28_1,0.23625594630257513,0.3460635727698431,0.34756513201700107,0.505404745467702
2095,US-NH,US,New Hampshire,1395819.5,0.00407754795431608,GM-R-002235,1,GM-R-002235,GADM 3.6:USA.30_1,0.3149006377547596,0.40475253520268967,0.34756513201700107,0.505404745467702
2096,US-NJ,US,New Jersey,9131962,0.0266768109859421,GM-R-002236,1,GM-R-002236,GADM 3.6:USA.31_1,0.3334244829808737,0.40525729897352925,0.34756513201700107,0.505404745467702
2097,US-NM,US,New Mexico,2355742.25,0.00688172932989076,GM-R-002237,1,GM-R-002237,GADM 3.6:USA.32_1,0.2949663328539855,0.4739871617631559,0.34756513201700107,0.505404745467702
2098,US-NV,US,Nevada,3678998.5,0.0107473013578095,GM-R-002234,1,GM-R-002234,GADM 3.6:USA.29_1,0.329886555616966,0.3947269411484572,0.34756513201700107,0.505404745467702
2099,US-NY,US,New York,19581788,0.057203441849932,GM-R-002238,1,GM-R-002238,GADM 3.6:USA.33_1,0.341451504172879,0.4551373977349574,0.34756513201700107,0.505404745467702
2100,US-OH,US,Ohio,11836330,0.0345769658455911,GM-R-002241,1,GM-R-002241,GADM 3.6:USA.36_1,0.3065749283940952,0.379821290694898,0.34756513201700107,0.505404745467702
2101,US-OK,US,Oklahoma,4102166,0.0119834825216047,GM-R-002242,1,GM-R-002242,GADM 3.6:USA.37_1,0.29725466694929326,0.3408019609799462,0.34756513201700107,0.505404745467702
2102,US-OR,US,Oregon,4304783.5,0.012575380379912,GM-R-002243,1,GM-R-002243,GADM 3.6:USA.38_1,0.30432064476082177,0.44202179427206484,0.34756513201700107,0.505404745467702
2103,US-PA,US,Pennsylvania,13191419,0.0385355295279771,GM-R-002244,1,GM-R-002244,GADM 3.6:USA.39_1,0.30290694250378897,0.3571023511010942,0.34756513201700107,0.505404745467702
2104,US-RI,US,Rhode Island,1030355.4375,0.00300993338063881,GM-R-002245,1,GM-R-002245,GADM 3.6:USA.40_1,0.3302690001587567,0.48462327912385894,0.34756513201700107,0.505404745467702
2105,US-SC,US,South Carolina,5371588.5,0.0156917923124034,GM-R-002246,1,GM-R-002246,GADM 3.6:USA.41_1,0.28283410271241993,0.31269881182311354,0.34756513201700107,0.505404745467702
2106,US-SD,US,South Dakota,898713,0.00262537194434328,GM-R-002247,1,GM-R-002247,GADM 3.6:USA.42_1,0.2678380108427164,0.32184506492403214,0.34756513201700107,0.505404745467702
2107,US-TN,US,Tennessee,7139454,0.0208561823736047,GM-R-002248,1,GM-R-002248,GADM 3.6:USA.43_1,0.29451655391583287,0.33674212575038087,0.34756513201700107,0.505404745467702
2108,US-TX,US,Texas,30879038,0.0902056162907514,GM-R-002249,1,GM-R-002249,GADM 3.6:USA.44_1,0.3117970178579501,0.36779913330220537,0.34756513201700107,0.505404745467702
2109,US-UT,US,Utah,3452995.25,0.0100870877057532,GM-R-002250,1,GM-R-002250,GADM 3.6:USA.45_1,0.26401561691821673,0.41836672013252546,0.34756513201700107,0.505404745467702
2110,US-VA,US,Virginia,9184002,0.0268288332177153,GM-R-002252,1,GM-R-002252,GADM 3.6:USA.47_1,0.32187373665447755,0.3827251852733089,0.34756513201700107,0.505404745467702
2111,US-VT,US,Vermont,644122.375,0.00188164721334704,GM-R-002251,1,GM-R-002251,GADM 3.6:USA.46_1,0.34249610567121164,0.4582983240881357,0.34756513201700107,0.505404745467702
2112,US-WA,US,Washington,7612793.5,0.0222389288604693,GM-R-002253,1,GM-R-002253,GADM 3.6:USA.48_1,0.33425555461662626,0.40077281581401886,0.34756513201700107,0.505404745467702
2113,US-WI,US,Wisconsin,6042763,0.0176524657443652,GM-R-002255,1,GM-R-002255,GADM 3.6:USA.50_1,0.2924714674238854,0.32288569635361325,0.34756513201700107,0.505404745467702
2114,US-WV,US,West Virginia,1921198.125,0.00561231411685368,GM-R-002254,1,GM-R-002254,GADM 3.6:USA.49_1,0.3313356683745746,0.3374706392991742,0.34756513201700107,0.505404745467702
2115,US-WY,US,Wyoming,648502.625,0.00189444305079372,GM-R-002256,1,GM-R-002256,GADM 3.6:USA.51_1,0.20683526441322903,0.297578419248203,0.34756513201700107,0.505404745467702
2116,UY-AR,UY,Artigas,68072.53125,0.0205136279509805,GM-R-002257,1,GM-R-002257,GADM 3.6:URY.1_1,0.45310836649080377,0.5408376818863179,0.6470305046621542,0.734730972361079
2117,UY-CA,UY,Canelones,575849.875,0.173532111623492,GM-R-002258,1,GM-R-002258,GADM 3.6:URY.2_1,0.46398358956101565,0.5248285106329578,0.6470305046621542,0.734730972361079
2118,UY-CL,UY,Cerro Largo,82235.984375,0.0247817784453461,GM-R-002259,1,GM-R-002259,GADM 3.6:URY.3_1,0.5060742743300602,0.5322822519076299,0.6470305046621542,0.734730972361079
2119,UY-CO,UY,Colonia,126280.8515625,0.0380546801877023,GM-R-002260,1,GM-R-002260,GADM 3.6:URY.4_1,0.4921849571518155,0.5166544551901355,0.6470305046621542,0.734730972361079
2120,UY-DU,UY,Durazno,62469.65625,0.0188252039847298,GM-R-002261,1,GM-R-002261,GADM 3.6:URY.5_1,0.5373213236444757,0.5101684838122927,0.6470305046621542,0.734730972361079
2121,UY-FD,UY,Florida,65876.7109375,0.01985191844627,GM-R-002263,1,GM-R-002263,GADM 3.6:URY.7_1,0.4765239308722223,0.5470155916400462,0.6470305046621542,0.734730972361079
2122,UY-FS,UY,Flores,24379.78125,0.00734683657130483,GM-R-002262,1,GM-R-002262,GADM 3.6:URY.6_1,0.5109213085522536,0.5280733198903551,0.6470305046621542,0.734730972361079
2123,UY-LA,UY,Lavalleja,59937.4296875,0.0180621186015825,GM-R-002264,1,GM-R-002264,GADM 3.6:URY.8_1,0.4623905289851487,0.5798221761252951,0.6470305046621542,0.734730972361079
2124,UY-MA,UY,Maldonado,200240.296875,0.060342327153989,GM-R-002265,1,GM-R-002265,GADM 3.6:URY.9_1,0.4929270328464793,0.4904890409078489,0.6470305046621542,0.734730972361079
2125,UY-MO,UY,Montevideo,1272261.625,0.383395492312619,GM-R-002266,1,GM-R-002266,GADM 3.6:URY.10_1,0.47509164699593504,0.536386242555204,0.6470305046621542,0.734730972361079
2126,UY-PA,UY,Paysandú,108111.4921875,0.0325793515715594,GM-R-002267,1,GM-R-002267,GADM 3.6:URY.11_1,0.4930068948952128,0.5511742940248302,0.6470305046621542,0.734730972361079
2127,UY-RN,UY,Río Negro,61476.38671875,0.0185258826396152,GM-R-002268,1,GM-R-002268,GADM 3.6:URY.12_1,0.47999518924817325,0.4850571423388174,0.6470305046621542,0.734730972361079
2128,UY-RO,UY,Rocha,66689.1640625,0.0200967508452982,GM-R-002270,1,GM-R-002270,GADM 3.6:URY.14_1,0.46859770038610343,0.597523435604229,0.6470305046621542,0.734730972361079
2129,UY-RV,UY,Rivera,100680.4921875,0.0303400229245328,GM-R-002269,1,GM-R-002269,GADM 3.6:URY.13_1,0.4813599316680216,0.5296237041271783,0.6470305046621542,0.734730972361079
2130,UY-SA,UY,Salto,129721.9453125,0.039091652306055,GM-R-002271,1,GM-R-002271,GADM 3.6:URY.15_1,0.5165224938354427,0.49201738010721163,0.6470305046621542,0.734730972361079
2131,UY-SJ,UY,San José,108939.9140625,0.0328289961465171,GM-R-002272,1,GM-R-002272,GADM 3.6:URY.16_1,0.47870862333796615,0.4962198897255965,0.6470305046621542,0.734730972361079
2132,UY-SO,UY,Soriano,79294.796875,0.023895452859957,GM-R-002273,1,GM-R-002273,GADM 3.6:URY.17_1,0.4811165368650782,0.5333421200239129,0.6470305046621542,0.734730972361079
2133,UY-TA,UY,Tacuarembó,77307.265625,0.0232965111744523,GM-R-002274,1,GM-R-002274,GADM 3.6:URY.18_1,0.4868677604460899,0.5489167794379218,0.6470305046621542,0.734730972361079
2134,UY-TT,UY,Treinta y Tres,48579.078125,0.0146392842539973,GM-R-002275,1,GM-R-002275,GADM 3.6:URY.19_1,0.4523017233896187,0.4908264274757235,0.6470305046621542,0.734730972361079
2135,UZ-AN,UZ,Andijon,3237415,0.0959916158499098,GM-R-002276,1,GM-R-002276,GADM 3.6:UZB.1_1,0.21609391127152286,0.3543916472219952,0.37614444656789486,0.4902377379022222
2136,UZ-BU,UZ,Buxoro,1950997.875,0.0578484496244659,GM-R-002277,1,GM-R-002277,GADM 3.6:UZB.2_1,0.3198352658915168,0.4093288923583925,0.37614444656789486,0.4902377379022222
2137,UZ-FA,UZ,Farg‘ona,3694310.25,0.109538879120652,GM-R-002278,1,GM-R-002278,GADM 3.6:UZB.3_1,0.27507549067145604,0.3466533746526194,0.37614444656789486,0.4902377379022222
2138,UZ-JI,UZ,Jizzax,1322504.625,0.039213185804949,GM-R-002279,1,GM-R-002279,GADM 3.6:UZB.4_1,0.34604257062997185,0.4292355034012503,0.37614444656789486,0.4902377379022222
2139,UZ-NG,UZ,Namangan,2856035.25,0.0846834398962756,GM-R-002280,1,GM-R-002280,GADM 3.6:UZB.8_1,0.3264501850301064,0.40024861730372446,0.37614444656789486,0.4902377379022222
2140,UZ-NW,UZ,Navoiy,1421006,0.0421338203697756,GM-R-002281,1,GM-R-002281,GADM 3.6:UZB.9_1,0.38074525904124384,0.4023274235958042,0.37614444656789486,0.4902377379022222
2141,UZ-QA,UZ,Qashqadaryo,3255561.25,0.0965296648362512,GM-R-002282,1,GM-R-002282,GADM 3.6:UZB.6_1,0.31165299956741754,0.3785309748472817,0.37614444656789486,0.4902377379022222
2142,UZ-QR,UZ,Qoraqalpog‘iston Respublikasi,1810802.875,0.053691569958412,GM-R-002283,1,GM-R-002283,GADM 3.6:UZB.5_1,0.3321354172934725,0.4384297734753888,0.37614444656789486,0.4902377379022222
2143,UZ-SA,UZ,Samarqand,3399957.5,0.100811114499074,GM-R-002284,1,GM-R-002284,GADM 3.6:UZB.10_1,0.39762896456669056,0.40047055169179097,0.37614444656789486,0.4902377379022222
2144,UZ-SI,UZ,Sirdaryo,901157.75,0.0267199566809226,GM-R-002285,1,GM-R-002285,GADM 3.6:UZB.11_1,0.3691182567820512,0.4111204671730392,0.37614444656789486,0.4902377379022222
2145,UZ-SU,UZ,Surxondaryo,2617916.5,0.0776230526500744,GM-R-002286,1,GM-R-002286,GADM 3.6:UZB.12_1,0.3486622606258773,0.3758712076033071,0.37614444656789486,0.4902377379022222
2146,UZ-TK,UZ,Toshkent,914696.75,0.0271213974869336,GM-R-002287,1,GM-R-002287,GADM 3.6:UZB.13_1,0.37458407193922666,0.4864708356290101,0.37614444656789486,0.4902377379022222
2147,UZ-TO,UZ,Toshkent,4452506.5,0.13201992747832,GM-R-002288,1,GM-R-002288,GADM 3.6:UZB.14_1,0.374080929753877,0.36108245742380457,0.37614444656789486,0.4902377379022222
2148,UZ-XO,UZ,Xorazm,1891150.25,0.0560739257439843,GM-R-002289,1,GM-R-002289,GADM 3.6:UZB.7_1,0.27595223515957296,0.46284178317611757,0.37614444656789486,0.4902377379022222
2149,VC.nat,VC,Saint Vincent and the Grenadines,99547.8051757813,1,GM-A-0055,6,GM-R-002290|GM-R-002291|GM-R-002292|GM-R-002293|GM-R-002294|GM-R-002295,GADM 3.6:VCT.1_1|GADM 3.6:VCT.2_1|GADM 3.6:VCT.3_1|GADM 3.6:VCT.4_1|GADM 3.6:VCT.5_1|GADM 3.6:VCT.6_1,NA,NA,NA,NA
2150,VE-A,VE,Distrito Capital,2017792.125,0.0633485582960929,GM-R-002306,1,GM-R-002306,GADM 3.6:VEN.11_1,0.5542488745434825,0.48906965413476117,0.7601427413671913,0.6808439845068514
2151,VE-B,VE,Anzoátegui,1713503.125,0.0537954089817849,GM-R-002297,1,GM-R-002297,GADM 3.6:VEN.2_1,0.5367804186499241,0.5124822881277047,0.7601427413671913,0.6808439845068514
2152,VE-C,VE,Apure,550869.9375,0.0172945547348114,GM-R-002298,1,GM-R-002298,GADM 3.6:VEN.3_1,0.4902510726149721,0.4795680868585165,0.7601427413671913,0.6808439845068514
2153,VE-D,VE,Aragua,1744964.625,0.0547831423771824,GM-R-002299,1,GM-R-002299,GADM 3.6:VEN.4_1,0.5416689208639272,0.45617189296398836,0.7601427413671913,0.6808439845068514
2154,VE-E,VE,Barinas,1041785.375,0.0327068386988598,GM-R-002300,1,GM-R-002300,GADM 3.6:VEN.5_1,0.526516350782061,0.48814441568401945,0.7601427413671913,0.6808439845068514
2155,VE-F,VE,Bolívar,1639710.25,0.051478682602563,GM-R-002301,1,GM-R-002301,GADM 3.6:VEN.6_1,0.5333348856745084,0.5250930115506082,0.7601427413671913,0.6808439845068514
2156,VE-G,VE,Carabobo,2735821.5,0.0858910814613544,GM-R-002302,1,GM-R-002302,GADM 3.6:VEN.7_1,0.524040249420385,0.4813636744153497,0.7601427413671913,0.6808439845068514
2157,VE-H,VE,Cojedes,404423.3125,0.0126968647913646,GM-R-002303,1,GM-R-002303,GADM 3.6:VEN.8_1,0.5305753276733611,0.5264186695729773,0.7601427413671913,0.6808439845068514
2158,VE-I,VE,Falcón,1029113.625,0.0323090092675508,GM-R-002307,1,GM-R-002307,GADM 3.6:VEN.12_1,0.5658584086364914,0.41198111362782225,0.7601427413671913,0.6808439845068514
2159,VE-J,VE,Guárico,880994.375,0.0276588072833407,GM-R-002308,1,GM-R-002308,GADM 3.6:VEN.13_1,0.5508518728696916,0.46834460768283875,0.7601427413671913,0.6808439845068514
2160,VE-K,VE,Lara,2002215.625,0.0628595342751973,GM-R-002309,1,GM-R-002309,GADM 3.6:VEN.14_1,0.5892080156316624,0.5273495688022573,0.7601427413671913,0.6808439845068514
2161,VE-L,VE,Mérida,951067.5625,0.0298587541204495,GM-R-002310,1,GM-R-002310,GADM 3.6:VEN.15_1,0.5422862737266203,0.5434173322106225,0.7601427413671913,0.6808439845068514
2162,VE-M,VE,Miranda,3076587.5,0.096589425730255,GM-R-002311,1,GM-R-002311,GADM 3.6:VEN.16_1,0.560223903016885,0.522451921452409,0.7601427413671913,0.6808439845068514
2163,VE-N,VE,Monagas,1132116.25,0.0355427753793415,GM-R-002312,1,GM-R-002312,GADM 3.6:VEN.17_1,0.5064554523671542,0.5111770752126201,0.7601427413671913,0.6808439845068514
2164,VE-O,VE,Nueva Esparta,598266.3125,0.0187825633297061,GM-R-002313,1,GM-R-002313,GADM 3.6:VEN.18_1,0.5174576425476928,0.4929662821568486,0.7601427413671913,0.6808439845068514
2165,VE-P,VE,Portuguesa,1042023.5,0.0327143146302292,GM-R-002314,1,GM-R-002314,GADM 3.6:VEN.19_1,0.5772138989663465,0.47183322441753933,0.7601427413671913,0.6808439845068514
2166,VE-R,VE,Sucre,966669.75,0.0303485846000834,GM-R-002315,1,GM-R-002315,GADM 3.6:VEN.20_1,0.5035612901653194,0.5184839558050903,0.7601427413671913,0.6808439845068514
2167,VE-S,VE,Táchira,1372940.5,0.0431034496684424,GM-R-002316,1,GM-R-002316,GADM 3.6:VEN.21_1,0.6064609711866573,0.5356275871670381,0.7601427413671913,0.6808439845068514
2168,VE-T,VE,Trujillo,769217.1875,0.0241495638926138,GM-R-002317,1,GM-R-002317,GADM 3.6:VEN.22_1,0.5017319942705966,0.46846007350998725,0.7601427413671913,0.6808439845068514
2169,VE-U,VE,Yaracuy,710836.25,0.0223166950966771,GM-R-002319,1,GM-R-002319,GADM 3.6:VEN.24_1,0.6705390556817651,0.4919992826057728,0.7601427413671913,0.6808439845068514
2170,VE-V,VE,Zulia,4452707,0.139792680063572,GM-R-002320,1,GM-R-002320,GADM 3.6:VEN.25_1,0.49827591776167696,0.49525782477917113,0.7601427413671913,0.6808439845068514
2171,VE-W,VE,Dependencias Federales,1693.88342285156,5.31794486804717e-5,GM-R-002305,1,GM-R-002305,GADM 3.6:VEN.10_1,NA,NA,0.7601427413671913,0.6808439845068514
2172,VE-X,VE,Vargas,389720.4375,0.0122352682163172,GM-R-002318,1,GM-R-002318,GADM 3.6:VEN.23_1,0.5441270054881109,0.4867140898828613,0.7601427413671913,0.6808439845068514
2173,VE-Y,VE,Delta Amacuro,436032.1875,0.0136892250230269,GM-R-002304,1,GM-R-002304,GADM 3.6:VEN.9_1,0.620591095706824,0.5331111119580406,0.7601427413671913,0.6808439845068514
2174,VE-Z,VE,Amazonas,191146.375,0.00600103803050294,GM-R-002296,1,GM-R-002296,GADM 3.6:VEN.1_1,0.5458814374957621,0.4280884709716296,0.7601427413671913,0.6808439845068514
2175,VN-01,VN,Lai Châu,710104.5,0.00718944240035433,GM-R-002355,1,GM-R-002355,GADM 3.6:VNM.36_1,0.5644110934684359,0.497511013459786,0.6106414781044021,0.7435063842983693
2176,VN-02,VN,Lào Cai,643902.3125,0.00651917934215838,GM-R-002358,1,GM-R-002358,GADM 3.6:VNM.38_1,0.398737501790842,0.4724198100838557,0.6106414781044021,0.7435063842983693
2177,VN-03,VN,Hà Giang,880721.6875,0.00891685356595278,GM-R-002342,1,GM-R-002342,GADM 3.6:VNM.26_1,0.42645936540845686,0.5029172450822765,0.6106414781044021,0.7435063842983693
2178,VN-04,VN,Cao Bằng,524042.53125,0.00530566077775561,GM-R-002334,1,GM-R-002334,GADM 3.6:VNM.14_1,0.43797687147492287,0.5883787623564481,0.6106414781044021,0.7435063842983693
2179,VN-05,VN,Sơn La,1337892.5,0.0135454726263755,GM-R-002372,1,GM-R-002372,GADM 3.6:VNM.52_1,0.5188678029647678,0.6085775035747343,0.6106414781044021,0.7435063842983693
2180,VN-06,VN,Yên Bái,813502.6875,0.00823629580479309,GM-R-002383,1,GM-R-002383,GADM 3.6:VNM.63_1,0.40895128163342853,0.45680480593799916,0.6106414781044021,0.7435063842983693
2181,VN-07,VN,Tuyên Quang,781984.625,0.00791719165193317,GM-R-002380,1,GM-R-002380,GADM 3.6:VNM.60_1,0.4947397484287105,0.554899703875393,0.6106414781044021,0.7435063842983693
2182,VN-09,VN,Lạng Sơn,761871.5,0.00771355661838723,GM-R-002357,1,GM-R-002357,GADM 3.6:VNM.35_1,0.4192858232881367,0.4338486797057827,0.6106414781044021,0.7435063842983693
2183,VN-13,VN,Quảng Ninh,1256601.875,0.0127224469081519,GM-R-002369,1,GM-R-002369,GADM 3.6:VNM.49_1,0.47804705233742784,0.6168321275208265,0.6106414781044021,0.7435063842983693
2184,VN-14,VN,Hòa Bình,817811.125,0.00827991651588812,GM-R-002350,1,GM-R-002350,GADM 3.6:VNM.30_1,0.43068068662190034,0.4680980848717429,0.6106414781044021,0.7435063842983693
2185,VN-18,VN,Ninh Bình,913679,0.00925052938393341,GM-R-002362,1,GM-R-002362,GADM 3.6:VNM.42_1,0.4449405390643306,0.48777541106515826,0.6106414781044021,0.7435063842983693
2186,VN-20,VN,Thái Bình,1770620,0.0179266157346072,GM-R-002374,1,GM-R-002374,GADM 3.6:VNM.55_1,0.40752523683366293,0.46393550512117065,0.6106414781044021,0.7435063842983693
2187,VN-21,VN,Thanh Hóa,3303570,0.033446945105317,GM-R-002376,1,GM-R-002376,GADM 3.6:VNM.57_1,0.4706189883070451,0.6080770708055084,0.6106414781044021,0.7435063842983693
2188,VN-22,VN,Nghệ An,2951427,0.0298816785632968,GM-R-002361,1,GM-R-002361,GADM 3.6:VNM.41_1,0.4810316808259749,0.5927861954520901,0.6106414781044021,0.7435063842983693
2189,VN-23,VN,Hà Tĩnh,1173004.625,0.0118760677995798,GM-R-002345,1,GM-R-002345,GADM 3.6:VNM.29_1,0.44059815514475476,0.6005298827456165,0.6106414781044021,0.7435063842983693
2190,VN-24,VN,Quảng Bình,895227.5625,0.00906371808065341,GM-R-002366,1,GM-R-002366,GADM 3.6:VNM.46_1,0.4778467014177228,0.5761592469535399,0.6106414781044021,0.7435063842983693
2191,VN-25,VN,Quảng Trị,624031.75,0.00631800012901948,GM-R-002370,1,GM-R-002370,GADM 3.6:VNM.50_1,0.48474138219589286,0.5448187491986749,0.6106414781044021,0.7435063842983693
2192,VN-26,VN,Thừa Thiên-Huế,1120244,0.0113418936400805,GM-R-002377,1,GM-R-002377,GADM 3.6:VNM.54_1,0.5062198352806324,0.6014078043103327,0.6106414781044021,0.7435063842983693
2193,VN-27,VN,Quảng Nam,1460127.125,0.0147830352608418,GM-R-002367,1,GM-R-002367,GADM 3.6:VNM.47_1,0.4323875474958731,0.5972277281951227,0.6106414781044021,0.7435063842983693
2194,VN-28,VN,Kon Tum,645336.8125,0.00653370291597506,GM-R-002354,1,GM-R-002354,GADM 3.6:VNM.34_1,0.4091154688830058,0.5053615457043841,0.6106414781044021,0.7435063842983693
2195,VN-29,VN,Quảng Ngãi,1226369.125,0.012416355882494,GM-R-002368,1,GM-R-002368,GADM 3.6:VNM.48_1,0.4656480273118135,0.5231993855499928,0.6106414781044021,0.7435063842983693
2196,VN-30,VN,Gia Lai,1686942.25,0.0170794216049879,GM-R-002341,1,GM-R-002341,GADM 3.6:VNM.21_1,0.6108665002618023,0.601498535895037,0.6106414781044021,0.7435063842983693
2197,VN-31,VN,Bình Định,1492842.25,0.0151142590550973,GM-R-002328,1,GM-R-002328,GADM 3.6:VNM.8_1,0.49157278142705013,0.5043379647179188,0.6106414781044021,0.7435063842983693
2198,VN-32,VN,Phú Yên,929531.625,0.00941102904888683,GM-R-002365,1,GM-R-002365,GADM 3.6:VNM.45_1,0.45122120637778323,0.49264042599828006,0.6106414781044021,0.7435063842983693
2199,VN-33,VN,Đắk Lắk,2112428.25,0.0213872482546671,GM-R-002336,1,GM-R-002336,GADM 3.6:VNM.15_1,0.5107515106565055,0.5212251071053843,0.6106414781044021,0.7435063842983693
2200,VN-34,VN,Khánh Hòa,1265157.5,0.0128090682056321,GM-R-002352,1,GM-R-002352,GADM 3.6:VNM.32_1,0.4871001670862436,0.5720226034532698,0.6106414781044021,0.7435063842983693
2201,VN-35,VN,Lâm Đồng,1438878.625,0.0145679051400724,GM-R-002356,1,GM-R-002356,GADM 3.6:VNM.37_1,0.4485084925063851,0.5813073572935242,0.6106414781044021,0.7435063842983693
2202,VN-36,VN,Ninh Thuận,622388.6875,0.00630136496728774,GM-R-002363,1,GM-R-002363,GADM 3.6:VNM.43_1,0.47763945861854956,0.516396102064073,0.6106414781044021,0.7435063842983693
2203,VN-37,VN,Tây Ninh,1193726.875,0.0120858699100871,GM-R-002373,1,GM-R-002373,GADM 3.6:VNM.53_1,0.41423467264602426,0.464364775982014,0.6106414781044021,0.7435063842983693
2204,VN-39,VN,Đồng Nai,3180122.75,0.0321971052671563,GM-R-002339,1,GM-R-002339,GADM 3.6:VNM.17_1,0.42727874284615175,0.6398018216641966,0.6106414781044021,0.7435063842983693
2205,VN-40,VN,Bình Thuận,1278922.25,0.0129484292113436,GM-R-002331,1,GM-R-002331,GADM 3.6:VNM.11_1,0.5510639313797371,0.5905324237542942,0.6106414781044021,0.7435063842983693
2206,VN-41,VN,Long An,1601941.625,0.0162188340471966,GM-R-002359,1,GM-R-002359,GADM 3.6:VNM.39_1,0.44847955387564953,0.41098449322199526,0.6106414781044021,0.7435063842983693
2207,VN-43,VN,Bà Rịa - Vũng Tàu,1245886.5,0.0126139592540662,GM-R-002322,1,GM-R-002322,GADM 3.6:VNM.7_1,0.4961168328138142,0.6153926890540334,0.6106414781044021,0.7435063842983693
2208,VN-44,VN,An Giang,2241168.5,0.0226906769922434,GM-R-002321,1,GM-R-002321,GADM 3.6:VNM.1_1,0.4157136142800417,0.5344094020030259,0.6106414781044021,0.7435063842983693
2209,VN-45,VN,Đồng Tháp,1786395.5,0.0180863345486505,GM-R-002340,1,GM-R-002340,GADM 3.6:VNM.18_1,0.5220727238753393,0.5074417283021132,0.6106414781044021,0.7435063842983693
2210,VN-46,VN,Tiền Giang,1744048.375,0.0176575917143097,GM-R-002378,1,GM-R-002378,GADM 3.6:VNM.58_1,0.4812655629036695,0.5344753939076582,0.6106414781044021,0.7435063842983693
2211,VN-47,VN,Kiến Giang,1797469.25,0.0181984505650691,GM-R-002353,1,GM-R-002353,GADM 3.6:VNM.33_1,0.49043513993300153,0.4379036203401833,0.6106414781044021,0.7435063842983693
2212,VN-49,VN,Vĩnh Long,1041281,0.0105424339263916,GM-R-002381,1,GM-R-002381,GADM 3.6:VNM.61_1,0.4004964997029741,0.438473511548584,0.6106414781044021,0.7435063842983693
2213,VN-50,VN,Bến Tre,1210267.875,0.0122533390174428,GM-R-002327,1,GM-R-002327,GADM 3.6:VNM.6_1,0.4453461413298023,0.4783879780352369,0.6106414781044021,0.7435063842983693
2214,VN-51,VN,Trà Vinh,1042556.4375,0.0105553470743036,GM-R-002379,1,GM-R-002379,GADM 3.6:VNM.59_1,0.4693380248287329,0.4689623495719017,0.6106414781044021,0.7435063842983693
2215,VN-52,VN,Sóc Trăng,1434143.875,0.0145199682344408,GM-R-002371,1,GM-R-002371,GADM 3.6:VNM.51_1,0.42377453162697626,0.4839766876360532,0.6106414781044021,0.7435063842983693
2216,VN-53,VN,Bắc Kạn,315922,0.00319854756870959,GM-R-002324,1,GM-R-002324,GADM 3.6:VNM.4_1,0.4356710417358733,0.4886048971845203,0.6106414781044021,0.7435063842983693
2217,VN-54,VN,Bắc Giang,1618462.5,0.0163860993992905,GM-R-002323,1,GM-R-002323,GADM 3.6:VNM.3_1,0.4685536455717065,0.5656028165287226,0.6106414781044021,0.7435063842983693
2218,VN-55,VN,Bạc Liêu,1009535.625,0.0102210283515218,GM-R-002325,1,GM-R-002325,GADM 3.6:VNM.2_1,0.4004260953092121,0.40390161219491155,0.6106414781044021,0.7435063842983693
2219,VN-56,VN,Bắc Ninh,1124570.875,0.0113857010213688,GM-R-002326,1,GM-R-002326,GADM 3.6:VNM.5_1,0.5313280644042011,0.5685019719945867,0.6106414781044021,0.7435063842983693
2220,VN-57,VN,Bình Dương,3279655.5,0.0332048231073811,GM-R-002329,1,GM-R-002329,GADM 3.6:VNM.9_1,0.4286668509601748,0.5802984141362313,0.6106414781044021,0.7435063842983693
2221,VN-58,VN,Bình Phước,1197594.875,0.0121250314182941,GM-R-002330,1,GM-R-002330,GADM 3.6:VNM.10_1,0.5065044743682189,0.5508064805936645,0.6106414781044021,0.7435063842983693
2222,VN-59,VN,Cà Mau,1303770.125,0.0132000011505212,GM-R-002332,1,GM-R-002332,GADM 3.6:VNM.13_1,0.37219702607511546,0.4720911649721368,0.6106414781044021,0.7435063842983693
2223,VN-61,VN,Hải Dương,1763826.125,0.0178578312486791,GM-R-002346,1,GM-R-002346,GADM 3.6:VNM.22_1,0.4810313841738818,0.6046633148977706,0.6106414781044021,0.7435063842983693
2224,VN-63,VN,Hà Nam,774810.3125,0.00784455543222059,GM-R-002343,1,GM-R-002343,GADM 3.6:VNM.28_1,0.4641374408266319,0.6193972372013553,0.6106414781044021,0.7435063842983693
2225,VN-66,VN,Hưng Yên,1202024.75,0.0121698816215435,GM-R-002351,1,GM-R-002351,GADM 3.6:VNM.31_1,0.43232364477627777,0.48453771310384286,0.6106414781044021,0.7435063842983693
2226,VN-67,VN,Nam Định,1744678.25,0.0176639688743361,GM-R-002360,1,GM-R-002360,GADM 3.6:VNM.40_1,0.4499697691608075,0.5380254470656892,0.6106414781044021,0.7435063842983693
2227,VN-68,VN,Phú Thọ,643317.9375,0.00651326284620221,GM-R-002364,1,GM-R-002364,GADM 3.6:VNM.44_1,0.440129863811394,0.4883816598929082,0.6106414781044021,0.7435063842983693
2228,VN-69,VN,Thái Nguyên,1214990.5,0.0123011531636931,GM-R-002375,1,GM-R-002375,GADM 3.6:VNM.56_1,0.42405586848599275,0.5446751438808972,0.6106414781044021,0.7435063842983693
2229,VN-70,VN,Vĩnh Phúc,906386.9375,0.00917670100610517,GM-R-002382,1,GM-R-002382,GADM 3.6:VNM.62_1,0.4564575240097342,0.5228560115817186,0.6106414781044021,0.7435063842983693
2230,VN-71,VN,Điện Biên,641279.625,0.00649262598175103,GM-R-002338,1,GM-R-002338,GADM 3.6:VNM.20_1,0.4615896721713653,0.5346808681919588,0.6106414781044021,0.7435063842983693
2231,VN-72,VN,Đắk Nông,746286.5625,0.00755576715152795,GM-R-002337,1,GM-R-002337,GADM 3.6:VNM.16_1,0.4378128222578623,0.5113201368559116,0.6106414781044021,0.7435063842983693
2232,VN-73,VN,Hậu Giang,675682.4375,0.00684093674288399,GM-R-002348,1,GM-R-002348,GADM 3.6:VNM.24_1,0.4208217672834899,0.4305494408383487,0.6106414781044021,0.7435063842983693
2233,VN-CT,VN,Can Tho,1495048,0.0151365911380155,GM-R-002333,1,GM-R-002333,GADM 3.6:VNM.12_1,0.38673575032795016,0.4877297783319803,0.6106414781044021,0.7435063842983693
2234,VN-DN,VN,Da Nang,1150577,0.0116489996453656,GM-R-002335,1,GM-R-002335,GADM 3.6:VNM.19_1,0.5166750668906558,0.5314969256449334,0.6106414781044021,0.7435063842983693
2235,VN-HN,VN,Ha Noi,8431023,0.0853597663929218,GM-R-002344,1,GM-R-002344,GADM 3.6:VNM.27_1,0.5266200219906522,0.4521154979389039,0.6106414781044021,0.7435063842983693
2236,VN-HP,VN,Hai Phong,2018687.125,0.0204381676352204,GM-R-002347,1,GM-R-002347,GADM 3.6:VNM.23_1,0.4609109803633808,0.5510981215624385,0.6106414781044021,0.7435063842983693
2237,VN-SG,VN,Ho Chi Minh,10554153,0.106855364355566,GM-R-002349,1,GM-R-002349,GADM 3.6:VNM.25_1,0.3820059580275632,0.5631828732411905,0.6106414781044021,0.7435063842983693
2238,XK,XK,Kosovo and Metohija,2124491,1,GM-R-001726,1,GM-R-001726,GADM 4.1:XKO,0.345239081697751,0.40423093027241913,0.40930405036414064,0.5141483885758538
2239,YE-AB,YE,Abyan,675717.4375,0.0224056944317193,GM-R-002386,1,GM-R-002386,GADM 3.6:YEM.2_1,0.2910283149745063,0.2875501830446079,0.295650645175733,0.27005833948588137
2240,YE-AD,YE,‘Adan,883708.5625,0.0293023428421868,GM-R-002384,1,GM-R-002384,GADM 3.6:YEM.1_1,0.27837478969096335,0.29471457205789753,0.295650645175733,0.27005833948588137
2241,YE-AM,YE,‘Amrān,1359878.5,0.0450913657756017,GM-R-002385,1,GM-R-002385,GADM 3.6:YEM.10_1,0.3334587505522648,0.3536058705672617,0.295650645175733,0.27005833948588137
2242,YE-BA,YE,Al Bayḑā’,885968,0.0293772621256078,GM-R-002388,1,GM-R-002388,GADM 3.6:YEM.3_1,0.2723211012210973,0.24749362522242851,0.295650645175733,0.27005833948588137
2243,YE-DA,YE,Aḑ Ḑāli‘,731723.0625,0.024262750133656,GM-R-002387,1,GM-R-002387,GADM 3.6:YEM.4_1,0.205943659326287,0.21138917444367863,0.295650645175733,0.27005833948588137
2244,YE-DH,YE,Dhamār,2041820,0.0677034400263988,GM-R-002395,1,GM-R-002395,GADM 3.6:YEM.11_1,0.30140863759800823,0.12923229505360403,0.295650645175733,0.27005833948588137
2245,YE-HD,YE,Ḩaḑramawt,1531866.5,0.0507942089465278,GM-R-002396,1,GM-R-002396,globalmrp-mixed-source-partition-repairs worldpop-readiness-overlap-repair-2026-08-10:YE-HD,0.3125233610957058,0.3656668888676465,0.295650645175733,0.27005833948588137
2246,YE-HJ,YE,Ḩajjah,2270530.75,0.0752871176013161,GM-R-002397,1,GM-R-002397,GADM 3.6:YEM.13_1,0.18041105494758128,0.253718974950682,0.295650645175733,0.27005833948588137
2247,YE-HU,YE,Al Ḩudaydah,3314623.5,0.109907540009571,GM-R-002389,1,GM-R-002389,GADM 3.6:YEM.5_1,0.29593199349422217,0.3128083631321458,0.295650645175733,0.27005833948588137
2248,YE-IB,YE,Ibb,3254111.5,0.107901060220521,GM-R-002398,1,GM-R-002398,GADM 3.6:YEM.14_1,0.1636585542928822,0.23636051717873421,0.295650645175733,0.27005833948588137
2249,YE-JA,YE,Al Jawf,673215.375,0.0223227300967578,GM-R-002390,1,GM-R-002390,GADM 3.6:YEM.6_1,0.12312861730156453,0.15798444748860746,0.295650645175733,0.27005833948588137
2250,YE-LA,YE,Laḩij,1121881.625,0.0371997753547846,GM-R-002399,1,GM-R-002399,GADM 3.6:YEM.15_1,0.24933655221251336,0.18215283776499747,0.295650645175733,0.27005833948588137
2251,YE-MA,YE,Ma’rib,367625.59375,0.0121898685185875,GM-R-002400,1,GM-R-002400,GADM 3.6:YEM.16_1,0.3507853621980891,0.18502833455386608,0.295650645175733,0.27005833948588137
2252,YE-MR,YE,Al Mahrah,135597.515625,0.00449619372268166,GM-R-002391,1,GM-R-002391,GADM 3.6:YEM.7_1,0.3241327964568841,0.2813029821508334,0.295650645175733,0.27005833948588137
2253,YE-MW,YE,Al Maḩwīt,762655.25,0.0252884113091228,GM-R-002392,1,GM-R-002392,GADM 3.6:YEM.8_1,0.3154916250669249,0.3337520155595416,0.295650645175733,0.27005833948588137
2254,YE-RA,YE,Raymah,605579.5625,0.0200800362377347,GM-R-002401,1,GM-R-002401,GADM 3.6:YEM.17_1,0.2662398751345609,0.2805333390028185,0.295650645175733,0.27005833948588137
2255,YE-SA,YE,Amānat al ‘Āşimah [city],2498578.25,0.082848802881811,GM-R-002393,1,GM-R-002393,GADM 3.6:YEM.9_1,NA,NA,0.295650645175733,0.27005833948588137
2256,YE-SD,YE,Şāʻdah,1067598.875,0.0353998473939002,GM-R-002402,1,GM-R-002402,GADM 3.6:YEM.18_1,0.33858285867713606,0.2873432326770102,0.295650645175733,0.27005833948588137
2257,YE-SH,YE,Shabwah,725597.125,0.0240596239804512,GM-R-002404,1,GM-R-002404,GADM 3.6:YEM.20_1,0.381667666233396,0.21661554830150867,0.295650645175733,0.27005833948588137
2258,YE-SN,YE,Şanʻā’,1501554.125,0.049789099748425,GM-R-002403,1,GM-R-002403,GADM 3.6:YEM.19_1,0.42906703611340374,0.31642168313964275,0.295650645175733,0.27005833948588137
2259,YE-SU,YE,Arkhabīl Suquţrá,67340.4609375,0.00223290048017557,GM-R-002394,1,GM-R-002394,globalmrp-mixed-source-partition-repairs worldpop-readiness-overlap-repair-2026-08-10:YE-SU,0.2857768161601642,0.2625758414238229,0.295650645175733,0.27005833948588137
2260,YE-TA,YE,Tāʻizz,3681118.75,0.122059928162461,GM-R-002405,1,GM-R-002405,GADM 3.6:YEM.21_1,0.32694241025056814,0.2507675018829002,0.295650645175733,0.27005833948588137
2261,ZA-EC,ZA,Eastern Cape,6873582.5,0.114764626551365,GM-R-002406,1,GM-R-002406,GADM 3.6:ZAF.1_1,0.3027885132965943,0.4449080492169192,0.5127981965388211,0.6016658506375786
2262,ZA-FS,ZA,Free State,2830608.25,0.0472611914855846,GM-R-002407,1,GM-R-002407,GADM 3.6:ZAF.2_1,0.4139963779950046,0.5001316255964577,0.5127981965388211,0.6016658506375786
2263,ZA-GP,ZA,Gauteng,15699827,0.262131833374523,GM-R-002408,1,GM-R-002408,GADM 3.6:ZAF.3_1,0.3898574646381378,0.4637106384325674,0.5127981965388211,0.6016658506375786
2264,ZA-KZN,ZA,Kwazulu-Natal,10992484,0.183535779359869,GM-R-002409,1,GM-R-002409,GADM 3.6:ZAF.4_1,0.4731209495981901,0.5223552855791983,0.5127981965388211,0.6016658506375786
2265,ZA-LP,ZA,Limpopo,5847476,0.0976322608200411,GM-R-002410,1,GM-R-002410,GADM 3.6:ZAF.5_1,0.3650491284206354,0.40231411422617824,0.5127981965388211,0.6016658506375786
2266,ZA-MP,ZA,Mpumalanga,4815427,0.0804006762616671,GM-R-002411,1,GM-R-002411,GADM 3.6:ZAF.6_1,0.41319683898361625,0.44865052837030567,0.5127981965388211,0.6016658506375786
2267,ZA-NC,ZA,Northern Cape,1373116.625,0.0229262130307734,GM-R-002413,1,GM-R-002413,GADM 3.6:ZAF.8_1,0.38240966859601855,0.4128898835070385,0.5127981965388211,0.6016658506375786
2268,ZA-NW,ZA,North-West,4130153,0.0689590132430942,GM-R-002412,1,GM-R-002412,GADM 3.6:ZAF.7_1,0.421599042078407,0.42094123077546164,0.5127981965388211,0.6016658506375786
2269,ZA-WC,ZA,Western Cape,7330192.5,0.122388405873083,GM-R-002414,1,GM-R-002414,GADM 3.6:ZAF.9_1,0.4365204830491479,0.38817855013113545,0.5127981965388211,0.6016658506375786
2270,ZM-01,ZM,Western,1097196,0.0586697903328382,GM-R-002424,1,GM-R-002424,GADM 3.6:ZMB.10_1,0.446317399915204,0.5541675742476181,0.5320990707463582,0.6807892325281764
2271,ZM-02,ZM,Central,2222991.5,0.118868866835717,GM-R-002415,1,GM-R-002415,GADM 3.6:ZMB.1_1,0.41262694312740683,0.4969445758835624,0.5320990707463582,0.6807892325281764
2272,ZM-03,ZM,Eastern,2157587,0.115371526067227,GM-R-002417,1,GM-R-002417,GADM 3.6:ZMB.3_1,0.4015795881350066,0.5475956655666738,0.5320990707463582,0.6807892325281764
2273,ZM-04,ZM,Luapula,1685680.75,0.0901375289106061,GM-R-002418,1,GM-R-002418,GADM 3.6:ZMB.4_1,0.4549512876463781,0.531458539309174,0.5320990707463582,0.6807892325281764
2274,ZM-05,ZM,Northern,1599972.25,0.0855544829236156,GM-R-002422,1,GM-R-002422,GADM 3.6:ZMB.8_1,0.4255902026454881,0.4673813335725022,0.5320990707463582,0.6807892325281764
2275,ZM-06,ZM,North-Western,1061817.875,0.0567780342782053,GM-R-002421,1,GM-R-002421,GADM 3.6:ZMB.7_1,0.3984574732743805,0.44293898695154027,0.5320990707463582,0.6807892325281764
2276,ZM-07,ZM,Southern,2173717,0.116234037157377,GM-R-002423,1,GM-R-002423,GADM 3.6:ZMB.9_1,0.36739040370312176,0.5286750224701977,0.5320990707463582,0.6807892325281764
2277,ZM-08,ZM,Copperbelt,2586758,0.138320363455382,GM-R-002416,1,GM-R-002416,GADM 3.6:ZMB.2_1,0.4018272480634886,0.4911009228840354,0.5320990707463582,0.6807892325281764
2278,ZM-09,ZM,Lusaka,3073054.75,0.164323856324515,GM-R-002419,1,GM-R-002419,GADM 3.6:ZMB.5_1,0.4211319613228703,0.4555936119310199,0.5320990707463582,0.6807892325281764
2279,ZM-10,ZM,Muchinga,1042433.6875,0.0557415137145162,GM-R-002420,1,GM-R-002420,GADM 3.6:ZMB.6_1,0.4527547153166791,0.4655035997957619,0.5320990707463582,0.6807892325281764
2280,ZW-BU,ZW,Bulawayo,627219.1875,0.043677023721941,GM-R-002425,1,GM-R-002425,GADM 3.6:ZWE.1_1,0.3683398002069976,0.5039336527959349,0.3796811347056245,0.7093704351246609
2281,ZW-HA,ZW,Harare,2287240.25,0.15927421967943,GM-R-002426,1,GM-R-002426,GADM 3.6:ZWE.2_1,0.3500793397673616,0.4740145710163613,0.3796811347056245,0.7093704351246609
2282,ZW-MA,ZW,Manicaland,1915179.375,0.133365395480104,GM-R-002427,1,GM-R-002427,GADM 3.6:ZWE.3_1,0.3345972636948593,0.5511812003308849,0.3796811347056245,0.7093704351246609
2283,ZW-MC,ZW,Mashonaland Central,1299413.75,0.0904859518242438,GM-R-002428,1,GM-R-002428,GADM 3.6:ZWE.4_1,0.23495841594564917,0.5564052791705618,0.3796811347056245,0.7093704351246609
2284,ZW-ME,ZW,Mashonaland East,1573514.25,0.109573209164718,GM-R-002429,1,GM-R-002429,GADM 3.6:ZWE.5_1,0.3035923825484175,0.509577374334128,0.3796811347056245,0.7093704351246609
2285,ZW-MI,ZW,Midlands,1745667.75,0.121561287101692,GM-R-002434,1,GM-R-002434,GADM 3.6:ZWE.10_1,0.26573544888914713,0.5243092943526385,0.3796811347056245,0.7093704351246609
2286,ZW-MN,ZW,Matabeleland North,793254,0.055239020849509,GM-R-002432,1,GM-R-002432,GADM 3.6:ZWE.8_1,0.3465076154009953,0.5039366254158574,0.3796811347056245,0.7093704351246609
2287,ZW-MS,ZW,Matabeleland South,709692.4375,0.0494201294311801,GM-R-002433,1,GM-R-002433,GADM 3.6:ZWE.9_1,0.30043036464312567,0.4710952739534335,0.3796811347056245,0.7093704351246609
2288,ZW-MV,ZW,Masvingo,1631250.75,0.113593747009189,GM-R-002431,1,GM-R-002431,GADM 3.6:ZWE.7_1,0.36347707707425664,0.50295006392096675,0.3796811347056245,0.7093704351246609
2289,ZW-MW,ZW,Mashonaland West,1777960.375,0.123810015737993,GM-R-002430,1,GM-R-002430,GADM 3.6:ZWE.6_1,0.4038055806563441,0.524097773966429,0.3796811347056245,0.7093704351246609
