"ISO3","Name","1995","1996","1997","1998","1999","2000","2001","2002","2003","2004","2005","2006","2007","2008","2009","2010","2011","2012","2013","2014","2015","2016","2017","2018","2019","2020","2021","2022","2023","2024"
"AFG","Afghanistan",0.0838602320225114,0.0838602320225114,0.0866957899677991,0.0895313479130869,0.090303237303221,0.091075126693355,0.120487569637717,0.14990001258208,0.181300499411077,0.246174753062685,0.24422914822294,0.267072462149247,0.26382006887812,0.253494152619324,0.263023430263451,0.278716219534655,0.277113211527124,0.310749757744933,0.305543001933689,0.323750462969313,0.345065659160253,0.291140458770941,0.280941740307085,0.301774014500292,0.306687965687734,0.30183491448381,0.282135761871187,0.279743293992899,0.278350654393915,0.258544995659981
"ALB","Albania",0.395957647467235,0.395957647467235,0.383113093692908,0.370268539918581,0.388053887140195,0.405839234361809,0.43371162559755,0.461584016833292,0.464579205440834,0.488149683897506,0.47570350451039,0.516882211665613,0.539732190256983,0.548018976045633,0.564440068164652,0.560709618284889,0.550883092906918,0.525655830123232,0.529260899843983,0.551380831391446,0.549154374261115,0.552803361003444,0.561293134497182,0.56192400104336,0.557843977547019,0.537409949221311,0.540092890008626,0.543860941084122,0.552613941307948,0.56592186372383
"DZA","Algeria",0.375981626675096,0.375981626675096,0.369355058525766,0.362728490376435,0.375959539644595,0.389190588912755,0.401089558906211,0.412988528899668,0.410846876419282,0.429164276888522,0.426363263205818,0.4467746353423,0.460167380768086,0.437028746903616,0.399280249221019,0.362978314336559,0.332653317177304,0.341244492723792,0.39429368439631,0.352186257082423,0.373789282348315,0.371246905405985,0.367331607460481,0.350013833310998,0.333683421028759,0.342523833016688,0.362541457475591,0.379754579859606,0.396757223675321,0.402815385858495
"AND","Andorra",0.80120440595683,0.80120440595683,0.804039963902118,0.806875521847406,0.80764741123754,0.808419300627674,0.825882522371197,0.84334574411472,0.843360817640939,0.772328211510692,0.84309920658723,0.842403804785681,0.84361453391234,0.8430775785557,0.842358253727765,0.842386032345511,0.875189679029914,0.873036441415492,0.872717290250735,0.74157994386002,0.743612244425471,0.744087455240486,0.788065707281705,0.788272440418399,0.788832951602249,0.744403154732978,0.744019284713261,0.742996231086007,0.743105252521681,0.743352083808512
"AGO","Angola",0.237185350008656,0.237185350008656,0.23812592152076,0.239066493032864,0.224188252516191,0.209310011999518,0.227683805082378,0.246057598165238,0.239201512170275,0.278617718355404,0.282275370998312,0.339528607689228,0.344088817549433,0.342353268998936,0.344097593609765,0.341783908314919,0.337382640618512,0.350532043149649,0.339413417307379,0.352417592563982,0.340786687149771,0.32427575975208,0.324355625573095,0.34593761032614,0.358120159064074,0.350262757633139,0.385195039587101,0.382759829724601,0.374964209555209,0.39907487472128
"ATG","Antigua and Barbuda",0.638171588246417,0.638171588246417,0.641007146191705,0.643842704136993,0.644614602707106,0.64538650127722,0.646546465117648,0.647706428958076,0.647721502484295,0.584672210382803,0.60485538659069,0.604353296795914,0.605227451156864,0.604839762265706,0.604320395749647,0.646746717188867,0.646943792987204,0.644790537012823,0.644471385848067,0.611153788835467,0.578881405920459,0.579123867537083,0.581106889972971,0.629972471261294,0.647262632032661,0.646775689203938,0.644625884901822,0.626277804941337,0.655179795129665,0.657513915058715
"ARG","Argentina",0.584178694688811,0.584178694688811,0.594296987352908,0.604415280017004,0.563258301873085,0.522101323729165,0.443885025678147,0.365668727627128,0.385603456871805,0.417795331367239,0.431126662730659,0.423108776899382,0.422175999189812,0.419207414162648,0.397806017964889,0.401872308212008,0.411204216298455,0.386587789345837,0.387611650811282,0.355061279759267,0.394612413282013,0.494604604791512,0.518902633337686,0.506092596286004,0.458544929564129,0.440538216318614,0.433774407476851,0.434652380709243,0.448005413544028,0.497850351757534
"ARM","Armenia",0.400069470412311,0.400069470412311,0.398028393786527,0.395987317160743,0.401803109527087,0.407618901893431,0.469139387761101,0.53065987362877,0.573633817560724,0.57486301680599,0.563144295708582,0.58154246163682,0.585753134600365,0.61287450253921,0.61601967365063,0.61158449511022,0.609118642476393,0.615934520161466,0.604188442725365,0.563657272958959,0.580089840052261,0.585521799118806,0.589810960906452,0.593372407364965,0.588437782863854,0.579208084668346,0.577208666789201,0.555381650025292,0.558707574931628,0.566336303075038
"AUS","Australia",0.711371605879322,0.711371605879322,0.741226652351774,0.771081698824226,0.805561536312152,0.840041373800078,0.834326047128582,0.828610720457087,0.861776260290459,0.886165537832136,0.871902346757089,0.874590850611937,0.875914144646329,0.880927368131294,0.86554486216472,0.850266493884766,0.878762490302958,0.895348803691703,0.886267821162911,0.861736969978511,0.860421130087414,0.874062597875793,0.876193950419262,0.876653573629209,0.88003678160717,0.865683663453656,0.868911784859177,0.871530465790504,0.873887737627669,0.857218363785069
"AUT","Austria",0.789876366423873,0.789876366423873,0.785616213371217,0.78135606031856,0.807502248222862,0.833648436127163,0.846868763179352,0.860089090231542,0.855426395081015,0.84197644002344,0.862970557253944,0.872801580821833,0.876864474476564,0.849934876307947,0.831435436846671,0.840301314097531,0.82581727107743,0.821762510884472,0.8012327537333,0.7831210398831,0.776422262015597,0.796495205030526,0.801765119100227,0.822039122024564,0.827208882518718,0.811573009119961,0.806886684702389,0.798258366959139,0.80026153026989,0.789055364143805
"AZE","Azerbaijan",0.306927049071929,0.306927049071929,0.321123217117181,0.335319385162432,0.358922167966708,0.382524950770983,0.389998436282304,0.397471921793626,0.424312565961595,0.426842256172357,0.441445620565049,0.451351919964239,0.458448356180558,0.471902093389657,0.479924495770811,0.455909504350328,0.459864276207368,0.451149079138822,0.469402788910798,0.490140913235002,0.492931516821036,0.50121889012837,0.506967172926008,0.504187860714669,0.52181209929734,0.521615023499003,0.530080268087713,0.529869000041181,0.548937029068203,0.565767364670074
"BHS","Bahamas",0.642496496873951,0.642496496873951,0.6814305154597,0.72036453404545,0.729691962301937,0.739019390558424,0.763690860667686,0.788362330776948,0.770559009155616,0.738593696552439,0.770416113595856,0.757330787321119,0.757992149758953,0.757698831056304,0.67987250771132,0.65825024120855,0.647499861061011,0.646785621941678,0.621666627835354,0.606505083973586,0.575123875101386,0.581095304838934,0.554160088522909,0.566994746279414,0.540270228851196,0.538902687315966,0.53726018703694,0.528678099670084,0.523702679340399,0.521308522345897
"BHR","Bahrain",0.590230889885357,0.590230889885357,0.613872871201786,0.637514852518214,0.641628474739258,0.645742096960301,0.666982237639447,0.688222378318592,0.690512838265488,0.693266299654761,0.692397836881056,0.691018912171336,0.712554923587412,0.689312959874512,0.693282878697606,0.702864794343767,0.706274771141736,0.688477361427155,0.691546081669907,0.656044971470735,0.676310510454041,0.639021434021845,0.632097177499657,0.632143554755722,0.636518934910145,0.642969008775014,0.687235989529169,0.700695087846253,0.708004958584247,0.715465325904967
"BGD","Bangladesh",0.328134086745261,0.328134086745261,0.328926631089106,0.32971917543295,0.326085087797231,0.322451000161513,0.328710213074116,0.334969425986719,0.345153419763574,0.335862509465247,0.36077344851784,0.38052503717295,0.381777975845014,0.38250466301645,0.393148096403664,0.387348442441153,0.389146800410889,0.361297056184393,0.366673898654459,0.37640447488746,0.398379124080513,0.401606694687269,0.4045700287662,0.396785167532697,0.377682419823483,0.376820695154677,0.381053381708887,0.371346269503302,0.375594121383527,0.366568420690844
"BRB","Barbados",0.794059701408684,0.794059701408684,0.796110316033093,0.798160930657501,0.798719137666515,0.799277344675528,0.783295771611512,0.767314198547496,0.767325086003096,0.703078026905895,0.772931538118589,0.728907973698918,0.750788730062393,0.743689943771341,0.682033842067597,0.65612290949607,0.68009374521551,0.666566935370172,0.667416377226505,0.607871303591779,0.647456164358939,0.640092296981955,0.623446791085865,0.618509008671831,0.607277799561869,0.614709103067723,0.628413931074107,0.61516665160232,0.619812070031566,0.621877234923366
"BLR","Belarus",0.320935055078867,0.320935055078867,0.277904332974158,0.234873610869448,0.22968374622035,0.224493881571252,0.243850106872403,0.263206332173553,0.275309308849814,0.317823299092561,0.310621843911598,0.245129979604105,0.259072385478058,0.317191477828523,0.321518516211284,0.326002367002615,0.296394821955492,0.351909958061631,0.350861016892392,0.376737708140657,0.356929093453347,0.373142332478182,0.379124282472153,0.39626497481849,0.447800828522519,0.415585875558806,0.395175274540596,0.343433311938473,0.325234057804458,0.314756947284501
"BEL","Belgium",0.737132005148206,0.737132005148206,0.738019011480354,0.738906017812502,0.754294766165086,0.769683514517669,0.792544867103549,0.815406219689429,0.816448734873069,0.795211733746888,0.800370147786469,0.807907461694746,0.809952448991766,0.76911242799752,0.756046930478345,0.748704085254249,0.736361437675109,0.74309453030571,0.746815341207075,0.712593295901417,0.756988741287672,0.784071057594034,0.774311582785798,0.773874854444541,0.777664258152184,0.784054129711971,0.797196537098785,0.799502951849925,0.778103299848257,0.769315984861333
"BLZ","Belize",0.59535693531748,0.59535693531748,0.597407540761909,0.599458146206338,0.594986064148631,0.590513982090925,0.591352839430979,0.592191696771032,0.592202602586591,0.525703749615841,0.554371907368206,0.493842189140147,0.494252332260983,0.496456941040279,0.495735963816046,0.504524123361078,0.488454330694769,0.480793986702212,0.480697780517818,0.439374562126456,0.448513690644938,0.455638162518427,0.441940366376284,0.419262842878428,0.43544520045247,0.435201251679179,0.429606256178012,0.427632689120933,0.450484099789094,0.458366893043123
"BEN","Benin",0.490975244845198,0.490975244845198,0.493025850289628,0.495076455734057,0.495634671923049,0.496192888112042,0.46755673176796,0.438920575423877,0.438926689290175,0.429374076138345,0.451645807825613,0.452857969029063,0.455306544941608,0.442638962810673,0.465168578480002,0.463973455318369,0.456132430970732,0.44154876681389,0.436245768098334,0.438661167565231,0.442146420194501,0.455002136823811,0.457037081223338,0.458027858042928,0.451084837642792,0.460885585638532,0.471365450152317,0.488496521880215,0.497677364225213,0.490095766096181
"BTN","Bhutan",0.507745433221864,0.507745433221864,0.510580991167152,0.51341654911244,0.514188447682554,0.514960346252667,0.516120310093096,0.517280273933524,0.58250841579204,0.421066525236232,0.512129277317319,0.45159059942934,0.45432006435239,0.438710262095206,0.386454606204311,0.381778067644808,0.382216889021374,0.386825330493488,0.386669252483272,0.40742349685135,0.467271601606959,0.477782916730261,0.517396988191958,0.532328077850191,0.52823107139191,0.535319924945223,0.532714499904189,0.520922981569925,0.520943691603512,0.524239432737492
"BOL","Bolivia, Plurinational State of",0.548466867241873,0.548466867241873,0.565855584272367,0.583244301302861,0.572325468532839,0.561406635762817,0.536611795910036,0.511816956057256,0.519898404066085,0.511817433416186,0.481834867849514,0.419325597217791,0.399284214972132,0.392620835105299,0.379336486876586,0.386892087303881,0.394124534095389,0.381439344763913,0.383720753251094,0.386348173522835,0.390198165094696,0.386895116697092,0.388750096779933,0.385208240397517,0.361884776827264,0.348035602824371,0.335920104656172,0.332183761229616,0.32812305240999,0.310688123363061
"BIH","Bosnia and Herzegovina",0.297268994676401,0.297268994676401,0.31045938581568,0.323649776954958,0.349707139378324,0.37576450180169,0.391779324751191,0.407794147700692,0.451142028914622,0.468831665670731,0.470442752060157,0.485427269198656,0.490688572447654,0.50281822614413,0.50270160368549,0.496686220206446,0.491138593399121,0.503322721093516,0.504028367752106,0.506865330234246,0.49493174253837,0.496219693651969,0.510074651041901,0.483020719231927,0.47183764993408,0.472305847244812,0.471276900070765,0.471320927252096,0.477168831186476,0.476768914562721
"BWA","Botswana",0.620316399741323,0.620316399741323,0.659092660380621,0.697868921019918,0.698124959826115,0.698380998632312,0.702839420880631,0.70729784312895,0.703757896182254,0.673367298890014,0.688740514717407,0.656410591691351,0.660826859474142,0.680310539609656,0.68503415310366,0.687992456553866,0.686040701127905,0.701800394089173,0.684265641945955,0.673808415261437,0.652432319086978,0.656297292385264,0.639905447680699,0.643240901405681,0.619891678813157,0.612452535604872,0.625455921383244,0.630029185174194,0.622987057716165,0.614795872233267
"BRA","Brazil",0.521351778408957,0.521351778408957,0.537532575386496,0.553713372364036,0.555226508372977,0.556739644381918,0.557319892521535,0.557900140661153,0.575580725957547,0.547690736701244,0.558411318635562,0.541152351434288,0.533059869090189,0.56961456552819,0.568489669209172,0.575890862382506,0.575611148409368,0.575776663438435,0.564871802597101,0.534299662031714,0.52331484356957,0.523333405487972,0.521476791368793,0.496149117970135,0.522747373961315,0.513114950068348,0.513264308333624,0.504477360545877,0.497673930912907,0.486923862884669
"BRN","Brunei Darussalam",0.765540332762871,0.765540332762871,0.704473310338954,0.643406287915036,0.65969579420895,0.675985300502863,0.727431933986841,0.77887856747082,0.756368358278,0.686379350568965,0.756187677922919,0.755707381399302,0.75654360408526,0.715259253726792,0.728871841299894,0.725245896305927,0.727921639989371,0.722737191528135,0.738987334070265,0.727212284619093,0.715093224618876,0.684275739923325,0.69946214316938,0.700777579141383,0.688121637224361,0.68971379449621,0.70020573986292,0.699903075941215,0.68932981431674,0.703846740023148
"BGR","Bulgaria",0.445825902828486,0.445825902828486,0.502864392260668,0.55990288169285,0.56314304723138,0.56638321276991,0.58910087113782,0.61181852950573,0.637297470605385,0.640526381489137,0.657657618456664,0.642379048217163,0.650651990596837,0.656542085716663,0.632961233883238,0.629619537772246,0.601476786962402,0.601861097621131,0.595410234278032,0.597597603055964,0.617714132613212,0.643158483550386,0.639769785944728,0.629428943039384,0.625099976860944,0.597496861961733,0.600290641820648,0.586459478937391,0.60558842630789,0.593883989258469
"BFA","Burkina Faso",0.421158563709966,0.421158563709966,0.447630888743368,0.47410321377677,0.483674416386939,0.493245618997108,0.499486334251166,0.505727049505224,0.489735249944126,0.424929625818714,0.422439886878418,0.447495759446203,0.464958375311084,0.504214409215172,0.509763890378341,0.511965304524795,0.505576020483692,0.495739764327529,0.492439323044082,0.476239780548553,0.464027305077687,0.462915205649991,0.464641739460691,0.463198150975888,0.455163410702384,0.449367502171478,0.456723640005785,0.449628287027039,0.452453480775553,0.444508153501667
"BDI","Burundi",0.211471070956412,0.211471070956412,0.213521676400842,0.215572281845271,0.251500903686355,0.287429525527439,0.283574319727264,0.279719113927088,0.277961331466419,0.317107517736684,0.32131705238278,0.338014920881521,0.339146720545068,0.339327180580642,0.349037193659726,0.352824798091402,0.362081797545725,0.371066537170205,0.361956362306836,0.383176729310296,0.379908913673732,0.377089833791515,0.384161741102805,0.361838528090912,0.370955165659797,0.354250907895375,0.357393875811733,0.372022962506779,0.378932531061883,0.391577108164375
"KHM","Cambodia",0.477167288949932,0.477167288949932,0.478271961774272,0.479376634598612,0.4796773431847,0.479978051770788,0.48732096125474,0.494663870738693,0.494668001729435,0.466091074612615,0.448346302900068,0.444492712776271,0.458659660947007,0.4582246951618,0.461986650730957,0.465359870891301,0.419719308175453,0.446164515549628,0.450827981818427,0.428605968899735,0.424842012095064,0.436849406825531,0.43010751977464,0.432528812788328,0.421802833026107,0.413134196813214,0.414585349601065,0.413460049362953,0.416844138618938,0.425081370878641
"CMR","Cameroon",0.273310276529806,0.273310276529806,0.324593093280911,0.375875910032016,0.383847115667906,0.391818321303796,0.364584076337918,0.33734983137204,0.336700843546474,0.392818994141209,0.394478752781557,0.394422461147711,0.410287430113046,0.410887690607814,0.405600279497326,0.403252664998518,0.391379940566243,0.375153776130375,0.372316611688688,0.392587548499897,0.401706517783557,0.409988144423769,0.395792756676769,0.398784511972006,0.399039641960239,0.403990606824731,0.3910515910621,0.402394116602593,0.40524907184441,0.407217241073585
"CAN","Canada",0.75850977207892,0.75850977207892,0.786065729423815,0.81362168676871,0.826495221738089,0.839368756707467,0.851466913894529,0.86356507108159,0.849248562686031,0.851277999097902,0.866148849731136,0.856378340587629,0.843479092495875,0.848046756499375,0.843040087519721,0.840790662080863,0.834551452343431,0.85834496758026,0.862892674308485,0.849894612918181,0.84557078752822,0.866066358436005,0.879550518096925,0.84252332811782,0.849934564188647,0.833452920925328,0.840575666962684,0.840674994340084,0.829703303248521,0.791102554635887
"CPV","Cape Verde",0.447795614294205,0.447795614294205,0.452527287810146,0.457258961326087,0.497359388097823,0.537459814869558,0.517665208830854,0.49787060279215,0.497881508607709,0.457623388149377,0.473404598982421,0.48584192886937,0.504348308395093,0.515585814970942,0.529617505324801,0.519056801912182,0.539569465941661,0.534778489758622,0.507509140551415,0.505076849922373,0.50180839168725,0.507624330933264,0.515453733426947,0.502990460918138,0.531065353320058,0.541405443467089,0.553078374827116,0.55872852364468,0.558751381793453,0.54928933831865
"CAF","Central African Republic",0.279499547179155,0.279499547179155,0.282335105124443,0.28517066306973,0.285942552459865,0.286714441849999,0.284024579358196,0.281334716866393,0.254832410020183,0.326477706337342,0.297682405869914,0.29464126228536,0.302873004917366,0.302790274942771,0.326014576375253,0.338825256025495,0.336117547653686,0.331581297539786,0.281006257202497,0.262214931115362,0.262414485508145,0.277944477024192,0.280697497774452,0.289880359714924,0.289950182638445,0.290359683160721,0.285102088623411,0.289564568422637,0.297117690255487,0.308186101610291
"TCD","Chad",0.305792164935295,0.305792164935295,0.307842770379724,0.309893375824153,0.310451592013146,0.311009808202139,0.330355366367196,0.349700924532252,0.325094760796634,0.357911846970918,0.307539316979788,0.319909412697413,0.319977730104309,0.315103362988155,0.324225692144286,0.319400639877614,0.320599471750936,0.317770863050074,0.31620716371445,0.326929196085517,0.329859115039335,0.331264202690421,0.340574647984968,0.334634907536402,0.32964742471375,0.330344460551636,0.341093188302878,0.349442269431919,0.341989907053259,0.34127192250232
"CHL","Chile",0.777737661267682,0.777737661267682,0.774082707538726,0.77042775380977,0.784917534317012,0.799407314824255,0.807500880405927,0.815594445987599,0.832043940962965,0.814369028893857,0.838102966064205,0.834238672084397,0.833424830188282,0.834261805632553,0.827053190067637,0.810506368950387,0.814318171807832,0.825099231446614,0.816671441173967,0.784059858019133,0.765548741624026,0.775298375494317,0.768702633715902,0.756801690026869,0.738784272925342,0.704453573383186,0.701410043003981,0.692984823125573,0.696599899023898,0.684338347383016
"CHN","China",0.480222569702804,0.480222569702804,0.474618495201983,0.469014420701162,0.479641568804873,0.490268716908584,0.458893107823834,0.427517498739084,0.436009310188255,0.482252667073193,0.490403075087477,0.511768173646581,0.514591714998799,0.527636153645169,0.515420814020722,0.517577999026298,0.522792759779602,0.495301640629399,0.492792917491649,0.509949105643258,0.508145551805167,0.513844115834229,0.527994338082449,0.524374598754574,0.529631917892502,0.528769605705012,0.536467275493918,0.524325210465257,0.525967178305476,0.527912158906619
"COL","Colombia",0.485877290150123,0.485877290150123,0.482258009821219,0.478638729492316,0.487602088944711,0.496565448397105,0.514881067950336,0.533196687503568,0.537749186181054,0.535059892847975,0.551279998497421,0.558946896995288,0.56551177568287,0.584270365963368,0.551250273724037,0.551339705083614,0.581042538317188,0.581743246146846,0.584345439835122,0.588052223727922,0.597822016833035,0.591113838666598,0.57191135966089,0.560986578264199,0.583657657416497,0.57053100287438,0.584436854070255,0.575227902628252,0.566075867058696,0.543459831063042
"COM","Comoros",0.246892976293089,0.246892976293089,0.249728534238377,0.252564092183664,0.269639267016831,0.286714441849999,0.320480949036555,0.354247456223111,0.289049443057074,0.262825399747253,0.261605527361085,0.281453524160136,0.28927650066822,0.266613389738065,0.259775865661503,0.26923480630326,0.271419678126788,0.279369613750346,0.284527550430997,0.311303769503348,0.313253780733217,0.316444594702348,0.316531804506904,0.313136332076429,0.318179482294326,0.306449084263086,0.296721041704408,0.311625344182674,0.305098654209508,0.311756966727697
"COG","Congo",0.267055350667595,0.267055350667595,0.256142604223933,0.24522985778027,0.270574890520024,0.295919923259778,0.334606220100692,0.373292516941606,0.336583266369973,0.363287826522918,0.32107405832735,0.336699448189601,0.341494702243053,0.331237268630782,0.330298064935613,0.333294538740275,0.328672602698404,0.33421523559692,0.342093126741936,0.349871488550004,0.360485949922147,0.345789518898025,0.323156444860555,0.325866264627632,0.317866279756238,0.298542937141394,0.327772964714564,0.317352972026602,0.323157069099156,0.329574645836853
"COD","Congo, the Democratic Republic o",0.163773954169467,0.163773954169467,0.114988596721356,0.0662032392732447,0.0666248940882824,0.0670465489033203,0.110148177169123,0.153249805434926,0.182388859411975,0.250020833963309,0.279688214116337,0.298402171336862,0.29789567515196,0.2892890038002,0.279647142888381,0.273653736280085,0.278374503980467,0.282368382549865,0.312002935096462,0.31714379701538,0.30874406075986,0.319287267131691,0.305713565951442,0.303191421683769,0.2905352778072,0.289709024578899,0.298075584388769,0.300961788280556,0.310028229721935,0.305103868437823
"CRI","Costa Rica",0.577523705323175,0.577523705323175,0.605358376023451,0.633193046723727,0.655072288390596,0.676951530057465,0.638697233868403,0.600442937679341,0.614372693541644,0.647405656112132,0.663702359509916,0.642098710005423,0.653134826192604,0.679097148288963,0.675157578477854,0.655816334903128,0.645861565212563,0.666934336506797,0.676075135781535,0.637355010716433,0.654219459121855,0.661238122552468,0.641206875004097,0.660594202075546,0.66382707871041,0.639987149497599,0.643926241949778,0.649762909589339,0.646484481896557,0.647824391693712
"CIV","Cote d'Ivoire",0.399791794394606,0.399791794394606,0.431000924552448,0.462210054710291,0.396989559774637,0.331769064838984,0.384151404445971,0.436533744052957,0.420600788159986,0.324281818538502,0.336160987316335,0.36636264227201,0.363648067275589,0.369573523676168,0.376308654262201,0.365764144333292,0.368129586352147,0.39450801855597,0.410622022003199,0.440263275934778,0.459151248845319,0.459562328324057,0.466603647943897,0.486422929767301,0.482972304020429,0.4820289326146,0.487914860023766,0.501430562093996,0.506323270809044,0.510347755429852
"HRV","Croatia",0.485356161078015,0.485356161078015,0.482397958607583,0.479439756137151,0.484823263272281,0.490206770407411,0.5278849035477,0.56556303668799,0.595457896731217,0.610174542070037,0.616315250628218,0.599911159831098,0.609558804129955,0.605906365715362,0.610247045547551,0.598490172455644,0.591400694663731,0.57890509026738,0.58256432186675,0.562862929339146,0.567858086624599,0.574112112848826,0.595280686408359,0.613631759042138,0.61164647833131,0.578047496589316,0.601919390490492,0.595958040370355,0.622488180914188,0.593487818066321
"CUB","Cuba",0.296681329113407,0.296681329113407,0.29630804360997,0.295934758106532,0.303905963742423,0.311877169378313,0.298725526932196,0.285573884486079,0.261485802069399,0.23743100625812,0.27429873999458,0.272174639634859,0.272445063468817,0.279608164695734,0.274252307658638,0.24280331381835,0.242851471990423,0.287198116606045,0.293718802872665,0.339519996868526,0.36018266176184,0.331571034322786,0.331683342191096,0.31608701614371,0.316212212703134,0.315999035220882,0.325623986610596,0.326684623073625,0.314998637782853,0.277141210464376
"CYP","Cyprus",0.706650544419598,0.706650544419598,0.708756954958963,0.710863365498329,0.697298981997198,0.683734598496066,0.720641209445398,0.757547820394731,0.757552814303539,0.757824449894782,0.794249047664344,0.817608404954156,0.819169919454677,0.814155869771563,0.798995996666052,0.806091496524469,0.764095128601689,0.731380197238468,0.691602648703136,0.72233310719372,0.723404043593666,0.721031441190858,0.7190027575373,0.714219602696733,0.731861962558793,0.705858661034272,0.696782947813671,0.675603633678209,0.682787701978137,0.676787924464118
"CZE","Czech Republic",0.625478155293416,0.625478155293416,0.630407308526789,0.635336461760162,0.633721767638821,0.63210707351748,0.684899032986475,0.737690992455471,0.756851922874293,0.729236708762197,0.755136680438288,0.754513268035405,0.74671034060239,0.75650275317681,0.752762260399553,0.743453816340521,0.729429965689093,0.710968825101985,0.715035262228775,0.690184690720893,0.722504405609827,0.713738296375379,0.750378807261063,0.751520815061732,0.746911877870729,0.741114372023403,0.768736911759082,0.784809311539548,0.766373764735083,0.767178738771072
"DNK","Denmark",0.819402356533767,0.819402356533767,0.827018388765629,0.834634420997492,0.856306957067605,0.877979493137718,0.890630009686898,0.903280526236078,0.915282982137614,0.902097539007247,0.910253234689681,0.937985915818524,0.936849122246169,0.914555615647701,0.913944541137168,0.896967619623807,0.906321908500097,0.875548175586495,0.876196080174489,0.846049927374429,0.864958188039504,0.863937539566859,0.86989578685395,0.879346704193688,0.895997185638627,0.903817958951649,0.907741078239624,0.911980154059516,0.906261540955386,0.895477837482528
"DJI","Djibouti",0.373073923271492,0.373073923271492,0.375124528715921,0.37717513416035,0.389523464146755,0.40187179413316,0.414500792810563,0.427129791487967,0.427140697303526,0.408968138549684,0.419531742835802,0.415106350153461,0.417979132915325,0.413492050771235,0.410761796369953,0.400880833713981,0.40267353681639,0.414358475589508,0.402716352240437,0.408725456613554,0.407084939210084,0.409594984264873,0.41592333160254,0.405161035841706,0.399095474595114,0.388435682484561,0.399873606371258,0.399746151536895,0.396260421548694,0.384428052305981
"DMA","Dominica",0.670778177492442,0.670778177492442,0.67361373543773,0.676449293383018,0.693524468216185,0.710599643049352,0.71175961606976,0.712919589090167,0.712934662616386,0.615110451768269,0.605600286841309,0.631544377498527,0.647368348675741,0.623732398605796,0.627534415605172,0.64820793123417,0.628255576428993,0.636750417271375,0.636621952639274,0.610394531097024,0.583776648309829,0.583914605040657,0.572988299767381,0.570247525109677,0.562836307398808,0.569311828166648,0.568413824219147,0.568020608980374,0.569239251249299,0.551984800597903
"DOM","Dominican Republic",0.438248398970278,0.438248398970278,0.48327792389551,0.528307448820743,0.534816770272832,0.541326091724922,0.513026363266878,0.484726634808833,0.467604100461803,0.463653936954435,0.484099311734714,0.510052600731318,0.511011155823119,0.516221840665557,0.515495263653875,0.528849471526026,0.506519630568986,0.507052124455625,0.509013922779078,0.513634279864488,0.524500621512147,0.529059527815273,0.521327433103516,0.514436995625538,0.522316447367056,0.52311813497041,0.539102039749201,0.530015989871765,0.549906416535728,0.579066364145953
"ECU","Ecuador",0.450114036458435,0.450114036458435,0.48626258306665,0.522411129674866,0.466192963204274,0.409974796733683,0.399330628948114,0.388686461162546,0.401294685546506,0.394576005483606,0.382908765710823,0.372735567589774,0.367583910015051,0.335391778480193,0.302586002040563,0.31039129790827,0.332283198766769,0.357732268213368,0.388665898008629,0.401392470687362,0.363552668929385,0.381864286011586,0.36892102909846,0.389653663794967,0.406683792469086,0.40587909383248,0.43908006838644,0.453176293995671,0.430936784036192,0.422316526314879
"EGY","Egypt",0.480842842552722,0.480842842552722,0.483305684153297,0.485768525753872,0.484561027979971,0.483353530206071,0.461925769107397,0.440498008008724,0.434156514940518,0.431637932504862,0.449244839286376,0.472192052219836,0.508124915211415,0.520950374628534,0.537486914168826,0.525452016219996,0.500485795331294,0.446984838511218,0.405388717691453,0.404671889817921,0.405803597681673,0.400163142922384,0.410965628633149,0.404646149155608,0.411959214526444,0.424306800934515,0.436323944803134,0.418264391596037,0.435767766569574,0.449298652325776
"SLV","El Salvador",0.472471747833015,0.472471747833015,0.501610241831319,0.530748735829623,0.524748003597744,0.518747271365865,0.527688075608808,0.53662887985175,0.549350825820851,0.617550178180647,0.619841611205362,0.581905750142662,0.589896151115534,0.613734391212131,0.64038647860267,0.630241371218668,0.624581381463158,0.583315097304202,0.584098975747467,0.575963512739691,0.560156230765074,0.538800110225849,0.529375135507971,0.53656640091177,0.530733625583486,0.527222485412232,0.487881922257582,0.470162597448006,0.482433420868109,0.508643033250271
"GNQ","Equatorial Guinea",0.232816304040037,0.232816304040037,0.229071147833232,0.225325991626427,0.225626709392494,0.225927427158562,0.244501830331838,0.263076233505115,0.263082090331989,0.249998067614331,0.245409565057532,0.253053348367202,0.251970477994001,0.250295609107516,0.259257637462894,0.247670961189562,0.251080772747902,0.242471990000873,0.24079339404274,0.258425876246937,0.26385498951986,0.284279415587087,0.284451650361095,0.266363492338105,0.275937935481012,0.266264954438936,0.266168895134213,0.306106671030462,0.30613393556936,0.284136262987904
"ERI","Eritrea",0.279499547179155,0.279499547179155,0.282335105124443,0.28517066306973,0.285942552459865,0.286714441849999,0.290182573817638,0.293650705785276,0.293657957969024,0.283537765049185,0.271777697324438,0.229346896055258,0.224337454721817,0.224173298329705,0.212348071110985,0.196968686337416,0.196994353559894,0.193025793373755,0.181668341186714,0.19117727599643,0.195041441456526,0.187684587583825,0.190411610632348,0.189723112175328,0.180289581716624,0.181688885980671,0.175857891568396,0.175730436734033,0.168594636765932,0.167308888847395
"EST","Estonia",0.69372702446224,0.69372702446224,0.696365405629417,0.699003786796593,0.711437196832327,0.72387060686806,0.749351769522736,0.774832932177412,0.799861026127452,0.798616624836254,0.811074554597037,0.825631817133047,0.825368957602137,0.823462606354422,0.800579928676333,0.800774213760925,0.805623427733449,0.808820869647725,0.809983605841941,0.819893742472532,0.829170882801718,0.836012005430215,0.819926037640156,0.803765271377726,0.824324110703722,0.814930678395155,0.827333711878965,0.823930326306224,0.807585868655461,0.797618816152424
"ETH","Ethiopia",0.270081659405395,0.270081659405395,0.293723649901803,0.317365640398211,0.317621679204407,0.317877718010604,0.301103031444018,0.284328344877433,0.293277190782353,0.370811480621807,0.369842882632513,0.390227339069315,0.401449570159397,0.408918511580902,0.397441774741188,0.408672579932055,0.382812045447581,0.372566582528483,0.344875596866198,0.374956773771874,0.3752325219939,0.364495526256366,0.376028462930132,0.385612948970532,0.388966230215561,0.391207742512153,0.399913539281765,0.397505263478904,0.387260369718531,0.388018893058619
"FJI","Fiji",0.490975244845198,0.490975244845198,0.493025850289628,0.495076455734057,0.46702409100165,0.438971726269244,0.503791570182788,0.568611414096332,0.497881508607709,0.397865908150671,0.46405144842358,0.480368990374663,0.457664257417786,0.386535132983844,0.3431115352996,0.380702908454326,0.394676159059154,0.395450637203486,0.408427052202302,0.495806557857839,0.496956166681474,0.503803458256146,0.504087872378751,0.50420482531665,0.569039623416681,0.512983143923736,0.528179590067284,0.522643842153338,0.52268546418006,0.552950093794604
"FIN","Finland",0.771390366452478,0.771390366452478,0.812418283265634,0.85344620007879,0.858361271223722,0.863276342368655,0.894130207322675,0.924984072276695,0.934608454507685,0.888281119170949,0.904298255475266,0.892515715160881,0.863115802888436,0.865351531797989,0.898355926272501,0.900986008738276,0.892268994033803,0.908300487825943,0.897519721946502,0.885968462033799,0.884093524675684,0.874179660973445,0.877431815565107,0.881122718093499,0.907053277461041,0.903015647109694,0.910220590682839,0.891538708310432,0.88376376145471,0.901502327501164
"FRA","France",0.673154194847597,0.673154194847597,0.683982090741416,0.694809986635235,0.7152200276747,0.735630068714166,0.740045712258355,0.744461355802545,0.785459437682563,0.781515424761412,0.784593214823838,0.780097062860074,0.78771383867027,0.78080886010488,0.756795319121146,0.767591121806889,0.744599936771974,0.749674592679264,0.751044337409556,0.73051496581752,0.74548071907807,0.743431490630555,0.767355214695575,0.773786598122331,0.808535794566602,0.772125627724698,0.776814302217004,0.773969518392392,0.767328904874538,0.751434192775859
"GAB","Gabon",0.460471972485472,0.460471972485472,0.49924823312477,0.538024493764067,0.522850208090856,0.507675922417644,0.508979194916906,0.510282467416168,0.489066892361969,0.426246879426644,0.464213456700507,0.440329298346816,0.451775576014792,0.462707793194819,0.455852643557758,0.465451652325611,0.445738656304012,0.444242558336887,0.420114139090605,0.414775448615038,0.4204275619482,0.429009796194726,0.42676242707126,0.402108747762128,0.380044391810115,0.375839759273032,0.388155693112039,0.401451332715447,0.405049535811586,0.408174474248349
"GMB","Gambia",0.320490009676249,0.320490009676249,0.371885703454388,0.423281397232526,0.449113960319686,0.474946523406845,0.466456428613827,0.457966333820809,0.507299947180234,0.425065801633533,0.424322663938964,0.450522031464086,0.459066627794962,0.452657570078173,0.452842050944737,0.442003249235358,0.44835443636184,0.459054822341419,0.425390203746522,0.427660302499049,0.413809072180765,0.424065606155051,0.438174334896262,0.410314676291985,0.413077060621261,0.411734066351019,0.402468621315622,0.417336607795275,0.425023004569445,0.419084806357422
"GEO","Georgia",0.35242387166991,0.35242387166991,0.369549389510254,0.386674907350599,0.404066176415373,0.421457445480148,0.40285391423215,0.384250382984152,0.425715064858483,0.448123743478841,0.479198744957277,0.567038846900581,0.615763607304495,0.646853627229273,0.646401660122168,0.659233655684639,0.6724227157269,0.668298811928899,0.67471776566351,0.691461075060414,0.689704743036494,0.714471776731591,0.713871809996164,0.688094078926122,0.702228676849357,0.689021752567131,0.695795200387292,0.682934416409338,0.689445390257725,0.660348619265916
"DEU","Germany",0.753090738423408,0.753090738423408,0.759186749661759,0.76528276090011,0.800361133046672,0.835439505193234,0.840625853910211,0.845812202627189,0.816354640083943,0.804972328512614,0.817433838465373,0.817545742414588,0.821547607566088,0.789217592740237,0.79892714682035,0.802037121890647,0.811354543969559,0.817020519071655,0.812291581189583,0.826834357718058,0.842328088315368,0.851194296045487,0.852141119123581,0.84936599298286,0.8467196619535,0.827822968062503,0.837130732803057,0.828080998924235,0.811662972918345,0.816044503658984
"GHA","Ghana",0.423114119647409,0.423114119647409,0.454323240625272,0.485532361603135,0.502012021990898,0.51849168237866,0.461813892698121,0.405136103017582,0.413122115960288,0.450356406275265,0.486009959212801,0.52530473263007,0.529063493566386,0.535699645614238,0.54201798677433,0.53965614330741,0.536216147976715,0.537972535080511,0.534594357731277,0.515616476102228,0.517835919728277,0.496721930326416,0.510977483658581,0.510005654316528,0.505468192445343,0.511601979299036,0.506468938722591,0.511235220760972,0.511734152642825,0.524503705985235
"GRC","Greece",0.608222878443872,0.608222878443872,0.634609581809158,0.660996285174445,0.67526641631394,0.689536547453434,0.700099674380622,0.710662801307809,0.713251573866163,0.680002789979347,0.69493661527145,0.691806572766126,0.693567715099265,0.681398128492282,0.659846970110152,0.620843348920388,0.591256091627798,0.567554119145815,0.591443124528642,0.569219808052873,0.584396425440859,0.568627001701399,0.569788709737918,0.593656950007282,0.617869310985445,0.622163521761775,0.613760095154526,0.618339931810746,0.635477851803296,0.629065085374819
"GRD","Grenada",0.605565090800186,0.605565090800186,0.608400648745474,0.611236206690762,0.612008105260875,0.612780003830989,0.613939967671417,0.615099931511845,0.615115005038064,0.561843474263827,0.566264680875549,0.579096896757527,0.579583747786454,0.579367834670333,0.580919930511962,0.598251199231203,0.584268144408347,0.58340227038884,0.583273934276451,0.552393621801702,0.554868856374503,0.555006721305537,0.532063822962408,0.513855003289829,0.516978748329267,0.518249771560802,0.531957225041302,0.533511817837335,0.55082764583118,0.550159783967911
"GTM","Guatemala",0.445318451925724,0.445318451925724,0.447329124459646,0.449339796993568,0.460692392971492,0.472044988949416,0.483795674735189,0.495546360520962,0.489147694540885,0.474197896084579,0.457856541266863,0.477404205858982,0.470483621328566,0.476605455849045,0.470619154544825,0.474202100515157,0.469022003364169,0.455585047157463,0.448156387485683,0.454191709880043,0.466699303329525,0.475603240775089,0.458091915939369,0.469262886024331,0.463311266682386,0.471769920045868,0.470132909394539,0.470920735228959,0.466038253010992,0.48419068924993
"GIN","Guinea",0.368211471768635,0.368211471768635,0.381978328896007,0.395745186023379,0.396166840838416,0.396588495653454,0.3311735412136,0.265758586773746,0.238979870746991,0.337431496469022,0.36243366615716,0.333817191688968,0.329270458038562,0.320118734588306,0.328059159753178,0.336648958302753,0.345138713436532,0.349119317755679,0.338453889137758,0.341492847887208,0.382026441168183,0.388848616319143,0.396443543778303,0.393602927664351,0.395447993369411,0.389212639223339,0.373413288750947,0.364646702157569,0.364788441039921,0.377280300004665
"GNB","Guinea-Bissau",0.292687597423679,0.292687597423679,0.268714962428272,0.244742327432865,0.262975519950822,0.281208712468779,0.325479493734416,0.369750275000054,0.369758518621579,0.273030011757901,0.333402458578418,0.350747185147498,0.34127368505837,0.335197878954737,0.336161960394154,0.342605626633382,0.332621132169433,0.297106857879763,0.288748560051377,0.30730924833539,0.303181727625494,0.309332552521003,0.315183302249005,0.3110610508473,0.31113794235498,0.303884455050626,0.300215474313105,0.300075149147585,0.311962102547971,0.322459041823491
"GUY","Guyana",0.431858288731026,0.431858288731026,0.470792298136797,0.509726307542567,0.497686259625277,0.485646211707988,0.471259072550718,0.456871933393448,0.482291076107115,0.462492173838039,0.439810409189688,0.448985596667359,0.441458178776905,0.442535908361626,0.433528108628826,0.438567054416146,0.423732648301237,0.426276237000851,0.434996097498946,0.434728335859021,0.442623742404783,0.469685238517806,0.472924063779339,0.455690249721695,0.441241953541483,0.433087726655758,0.435735581561703,0.422091892218302,0.418797069082265,0.45884318709571
"HTI","Haiti",0.277755057328696,0.277755057328696,0.279304004437382,0.280852951546067,0.281274597181126,0.281696242816184,0.282521651486377,0.28334706015657,0.282419056036302,0.261416842063944,0.282483132292702,0.369986182111367,0.366277011423915,0.381797290521728,0.380751048266441,0.335943330004122,0.32010970148855,0.315958680031321,0.320252890807652,0.299603977523518,0.296023087868578,0.296176466964843,0.302304121592279,0.313007390085398,0.307487523535861,0.300910710875024,0.281010186233692,0.280806188730867,0.257408661086598,0.272318508272438
"HND","Honduras",0.359036339370841,0.359036339370841,0.380122063616046,0.401207787861251,0.41894643652752,0.436685085193789,0.433242335869266,0.429799586544743,0.422372212070083,0.437642006249253,0.464773967884356,0.470649081277757,0.49676784858351,0.48232544595009,0.47507717287405,0.475366507465627,0.489885838326646,0.471139604298456,0.459644856339105,0.433703868514934,0.443675235608303,0.431766452216839,0.45838169116996,0.452975546205563,0.445690534851856,0.438923494657335,0.429558960924004,0.427257081082701,0.415845815856259,0.425694336464936
"HUN","Hungary",0.622490659508633,0.622490659508633,0.648553695159285,0.674616730809937,0.682656520072126,0.690696309334315,0.731348223370124,0.772000137405932,0.763968004246585,0.764167944198504,0.770852952096866,0.775409691924848,0.778099021977844,0.760661228777333,0.748044375212712,0.711837287875691,0.705313865975201,0.681949771816005,0.669432153828989,0.62090626849938,0.636552258235465,0.63209585558262,0.635578886656869,0.622163191282515,0.62542650872916,0.621445133291741,0.614493832550162,0.593920378696918,0.584609272443852,0.602515042635588
"ISL","Iceland",0.672256154180178,0.672256154180178,0.705687619657589,0.739119085135001,0.773457036860904,0.807794988586807,0.826421690102879,0.84504839161895,0.866374787384792,0.869752010016165,0.872614254161647,0.869761887674029,0.856135089492774,0.801727719864042,0.810119708216924,0.720046447758307,0.751883699648478,0.758502317935625,0.751642009150126,0.760964939216694,0.778997999003164,0.776716021357259,0.802924458702054,0.805438689827461,0.819413225629408,0.810417341509904,0.840228792260058,0.802639787540025,0.797113990723778,0.785240605332984
"IND","India",0.423748070666674,0.423748070666674,0.428549319246692,0.433350567826709,0.452787274007496,0.472223980188282,0.470845670537185,0.469467360886087,0.459963475065055,0.503408076542228,0.508416930356986,0.5056450906489,0.502655501828808,0.492105245232777,0.496238696209383,0.490004223341335,0.478654408897177,0.472317065179672,0.472657458816822,0.471067596539831,0.480354504367127,0.494444836429566,0.501375335337763,0.512439817661374,0.52298614522621,0.513708325578546,0.509804722926832,0.524907055921295,0.517652687338915,0.523362689622344
"IDN","Indonesia",0.528776655929212,0.528776655929212,0.483571031458633,0.438365406988054,0.44721403505757,0.456062663127087,0.446015405143796,0.435968147160505,0.432938368390481,0.448858105113078,0.467003215728433,0.50818298776127,0.499086362547535,0.513163493799557,0.519342648111578,0.514168921866313,0.513234858959622,0.5080873507356,0.532084239236653,0.54151819197441,0.515409339046438,0.547307839759346,0.559398845742435,0.554488034107957,0.561377406708321,0.582270709404759,0.60382280414479,0.592615352821585,0.603573255584048,0.563899606055871
"IRN","Iran, Islamic Republic of",0.233211667393997,0.233211667393997,0.23283837271058,0.232465078027163,0.23272111683336,0.232977155639556,0.258897479330037,0.284817803020518,0.29278978895466,0.314359564335068,0.308794165087573,0.308638839835669,0.294343206713326,0.286216042406952,0.265846659496368,0.280013075228297,0.32112082114255,0.31173304370131,0.288625676846768,0.301966445229039,0.340735205825145,0.347143308824074,0.342187148091226,0.30360756851115,0.29120246035199,0.285254384482104,0.285132896634368,0.284397561922312,0.271402493205301,0.26351714791699
"IRQ","Iraq",0.16907105933823,0.16907105933823,0.1624444911889,0.155817923039569,0.156073961845766,0.156330000651962,0.166590426937526,0.17685085322309,0.256911363241082,0.250979994933753,0.27786857695429,0.28647174155391,0.296962970882225,0.325938584505557,0.335134390217021,0.364202299353511,0.372214365077831,0.354818138824165,0.354740182438872,0.344401010289784,0.354106323219401,0.362978240896724,0.34468316613745,0.327808656474576,0.327945566687749,0.31129525048244,0.327618704340274,0.316750232937388,0.305804980186575,0.35179320708328
"IRL","Ireland",0.787010597166291,0.787010597166291,0.810954076547038,0.834897555927785,0.846306975978362,0.857716396028939,0.880452184856218,0.903187973683496,0.888548513611697,0.860601810442495,0.887011105737151,0.905554443860047,0.892934414022543,0.875887632865744,0.839002861087468,0.827219604734688,0.805741904547933,0.820423574165136,0.830631068689325,0.844965753444149,0.857580660853133,0.854205384377397,0.834374205300656,0.843682080200964,0.831688528879472,0.81010391865231,0.838633954434217,0.865332822999917,0.870986074650528,0.870458758272286
"ISR","Israel",0.670095242102955,0.670095242102955,0.685738211625809,0.701381181148663,0.705546064374826,0.70971094760099,0.71664844165351,0.723585935706031,0.712959301681168,0.701954177104533,0.70923854585968,0.70941972193365,0.728052968775053,0.733546874342771,0.71449966550909,0.734622015173294,0.761051396262937,0.744155460528081,0.740131691945668,0.731798271861529,0.742937479217674,0.768865266231429,0.764114920637334,0.7546274118996,0.76896810036097,0.752514198995479,0.756793446405343,0.747065036647488,0.734532914292976,0.745508424255981
"ITA","Italy",0.638345934415693,0.638345934415693,0.654012771885057,0.669679609354421,0.678696800206175,0.687713991057929,0.69731719507638,0.706920399094832,0.729631337717802,0.724625146097078,0.707394673551945,0.712621349918545,0.708894645470388,0.704158345244816,0.687024923442185,0.678003886179051,0.630163433193333,0.629534457722918,0.630613068585664,0.610464702859764,0.648768020138965,0.657355835812984,0.657711211176559,0.643865947844902,0.669724627973531,0.627612573950013,0.646307161413947,0.651378641048355,0.668740075179992,0.658532140016792
"JAM","Jamaica",0.553273284150308,0.553273284150308,0.569200107817022,0.585126931483736,0.568493120881437,0.551859310279137,0.555952699825524,0.56004608937191,0.564920107648845,0.57631226015812,0.582367209348495,0.594009479577235,0.597133059377043,0.593086285766187,0.587516149649307,0.587575250356858,0.576806510250466,0.540603847663529,0.548668808429307,0.551125132244489,0.56438963335768,0.567534749389224,0.5638533205996,0.568048681357461,0.565881141335092,0.559087662799821,0.574381545245007,0.572338761143049,0.568276051087907,0.557686283860423
"JPN","Japan",0.609322309499959,0.609322309499959,0.611453340744147,0.613584371988336,0.648281205829955,0.682978039671575,0.662327464811165,0.641676889950755,0.717925266632043,0.730926596095024,0.765724097591039,0.780868842090455,0.771058914115289,0.770960578175667,0.765785493293447,0.76083876957945,0.785849109449278,0.803461303898941,0.790591321581601,0.779588014640892,0.800087257540449,0.821686574094653,0.797779777911695,0.7915303783971,0.795957496915573,0.792015136390718,0.797228630306861,0.800004454126018,0.797651625398895,0.785121504279899
"JOR","Jordan",0.475309077514333,0.475309077514333,0.524231657294917,0.573154237075503,0.574919235000001,0.576684232924499,0.561037297650533,0.545390362376567,0.580570099855961,0.607597060886379,0.599964385351815,0.569022713894576,0.569759958042353,0.597640400120052,0.581920162710362,0.56070767212925,0.576045086036879,0.574407175747567,0.559285619876183,0.560203893218259,0.571899113568335,0.562631355178123,0.565529272723658,0.556625702477271,0.570324269737686,0.576444525301703,0.576206782194505,0.579870365104122,0.59867189932838,0.591676424525799
"KAZ","Kazakhstan",0.418365940528458,0.418365940528458,0.414924614100746,0.411483287673034,0.405902273280533,0.400321258888033,0.377184332499736,0.354047406111439,0.383010718562339,0.387010527398447,0.434766708173026,0.462597211162642,0.462473813879185,0.489214469711236,0.467948606729736,0.475052203330008,0.483900326500656,0.479431659395297,0.479077807908306,0.513785382325855,0.527890457435254,0.51615003486648,0.55629669201461,0.551149532629805,0.561697292271432,0.550893135804411,0.543431281327024,0.52924011637056,0.542009320873751,0.549640288932141
"KEN","Kenya",0.415222128053993,0.415222128053993,0.431296969708987,0.447371811363981,0.43365940987457,0.419947008385159,0.46008066668242,0.500214324979681,0.493325484818123,0.46788943258235,0.473051224854361,0.479602590612226,0.482503684430643,0.474471092272325,0.468702907279289,0.476256451391192,0.445004000910434,0.446960327966148,0.448074502069195,0.481143358359242,0.487843439783824,0.499310813044523,0.504554086813927,0.486039518746555,0.477913602917383,0.4565193120237,0.463005444847758,0.469230352177242,0.467808171404463,0.479758007663924
"KIR","Kiribati",0.456143465306003,0.456143465306003,0.456143465306003,0.456143465306003,0.456143465306003,0.456143465306003,0.456143465306003,0.456143465306003,0.456143465306003,0.456143465306003,0.36463115127242,0.364320170289353,0.356915562163672,0.343434578775634,0.337215950552078,0.3259680155196,0.326268164126943,0.324371819056804,0.324265569974917,0.418539625739216,0.41921619022298,0.416416920736367,0.416584308481238,0.416653121607022,0.448294509456141,0.440150747746962,0.440004161835473,0.443005794788573,0.430887046907657,0.44893753029508
"PRK","Korea, Democratic People's Repub",0.102252412604163,0.102252412604163,0.141186422009933,0.180120431415704,0.189447841312232,0.19877525120876,0.174684552497943,0.150593853787126,0.139386090344621,0.139134834307706,0.161929365823337,0.174518624369801,0.167506038085568,0.167386092474376,0.124350605960344,0.204221053684281,0.203635646396226,0.0955161804205985,0.0954449070603279,0.162503536816574,0.15453590219268,0.154642041114815,0.154754348983124,0.168878169610512,0.169003366169936,0.18380373292113,0.183717991913283,0.183489483865388,0.196845711333013,0.196906023797848
"KOR","Korea, Republic of",0.579588062376785,0.579588062376785,0.571049478932434,0.562510895488082,0.594030281410617,0.625549667333152,0.646543252124849,0.667536836916546,0.649300679265234,0.68895993458567,0.701775185865666,0.685215751456684,0.721263602870565,0.66662897367114,0.678966829301018,0.688345904121761,0.711978531039154,0.711539470983122,0.727922190788137,0.72345491903965,0.723889903184816,0.720175077630037,0.717128885056798,0.716691036758051,0.708446699194271,0.707768188554868,0.722397330329791,0.727773218081996,0.724537348773838,0.727111157965726
"KWT","Kuwait",0.519671860533787,0.519671860533787,0.484090618294197,0.448509376054608,0.456332554522239,0.46415573298987,0.516243156577787,0.568330580165703,0.577981364017525,0.597886203249188,0.616389094382728,0.593496263647393,0.600767156192742,0.609524948365829,0.61133972013878,0.623346931269659,0.593460039448575,0.56867183672092,0.562924618800895,0.529056241382639,0.536322140019178,0.53203222547322,0.535382569124832,0.544410895291631,0.560455149255174,0.565899538013863,0.571142591463761,0.5862443552995,0.60021051896021,0.615085904503281
"KGZ","Kyrgyzstan",0.416788948582623,0.416788948582623,0.42894277316493,0.441096597747237,0.439936275887611,0.438775954027985,0.474566362098817,0.51035677016965,0.544623687214747,0.487056440147553,0.444192821208352,0.435174391059376,0.452660048672618,0.450801433317924,0.436298185780862,0.454235773781292,0.464757682600853,0.449343707664804,0.460752072017746,0.44159040720057,0.438243148022046,0.4692794099873,0.487076801341922,0.476698265441051,0.463670809756622,0.452025418334876,0.44695404886022,0.444423826210652,0.442908523726566,0.446126602234594
"LAO","Lao People's Democratic Republic",0.285670916868622,0.285670916868622,0.28772153149303,0.289772146117439,0.278540211789102,0.267308277460766,0.277313325898652,0.287318374336538,0.274070287026561,0.299438756253792,0.315844040448238,0.323148568438206,0.325065770421603,0.352947571136257,0.353426729342425,0.366868606018104,0.370737985706515,0.385430634579114,0.392503606768017,0.404093881593284,0.412599059092501,0.418845245614297,0.415113602337208,0.395460808620691,0.408687635098315,0.398582589144531,0.404757685905645,0.390658596142833,0.399627821602082,0.424226512834447
"LVA","Latvia",0.645989864605034,0.645989864605034,0.639147622019047,0.63230537943306,0.627189386078411,0.622073392723761,0.66144009127984,0.70080678983592,0.741229470605458,0.710981621993307,0.719333218436711,0.735072568563568,0.729827128319019,0.727630965120797,0.723636462312797,0.724580476317186,0.729645199486736,0.711738988655987,0.715374242149093,0.727896009486811,0.725684717682493,0.722001048977889,0.723958110431958,0.727836798619507,0.72515277459462,0.721042750925512,0.74347498537308,0.717084435596413,0.724142572938563,0.742927014041127
"LBN","Lebanon",0.45799723363156,0.45799723363156,0.445117392016315,0.432237550401071,0.440060719688722,0.447883888976374,0.455390183734167,0.46289647849196,0.477529806337502,0.495360851496703,0.497272912691621,0.498220690487575,0.493029522281398,0.503451222445535,0.51627849949858,0.543222803994239,0.489492568007996,0.474527255386459,0.487965919069338,0.459882213887168,0.474445204730341,0.464681947770581,0.475384738904769,0.454624564269982,0.437970778032449,0.409625957515459,0.390130453566443,0.367807277274467,0.37345520453701,0.364951165355242
"LSO","Lesotho",0.4337540830024,0.4337540830024,0.435804688446829,0.437855293891258,0.4552339496643,0.472612605437342,0.473451462777396,0.474290320117449,0.440660328404951,0.40644729783909,0.425220227247453,0.423148709809889,0.414716072508104,0.443834912170455,0.444054901197442,0.434587698574201,0.43130172493833,0.446576659905979,0.468857204373497,0.45963966047075,0.461210869029546,0.459932538534387,0.464462325942771,0.446102660848249,0.439861835434438,0.410407228844568,0.421177823306804,0.434757895392776,0.437375750125954,0.451982400951281
"LBR","Liberia",0.0990746892856953,0.0990746892856953,0.116789515905352,0.134504342525008,0.135037469830227,0.135570597135446,0.151236388087155,0.166902179038865,0.153995458443858,0.212061343633564,0.234856260708331,0.297006557424544,0.297228566047005,0.31345397772456,0.334140382044673,0.346807137977459,0.324850720223548,0.346454369728041,0.347780527916015,0.389250185339195,0.395959795582421,0.382156319517115,0.383073399461866,0.382383670887603,0.36930517451756,0.364711843291582,0.367366344502633,0.363466065003471,0.374834790205248,0.38644292927048
"LBY","Libyan Arab Jamahiriya",0.224086749483668,0.224086749483668,0.217460172154357,0.210833594825047,0.235104909631089,0.259376224437131,0.244955018376207,0.230533812315284,0.230537502667014,0.28744649012942,0.292465129802247,0.306238936174045,0.331046949297303,0.361886263983932,0.32851632272864,0.311632522926586,0.27493035929907,0.293642976242599,0.251831401305683,0.183699650314388,0.169918922238102,0.154725597287559,0.177843759797907,0.162283639589381,0.166149126966515,0.175716538245181,0.191828265057512,0.191598086253361,0.206522088967477,0.22170164394888
"LIE","Liechtenstein",0.833810903403061,0.833810903403061,0.836646461348348,0.839482019293636,0.84025391786375,0.841025816433863,0.858489065717325,0.875952315000786,0.875967388527005,0.78023281639584,0.875705777473296,0.842403804785681,0.84361453391234,0.8430775785557,0.85538144990174,0.855394154993267,0.855484394191034,0.860824571823269,0.865230851788443,0.826845410413288,0.827637165278902,0.827822288744025,0.844955269907644,0.845035796687177,0.845254151677826,0.844882362511035,0.827795740243523,0.822866550290231,0.82290901687506,0.823005186339537
"LTU","Lithuania",0.653339594813701,0.653339594813701,0.648184155087454,0.643028715361207,0.625783224369732,0.608537733378256,0.660703397930829,0.712869062483402,0.756919303923286,0.731796087026425,0.738824958594162,0.746796338649661,0.738913875874891,0.72715002599862,0.714418753170421,0.713386391044027,0.708775819816686,0.725136819790376,0.727451808642301,0.726506123881656,0.759397310849875,0.739087763045196,0.738555691437611,0.736274264590471,0.720124495943395,0.705573310553765,0.755974996159556,0.758617471597557,0.76368454484184,0.778136604813618
"LUX","Luxembourg",0.789587252151801,0.789587252151801,0.785896524043018,0.782205795934235,0.836232976715,0.890260157495766,0.923082421178448,0.955904684861129,0.926552857320923,0.895793426815267,0.887163383235885,0.862997785072924,0.867684091130537,0.852663974031821,0.854084924687357,0.856937952133494,0.878642618131601,0.862679772225616,0.866869349596438,0.832060483285892,0.847949889356462,0.856818465521273,0.841972180512986,0.859440175845811,0.859298198283994,0.871630086927245,0.881670267146398,0.883809055473202,0.878347867352161,0.878576852758987
"MKD","Macedonia",0.435344477718198,0.435344477718198,0.436337889191883,0.437331300665569,0.441343144454706,0.445354988243843,0.464428892457698,0.483502796671552,0.491065171923665,0.517946850599672,0.506798610143771,0.554245958050468,0.564323941424901,0.570579730205178,0.577053084497873,0.520464147838208,0.524950422144108,0.579451409203036,0.567690496920181,0.59244739591799,0.590665415031552,0.591325675871854,0.603910032309305,0.614228053785793,0.576401232518726,0.596695963836609,0.582102403661945,0.581868663025777,0.577999338417243,0.589894186599936
"MDG","Madagascar",0.313378187814411,0.313378187814411,0.352312188040202,0.391246188265992,0.417078751353152,0.442911314440311,0.460369744234574,0.477828174028836,0.470852583061693,0.440854962328761,0.457444305110717,0.463353861786927,0.472130619797511,0.461540008011919,0.436202732354781,0.40458860904456,0.40461695682103,0.402684552791702,0.380292471574148,0.376961112119991,0.379791263057396,0.394158389859516,0.395223414352711,0.377564457087847,0.385025558806921,0.381064636363665,0.381453261612725,0.388373185184622,0.384932290215943,0.403560469708703
"MWI","Malawi",0.435620648219278,0.435620648219278,0.474396908858576,0.513173169497873,0.51342920830407,0.513685247110266,0.457256703051148,0.40082815899203,0.412272692463914,0.410575497867463,0.435893752607229,0.438206409744379,0.44717991307404,0.444041535147397,0.436971004833021,0.469071373293527,0.452650905413109,0.407426305925054,0.400806053601569,0.408332590213999,0.403346704707767,0.404863990067409,0.415271718302858,0.417655960919579,0.419254415657314,0.406343857830907,0.413424394322858,0.41803079783954,0.411290453025192,0.433603402820086
"MYS","Malaysia",0.625525964626271,0.625525964626271,0.61922587326528,0.612925781904289,0.614577875261815,0.616229968619342,0.630718638349074,0.645207308078806,0.672560580657934,0.646625284421008,0.643788046539485,0.66564315404044,0.673413749585914,0.653531327864012,0.633863111782057,0.660986536036294,0.63736369497697,0.679604397232177,0.696086315894879,0.703082102816761,0.680976033038232,0.674862387059402,0.681679660101347,0.678321825586523,0.679757152089842,0.65805512992581,0.674953599334988,0.661399286271288,0.649032311746667,0.665936123903871
"MDV","Maldives",0.703384748378508,0.703384748378508,0.706220306323796,0.709055864269084,0.709827753659218,0.710599643049352,0.71175961606976,0.712919589090167,0.680328073370361,0.49834395925132,0.560921712529568,0.56065641112413,0.545288721644352,0.490426539114892,0.489055858026698,0.509227504180425,0.49600967408264,0.494378758937651,0.49040094533225,0.492714116548248,0.484565122250796,0.499066331832425,0.49925832192216,0.499337269745232,0.499551291785591,0.476843547795462,0.49329812847943,0.476306317039439,0.476347939066161,0.497790718611176
"MLI","Mali",0.378911178429736,0.378911178429736,0.417845178655527,0.456779178881318,0.466106616317784,0.475434053754251,0.460582196498451,0.445730339242651,0.447973650815211,0.451073784947562,0.466581524193478,0.465552466859678,0.480989263224582,0.476459475816198,0.469077542239702,0.445982054278538,0.454587936152068,0.444442002569917,0.425192173230324,0.421994933275595,0.447171063573873,0.437915569636175,0.437204873988901,0.428090641574625,0.420567189435283,0.407081303938231,0.418041538415469,0.41050106659427,0.404383326344615,0.401045394025188
"MLT","Malta",0.62468498671097,0.62468498671097,0.66361899611674,0.70255300552251,0.708324513668099,0.714096021813687,0.729617944127818,0.745139866441948,0.766512712903689,0.746135159811416,0.750056773582766,0.7784140237919,0.783464297673832,0.790280322238575,0.783366090253922,0.786545521048564,0.764290827403113,0.767304559569098,0.762866388355394,0.701325348513788,0.723064824993882,0.736650717186811,0.771722755147568,0.769803864047956,0.692871835938786,0.741153111536585,0.67338369433327,0.644561698485669,0.638059188578314,0.6312647920451
"MHL","Marshall Islands",0.430998179738599,0.430998179738599,0.430998179738599,0.430998179738599,0.430998179738599,0.430998179738599,0.430998179738599,0.430998179738599,0.430998179738599,0.430998179738599,0.430998179738599,0.378358415148523,0.381810307732556,0.380279380923485,0.33934227246682,0.347039758656138,0.347546199761163,0.346374393747274,0.34136610909124,0.340979117878519,0.391463239699563,0.395648796239396,0.395873669015438,0.394379021485063,0.394629708363253,0.377145739866225,0.376974055890983,0.372543485700245,0.372592249750961,0.414763055642811
"MRT","Mauritania",0.423693486509001,0.423693486509001,0.42574409195343,0.42779469739786,0.445173353170902,0.462552008943944,0.525642326373495,0.588732643803047,0.565163266943906,0.46780293881619,0.47982358943695,0.435978520537257,0.453657508517231,0.416352146801531,0.421985643136415,0.447800075764206,0.452483774707662,0.416363897175197,0.386985098855435,0.388105001265644,0.3901112857694,0.41528737934776,0.411090182594014,0.401136239101597,0.401203014271949,0.380665454138264,0.362927732649917,0.363246204496196,0.382849004044754,0.39813278851257
"MUS","Mauritius",0.569502606499099,0.569502606499099,0.5801472057437,0.590791804988302,0.600112568579725,0.609433332171148,0.599731314854145,0.590029297537142,0.627506306508167,0.628371739888661,0.625254641154329,0.646480332545856,0.663422718976613,0.700624989523349,0.695222314591175,0.689515525300547,0.679528864361453,0.718866526642604,0.71755768189583,0.749805884745028,0.726903525191048,0.736162066881915,0.736843460034859,0.732091737443849,0.717267704705692,0.724093239729122,0.713286769907286,0.705661585235935,0.714377865542053,0.713585468077879
"MEX","Mexico",0.572096281166466,0.572096281166466,0.581233555329104,0.590370829491742,0.590068046230303,0.589765262968865,0.615230865558412,0.640696468147959,0.635744695445278,0.611712592543143,0.602082537084868,0.61179594675634,0.607035191065574,0.604330971085947,0.603738036214762,0.562305851467602,0.572711780427083,0.593599703655576,0.593552279881857,0.579252277089307,0.57451893281711,0.570567777871964,0.571126324540217,0.540417787840504,0.533333175437687,0.519026379460362,0.50588169543865,0.51229761978005,0.508678376171065,0.505054377332736
"FSM","Micronesia, Federated States of",0.569442954992782,0.569442954992782,0.569442954992782,0.569442954992782,0.569442954992782,0.569442954992782,0.569442954992782,0.569442954992782,0.569442954992782,0.569442954992782,0.629294015701767,0.628680939955719,0.512178500367006,0.455586112035076,0.439780133617538,0.439798438496515,0.397736892719805,0.396914678682452,0.40123358360344,0.392661484054201,0.397878282762938,0.399108234766517,0.41590139145171,0.399379172679324,0.385029285878568,0.384664859055278,0.401119439739246,0.400728776534754,0.400770398561475,0.400864658590231
"MDA","Moldova, Republic of",0.498578012006789,0.498578012006789,0.482434908024776,0.466291804042764,0.451058830761076,0.435825857479387,0.433748611734661,0.431671365989935,0.42652405972546,0.437939162183303,0.433024641837136,0.4497971068487,0.472378736281462,0.487213013876659,0.495599273922379,0.504086201622495,0.504724834431268,0.48831158201468,0.49900890188113,0.51596933615144,0.504415285524992,0.498480538985234,0.518550250647404,0.506859161288071,0.520204189180796,0.513119999057033,0.525163158987348,0.533002953217742,0.530990701727358,0.532420061244049
"MCO","Monaco",0.787087690633518,0.787087690633518,0.787087690633518,0.787087690633518,0.787087690633518,0.787087690633518,0.787087690633518,0.787087690633518,0.787087690633518,0.787087690633518,0.787087690633518,0.787087690633518,0.787087690633518,0.787087690633518,0.787087690633518,0.787087690633518,0.787087690633518,0.787087690633518,0.787087690633518,0.787087690633518,0.787087690633518,0.787562901448533,0.788065707281705,0.788272440418399,0.788832951602249,0.787878600941025,0.787494730921309,0.786471677294053,0.786580680369769,0.743352083808512
"MNG","Mongolia",0.449669853973884,0.449669853973884,0.463680476274958,0.477691098576033,0.478112753391071,0.478534408206108,0.518312792119568,0.558091176033027,0.524457530688717,0.476008867346048,0.513345128872499,0.509037019607316,0.507430027488714,0.49321403986788,0.486568083601999,0.48999245460771,0.484247990681513,0.470618989305195,0.454583052403013,0.48416024843815,0.485107952794269,0.535913061775956,0.534416908728954,0.545845946395566,0.528814146965191,0.516350562337082,0.517423922251596,0.50526784857433,0.53346960829193,0.528011449564101
"MNE","Montenegro",0.474562671747088,0.474562671747088,0.474562671747088,0.474562671747088,0.474562671747088,0.474562671747088,0.474562671747088,0.474562671747088,0.474562671747088,0.474562671747088,0.474562671747088,0.474562671747088,0.514732682762879,0.534270690016642,0.548792279152599,0.532264221913298,0.530946692905985,0.5451681334346,0.552338890764359,0.5831930586577,0.588952008591433,0.590682177673985,0.603847994008338,0.594716907151834,0.595043806219227,0.586256546312179,0.581572296569958,0.588596119149009,0.577211457502947,0.564376616146853
"MAR","Morocco",0.474373270411551,0.474373270411551,0.505582400569394,0.536791530727236,0.537047569533433,0.537303608339629,0.517208229454981,0.497112850570333,0.49717777138484,0.483376186395296,0.449961924199331,0.513939532540392,0.525231274434696,0.533407606710881,0.546379780559201,0.545341543245974,0.527108066148655,0.539984529531471,0.544626551368328,0.550199680158501,0.551746231292556,0.543556441166531,0.541822600092208,0.519740912339036,0.545994790581995,0.552903404419238,0.527210220959718,0.526096120296507,0.532308726453559,0.536101581833467
"MOZ","Mozambique",0.38868879287732,0.38868879287732,0.420045941023443,0.451403089169565,0.474508564948345,0.497614040727126,0.496509120043341,0.495404199359557,0.475686282868985,0.44440366697583,0.433590587568806,0.440032931890997,0.448814261531335,0.463202263606671,0.466749976815962,0.443114320505359,0.43818413911429,0.44824262421242,0.437867907182991,0.434498689493677,0.423423888873191,0.413458837605668,0.415753905902237,0.406716748595229,0.40785247728997,0.398688636266871,0.39069276402626,0.396651451952364,0.402928299605446,0.400820998608077
"MMR","Myanmar",0.203984246934984,0.203984246934984,0.197357669605674,0.190731092276364,0.177864102632317,0.16499711298827,0.15341474212529,0.141832371262309,0.133075405287371,0.0999682317631951,0.116306134908647,0.15093371498547,0.151204138819429,0.151084193208237,0.145728354531099,0.233466411823094,0.248076477600768,0.217293546347779,0.273239113329288,0.296517650080225,0.337184738622026,0.379028572006648,0.386223656281888,0.391067839625686,0.384886592278356,0.407220986505192,0.332260285538119,0.309601911477348,0.275678913181501,0.280340873933674
"NAM","Namibia",0.540766737218481,0.540766737218481,0.564408718534909,0.588050699851338,0.58059157182784,0.573132443804343,0.618176849476226,0.66322125514811,0.634168731657139,0.571660911462165,0.55878364024116,0.57423251745899,0.562702591818476,0.594451826065902,0.600510190208623,0.570530323555902,0.542310736318255,0.573860361093022,0.581719268040583,0.573688934157203,0.585768465166008,0.56809371833653,0.558577347743477,0.552613482308977,0.563205654691071,0.555104139247216,0.568402294164987,0.556025607222132,0.55691004316004,0.565769567865137
"NRU","Nauru",0.407138862409238,0.407138862409238,0.407138862409238,0.407138862409238,0.407138862409238,0.407138862409238,0.407138862409238,0.407138862409238,0.407138862409238,0.407138862409238,0.407138862409238,0.407138862409238,0.407138862409238,0.405607935600168,0.403557054756356,0.40363627797881,0.404198147799615,0.398059018197896,0.371820525600457,0.36979310878406,0.437095834193268,0.437514808454313,0.43795810966084,0.47646970231328,0.476963860605831,0.476122460411476,0.475784031289923,0.474882079951268,0.436648860994971,0.444698693154653
"NPL","Nepal",0.423693486509001,0.423693486509001,0.42574409195343,0.42779469739786,0.416562772249502,0.405330847101145,0.416470733775768,0.427610620450391,0.414362551500373,0.429844256324634,0.450335329042501,0.446554040436671,0.448516187599342,0.423063831720108,0.40723896090491,0.387594667849342,0.392855034740439,0.395462350857235,0.39160826501455,0.409399450703079,0.412604640519992,0.421968696894393,0.420392604586542,0.432388340743137,0.435721481113303,0.419100081843189,0.423951076731721,0.431453818837476,0.429503238448882,0.439592825317311
"NLD","Netherlands",0.827677502108504,0.827677502108504,0.847809812050386,0.867942121992269,0.90427335019108,0.940604578389891,0.929811548057936,0.91901851772598,0.90580316622264,0.894843243864703,0.904147905772211,0.870275507522966,0.881665218157713,0.861450224141132,0.84730035073213,0.843256808474032,0.87013751407222,0.864341697341109,0.864098850165349,0.846370841095235,0.868853675589405,0.900278672963472,0.902402002204921,0.896578076376805,0.883032521013478,0.865005758692894,0.875950736044324,0.857410353874804,0.856443408281807,0.857127775748084
"NZL","New Zealand",0.847881884068867,0.847881884068867,0.85205222020281,0.856222556336753,0.847258499205923,0.838294442075092,0.851005574028428,0.863716705981765,0.882726350339631,0.889215255517475,0.882974191424199,0.870409314903093,0.870658349384986,0.874746726662606,0.87672627906627,0.856469497783338,0.902848130845111,0.906881391526251,0.894707416889102,0.91046165694259,0.910567997824271,0.919068383374227,0.922811446545723,0.902809795251024,0.902846258129308,0.895897766461434,0.881299542857221,0.882583418059953,0.885577633589677,0.879649404835312
"NIC","Nicaragua",0.400365102469776,0.400365102469776,0.413530083426001,0.426695064382225,0.446336915563265,0.465978766744305,0.451318339599496,0.436657912454686,0.460889257630303,0.496232912822344,0.505780789104789,0.489994143723924,0.482114912301912,0.471435787154686,0.457480217190235,0.45900273513815,0.458109908699046,0.466883820916007,0.472427812451478,0.467156392865151,0.484531982525065,0.467775435597827,0.449700900664306,0.439291832151861,0.421350351840154,0.415956618207942,0.378202520737895,0.357095618280152,0.355084578547053,0.359047465505906
"NER","Niger",0.252831670224001,0.252831670224001,0.316689057554487,0.380546444884973,0.380968099700011,0.381389754515049,0.379035025532185,0.376680296549321,0.376685474057718,0.373551851360417,0.408008445140434,0.424824019335387,0.432415972481212,0.435514968296115,0.444870175170348,0.447918368979102,0.443246842688366,0.40803317600501,0.408037839434559,0.403866273183373,0.409105360882158,0.420971659328834,0.423554575060313,0.41910502067212,0.422535909463224,0.40335417721102,0.413497283359508,0.417250242548826,0.407322315118106,0.401014090295343
"NGA","Nigeria",0.344022281058546,0.344022281058546,0.344962843390671,0.345903405722796,0.333073356315963,0.32024330690913,0.324540739858239,0.328838172807348,0.33018180967615,0.313682706091961,0.353920098156747,0.375898713100912,0.386522482972194,0.401340181524546,0.403110118277976,0.373692194885896,0.380258413850474,0.402779639018607,0.404959829052626,0.395219540401392,0.405100594857159,0.391369585549449,0.398146081122781,0.388609991933919,0.382259043486903,0.378074717064313,0.380781397278426,0.358077196760356,0.389085992227165,0.424728253790005
"NOR","Norway",0.790176166191997,0.790176166191997,0.788671099384973,0.787166032577948,0.777962561583663,0.768759090589377,0.785855746574403,0.80295240255943,0.801549536463365,0.830374139425124,0.842526137191524,0.81238374818303,0.82633773919102,0.838453145559425,0.834976265071392,0.841583041185078,0.870627137454935,0.87546735504762,0.892473064976464,0.865166757172084,0.86806208596342,0.872426505222408,0.878398467398763,0.874580624114855,0.865341966259426,0.852672456332812,0.843800410135777,0.829804025982793,0.841203908034746,0.847695640646254
"OMN","Oman",0.511788718440539,0.511788718440539,0.520148393265839,0.528508068091139,0.537793130742571,0.547078193394002,0.609861725091085,0.672645256788168,0.671141723037707,0.668979323803817,0.682218635053461,0.670271497707952,0.675663395344278,0.693547978143497,0.695364934751552,0.696764037056052,0.676947142027299,0.69352390823744,0.691152811351258,0.683521733133114,0.66025211932218,0.669166558664209,0.67099030845704,0.637938857407986,0.632991050456417,0.627649238787844,0.61910460573705,0.626917447547847,0.627326158591893,0.667228536487471
"PAK","Pakistan",0.423859185137657,0.423859185137657,0.408351620311351,0.392844055485044,0.378663181285518,0.364482307085991,0.368389921388715,0.372297535691439,0.369206599898473,0.354613131523603,0.433806151845709,0.454578847972436,0.444982244359192,0.424489041886098,0.418138405558382,0.414731825352801,0.401815282179808,0.3925644333117,0.39304195748153,0.403578646067968,0.415050205399286,0.419892791426663,0.419050161115065,0.419402139886252,0.427120391189034,0.412368311129625,0.420863243771802,0.400483212085083,0.390085067748156,0.395442485381755
"PLW","Palau",0.405607935600168,0.405607935600168,0.405607935600168,0.405607935600168,0.405607935600168,0.405607935600168,0.405607935600168,0.405607935600168,0.405607935600168,0.405607935600168,0.405607935600168,0.405607935600168,0.405607935600168,0.405607935600168,0.403557054756356,0.40363627797881,0.454855330592816,0.448716219351055,0.447806281430299,0.445778846253943,0.613909728819185,0.614328684720271,0.614771985926798,0.576624985337278,0.615448403530892,0.614607021696496,0.614268592574942,0.613366622876329,0.613462737260929,0.629344799347957
"PAN","Panama",0.573510016358173,0.573510016358173,0.61228627699747,0.651062537636768,0.643846403668702,0.636630269700635,0.629247188626711,0.621864107552786,0.590274641667306,0.585474687464387,0.598447044912297,0.599345930137823,0.615331028313939,0.640745819717358,0.617563342271145,0.632880982503088,0.640676969871656,0.627724826738445,0.618214863771033,0.611850053555082,0.618348707871078,0.617827799118476,0.603592258141462,0.598593355424403,0.599572528749997,0.59052127099459,0.57981657042468,0.548233585604676,0.545232870649518,0.527451177059716
"PNG","Papua New Guinea",0.397804953087276,0.397804953087276,0.41519366093779,0.432582368788305,0.446806847890109,0.461031326991914,0.427947314555832,0.394863302119751,0.378930364586739,0.410238610982454,0.38430504058166,0.448757217139176,0.473005306597268,0.458814490480022,0.460196554742705,0.461434493328386,0.462407442627929,0.44902018682984,0.455563896484863,0.493488411092992,0.468887626825317,0.456696044987628,0.445018670517558,0.455244947279654,0.447733245513978,0.433204073715015,0.403026782424738,0.403857937762053,0.410476592769118,0.430767597015354
"PRY","Paraguay",0.423209517993614,0.423209517993614,0.409015810182848,0.394822102372083,0.366004861753824,0.337187621135566,0.372172458471747,0.407157295807928,0.404521595194744,0.403469459392664,0.401565917218654,0.421060007450839,0.436247585734261,0.44732233127487,0.443913823273609,0.448544076376841,0.460132166367005,0.460032912429441,0.461817206670694,0.48687884426556,0.506908310897923,0.512485460519084,0.511990072109289,0.518655196172213,0.511501752283653,0.509255925396731,0.506850862586669,0.5037830419819,0.5048117871964,0.515078914866945
"PER","Peru",0.603838299950063,0.603838299950063,0.620322302468094,0.636806304986126,0.607945184066207,0.579084063146288,0.545451464319632,0.511818865492977,0.527372871835204,0.55370560610144,0.541590309892788,0.569016710188031,0.582932328882016,0.582960805178199,0.593129339869699,0.597902929171704,0.603780612959344,0.587461418611964,0.583880363717395,0.588806781316899,0.599312918931804,0.600152813609533,0.590731070244413,0.595679629954295,0.604339306507267,0.582328102636136,0.556576240748119,0.554154341855788,0.564739445653723,0.556205755138406
"PHL","Philippines",0.538744626430193,0.538744626430193,0.556548388690537,0.574352150950882,0.554157435508855,0.533962720066827,0.52210685925676,0.510250998446692,0.522258338097284,0.528204798290791,0.573005392889074,0.569998013268852,0.570128736175892,0.554836542846921,0.544074889684646,0.535388499391542,0.543158562498209,0.565283157475222,0.546808210199056,0.551952468710362,0.557122798363239,0.564161290549415,0.566119949319904,0.540063257035036,0.551767657364538,0.543597512394487,0.543727409103378,0.54188247191803,0.552636487337421,0.555559759986133
"POL","Poland",0.59841878893562,0.59841878893562,0.620941629780132,0.643464470624644,0.644906324093335,0.646348177562026,0.652104896760758,0.65786161595949,0.672130406821988,0.658887074741355,0.684212893784168,0.667797217853011,0.683002770536151,0.68544071603252,0.700635968778743,0.709996022682114,0.695861626718426,0.697735737878393,0.706657613003757,0.699955181504442,0.690150743156973,0.689929303693236,0.673547006167275,0.68095987627444,0.692974596628491,0.666858399716978,0.664675437329171,0.66713756289135,0.674168821253738,0.666920107538685
"PRT","Portugal",0.712797219964406,0.712797219964406,0.732108481726324,0.751419743488241,0.739712185245816,0.72800462700339,0.751923219459911,0.775841811916432,0.76468973422913,0.753622259232227,0.77115677269598,0.740982070159902,0.756026238804717,0.757793329764525,0.756273308771013,0.714433037218409,0.678173036479971,0.671071551274968,0.675739221974344,0.650803515337258,0.697073567602369,0.695196482129068,0.710733891068491,0.712632879972705,0.72458602102476,0.688468126367851,0.678802470949358,0.68945987626526,0.684291235728598,0.676893641107199
"QAT","Qatar",0.472181219844112,0.472181219844112,0.499494853272074,0.526808486700037,0.527064525506233,0.52732056431243,0.554763259071155,0.582205953829881,0.582210415299882,0.565557565420251,0.572473009162189,0.596646795866799,0.620305842764982,0.670407802042483,0.704932547989765,0.699069019730401,0.697121560534813,0.715683166816768,0.714596863131262,0.66979239458166,0.681900548766318,0.68154344756661,0.64397377588325,0.665313464259301,0.685924831427579,0.695869539860692,0.695671692944082,0.703296400256503,0.713806668862151,0.718420012443279
"ROU","Romania",0.463519027976777,0.463519027976777,0.500404378093756,0.537289728210736,0.502535427697904,0.467781127185071,0.490730322994088,0.513679518803104,0.510088200691535,0.519831977734951,0.539206764954503,0.600353598119558,0.613213317219899,0.614204938597596,0.603233137346281,0.618521970802782,0.609830237761651,0.597491629373459,0.612518190817733,0.612182827809308,0.624125687284405,0.623164892277623,0.617958852504775,0.611738333205456,0.606582893479209,0.596579690217188,0.598759916971125,0.613289125490007,0.604317182756848,0.61140315379662
"RUS","Russian Federation",0.423807354973813,0.423807354973813,0.408655578610156,0.393503802246499,0.395360664225123,0.397217526203747,0.435097178252416,0.472976830301085,0.4833216573175,0.512762567378066,0.49805994904781,0.483279741531437,0.511880995593738,0.486425463441622,0.478459371054273,0.474534525930165,0.471046666186737,0.461704494883291,0.466508506637116,0.458351360517933,0.446348776096685,0.46309911735783,0.468195052457432,0.475335534215041,0.475964105766362,0.459294346364626,0.472700990279265,0.377240862813047,0.377794709331833,0.344864544170967
"RWA","Rwanda",0.248571003092496,0.248571003092496,0.250621608536926,0.252672213981355,0.253230430170348,0.25378864635934,0.31701867389579,0.38024870143224,0.39350907155469,0.405840996917859,0.40164559944008,0.437731217289324,0.432199104647231,0.46352330584719,0.468047548548,0.489085748039712,0.506933372241758,0.512433648715199,0.527785016191556,0.562897776541051,0.572413192416243,0.569340212663036,0.572964909179801,0.563502773905204,0.561098574013208,0.563303146072585,0.570752203658651,0.56942729394788,0.58234710519355,0.590500322281538
"KNA","Saint Kitts and Nevis",0.551730662047448,0.551730662047448,0.551730662047448,0.551730662047448,0.551730662047448,0.551730662047448,0.551730662047448,0.551730662047448,0.551730662047448,0.551730662047448,0.747997667477387,0.747495577682611,0.724827619723318,0.72443993083216,0.723920564316102,0.777172964013214,0.777370021451592,0.77521678383717,0.774897632672413,0.56767834262742,0.643539930055534,0.643782410032117,0.630613601024471,0.629916932385761,0.628766405564184,0.628279481095421,0.630954912659564,0.639083050043758,0.632040243267252,0.629124369681958
"LCA","Saint Lucia",0.561242626250375,0.561242626250375,0.561242626250375,0.561242626250375,0.561242626250375,0.561242626250375,0.561242626250375,0.561242626250375,0.561242626250375,0.561242626250375,0.659100233863648,0.658820593330345,0.661532671372361,0.627901871821673,0.653100529789465,0.663558913151391,0.672999714153801,0.645804080181392,0.645692855550655,0.618931838524235,0.599954801453294,0.600078896415187,0.594197889474994,0.594990158419456,0.604588212469449,0.593238232785661,0.577651986355686,0.577769067813298,0.58039630448545,0.574388393509659
"VCT","Saint Vincent and the Grenadines",0.550429142924256,0.550429142924256,0.550429142924256,0.550429142924256,0.550429142924256,0.550429142924256,0.550429142924256,0.550429142924256,0.550429142924256,0.550429142924256,0.644935892807069,0.631544377498527,0.647368348675741,0.615627009210622,0.627534415605172,0.643527188244089,0.643606503266338,0.642739858128559,0.642611393496458,0.621064714944289,0.580947121611025,0.587837687608715,0.576546221113795,0.584937934067295,0.583912677244977,0.57256269756119,0.566939611322976,0.556910190039711,0.558584379607719,0.560499415115971
"WSM","Samoa",0.561716056149381,0.561716056149381,0.56376666159381,0.565817267038239,0.566375483227232,0.566933699416225,0.567772556756279,0.568611414096332,0.568622301551932,0.528686086252186,0.58475442627855,0.552803893442251,0.55334534698881,0.514544695144175,0.537092193413427,0.536306534054153,0.52332317899089,0.522606351117359,0.541857887933125,0.534384558481454,0.549534351969555,0.555773855466328,0.555965863916022,0.556044793379134,0.541694906578379,0.526766552554014,0.510018800047068,0.505187376874674,0.509836246976184,0.52232199207463
"SMR","San Marino",0.700136890017218,0.700136890017218,0.700136890017218,0.700136890017218,0.700136890017218,0.700136890017218,0.700136890017218,0.700136890017218,0.700136890017218,0.700136890017218,0.700136890017218,0.700136890017218,0.700136890017218,0.700136890017218,0.700136890017218,0.700136890017218,0.700136890017218,0.700136890017218,0.700136890017218,0.700136890017218,0.700136890017218,0.700612100832233,0.701114906665405,0.7013216398021,0.701882150985949,0.700927800324725,0.700543930305009,0.699520876677754,0.699629879753469,0.699876729400259
"STP","Sao Tome and Principe",0.409925775643543,0.409925775643543,0.41276133358883,0.415596891534118,0.416368790104232,0.417140688674346,0.450907186680922,0.484673684687499,0.452082187327652,0.363846097791787,0.395777132351784,0.405651044783557,0.396734126847083,0.402522452714982,0.39839485856525,0.395309504199776,0.410845609582121,0.405703627705714,0.384434368131826,0.394773007842108,0.403118582219008,0.406851786092599,0.399825172799802,0.388900299603317,0.384260370801768,0.388468767130415,0.390046621994317,0.390729906223022,0.379226639242763,0.377435808856158
"SAU","Saudi Arabia",0.47453507672893,0.47453507672893,0.48304277872249,0.491550480716049,0.510886794641822,0.530223108567596,0.513064111342281,0.495905114116967,0.509704550991325,0.523831327572089,0.53810022859434,0.524267743794045,0.551170187583516,0.590889957328334,0.58936373066873,0.604899468851898,0.613402204476588,0.584916801754654,0.590971622425317,0.576739661640279,0.584570936849765,0.575518797816333,0.5594381727743,0.555784853081682,0.573923959990492,0.572802221584397,0.612169755518604,0.642749350227286,0.65301666149742,0.671404013409894
"SEN","Senegal",0.497399522967877,0.497399522967877,0.505907224961436,0.514414926954996,0.514670965761192,0.514927004567389,0.518872890204343,0.522818775841298,0.493748534990033,0.470373645175031,0.482740821659199,0.466477790425953,0.463449076533544,0.4831147038613,0.474082467023265,0.471592324163874,0.481143615398666,0.49580927513175,0.498935388605879,0.492206849245074,0.512203708590513,0.510877348442992,0.506644092730057,0.500139875346528,0.503061569038779,0.496602921073126,0.496813418001385,0.494859275780774,0.49214091863283,0.496635197880791
"SRB","Serbia",0.278661213097929,0.278661213097929,0.244978142744384,0.211295072390839,0.203598137000287,0.195901201609735,0.284410037514353,0.372918873418971,0.372478564885738,0.419851646758872,0.409338422199849,0.434188259309376,0.463787983014027,0.467502882008641,0.476846981107768,0.489244873803098,0.489961518077041,0.490158171596325,0.495419731884747,0.541327560521631,0.555225021216309,0.539365174679494,0.544226891783997,0.557463687719279,0.552802443005501,0.552988337588896,0.551212360409003,0.557388503687772,0.5566185053734,0.555386056415417
"SYC","Seychelles",0.57295851991412,0.57295851991412,0.575794077859408,0.578629635804696,0.57940152519483,0.580173414584964,0.597636673048405,0.615099931511845,0.647721502484295,0.465300568224203,0.50806781573938,0.507797134865997,0.535635918197056,0.519268730917233,0.559133030258149,0.580748173096884,0.568042237011904,0.574127700453893,0.562884245251376,0.524753493225441,0.593022558349005,0.587324343159161,0.56480598214461,0.58740958844812,0.591366233020963,0.591106164203798,0.591001567518207,0.600997077957469,0.619609137406354,0.612545033077577
"SLE","Sierra Leone",0.199884559922711,0.199884559922711,0.188971813479048,0.178059067035386,0.190942406222792,0.203825745410199,0.244895688169171,0.285965630928144,0.285970808436541,0.318301465860951,0.329283548689225,0.331634614860297,0.334478756086349,0.337153783731398,0.359210740619993,0.365341773479858,0.368512666893633,0.366999732844239,0.369749283562276,0.377713117674686,0.3712521196343,0.373269163073944,0.372321844276961,0.372538987510326,0.377369731364243,0.374901014576834,0.373287082393785,0.356403576351073,0.357531153224083,0.346582595680677
"SGP","Singapore",0.883229706971568,0.883229706971568,0.884974839420587,0.886719971869605,0.907246506847998,0.927773041826391,0.921624989284669,0.915476936742947,0.921010665061419,0.887920456139224,0.897872820675179,0.903304798101683,0.920266021850224,0.924405843732552,0.901330863845428,0.909063656235621,0.898055520625734,0.93122355741351,0.924344392950268,0.937794696847061,0.950490773634137,0.944633120561606,0.935548153921743,0.933315491125319,0.941430739818398,0.930636516089117,0.933031021922837,0.917229817094601,0.9319827049922,0.932457328288531
"SVK","Slovakia",0.555793629142014,0.555793629142014,0.570899670848166,0.586005712554318,0.595200600267839,0.60439548798136,0.647288335975056,0.690181183968752,0.729407786858797,0.747962599955976,0.762317958024471,0.752000230307324,0.735884280704456,0.739794548021234,0.73035782292969,0.724319875061214,0.718834121315227,0.719977120553675,0.697457676301551,0.674542758535715,0.67096499007378,0.69507998819014,0.677162375824943,0.666794341820536,0.674522764540523,0.652923374546484,0.677087944551749,0.674327359498441,0.639647582058597,0.615304773572778
"SVN","Slovenia",0.6684279007996,0.6684279007996,0.679229055413348,0.690030210027097,0.672376696490033,0.654723182952969,0.67281983245693,0.690916481960891,0.704458842691377,0.683176235427402,0.684607394220061,0.69768322839607,0.707192181565746,0.709681094307893,0.723128754370611,0.690931684006822,0.677630205936498,0.659131445793699,0.654394815088868,0.6401406020337,0.646415834010403,0.659057969238366,0.652431768288213,0.660599838582914,0.70344495068359,0.691846983035563,0.693292187196745,0.676353748157142,0.687019856093541,0.687543427040177
"SLB","Solomon Islands",0.358653093589725,0.358653093589725,0.358653093589725,0.358653093589725,0.358653093589725,0.358653093589725,0.358653093589725,0.358653093589725,0.358653093589725,0.358653093589725,0.326543765469298,0.31165038716655,0.322266739614455,0.315570421981439,0.309079387048367,0.32187851828449,0.347020609219053,0.347736831213942,0.348544669403512,0.359849648828149,0.373223354976604,0.373381544382089,0.373548932126959,0.373617763612702,0.403178637644419,0.373686338059022,0.346791954291487,0.346451377054748,0.346487674693402,0.377879036622849
"SOM","Somalia",0,0,0.0334711964283713,0.0669423928567423,0.0989882689593703,0.131034145061998,0.130089690418597,0.129145235775195,0.116238478460271,0.192301437917094,0.188800487523003,0.161987566892904,0.162209575515365,0.156132172095312,0.163453407647837,0.143380244313402,0.137376317448683,0.153649483379216,0.13384784547627,0.158941502839377,0.167020123414542,0.157378409382394,0.157579450931844,0.177872952132485,0.17863793817809,0.197924615955102,0.21272171463362,0.212588953771148,0.228930602348206,0.223813388056292
"ZAF","South Africa",0.573515469265952,0.573515469265952,0.595335646945188,0.617155824624425,0.623359186542194,0.629562548459964,0.659872967811889,0.690183387163815,0.695601466101466,0.657941518500422,0.657455713989149,0.670334215327397,0.658324360362442,0.659535493408197,0.665384994658996,0.670147935184865,0.661237810433168,0.658897741877449,0.655696499451689,0.614746373784197,0.595100905691262,0.588944462648344,0.583169943469503,0.553585036251647,0.562812659771804,0.557507861780281,0.54425792011446,0.529563104766717,0.529601330201051,0.52996370070895
"ESP","Spain",0.704345837144631,0.704345837144631,0.738870408672305,0.773394980199978,0.787046775465212,0.800698570730447,0.805469323418809,0.81024007610717,0.803952212478776,0.793823592337824,0.804705907149686,0.764643577292572,0.769323457364586,0.762161274135612,0.744666454902901,0.743230871360159,0.717419853684714,0.701248916005079,0.701498079006685,0.668948662672531,0.688692356545334,0.717728392793253,0.703808129029678,0.703247195566775,0.714439720243432,0.694690922302068,0.710127369827754,0.694840574326686,0.668555814632935,0.654986611642604
"LKA","Sri Lanka",0.489507568094379,0.489507568094379,0.506896266764915,0.52428496543545,0.518356387841866,0.512427810248283,0.536305496716478,0.560183183184672,0.541356918095838,0.531529860279061,0.505831939950156,0.507775984193397,0.519503095792002,0.506846547996338,0.513919538545201,0.527161236589496,0.544865671472441,0.542320944455378,0.526974442368117,0.539835850584672,0.546627566563893,0.532822107623031,0.519519160755999,0.506154138868082,0.506851137986052,0.520387109450857,0.511084485498781,0.457113275052582,0.47123469052536,0.48606555316821
"SDN","Sudan",0.26219846223227,0.26219846223227,0.278273313067244,0.294348163902217,0.277310663704618,0.260273163507019,0.274472012106263,0.288670860705508,0.271028959842419,0.324163984322578,0.326962923329932,0.329736764273532,0.318687282036306,0.303722189734275,0.314799138469947,0.297189991773453,0.299900674458597,0.284084506263895,0.26978714730542,0.278181155253777,0.272996247793569,0.281770876048925,0.279085621906795,0.264611750303899,0.260177306161843,0.265444172478374,0.267720128057775,0.256456752299902,0.246490434195218,0.235728285314055
"SUR","Suriname",0.345900908768391,0.345900908768391,0.359911549429425,0.373922190090458,0.370787924794598,0.367653659498737,0.382422511380558,0.39719136326238,0.397199606883905,0.38383006844611,0.420986218776205,0.441329475465339,0.452530941441958,0.455666510294897,0.457719245494553,0.454635525165417,0.4644554409582,0.470026293113475,0.476414328677376,0.421922374718204,0.427621140706814,0.423203514287068,0.418467434381002,0.407914901150073,0.430435006360716,0.413283591798408,0.425593319971323,0.409110520030596,0.40685145561334,0.372320026641035
"SWZ","Swaziland",0.453875312709114,0.453875312709114,0.455925927333523,0.457976541957931,0.458534748966945,0.459092955975958,0.466691638046704,0.474290320117449,0.47430120757305,0.40380287624545,0.42469052407456,0.461128396094374,0.437840275444916,0.465699842249398,0.468441241145703,0.467022530405148,0.459184315131215,0.464908105743742,0.487096556657649,0.471124604212072,0.470135608308491,0.464437393118647,0.469987535240335,0.449005553942633,0.444984704593678,0.444765927323976,0.444842965711326,0.426806399172715,0.426829349121282,0.423864215766383
"SWE","Sweden",0.761019523374367,0.761019523374367,0.75611556918452,0.751211614994674,0.779954708919101,0.808697802843528,0.838116552433757,0.867535302023985,0.876810037198562,0.870037195257042,0.8535517698422,0.848712378447663,0.86589937461023,0.86898926388554,0.864179633984306,0.861953911252329,0.920272356036028,0.912134579673436,0.902917641649332,0.857848679532481,0.868876864217437,0.872580453477397,0.86147699296114,0.864023133695036,0.867405570554724,0.855928117676614,0.849588203564869,0.839181521847075,0.848033647488753,0.847941737534731
"CHE","Switzerland",0.771899157632236,0.771899157632236,0.792989343347442,0.814079529062649,0.851759094279729,0.889438659496809,0.902694448809525,0.91595023812224,0.890450476829245,0.88480868179296,0.861279146044531,0.8697232583206,0.890607968556294,0.867414548574603,0.859998906113651,0.860540671779511,0.861518082549056,0.880525799111242,0.870944966702654,0.892434178583611,0.870796599875156,0.893376778871168,0.891217151991065,0.872372343343789,0.865443717151394,0.842688512667628,0.86411709996445,0.864503760697912,0.872480722180903,0.866166218252212
"SYR","Syrian Arab Republic",0.347003626257113,0.347003626257113,0.321617219350082,0.296230812443051,0.296486851249247,0.296742890055444,0.33234597146609,0.367949052876737,0.366707075100108,0.336421680372101,0.33607023403972,0.300992816611019,0.334670434056784,0.373907465403457,0.38660264255255,0.404181385157181,0.38720767663662,0.279554994254893,0.260805583953822,0.240458673632876,0.256450289594385,0.240606232622184,0.240038891533641,0.256802084765984,0.247857406571723,0.238410197943674,0.218781914772226,0.193607345070451,0.193631690375891,0.174265403817289
"TJK","Tajikistan",0.202726883512836,0.202726883512836,0.206982813774956,0.211238744037076,0.248436635733625,0.285634527430173,0.274981491784478,0.264328456138784,0.298981997197426,0.350098527801191,0.362273879435254,0.343586929714204,0.348508904203665,0.346552338468485,0.343543086132461,0.357875622772099,0.358620853501978,0.366203387988911,0.364369448418917,0.368217034836168,0.371706546975892,0.3657015368736,0.395829972313366,0.399712369212604,0.39395936790554,0.392616391995256,0.386538199096973,0.386356508944155,0.386375878700746,0.40168468779248
"TZA","Tanzania, United Republic of",0.416616915768163,0.416616915768163,0.432691757423156,0.44876659907815,0.448177226038982,0.447587852999814,0.421300871751042,0.39501389050227,0.411841453750355,0.444367534576806,0.458786711862276,0.467636248749756,0.468179978931213,0.457504121856663,0.46406731142803,0.46392217595329,0.461290606330848,0.451976232005106,0.461062392042294,0.463384669797884,0.461137208874624,0.465109441052534,0.439058844274005,0.422302682905903,0.413838062555795,0.408009326418459,0.417009029409404,0.428798234388853,0.432561218115705,0.442707225137692
"THA","Thailand",0.530442969074871,0.530442969074871,0.524323640688775,0.51820431230268,0.559839374595174,0.601474436887669,0.580406384102861,0.559338331318052,0.571847008005107,0.597339223355013,0.599325238464195,0.583762492781553,0.560099149652998,0.562320135515591,0.588422287058581,0.57287698333685,0.574647525968923,0.555823464075151,0.565196167990172,0.570328308928634,0.578983028292715,0.572267157303519,0.579612444402143,0.567645404861236,0.557644111034936,0.556766009282832,0.559949699587927,0.561855298077329,0.562845542458112,0.560538228068988
"TLS","Timor-Leste",0.289034369530855,0.289034369530855,0.289034369530855,0.289034369530855,0.289034369530855,0.289034369530855,0.289034369530855,0.289034369530855,0.289049443057074,0.335877711511178,0.340693565438464,0.287638370059402,0.279055695173863,0.309988664010605,0.336163043631726,0.348083760996445,0.355438301514331,0.350018882299683,0.354594734844832,0.373452523983018,0.36435097830031,0.367009371822637,0.36829148446932,0.368895031396723,0.397987561238036,0.382161386865759,0.382082732802029,0.390781607867154,0.392910077897083,0.406194003846742
"TGO","Togo",0.382770221461312,0.382770221461312,0.374546529671263,0.366322837881215,0.354039033970202,0.341755230059189,0.348056753496971,0.354358276934753,0.35436345444315,0.316637539509943,0.327130311074803,0.364946869124871,0.351169721240561,0.360992225787543,0.373460033206189,0.382398891293493,0.355066053348569,0.37928195779879,0.353949878010007,0.3886445820964,0.394049955942525,0.396850620786011,0.398282238577641,0.415659388834057,0.426955628918279,0.451039304944834,0.45255605786567,0.463736116130265,0.466777755433708,0.466071557976353
"TON","Tonga",0.442969019790989,0.442969019790989,0.442969019790989,0.442969019790989,0.442969019790989,0.442969019790989,0.442969019790989,0.442969019790989,0.442969019790989,0.442969019790989,0.385849847519624,0.385538848176598,0.41108351792895,0.396469431320287,0.451963435113785,0.478860444355435,0.463448635894531,0.462731808021,0.466497123462627,0.488223490932099,0.49124530147998,0.491403490885465,0.491570896990294,0.494937323965862,0.49690000356734,0.47414549676201,0.486714834753118,0.489331734768436,0.498324938333947,0.505293607596602
"TTO","Trinidad and Tobago",0.592025924702541,0.592025924702541,0.615667906018969,0.639309887335398,0.642149071372559,0.644988255409721,0.657201015459948,0.669413775510176,0.677604042995131,0.656480671654296,0.661785194246437,0.641063208326065,0.654225866747495,0.649317570427379,0.638116765409279,0.639978667196609,0.636701175861729,0.619358120048904,0.61544074742805,0.565656231839132,0.549440110300758,0.543638014463719,0.543173617664469,0.529132288332211,0.521503082829871,0.517382300224875,0.530938155525118,0.526620792840674,0.510686716990212,0.503074145610594
"TUN","Tunisia",0.514062819664096,0.514062819664096,0.537556773812265,0.561050727960435,0.561306766766631,0.561562805572828,0.545527401109452,0.529491996646076,0.542037172931333,0.52411179430354,0.512746722733575,0.59062058001203,0.584439754943754,0.590761841535452,0.587346760668922,0.545459487621652,0.501115505200064,0.509800922415349,0.498427056425092,0.47611375779098,0.471903709066036,0.462860970331537,0.51890417557423,0.519519858434436,0.514628967355314,0.520880478265178,0.504378400367655,0.479739317225811,0.461235563174204,0.469375652891612
"TUR","Turkey",0.516177170885666,0.516177170885666,0.538057358090416,0.559937545295166,0.570203222528962,0.580468899762758,0.564047816823719,0.547626733884679,0.556634698857109,0.535236001573302,0.56458155000758,0.593208581452112,0.600590368148938,0.599298175884844,0.610953922323384,0.60975384197286,0.611065036794367,0.627552334925013,0.628928615800658,0.608731284064494,0.580875664651165,0.569332336240688,0.567387061880203,0.550506548510784,0.538109316773972,0.510681612921651,0.518393713638216,0.498929788818429,0.502283969701441,0.502217892209526
"TKM","Turkmenistan",0.145175866649269,0.145175866649269,0.148663616232943,0.152151365816617,0.152527331874047,0.152903297931477,0.173021810364281,0.193140322797085,0.206982042656684,0.20039573789712,0.158065989841472,0.157904807762693,0.180857987682781,0.19571771218095,0.190160005756214,0.208782328422099,0.201270479776753,0.210660956131944,0.210586983857722,0.222036364358745,0.222507407463099,0.212540869038909,0.212657399697755,0.218096298828747,0.227187471134702,0.226925584681611,0.226820253597666,0.226539511466832,0.226569419839805,0.230981630071689
"TUV","Tuvalu",0.479857298321406,0.479857298321406,0.479857298321406,0.479857298321406,0.479857298321406,0.479857298321406,0.479857298321406,0.479857298321406,0.479857298321406,0.479857298321406,0.496059723330475,0.437952711832937,0.42335566326609,0.365388315975553,0.38825083441882,0.380443096676585,0.380616836967219,0.34638021385423,0.342264443518001,0.409997508002785,0.427963553939439,0.432149092119313,0.41293082354899,0.432466425648143,0.432717094166375,0.415233125669347,0.432118614587615,0.435634106069118,0.418625697226323,0.467155511587126
"UGA","Uganda",0.497207698117772,0.497207698117772,0.52084968861418,0.544491679110588,0.514183114114507,0.483874549118426,0.491242832065514,0.498611115012602,0.495420539722937,0.508337652054655,0.505989927396093,0.475601900498093,0.481750852677799,0.487584711243655,0.481553593279873,0.487915282302819,0.479141241566146,0.463107838338286,0.460467345775841,0.46612078102604,0.470576541080325,0.468662074730798,0.472256128476236,0.467359986448882,0.453684130457569,0.450093418224642,0.453070889471891,0.453549019520363,0.449163027309723,0.444743124255079
"UKR","Ukraine",0.407436844541436,0.407436844541436,0.384926304869357,0.362415765197277,0.368902549799874,0.375389334402471,0.381482178547919,0.387575022693368,0.4040253805868,0.45916613877195,0.463279742633035,0.478854936367779,0.480484988594702,0.430996325382755,0.418365518249404,0.434144727846933,0.395208561145998,0.414038553306479,0.418667723172139,0.42662946424924,0.427727628468166,0.445034441722213,0.473354366134997,0.47663549274173,0.487748628956303,0.476808627153722,0.475172993499308,0.465306737170378,0.471548627461802,0.485764651802554
"ARE","United Arab Emirates",0.62791233699822,0.62791233699822,0.628852899330344,0.629793461662469,0.63776466729836,0.64573587293425,0.701902861019536,0.758069849104823,0.744312383096404,0.665120739771213,0.646204841363254,0.671513089925444,0.676921254485315,0.69523153129052,0.691751199130223,0.676913194463378,0.704477037410601,0.696245294778595,0.722832314474957,0.738195505764816,0.757425946987859,0.738953606825851,0.745050251482782,0.739147946990319,0.75135425351501,0.736777052063684,0.735861642875189,0.735178927805209,0.743943201043771,0.747682335184072
"GBR","United Kingdom",0.859223179492117,0.859223179492117,0.873026123118616,0.886829066745115,0.890344392986988,0.89385971922886,0.89372949204071,0.89359926485256,0.884277509823358,0.890389705365439,0.879705292550063,0.908873245102348,0.888411291279223,0.858166710739748,0.823593072222038,0.824861727018881,0.828654747638418,0.843061348352073,0.858205376813094,0.85925516254044,0.874000706454497,0.849637169575132,0.847506459630224,0.848508729784056,0.85559739973778,0.835010781794037,0.834899538803342,0.843792203234169,0.832738296246859,0.818463648557487
"USA","United States",0.79026983870207,0.79026983870207,0.809780149957902,0.829290461213733,0.85356601717027,0.877841573126807,0.868867454738525,0.859893336350242,0.849495779531998,0.848666588710281,0.860230351754963,0.848222626545236,0.819533446639983,0.821295047972094,0.781355693119383,0.789179146986397,0.79757658824706,0.805801996693261,0.796363582485503,0.777046849455847,0.77820145218829,0.799445283219165,0.818057397747927,0.813502659155461,0.792084041316297,0.775616314901789,0.809835239014443,0.808841524601436,0.803674444661276,0.789317379116608
"URY","Uruguay",0.613361353568138,0.613361353568138,0.64325661753046,0.673151881492781,0.67025423016665,0.667356578840518,0.650843585947456,0.634330593054395,0.587721762828512,0.588586149691352,0.60077727253007,0.611674367108809,0.613988566482504,0.624992809781114,0.611093274411085,0.642534557068655,0.639132016054021,0.664576587310702,0.679935096811053,0.673441454763825,0.661041670992732,0.676069591073961,0.669004091388311,0.651142164778317,0.656498040175372,0.669419926096392,0.675612611698088,0.674136783125538,0.676428675149225,0.659762128740289
"UZB","Uzbekistan",0.206052936938884,0.206052936938884,0.186701145567797,0.167349354196709,0.15849485094036,0.14964034768401,0.187004718307466,0.224369088930922,0.229465005670565,0.240167668285042,0.244890400501021,0.248954212153694,0.275259259601979,0.28156799850359,0.268871242398036,0.26468717301487,0.250763898218043,0.275231829823451,0.275295740840221,0.271697996743054,0.277545698717886,0.283917871277337,0.303658480677052,0.330285231324374,0.371804625876089,0.353270926731592,0.413600154208966,0.421982264903986,0.417681022263415,0.444290991908344
"VUT","Vanuatu",0.514110610636993,0.514110610636993,0.514110610636993,0.514110610636993,0.514110610636993,0.514110610636993,0.514110610636993,0.514110610636993,0.514110610636993,0.514110610636993,0.474132167431882,0.456764013555305,0.455807257739471,0.425581275838314,0.434381259196848,0.428709500707712,0.443348685380128,0.439134175185183,0.469049231183149,0.492921455563584,0.487899235698781,0.477455760623444,0.477623148368315,0.458929992981171,0.473589832607298,0.463532467466658,0.461662891216528,0.464279772871887,0.465722480078664,0.48137678687611
"VEN","Venezuela, Bolivarian Republic o",0.415016110955694,0.415016110955694,0.408188868456091,0.401361625956487,0.411379682425221,0.421397738893955,0.414609144107739,0.407820549321523,0.331741029181814,0.338088507596607,0.338669508494538,0.318523162364111,0.280858532973559,0.271912900061438,0.275777634680259,0.256998958604774,0.293598710381802,0.271066010239386,0.263013938164724,0.22782538790508,0.229043662974828,0.217022865474397,0.204932300130321,0.146953936864471,0.14209780118746,0.142834953535442,0.158059013057107,0.187619373009976,0.194379693459557,0.191597572174513
"VNM","Viet Nam",0.392034748498766,0.392034748498766,0.394914774264398,0.39779480003003,0.407531517669266,0.417268235308503,0.402552948606638,0.387837661904773,0.405427879483688,0.435573775244324,0.44522896548627,0.450512392485688,0.461633992641292,0.461463208304033,0.450330555453199,0.441311335825992,0.450673537844548,0.424658192187019,0.430791960680753,0.451573873506824,0.48060274937079,0.483764499525056,0.490766179993729,0.48737687650943,0.489952209577902,0.497698496537853,0.477710541772459,0.47725479251383,0.489697501868723,0.492015501753899
"YEM","Yemen",0.419244611439286,0.419244611439286,0.421203003990372,0.423161396541457,0.408283156024785,0.393404915508112,0.359232331931606,0.325059748355099,0.317095106404499,0.387753591653181,0.409611801987183,0.439677611607298,0.44325862978195,0.450055247870185,0.456761883800078,0.46510373110533,0.412665283464087,0.387328154686619,0.381908625312218,0.366671254820384,0.332302623603236,0.301115534575998,0.30425795169359,0.267836530196909,0.255507450627363,0.245674040264822,0.245951808082322,0.251102253899761,0.258167368026275,0.250155798020844
"ZMB","Zambia",0.425846044804946,0.425846044804946,0.450801892316895,0.475757739828845,0.468298620985327,0.460839502141809,0.424007414265464,0.38717532638912,0.390481826458988,0.411526488656217,0.430317447544175,0.420525126769549,0.448662259431984,0.461302650463856,0.462114876683592,0.447868484970896,0.450768458831822,0.447596647420105,0.444389768486978,0.459875806261528,0.470815642824479,0.45763199897008,0.457867887721434,0.460703711886125,0.447588550678251,0.428492577793854,0.446957610692238,0.457037264822927,0.45553687062543,0.463767805419247
"ZWE","Zimbabwe",0.281019256053366,0.281019256053366,0.294592378894912,0.308165501736457,0.246567353242836,0.184969204749215,0.171836996319544,0.158704787889874,0.122933217136826,0.209985272926205,0.177397998356894,0.191623367916703,0.186225466573831,0.178698269002883,0.198407060593905,0.216595978071086,0.225285801676496,0.232746756515899,0.23126883490804,0.227485545066695,0.28260491389978,0.270595536293756,0.285335223380938,0.289972930627465,0.302308472902528,0.296774230505208,0.297667295623777,0.296671855374638,0.315592123452804,0.32470716370527
