"ISO3","Name","1995","1996","1997","1998","1999","2000","2001","2002","2003","2004","2005","2006","2007","2008","2009","2010","2011","2012","2013","2014","2015","2016","2017","2018","2019","2020","2021","2022","2023","2024"
"AFG","Afghanistan",0.977866312527667,0.977866312527667,0.977866312527667,0.977866312527667,0.977866312527667,0.977866312527667,0.97473354445466,0.97473354445466,0.97473354445466,0.97473354445466,0.97473354445466,0.981203391561957,0.978615452719038,0.978513297238397,0.973575782340723,0.97275853849559,0.972281812919263,0.972690434841829,0.983893485885518,0.986992202131644,0.988081860591821,0.987639186842374,0.98801375693806,0.976776654067491,0.979807266659856,0.978479245411516,0.978479245411516,0.978479245411516,0.972962849456873,0.972962849456873
"AGO","Angola",0.96874042292369,0.96874042292369,0.96874042292369,0.96874042292369,0.96874042292369,0.96874042292369,0.96874042292369,0.96874042292369,0.96874042292369,0.966458950522696,0.966458950522696,0.966458950522696,0.966458950522696,0.966458950522696,0.953008478904893,0.953008478904893,0.953008478904893,0.953008478904893,0.953008478904893,0.953008478904893,0.953008478904893,0.953008478904893,0.950284332754452,0.981612013484523,0.981612013484523,0.981612013484523,0.981612013484523,0.930364014029353,0.930364014029353,0.930364014029353
"ALB","Albania",0.808492525624,0.807709333605748,0.806449416011169,0.821534375319236,0.820649027820343,0.820751183300984,0.828344740695338,0.838083563183165,0.839343480777744,0.839411584431505,0.838526236932611,0.819695576667688,0.817992985323662,0.817992985323662,0.81717574147853,0.822385670991249,0.817550311574216,0.80852657745088,0.81312357407975,0.81312357407975,0.81312357407975,0.837402526645554,0.837402526645554,0.837402526645554,0.773419143937072,0.740252664555453,0.740252664555453,0.740252664555453,0.740252664555453,0.740252664555453
"AND","Andorra",0.842578404331392,0.842578404331392,0.827731807811489,0.820751183300984,0.812374433888378,0.802908026015596,0.801443797459734,0.786358838151667,0.777539414989614,0.791160145741819,0.773214832975789,0.787278237477441,0.782510981714169,0.782510981714169,0.768277318078115,0.77123982701672,0.763476010487963,0.76126264174073,0.752034596656111,0.74464535022304,0.724180202267852,0.711921544590867,0.708993087479143,0.694521061054926,0.688630095004597,0.681274900398406,0.676269281846971,0.667892532434365,0.669084346375183,0.669084346375183
"ARE","United Arab Emirates",0.82647189021691,0.828787414444785,0.832771478189805,0.809786495045459,0.834814587802636,0.843531855484047,0.830251643000647,0.828787414444785,0.820614975993462,0.837606837606838,0.85109136105152,0.853645248067559,0.838662444240133,0.831681819729628,0.823883951373991,0.831579664248987,0.820785235127865,0.816154186672115,0.7992304287125,0.775632512684305,0.740865597439302,0.723533217557122,0.718425443525045,0.71280689208976,0.706302993155583,0.693295195287227,0.699560731433241,0.692512003268975,0.689890012599176,0.689890012599176
"ARG","Argentina",0.81581366840331,0.81581366840331,0.81581366840331,0.81581366840331,0.81581366840331,0.81581366840331,0.80705894371233,0.80705894371233,0.80705894371233,0.809183777709674,0.809183777709674,0.809183777709674,0.809183777709674,0.809183777709674,0.809183777709674,0.809183777709674,0.809183777709674,0.753430721558212,0.743249225320938,0.734225491197603,0.724861238805462,0.715326727278918,0.704872816426601,0.694078387305479,0.682602921646746,0.673681343004052,0.661865359076514,0.654816630912248,0.66687097762795,0.66687097762795
"ARM","Armenia",0.665883474648415,0.678380495113563,0.693737869036674,0.699049954030034,0.704736609119079,0.714543535260667,0.730615997548268,0.742363877822045,0.752409166751796,0.754929001940954,0.747403548200361,0.743010862532775,0.740116457247931,0.736813430040522,0.737085844655566,0.732284537065414,0.728811250723601,0.727347022167739,0.728845302550482,0.729322028126809,0.734123335716961,0.735315149657779,0.736813430040522,0.747063029931556,0.739775938979126,0.732556951680458,0.726631933803249,0.726393571015085,0.726393571015085,0.726393571015085
"ATG","Antigua and Barbuda",0.868900466510028,0.855926720468553,0.855926720468553,0.855926720468553,0.889229407157694,0.889229407157694,0.889229407157694,0.889229407157694,0.889229407157694,0.889229407157694,0.889229407157694,0.889229407157694,0.826948615793237,0.868491844587462,0.868491844587462,0.868491844587462,0.868491844587462,0.868491844587462,0.821227908877311,0.817550311574216,0.823236966663262,0.823543433105186,0.741716893111315,0.740150509074812,0.574522423128001,0.574522423128001,0.574522423128001,0.574522423128001,0.574522423128001,0.574522423128001
"AUS","Australia",0.551469336329894,0.533558075390745,0.568018524193823,0.572070691592604,0.574999148704328,0.577280621105322,0.558041338917833,0.578881056968706,0.576701740048354,0.56515817073586,0.57779139850853,0.575714237068819,0.555351244594272,0.551605543637416,0.531378758470392,0.534068852793952,0.521095106752477,0.544011986243062,0.481254469302278,0.473218238158477,0.468655293356489,0.46010828480948,0.451288861647427,0.441073313583274,0.426703442639698,0.421697824088262,0.404978377089931,0.405318895358736,0.405318895358736,0.405318895358736
"AUT","Austria",0.708243947287772,0.701569789219192,0.694589164708687,0.687370177410018,0.682466714339224,0.675213675213675,0.669765382912793,0.663942520516226,0.66087785609698,0.649640753226411,0.643375217080396,0.63363639459257,0.62832430959921,0.620935063166139,0.61368202404059,0.607995368951544,0.60302380222699,0.600197500595907,0.595430244832635,0.590016004358634,0.588177205707086,0.588551775802772,0.583988831000783,0.581230633023462,0.458371641638574,0.45476214798924,0.436782783396329,0.433377600708278,0.430551299077195,0.430551299077195
"AZE","Azerbaijan",0.525215377805019,0.538461538461538,0.55848401266728,0.577178465624681,0.582081928695474,0.58844962032213,0.593182824258522,0.599141893962611,0.60104879626792,0.604317771648449,0.602581128477543,0.603602683283958,0.600435863384071,0.604522082609732,0.606633295876324,0.632104062382947,0.652603262165015,0.65621275581435,0.66288691388293,0.670412367623523,0.679742568188783,0.688391732216433,0.699084005856914,0.694895631150611,0.693874076344196,0.699322368645078,0.706337044982463,0.704055572581469,0.704055572581469,0.704055572581469
"BDI","Burundi",0.994143085776552,0.994143085776552,0.994143085776552,0.994143085776552,0.994143085776552,0.994245241257193,0.994245241257193,0.994245241257193,0.994245241257193,0.995096536929206,0.995096536929206,0.995096536929206,0.995096536929206,0.995096536929206,0.995096536929206,0.979228385602888,0.980249940409303,0.978785711853441,0.979092178295366,0.978955970987843,0.980011577621139,0.980011577621139,0.971941294650458,0.972962849456873,0.977321483297579,0.967889127251677,0.967071883406545,0.974597337147138,0.97275853849559,0.97275853849559
"BEL","Belgium",0.683318010011237,0.681104641264004,0.678721013382368,0.676780059250179,0.708584465556577,0.707631014403923,0.706949977866313,0.706609459597507,0.706677563251268,0.59039057445432,0.582354343310519,0.577382776585964,0.572581468995812,0.568665508904553,0.565056015255218,0.559471515646814,0.550073211427793,0.541287840092621,0.524670548574931,0.513467497531243,0.490278203425614,0.482139816801171,0.484795859297851,0.486736813430041,0.468382878741444,0.446521605884156,0.443082371369224,0.441822453774645,0.441822453774645,0.441822453774645
"BEN","Benin",0.976299928491164,0.976299928491164,0.976299928491164,0.976299928491164,0.976299928491164,0.976299928491164,0.976299928491164,0.976299928491164,0.976299928491164,0.976980965028774,0.976980965028774,0.976980965028774,0.976980965028774,0.974120611570811,0.974120611570811,0.986243061940273,0.987060305785405,0.978921919160963,0.98137365069636,0.98137365069636,0.98137365069636,0.99332584193142,0.99332584193142,0.982190894541492,0.98202063540709,0.98202063540709,0.976265876664283,0.976299928491164,0.974290870705213,0.974290870705213
"BFA","Burkina Faso",0.98474478155753,0.98471072973065,0.984608574250008,0.984608574250008,0.984608574250008,0.984608574250008,0.984540470596247,0.984540470596247,0.984540470596247,0.984131848673681,0.984131848673681,0.984131848673681,0.984131848673681,0.989239622705758,0.987707290496135,0.982769775598461,0.986174958286512,0.980147784928661,0.985936595498348,0.985732284537065,0.978308986277114,0.97871760819968,0.970647325228998,0.970647325228998,0.96874042292369,0.967991282732318,0.967684816290394,0.960057207069159,0.965096877447475,0.965096877447475
"BGD","Bangladesh",0.990908162222903,0.990908162222903,0.990942214049784,0.990942214049784,0.990942214049784,0.990942214049784,0.989648244628324,0.989648244628324,0.988899104436953,0.988592637995028,0.987639186842374,0.98736677222733,0.986311165594034,0.985868491844587,0.985119351653216,0.984438315115606,0.98334865665543,0.982429257329656,0.981782272618926,0.977900364354548,0.97738958695134,0.976980965028774,0.973882248782647,0.967071883406545,0.96475635917867,0.961283072836858,0.958320563898253,0.956856335342391,0.955255899479007,0.955255899479007
"BGR","Bulgaria",0.648993768515681,0.644056253618007,0.662614499267886,0.660843804270099,0.668982190894541,0.733714713794395,0.742738447917731,0.744168624646712,0.735281097830899,0.736200497156672,0.724282357748493,0.721149589675486,0.717335785064869,0.717301733237988,0.715020260836994,0.714475431606906,0.710831886130691,0.706234889501822,0.700343923451493,0.701161167296625,0.700343923451493,0.699049954030034,0.695576667688221,0.695270201246297,0.693124936152825,0.697653829127933,0.697313310859128,0.694895631150611,0.711921544590867,0.711921544590867
"BHR","Bahrain",0.867640548915449,0.867640548915449,0.867640548915449,0.867640548915449,0.867640548915449,0.867197875166003,0.861000442673749,0.8710457316035,0.875847039193653,0.878707392651616,0.881329383321415,0.880001362073075,0.879388429189226,0.882180678993428,0.883372492934246,0.883713011203051,0.87829877072905,0.877345319576395,0.879286273708584,0.882895767357919,0.885824224469643,0.895426839649947,0.901862634930364,0.903326863486226,0.910954472707461,0.887050090237341,0.887050090237341,0.887050090237341,0.887050090237341,0.887050090237341
"BHS","Bahamas",0.808867095719685,0.807913644567031,0.807913644567031,0.825927060986822,0.825927060986822,0.825927060986822,0.825927060986822,0.825927060986822,0.825927060986822,0.825927060986822,0.825927060986822,0.825927060986822,0.825927060986822,0.780127353832533,0.780127353832533,0.780127353832533,0.792828685258964,0.792828685258964,0.792828685258964,0.792828685258964,0.792828685258964,0.792828685258964,0.804338202744577,0.78523512786461,0.78523512786461,0.78523512786461,0.78523512786461,0.78523512786461,0.794088602853543,0.794088602853543
"BIH","Bosnia and Herzegovina",0.81846971089999,0.81846971089999,0.81846971089999,0.81846971089999,0.81846971089999,0.820546872339701,0.823543433105186,0.821670582626758,0.808935199373446,0.806858037933735,0.802090782170463,0.796880852657745,0.789661865359077,0.780229509313175,0.771341982497361,0.76126264174073,0.752953995981885,0.740184560901692,0.737324207443729,0.727551333129022,0.725610378996833,0.736881533694283,0.733101780910546,0.716450437565975,0.695678823168863,0.696496067013995,0.688221473082031,0.685395171450948,0.685395171450948,0.685395171450948
"BLR","Belarus",0.634487690264583,0.629822589981953,0.625055334218681,0.576361221779549,0.566622399291722,0.566009466407873,0.563012905642388,0.558347805359757,0.561003847856438,0.556134436612524,0.550992610753567,0.546668028739742,0.540708959035652,0.530220996356454,0.521197262233119,0.523989512037321,0.514352845030136,0.500357544182245,0.500221336874723,0.490925188136344,0.48469370381721,0.482752749685021,0.480198862668982,0.476827731807811,0.476146695270201,0.476521265365887,0.479551877958252,0.47808764940239,0.47338849729288,0.47338849729288
"BLZ","Belize",0.939183437191405,0.940954132189192,0.940954132189192,0.940954132189192,0.940954132189192,0.924132529710219,0.924132529710219,0.924132529710219,0.924132529710219,0.924132529710219,0.924132529710219,0.924132529710219,0.924132529710219,0.924132529710219,0.914121292607348,0.914121292607348,0.914121292607348,0.925085980862873,0.895665202438111,0.893281574556475,0.890795791194197,0.889297510811455,0.881908264378384,0.885143187932033,0.906323424251711,0.901419961180917,0.895086321381142,0.88633500187285,0.895324684169306,0.895324684169306
"BOL","Bolivia, Plurinational State of",0.920488984234004,0.920488984234004,0.920488984234004,0.920488984234004,0.920488984234004,0.920488984234004,0.891885449654374,0.891885449654374,0.891885449654374,0.891885449654374,0.891885449654374,0.891885449654374,0.970885688017162,0.970885688017162,0.970885688017162,0.959716688800354,0.953383049000579,0.953383049000579,0.953383049000579,0.953383049000579,0.946708890931999,0.911465250110668,0.915483365682569,0.915483365682569,0.917901045391085,0.919841999523274,0.903429018966868,0.903429018966868,0.903429018966868,0.903429018966868
"BRA","Brazil",0.90690230530868,0.896618653590765,0.888139748697518,0.881091020533252,0.868594000068104,0.826505942043791,0.853168522491232,0.839820206354071,0.830047332039364,0.827595600503967,0.827595600503967,0.827595600503967,0.827595600503967,0.827595600503967,0.827595600503967,0.827595600503967,0.810876153505635,0.810876153505635,0.676677903769537,0.6342833793033,0.623114380086492,0.614499267885722,0.590969455511288,0.577553035720366,0.77525794258862,0.77525794258862,0.735859978887867,0.735859978887867,0.734838424081452,0.734838424081452
"BRB","Barbados",0.779173902679879,0.779173902679879,0.779173902679879,0.779173902679879,0.779173902679879,0.749480709640072,0.742908707052133,0.742908707052133,0.742908707052133,0.742908707052133,0.774338543262846,0.774338543262846,0.774338543262846,0.774338543262846,0.774338543262846,0.774338543262846,0.774338543262846,0.774338543262846,0.774338543262846,0.774338543262846,0.774338543262846,0.774338543262846,0.749787176081997,0.809548132257296,0.755610038478564,0.763101440392277,0.762863077604113,0.759525998569823,0.776892430278884,0.776892430278884
"BRN","Brunei Darussalam",0.838355977798209,0.838355977798209,0.838355977798209,0.838355977798209,0.838355977798209,0.832192597132836,0.832192597132836,0.750127694350802,0.750127694350802,0.772023019034971,0.775121735281098,0.78125106411959,0.79054721285797,0.776654067490721,0.789185139782749,0.701263322777267,0.683079647223074,0.674294275887901,0.695883134130146,0.741103960227466,0.720570708618517,0.726495726495726,0.745019920318725,0.721694418905574,0.721694418905574,0.721694418905574,0.712909047570402,0.712909047570402,0.712909047570402,0.712909047570402
"BTN","Bhutan",0.970034392345149,0.970034392345149,0.970034392345149,0.970034392345149,0.973746041475125,0.973746041475125,0.973746041475125,0.973746041475125,0.973746041475125,0.969319303980659,0.969319303980659,0.969319303980659,0.967889127251677,0.960942554568053,0.960942554568053,0.960942554568053,0.960942554568053,0.958286512071373,0.955392106786529,0.946674839105118,0.941703272380563,0.937412742193619,0.93686791296353,0.92549460278544,0.92886573364661,0.915006640106242,0.907889808288215,0.913746722511663,0.913746722511663,0.913746722511663
"BWA","Botswana",0.903088500698062,0.903088500698062,0.903088500698062,0.903088500698062,0.888412163312562,0.904620832907685,0.912861375012769,0.911090680014983,0.907038512616202,0.899410903394967,0.911158783668744,0.900772976470188,0.887118193891102,0.891885449654374,0.891102257636122,0.891306568597405,0.893485885517758,0.895324684169306,0.895324684169306,0.895324684169306,0.895324684169306,0.85439438825893,0.85439438825893,0.875540572751728,0.87564272823237,0.875847039193653,0.876255661116219,0.876562127558143,0.886777675622297,0.886777675622297
"CAF","Central African Republic",0.988149964245582,0.988149964245582,0.988149964245582,0.988149964245582,0.988149964245582,0.988149964245582,0.988149964245582,0.988149964245582,0.988149964245582,0.986651683862839,0.986651683862839,0.986651683862839,0.986651683862839,0.994841148227602,0.99267885722069,0.99267885722069,0.99267885722069,0.99267885722069,0.99267885722069,0.99267885722069,0.993257738277659,0.993257738277659,0.993257738277659,0.991759457894916,0.991759457894916,0.991759457894916,0.994756018660401,0.984472366942487,0.962577042258317,0.962577042258317
"CAN","Canada",0.568631457077672,0.579187523410631,0.584635815711513,0.600194095413219,0.59505567473695,0.593829808969251,0.605267817618415,0.617567337487656,0.649507951101577,0.649398985255559,0.641907583341846,0.637565975414581,0.630789661865359,0.625089386045561,0.619402730956516,0.614928320904416,0.617720570708619,0.601723022440154,0.595059079919638,0.584053529471856,0.579841318486737,0.585708448258249,0.574072939013178,0.582286239656758,0.580379337351449,0.576974154663398,0.572240950727006,0.558960738243607,0.523036060884666,0.523036060884666
"CHE","Switzerland",0.490516566213777,0.476214798923962,0.487077331698846,0.484863962951612,0.483740252664555,0.47873463411312,0.477236353730378,0.461674668845984,0.440324173391902,0.443116423196105,0.434807777437259,0.418803418803419,0.410018047468247,0.399393877481527,0.389314536724895,0.36438859944836,0.345523887356557,0.328395818435659,0.312936289031907,0.30183539346886,0.284434909932918,0.26727278918514,0.258861987945653,0.244526168828958,0.231552422787483,0.215922634249328,0.213641161848333,0.211189430312936,0.211189430312936,0.211189430312936
"CHL","Chile",0.929580822011101,0.929580822011101,0.929580822011101,0.929580822011101,0.929580822011101,0.929580822011101,0.929580822011101,0.929580822011101,0.927742023359553,0.926448053938094,0.926584261245616,0.924507099805905,0.924609255286546,0.924507099805905,0.924813566247829,0.911158783668744,0.896822964552048,0.880852657745088,0.865563387475738,0.846971089998978,0.837913304048762,0.820206354070896,0.805359757550993,0.800864916402765,0.79122824939558,0.761126434433207,0.74403241733919,0.724622876017298,0.703204276909456,0.703204276909456
"CHN","China",0.930432117683114,0.929444614703579,0.928286852589641,0.928082541628358,0.926618313072496,0.925460550958559,0.924609255286546,0.930738584125038,0.928797629992849,0.92685667586066,0.925188136343515,0.922259679231791,0.918343719140532,0.913882929819185,0.907072564443082,0.901147546565873,0.895699254264991,0.887186297544863,0.877277215922634,0.870500902373412,0.862192256614567,0.853100418837471,0.842544352504512,0.831852078864031,0.819321006572003,0.808798992065924,0.796914904484626,0.771648448939286,0.771648448939286,0.771648448939286
"CIV","Cote d'Ivoire",0.981680117138285,0.981680117138285,0.981680117138285,0.981680117138285,0.981680117138285,0.981680117138285,0.981680117138285,0.981680117138285,0.981680117138285,0.981135287908196,0.984302107808084,0.984302107808084,0.984302107808084,0.983484863962952,0.983484863962952,0.983484863962952,0.983280553001669,0.983280553001669,0.979705111179215,0.975482684646031,0.980488303197466,0.979262437429768,0.977866312527667,0.971702931862294,0.97541458099227,0.973984404263289,0.973746041475125,0.973507678686962,0.969796029556986,0.969796029556986
"CMR","Cameroon",0.946538631797596,0.946538631797596,0.946538631797596,0.946538631797596,0.946538631797596,0.946538631797596,0.946538631797596,0.946538631797596,0.946538631797596,0.942656723533217,0.986992202131644,0.986992202131644,0.984438315115606,0.984438315115606,0.986481424728437,0.980930976946913,0.967105935233425,0.967105935233425,0.967105935233425,0.967105935233425,0.967105935233425,0.967105935233425,0.967105935233425,0.985425818095141,0.985425818095141,0.982565464637178,0.991521095106752,0.97538052916539,0.97538052916539,0.97538052916539
"COD","Congo, the Democratic Republic o",0.982088739060851,0.982088739060851,0.982088739060851,0.982088739060851,0.982088739060851,0.982088739060851,0.982088739060851,0.982088739060851,0.982088739060851,0.980794769639391,0.980794769639391,0.980794769639391,0.980794769639391,0.980794769639391,0.986345217420915,0.986345217420915,0.986345217420915,0.986345217420915,0.971975346477339,0.971975346477339,0.969183096673137,0.980624510504989,0.970987843497804,0.964279633602343,0.961351176490619,0.961351176490619,0.960976606394933,0.955596417747812,0.955596417747812,0.955596417747812
"COG","Congo",0.958831341301461,0.958831341301461,0.958831341301461,0.942520516225695,0.942520516225695,0.942520516225695,0.942520516225695,0.942520516225695,0.942520516225695,0.960159362549801,0.960159362549801,0.948922259679232,0.969149044846256,0.969149044846256,0.969149044846256,0.984438315115606,0.940477406612865,0.940477406612865,0.966527054176457,0.974903803589062,0.972826642149351,0.96874042292369,0.96874042292369,0.967514557155991,0.967514557155991,0.967514557155991,0.967514557155991,0.958388667552014,0.958388667552014,0.958388667552014
"COL","Colombia",0.952736064289849,0.95082916198454,0.948990363332993,0.946504579970715,0.944597677665407,0.942248101610651,0.940239043824701,0.938059726904348,0.936016617291518,0.933428678448599,0.930602376817516,0.927980386147717,0.925324343651037,0.921919160962986,0.918411822794293,0.915176899240644,0.910307487996731,0.906085061463548,0.9016242721422,0.89692512003269,0.892702693499506,0.887560867640549,0.883849218510573,0.880137569380597,0.876766438519427,0.872782374774407,0.868798311029387,0.868798311029387,0.863656485170429,0.863656485170429
"COM","Comoros",0.96543739571628,0.96543739571628,0.96543739571628,0.96543739571628,0.96543739571628,0.96543739571628,0.96543739571628,0.96543739571628,0.96543739571628,0.961214969183097,0.976027513876119,0.976027513876119,0.976027513876119,0.976027513876119,0.970579221575237,0.970579221575237,0.970579221575237,0.971192154459087,0.971192154459087,0.971192154459087,0.971192154459087,0.96744645350223,0.96744645350223,0.941430857765519,0.941430857765519,0.933564885756121,0.933564885756121,0.932032553546498,0.932032553546498,0.932032553546498
"CPV","Cape Verde",0.966867572445262,0.966867572445262,0.966867572445262,0.966867572445262,0.966867572445262,0.966867572445262,0.966867572445262,0.966867572445262,0.966867572445262,0.955902884189737,0.955902884189737,0.955902884189737,0.955902884189737,0.955902884189737,0.964449892736745,0.946674839105118,0.946845098239521,0.948513637756666,0.955187795825246,0.950590799196377,0.933701093063643,0.931726087104573,0.929955392106786,0.927163142302585,0.926550209418735,0.919024755678142,0.916368713181462,0.915755780297613,0.916368713181462,0.916368713181462
"CRI","Costa Rica",0.942384308918173,0.941090339496714,0.939762318248374,0.936254980079681,0.907106616269963,0.917117853372833,0.914053188953587,0.913133789627813,0.910409643477373,0.908502741172064,0.90761739367317,0.880614294956924,0.876800490346307,0.87169271631423,0.866278475840229,0.859808628732932,0.855449994892226,0.848775836823646,0.841216331256172,0.829911124731842,0.858480607484591,0.847618074709708,0.824530936084721,0.828583103483502,0.822385670991249,0.81319167773351,0.809718391391698,0.806381312357408,0.806381312357408,0.806381312357408
"CUB","Cuba",0.56978921919161,0.560152552184425,0.553035720366398,0.551026662580448,0.547451220757994,0.544624919126911,0.544250349031225,0.54258180951408,0.540300337113086,0.535703340484217,0.533489971736984,0.531072292028467,0.488916130350393,0.482582490550618,0.481629039397964,0.461368202404059,0.455068614431164,0.477679027479824,0.474818674021861,0.470357884700514,0.464943644226513,0.460687165866449,0.458337589811693,0.45282119385705,0.446964279633602,0.427180168216025,0.418633159669016,0.418633159669016,0.418633159669016,0.418633159669016
"CYP","Cyprus",0.827663704157728,0.828549051656621,0.82848094800286,0.828991725406068,0.830149487520006,0.83246501174788,0.832839581843566,0.834882691456397,0.834882691456397,0.829196036367351,0.836653386454183,0.828106377907175,0.818299451765587,0.822726189260054,0.815983927537712,0.810876153505635,0.804133891783294,0.806347260530527,0.796097660639493,0.793101099874008,0.78659720093983,0.783498484693704,0.778833384411074,0.77328293662955,0.759423843089182,0.762488507508428,0.759253583954779,0.748765621275581,0.748765621275581,0.748765621275581
"CZE","Czech Republic",0.63094630026901,0.632921306228079,0.62965233084755,0.632887254401199,0.629856641808833,0.612183743657847,0.602036299247455,0.596111281370245,0.596724214254095,0.594340586372459,0.593250927912283,0.594374638199339,0.594647052814383,0.595600503967038,0.590016004358634,0.589505226955426,0.590492729934961,0.588313413014608,0.590356522627439,0.584244219702387,0.580767528177887,0.582034256137842,0.560200224742057,0.558211598052236,0.554329689787857,0.548234412776246,0.539857663363639,0.529744270780127,0.529744270780127,0.529744270780127
"DEU","Germany",0.598324650117479,0.596758266080975,0.596213436850887,0.594136275411176,0.592467735894031,0.590765144550005,0.586338407055539,0.581741410426669,0.574215956686076,0.57047025572922,0.564170667756325,0.558109442571594,0.549732693158988,0.541628358361426,0.531446862124153,0.525828310688868,0.51929035992781,0.514420948683897,0.49933598937583,0.490380358906255,0.489290700446079,0.482957060646304,0.47342254911976,0.456703102121429,0.443899615214356,0.432321994074982,0.431640957537372,0.430925869172881,0.430925869172881,0.430925869172881
"DJI","Djibouti",0.97275853849559,0.974495181666496,0.974495181666496,0.974495181666496,0.974903803589062,0.974903803589062,0.974903803589062,0.974563285320257,0.974563285320257,0.984949092518814,0.978513297238397,0.976844757721252,0.976844757721252,0.976844757721252,0.976844757721252,0.976844757721252,0.976844757721252,0.976844757721252,0.976844757721252,0.97337147137944,0.97337147137944,0.97337147137944,0.97337147137944,0.97337147137944,0.97337147137944,0.97337147137944,0.97337147137944,0.988660741648789,0.988660741648789,0.988660741648789
"DMA","Dominica",0.830694316750094,0.829911124731842,0.828038274253414,0.828038274253414,0.828038274253414,0.828038274253414,0.722239248135663,0.722239248135663,0.722239248135663,0.722239248135663,0.722239248135663,0.722239248135663,0.722239248135663,0.722239248135663,0.722239248135663,0.722239248135663,0.722239248135663,0.722239248135663,0.711478870841421,0.707971532672728,0.709878434978037,0.707256444308237,0.745939319644499,0.732829366295502,0.732829366295502,0.732829366295502,0.732829366295502,0.732829366295502,0.732829366295502,0.732829366295502
"DNK","Denmark",0.60639493308816,0.602955698573229,0.591854803010181,0.585282800422243,0.585589266864167,0.552184424694385,0.547757687199918,0.539449041441073,0.541015425477577,0.53127660298975,0.522831749923383,0.518098545986992,0.514557155991419,0.508734293594851,0.500493751489767,0.496237273129703,0.493410971498621,0.489052337657915,0.484898014778493,0.480539380937787,0.476691524500289,0.471617802295093,0.465147955187796,0.457077672217114,0.45282119385705,0.444103926175639,0.43419484455341,0.43419484455341,0.43419484455341,0.43419484455341
"DOM","Dominican Republic",0.890489324752273,0.890489324752273,0.868151326318657,0.868151326318657,0.868151326318657,0.879422481016107,0.879422481016107,0.879422481016107,0.879422481016107,0.879422481016107,0.879422481016107,0.879422481016107,0.879422481016107,0.904620832907685,0.920931657983451,0.920931657983451,0.905335921272176,0.905335921272176,0.909047570402152,0.908741103960227,0.908741103960227,0.913644567031021,0.91289542683965,0.909966969727926,0.904722988388327,0.87169271631423,0.864678039976845,0.855620254026628,0.849695236149419,0.849695236149419
"DZA","Algeria",0.898832022337998,0.898832022337998,0.898832022337998,0.8935880409984,0.8935880409984,0.8935880409984,0.8935880409984,0.889706132734021,0.889706132734021,0.889706132734021,0.892702693499506,0.892702693499506,0.896107876187557,0.896107876187557,0.896107876187557,0.896107876187557,0.896107876187557,0.896107876187557,0.896107876187557,0.896107876187557,0.896107876187557,0.864678039976845,0.865359076514455,0.891919501481255,0.958695133993939,0.958695133993939,0.958695133993939,0.860523717097422,0.860523717097422,0.860523717097422
"ECU","Ecuador",0.906561787039875,0.900738924643307,0.899785473490653,0.902577723294855,0.899683318010011,0.91956958490823,0.91953553308135,0.918105356352368,0.923076923076923,0.920488984234004,0.919876051350155,0.920114414138319,0.917288112507236,0.913269996935336,0.897265638301495,0.902509619641094,0.885109136105152,0.87901385909354,0.880580243130044,0.870807368815337,0.85568835768039,0.835359417032724,0.830285694827527,0.837232267511152,0.837947355875643,0.838185718663806,0.838185718663806,0.838185718663806,0.838185718663806,0.838185718663806
"EGY","Egypt",0.922736404808118,0.922736404808118,0.922736404808118,0.922736404808118,0.922736404808118,0.922736404808118,0.922736404808118,0.922736404808118,0.922736404808118,0.922736404808118,0.922736404808118,0.911669561071952,0.911669561071952,0.911669561071952,0.911669561071952,0.911669561071952,0.911669561071952,0.911669561071952,0.923281234038206,0.915857935778254,0.915108795586883,0.91555146933633,0.916130350393299,0.916981646065311,0.917628630776041,0.918513978274934,0.918513978274934,0.918513978274934,0.918513978274934,0.918513978274934
"ERI","Eritrea",0.968604215616168,0.968604215616168,0.968604215616168,0.968604215616168,0.968604215616168,0.96809343821296,0.968229645520482,0.967752919944155,0.968195593693602,0.967752919944155,0.96805938638608,0.967923179078558,0.96809343821296,0.96809343821296,0.968127490039841,0.968127490039841,0.96809343821296,0.967923179078558,0.953348997173698,0.954745122075799,0.956686076207989,0.947049409200804,0.951101576599585,0.946436476316954,0.94681104641264,0.946436476316954,0.951305887560868,0.946913201893282,0.946913201893282,0.946913201893282
"ESP","Spain",0.710287056900603,0.794326965641707,0.787720911226887,0.786495045459189,0.780638131235741,0.772329485476896,0.76064970885688,0.753703136173256,0.743215173494058,0.73534920148466,0.729832805530017,0.723839683999046,0.720877175060442,0.713964654203698,0.707562910750162,0.695304253073177,0.690230530867981,0.689549494330371,0.693124936152825,0.693056832499064,0.68685940000681,0.679776620015664,0.670480471277284,0.661729151768992,0.647870058228624,0.63496441584091,0.629277760751864,0.638097183913917,0.638097183913917,0.638097183913917
"EST","Estonia",0.661797255422753,0.670786937719208,0.673374876562127,0.683624476453162,0.684952497701502,0.691183982020635,0.699118057683795,0.686348622603603,0.681479211359689,0.676746007423298,0.671399870603058,0.668948139067661,0.663227432151735,0.659992508598086,0.671161507814894,0.673987809445977,0.668028739741887,0.670616678584806,0.685837845200395,0.680934382129601,0.669663227432152,0.66557700820649,0.661763203595873,0.657881295331495,0.659515783021759,0.654339905335921,0.65226274389621,0.647257125344775,0.65760888071645,0.65760888071645
"ETH","Ethiopia",0.995028433275445,0.995028433275445,0.995096536929206,0.995164640582967,0.995198692409848,0.995164640582967,0.994926277794804,0.994892225967923,0.994994381448565,0.994619811352879,0.993223686450778,0.99404093029591,0.994279293084074,0.994960329621684,0.993291790104539,0.993291790104539,0.993291790104539,0.993291790104539,0.993291790104539,0.993291790104539,0.993291790104539,0.993291790104539,0.974222767051452,0.976333980318044,0.975857254741717,0.973167160418156,0.973916300609528,0.957264957264957,0.955970987843498,0.955970987843498
"FIN","Finland",0.456226376545102,0.430040521673988,0.405693465454422,0.382027445772466,0.316273368066197,0.644873497463139,0.644839445636258,0.643920046310484,0.642660128715905,0.571934484285082,0.558381857186638,0.547961998161201,0.539108523172268,0.525317533285661,0.51465931147206,0.517894235025709,0.502468757448837,0.492491572172847,0.491129499097627,0.484251030067763,0.476657472673409,0.474307896618654,0.463853985766336,0.45479619981612,0.423706881874213,0.410971498620901,0.402492593727654,0.402492593727654,0.402492593727654,0.402492593727654
"FJI","Fiji",0.921714850001703,0.921714850001703,0.921714850001703,0.925767017400484,0.926822624033779,0.926822624033779,0.926822624033779,0.926822624033779,0.922259679231791,0.922259679231791,0.922259679231791,0.922259679231791,0.922259679231791,0.922498042019954,0.915040691933122,0.915040691933122,0.915040691933122,0.915040691933122,0.882861715531038,0.882861715531038,0.877617734191439,0.877617734191439,0.877617734191439,0.864065107092996,0.843599959137808,0.843599959137808,0.843599959137808,0.843599959137808,0.843599959137808,0.843599959137808
"FRA","France",0.673306772908366,0.672625736370756,0.671978751660027,0.67153607791058,0.664180883304389,0.657064051486362,0.650696359859707,0.653658868798311,0.638403650355841,0.632104062382947,0.625974733544455,0.619607041917799,0.617427724997446,0.609187182892362,0.602649232131304,0.596690162427214,0.598222494636837,0.5878026356114,0.595872918582082,0.59110566281881,0.586678925324344,0.580685803793374,0.578268124084857,0.577076310144039,0.574113801205435,0.569891374672251,0.57047025572922,0.569891374672251,0.569891374672251,0.569891374672251
"FSM","Micronesia, Federated States of",0.850727006503899,0.850727006503899,0.850727006503899,0.850727006503899,0.850727006503899,0.85079511015766,0.85079511015766,0.85079511015766,0.904559539619301,0.904559539619301,0.903646950658903,0.903646950658903,0.903646950658903,0.891190792386012,0.873054789389451,0.882820853338782,0.882820853338782,0.866721149589675,0.866721149589675,0.866721149589675,0.866721149589675,0.866721149589675,0.866721149589675,0.908468689345183,0.900875131950829,0.893656144652161,0.893656144652161,0.893656144652161,0.893656144652161,0.893656144652161
"GAB","Gabon",0.830353798481288,0.830353798481288,0.830353798481288,0.830353798481288,0.830353798481288,0.830353798481288,0.830353798481288,0.830353798481288,0.830353798481288,0.830626213096333,0.830626213096333,0.830626213096333,0.830626213096333,0.836796404127081,0.836796404127081,0.836796404127081,0.836796404127081,0.836796404127081,0.836796404127081,0.836796404127081,0.836796404127081,0.908026015595737,0.884189736779378,0.887731126774951,0.902066945891647,0.892430278884462,0.892430278884462,0.904007900023836,0.904007900023836,0.904007900023836
"GBR","United Kingdom",0.650764463513468,0.649402390438247,0.647461436306058,0.645929104096435,0.645452378520108,0.642728232369667,0.633840705553853,0.621071270473661,0.609902271256853,0.60036775973031,0.593829808969251,0.597473354445466,0.607927265297783,0.604658289917254,0.607484591548337,0.610719515101985,0.616508325671672,0.62498723056492,0.624544556815473,0.623386794701536,0.623557053835938,0.624510504988593,0.625395852487486,0.616814792113597,0.608233731739708,0.595498348486396,0.58446555657711,0.586883236285627,0.564885756120816,0.564885756120816
"GEO","Georgia",0.679776620015664,0.737869036673818,0.711717233629584,0.705247386522287,0.700275819797732,0.70943576122859,0.723567269384003,0.718902169101372,0.717710355160554,0.719855620254027,0.719072428235775,0.721796574386216,0.723158647461436,0.718323288044403,0.711887492763987,0.701603841046072,0.699424524125719,0.706541355943746,0.702080566622399,0.691047774713113,0.676337385500732,0.613852283174992,0.60707596962577,0.576837947355876,0.567916368713182,0.629141553444342,0.623965675758504,0.612966935676099,0.607144073279531,0.607144073279531
"GHA","Ghana",0.969659822249464,0.969659822249464,0.969659822249464,0.969659822249464,0.969659822249464,0.969659822249464,0.969659822249464,0.968706371096809,0.968706371096809,0.96673136513774,0.96673136513774,0.96673136513774,0.96938740763442,0.967752919944155,0.960193414376681,0.964211529948582,0.96407532264106,0.964143426294821,0.963905063506657,0.948275274968502,0.932407123642183,0.928354956243402,0.922089420097388,0.846937038172098,0.909081622229033,0.876664283038785,0.880512139476283,0.845472809616236,0.853440937106276,0.853440937106276
"GIN","Guinea",0.982667620117819,0.982667620117819,0.982667620117819,0.982667620117819,0.982667620117819,0.983995641366159,0.983995641366159,0.983995641366159,0.983995641366159,0.982190894541492,0.982429257329656,0.982429257329656,0.982429257329656,0.982429257329656,0.982429257329656,0.982429257329656,0.982429257329656,0.982429257329656,0.982429257329656,0.978308986277114,0.985834440017707,0.995607314332414,0.995607314332414,0.975721047434195,0.975721047434195,0.975721047434195,0.975721047434195,0.980965028773794,0.980965028773794,0.980965028773794
"GMB","Gambia",0.960670139953008,0.960670139953008,0.960670139953008,0.960670139953008,0.960670139953008,0.960670139953008,0.960670139953008,0.960670139953008,0.958490823032656,0.984370211461845,0.984097796846801,0.98402969319304,0.975040010896585,0.97275853849559,0.97275853849559,0.97275853849559,0.97275853849559,0.95941022235843,0.95941022235843,0.95941022235843,0.949875710831886,0.949875710831886,0.976572343106208,0.976980965028774,0.98471072973065,0.975857254741717,0.975346477338509,0.975482684646031,0.976980965028774,0.976980965028774
"GNB","Guinea-Bissau",0.969761977730105,0.969761977730105,0.969761977730105,0.969761977730105,0.969761977730105,0.969761977730105,0.969761977730105,0.969761977730105,0.969761977730105,0.970681377055879,0.970681377055879,0.970681377055879,0.970681377055879,0.978887867334082,0.976436135798686,0.976436135798686,0.981714168965165,0.981714168965165,0.982667620117819,0.983042190213505,0.977321483297579,0.979671059352334,0.979671059352334,0.979024074641605,0.979024074641605,0.969625770422583,0.959069704089624,0.960159362549801,0.960159362549801,0.960159362549801
"GNQ","Equatorial Guinea",0.985119351653216,0.983825382231757,0.983825382231757,0.983825382231757,0.983825382231757,0.983825382231757,0.983825382231757,0.983825382231757,0.983825382231757,0.986413321074676,0.986413321074676,0.986413321074676,0.986413321074676,0.986413321074676,0.986413321074676,0.986413321074676,0.986413321074676,0.986413321074676,0.986413321074676,0.986413321074676,0.986413321074676,0.986413321074676,0.977559846085742,0.977559846085742,0.977559846085742,0.977559846085742,0.977559846085742,0.950420540061974,0.950420540061974,0.950420540061974
"GRC","Greece",0.771784656246808,0.771444137978002,0.767221711444819,0.762420403854667,0.758776858378452,0.752272959444274,0.743725950897266,0.724929342459223,0.718800013620731,0.714407327953145,0.708720672864099,0.699867197875166,0.6928184697109,0.688800354139,0.68284128443491,0.681002485783362,0.679640412708142,0.683760683760684,0.68416930568325,0.684373616644533,0.684033098375728,0.674771001464229,0.674260224061021,0.670957196853611,0.668369258010692,0.658085606292778,0.648312731978071,0.638437702182722,0.638437702182722,0.638437702182722
"GRD","Grenada",0.854564647393333,0.854564647393333,0.863452174209146,0.863452174209146,0.857867674600742,0.868117274491776,0.868764259202506,0.869275036605714,0.869853917662683,0.869853917662683,0.869853917662683,0.858003881908264,0.858003881908264,0.858003881908264,0.858003881908264,0.858003881908264,0.858003881908264,0.858003881908264,0.858003881908264,0.858003881908264,0.858003881908264,0.858003881908264,0.856369394218,0.74934450233255,0.74934450233255,0.74934450233255,0.74934450233255,0.74934450233255,0.799502843327545,0.799502843327545
"GTM","Guatemala",0.935165321619505,0.935165321619505,0.94085197670855,0.94085197670855,0.942929138148262,0.942929138148262,0.942929138148262,0.942929138148262,0.942929138148262,0.942929138148262,0.942929138148262,0.942929138148262,0.942929138148262,0.942929138148262,0.941635168726802,0.941635168726802,0.941635168726802,0.941635168726802,0.941635168726802,0.9388429189226,0.938025675077468,0.936595498348486,0.950897265638301,0.945346817856778,0.945346817856778,0.880239724861239,0.880239724861239,0.880239724861239,0.881431538802057,0.881431538802057
"GUY","Guyana",0.913814826165424,0.913814826165424,0.91888854837062,0.91888854837062,0.91888854837062,0.908741103960227,0.908741103960227,0.908741103960227,0.908741103960227,0.908741103960227,0.908741103960227,0.908741103960227,0.908741103960227,0.908741103960227,0.950386488235094,0.94480198862669,0.94480198862669,0.94480198862669,0.954370551980114,0.95743521639936,0.955051588517724,0.953859774576906,0.952020975925358,0.906663942520516,0.852044812204175,0.838117615010045,0.838117615010045,0.838117615010045,0.821500323492355,0.821500323492355
"HND","Honduras",0.93615282459904,0.93615282459904,0.929955392106786,0.929955392106786,0.929955392106786,0.939251540845166,0.939251540845166,0.939251540845166,0.939251540845166,0.939251540845166,0.954745122075799,0.954745122075799,0.954745122075799,0.954745122075799,0.954745122075799,0.963360234276569,0.963360234276569,0.963360234276569,0.968944733884973,0.969693874076344,0.970204651479552,0.957843838321926,0.967650764463514,0.967752919944155,0.967752919944155,0.96145333197126,0.96145333197126,0.96145333197126,0.96077229543365,0.96077229543365
"HRV","Croatia",0.788708414206422,0.778629073449791,0.766915245002894,0.760070827799911,0.752851840501243,0.745871215990738,0.743283277147819,0.742466033302687,0.74001430176729,0.734668164947049,0.733476351006231,0.72939013178057,0.721183641502367,0.71410086151122,0.717948717948718,0.707086185173835,0.700377975278374,0.693533558075391,0.68685940000681,0.68416930568325,0.679810671842544,0.659992508598086,0.646678244287806,0.639118738720332,0.62829025777233,0.62434024585419,0.604624238090374,0.596962577042258,0.596962577042258,0.596962577042258
"HTI","Haiti",0.993462049238942,0.993462049238942,0.993462049238942,0.990601695780979,0.990601695780979,0.990601695780979,0.990601695780979,0.990601695780979,0.990601695780979,0.990601695780979,0.990601695780979,0.990601695780979,0.990601695780979,0.990601695780979,0.990601695780979,0.990601695780979,0.956515817073586,0.956515817073586,0.953314945346818,0.953314945346818,0.989716348282085,0.989716348282085,0.989716348282085,0.980590458678108,0.980590458678108,0.980590458678108,0.980590458678108,0.967582660809752,0.967582660809752,0.967582660809752
"HUN","Hungary",0.698062451050499,0.69414649095924,0.695542615861341,0.688357680389553,0.690502945483025,0.71280689208976,0.696427963360234,0.676337385500732,0.669867538393435,0.684782238567099,0.697824088262335,0.680696019341438,0.698334865665543,0.681343004052167,0.68154731501345,0.686723192699288,0.68352232097252,0.675894711751285,0.668437361664453,0.664964075322641,0.670718834065448,0.66819899887629,0.699526679606361,0.695917185957026,0.694010283651718,0.707971532672728,0.702080566622399,0.691865018558246,0.691865018558246,0.691865018558246
"IDN","Indonesia",0.97074948070964,0.97074948070964,0.97074948070964,0.97074948070964,0.97074948070964,0.97074948070964,0.97074948070964,0.97074948070964,0.97074948070964,0.97074948070964,0.97074948070964,0.97074948070964,0.97074948070964,0.97074948070964,0.966390846868935,0.967071883406545,0.967071883406545,0.968502060135526,0.973541730513842,0.9587632376477,0.949603296216842,0.952633908809208,0.920523036060885,0.882929819184799,0.857969830081384,0.847345660094664,0.841046072121769,0.838866755201417,0.874280655157149,0.874280655157149
"IND","India",0.953927878230667,0.953927878230667,0.953927878230667,0.953927878230667,0.953927878230667,0.953110634385535,0.952633908809208,0.952633908809208,0.952497701501686,0.936970068444172,0.934416181428134,0.951714509483434,0.95147614669527,0.950727006503899,0.949126570640515,0.948717948717949,0.944665781319168,0.940647665747267,0.937038172097933,0.931930398065856,0.929104096434774,0.926788572206899,0.903973848196956,0.915960091258896,0.914291551741751,0.919263118466306,0.919263118466306,0.919263118466306,0.919263118466306,0.919263118466306
"IRL","Ireland",0.526236932611435,0.511594647052814,0.492900194095413,0.482378179589335,0.463513467497531,0.451527224435591,0.418701263322777,0.39959818844281,0.411924949773555,0.488609663908469,0.465760888071645,0.451118602513025,0.406953383049001,0.406136139203868,0.425818095140804,0.403888718629755,0.406408553818912,0.425988354275207,0.441379780025198,0.485136377566656,0.475704021520755,0.499744611298396,0.40225423093949,0.452650934722648,0.36237954166241,0.261892600538019,0.401845609016924,0.408179248816699,0.367214901079443,0.367214901079443
"IRN","Iran, Islamic Republic of",0.92685667586066,0.92685667586066,0.92685667586066,0.920080362311438,0.920080362311438,0.920080362311438,0.920080362311438,0.920080362311438,0.920080362311438,0.926345898457452,0.926652364899377,0.929614873837981,0.929614873837981,0.929614873837981,0.929614873837981,0.929614873837981,0.920148465965199,0.920148465965199,0.920148465965199,0.903122552524943,0.904007900023836,0.904007900023836,0.881056968706371,0.884019477644976,0.884019477644976,0.884019477644976,0.884019477644976,0.884019477644976,0.842850818946436,0.842850818946436
"IRQ","Iraq",0.938774815268839,0.938774815268839,0.938774815268839,0.938774815268839,0.938774815268839,0.938774815268839,0.939013178057003,0.939013178057003,0.939013178057003,0.935097217965744,0.935029114311983,0.935029114311983,0.948752000544829,0.948752000544829,0.948752000544829,0.945074403241734,0.945074403241734,0.945074403241734,0.914053188953587,0.912759219532128,0.924132529710219,0.922804508461879,0.916300609527701,0.912963530493411,0.893690196479041,0.893417781863997,0.885075084278272,0.877481526883917,0.877481526883917,0.877481526883917
"ISL","Iceland",0.453400074914019,0.450505669629176,0.419824973609834,0.403956822283515,0.405489154493139,0.40889433718119,0.410869343140259,0.40422923689856,0.389689106820581,0.36765757482889,0.377192086355433,0.386011509517486,0.376170531549018,0.344876902645827,0.331051860932339,0.358565737051793,0.348860966390847,0.3377600708278,0.325978138727143,0.32846392208942,0.319610447100487,0.360574794837743,0.349950624851023,0.343174311301801,0.319644498927367,0.299009091837777,0.31845268498655,0.318691047774713,0.313481118261995,0.313481118261995
"ISR","Israel",0.60040181155719,0.690400790002384,0.689277079715327,0.685088705009024,0.684986549528382,0.678278339632921,0.676541696462015,0.679129635304934,0.683624476453162,0.689106820580924,0.688085265774509,0.689583546157251,0.694657268362448,0.703544795178261,0.707596962577042,0.708720672864099,0.70480471277284,0.704702557292199,0.704089624408349,0.705009023734123,0.704362039023394,0.700752545374059,0.696938740763442,0.69680253345592,0.695270201246297,0.688630095004597,0.678244287806041,0.678686961555487,0.672285218101951,0.672285218101951
"ITA","Italy",0.679980930976947,0.676064970885688,0.672761943678278,0.67024210848912,0.668709776279497,0.69152450028944,0.687744747505704,0.486191984199952,0.694010283651718,0.696189600572071,0.700207716143971,0.694725372016209,0.688221473082031,0.68883440596588,0.689004665100283,0.689106820580924,0.687574488371301,0.691388292981919,0.690332686348623,0.681274900398406,0.676780059250179,0.668164947049409,0.65893690196479,0.661184322538904,0.647427384479177,0.645418326693227,0.64497565294378,0.629720434501311,0.629720434501311,0.629720434501311
"JAM","Jamaica",0.926958831341302,0.926958831341302,0.926958831341302,0.926958831341302,0.926958831341302,0.926958831341302,0.926958831341302,0.926958831341302,0.917492423468519,0.917492423468519,0.917492423468519,0.917492423468519,0.917492423468519,0.952055027752239,0.952055027752239,0.952055027752239,0.952055027752239,0.937310586712977,0.935914461810876,0.939115333537644,0.936901964790411,0.929887288453025,0.929785132972384,0.950386488235094,0.950386488235094,0.927946334320836,0.925324343651037,0.926754520380018,0.931726087104573,0.931726087104573
"JOR","Jordan",0.854326284605169,0.854326284605169,0.854326284605169,0.878605237170974,0.845200395001192,0.843497803657166,0.838083563183165,0.84043313923792,0.83307794463173,0.83110293867266,0.83113699049954,0.824735247046004,0.832090441652195,0.837027956549869,0.817482207920455,0.807028297068138,0.807028297068138,0.807028297068138,0.798106718425443,0.807641229951987,0.790955834780536,0.790955834780536,0.817380052439813,0.835291313378963,0.808798992065924,0.808798992065924,0.808798992065924,0.800115776211394,0.79187523410631,0.79187523410631
"JPN","Japan",0.675319235877005,0.675319235877005,0.675319235877005,0.658422719378895,0.658422719378895,0.641992712909048,0.641992712909048,0.6423196104471,0.6423196104471,0.628222154118568,0.628222154118568,0.614431164231961,0.614431164231961,0.596724214254095,0.596724214254095,0.576395273606429,0.576395273606429,0.559335308339292,0.559335308339292,0.541594306534546,0.541594306534546,0.52596451799639,0.52596451799639,0.509892055708789,0.509892055708789,0.493649334286784,0.493649334286784,0.470255729219873,0.470255729219873,0.470255729219873
"KAZ","Kazakhstan",0.57581639254946,0.602751387611945,0.648108421016788,0.655361460142337,0.671672285218102,0.692546055095856,0.679912827323186,0.669254605509586,0.666394252051623,0.662682602921647,0.658085606292778,0.641672625736371,0.639391153335376,0.646780399768448,0.627268702965914,0.619572990090918,0.611945380869684,0.6077229543365,0.606939762318248,0.632716995266796,0.634249327476419,0.628698879694896,0.647052814383492,0.656859740525079,0.651173085436034,0.647529539959819,0.644464875540573,0.647257125344775,0.65362481697143,0.65362481697143
"KEN","Kenya",0.982122790887731,0.982122790887731,0.982122790887731,0.982122790887731,0.982122790887731,0.982122790887731,0.982122790887731,0.981918479926448,0.981918479926448,0.981918479926448,0.981918479926448,0.981918479926448,0.981918479926448,0.984472366942487,0.983178397521027,0.972349916573024,0.948547689583546,0.948275274968502,0.965369292062519,0.963632648891613,0.965709810331324,0.959716688800354,0.958865393128341,0.956379609766064,0.956379609766064,0.979841318486737,0.976980965028774,0.92549460278544,0.915210951067525,0.915210951067525
"KGZ","Kyrgyzstan",0.585827629652331,0.592944461470358,0.613341505771785,0.620628596724214,0.626553614601423,0.675860659924405,0.695712874995744,0.700888752681581,0.705724112098614,0.717301733237988,0.724895290632342,0.737085844655566,0.742806551571492,0.746926822624034,0.747267340892839,0.748901828583104,0.741750944938196,0.739094902441516,0.737664725712534,0.772397589130657,0.775802771818708,0.776654067490721,0.782170463445364,0.788197636803214,0.798174822079205,0.803623114380086,0.810092961487384,0.818946436476317,0.810263220621786,0.810263220621786
"KHM","Cambodia",0.961861953893826,0.961861953893826,0.961861953893826,0.964620151871148,0.964620151871148,0.966458950522696,0.966458950522696,0.966458950522696,0.966458950522696,0.966458950522696,0.966458950522696,0.966458950522696,0.966458950522696,0.965811965811966,0.965709810331324,0.965948173119488,0.96543739571628,0.965811965811966,0.965777913985085,0.964245581775462,0.965641706677563,0.95746926822624,0.957980045629448,0.957707631014404,0.960942554568053,0.960942554568053,0.960942554568053,0.960942554568053,0.960942554568053,0.960942554568053
"KIR","Kiribati",0.918377770967412,0.918377770967412,0.918377770967412,0.918377770967412,0.918377770967412,0.918377770967412,0.918377770967412,0.918377770967412,0.918377770967412,0.902135049545408,0.902135049545408,0.902135049545408,0.902135049545408,0.876289712943099,0.876289712943099,0.86304355228658,0.870977627949739,0.870977627949739,0.810365376102428,0.810365376102428,0.810365376102428,0.810365376102428,0.810365376102428,0.87233970102496,0.87233970102496,0.87233970102496,0.87233970102496,0.87233970102496,0.87233970102496,0.87233970102496
"KNA","Saint Kitts and Nevis",0.77059284230599,0.762726870296591,0.774134232301563,0.774134232301563,0.765791534715837,0.765791534715837,0.747437600027241,0.747437600027241,0.747437600027241,0.747437600027241,0.747437600027241,0.747437600027241,0.747437600027241,0.747437600027241,0.747437600027241,0.747437600027241,0.747437600027241,0.747437600027241,0.747437600027241,0.747437600027241,0.747233289065958,0.747233289065958,0.747233289065958,0.741240167534988,0.741240167534988,0.741240167534988,0.741240167534988,0.741240167534988,0.673306772908366,0.673306772908366
"KOR","Korea, Republic of",0.925664861919842,0.921919160962986,0.867300030646644,0.864643988149964,0.858106037388906,0.855960772295434,0.838968910682058,0.827459393196445,0.826165423774985,0.817380052439813,0.813940817924882,0.806858037933735,0.799400687846903,0.788435999591378,0.781046753158307,0.773351040283311,0.768413525385637,0.763884632410529,0.749446657813192,0.735928082541628,0.722954336500153,0.686791296353049,0.681104641264004,0.669356760990227,0.643170906119113,0.626723873735826,0.613273402118024,0.604181564340927,0.604181564340927,0.604181564340927
"KWT","Kuwait",0.785779957094698,0.785779957094698,0.782136411618483,0.782136411618483,0.782136411618483,0.782136411618483,0.782136411618483,0.782136411618483,0.781795893349678,0.795416624101883,0.78520107603773,0.810773998024994,0.791398508529983,0.778799332584193,0.772295433650015,0.692341744134573,0.694010283651718,0.698743487588109,0.703272380563217,0.683147750876834,0.668709776279497,0.69213743317329,0.686416726257364,0.691728811250724,0.76262471481595,0.770286375864065,0.770286375864065,0.770286375864065,0.770286375864065,0.770286375864065
"LAO","Lao People's Democratic Republic",0.948956311506112,0.948956311506112,0.948956311506112,0.948956311506112,0.948956311506112,0.9587632376477,0.9587632376477,0.9587632376477,0.9587632376477,0.957673579187523,0.960159362549801,0.960159362549801,0.960159362549801,0.960159362549801,0.966697313310859,0.962338679470154,0.962338679470154,0.962372731297034,0.959069704089624,0.946470528143835,0.947628290257772,0.947219668335206,0.946640787278238,0.950080021793169,0.950011918139408,0.950182177273811,0.951237783907107,0.951033472945823,0.956209350631661,0.956209350631661
"LBN","Lebanon",0.898797970511118,0.898797970511118,0.898797970511118,0.898797970511118,0.898797970511118,0.898797970511118,0.881295331494535,0.881295331494535,0.881295331494535,0.881295331494535,0.87901385909354,0.883747063029932,0.875097899002281,0.875097899002281,0.867300030646644,0.864814247284367,0.851976708550414,0.851976708550414,0.869922021316444,0.876766438519427,0.877175060441993,0.872884530255048,0.864201314400518,0.855007321142779,0.848231007593557,0.845881431538802,0.845881431538802,0.845881431538802,0.845881431538802,0.845881431538802
"LBR","Liberia",0.990499540300337,0.990499540300337,0.990499540300337,0.990499540300337,0.990499540300337,0.990499540300337,0.990499540300337,0.990499540300337,0.990499540300337,0.990159022031532,0.990159022031532,0.990159022031532,0.990159022031532,0.993291790104539,0.972349916573024,0.986549528382198,0.986549528382198,0.986549528382198,0.986549528382198,0.986549528382198,0.997776415704703,0.997333741955256,0.997265638301495,0.975959410222358,0.978990022814724,0.975550788299792,0.980147784928661,0.96210031668199,0.96210031668199,0.96210031668199
"LBY","Libyan Arab Jamahiriya",0.840092620969115,0.840092620969115,0.840092620969115,0.840092620969115,0.840092620969115,0.840092620969115,0.840092620969115,0.840092620969115,0.840092620969115,0.799298532366261,0.799298532366261,0.799298532366261,0.799298532366261,0.758606599244049,0.708346102768413,0.708346102768413,0.708346102768413,0.708346102768413,0.700616338066537,0.70412367623523,0.7101167977662,0.7101167977662,0.715769401028365,0.715769401028365,0.715769401028365,0.715769401028365,0.715769401028365,0.715769401028365,0.715769401028365,0.715769401028365
"LCA","Saint Lucia",0.911465250110668,0.911465250110668,0.914427759049273,0.914427759049273,0.914427759049273,0.914427759049273,0.895699254264991,0.908635543296898,0.883123914598018,0.910365376102428,0.918071304525488,0.918071304525488,0.918071304525488,0.918071304525488,0.918071304525488,0.878196615248408,0.872544011986243,0.860796131712466,0.850342220860149,0.870637109680934,0.870637109680934,0.742227670514523,0.67950420540062,0.675349882521197,0.682126196070419,0.74798242925733,0.74798242925733,0.74798242925733,0.676337385500732,0.676337385500732
"LIE","Liechtenstein",,,,,,,,,,,,,,,,,,,,,,,,,,,,,,
"LKA","Sri Lanka",0.956243402458542,0.966220587734532,0.966186535907651,0.963905063506657,0.964620151871148,0.948888207852351,0.960431777164845,0.953076582558654,0.953076582558654,0.928354956243402,0.938945074403242,0.93015970306807,0.916538972315865,0.932236864507781,0.928559267204685,0.920829502502809,0.917730786256683,0.916675179623387,0.91555146933633,0.912112234821398,0.909932917901045,0.909660503286001,0.907208771750604,0.899002281472401,0.891817346000613,0.882078523512786,0.883815166683693,0.883815166683693,0.886879831102939,0.886879831102939
"LSO","Lesotho",0.981339598869479,0.981339598869479,0.981339598869479,0.981339598869479,0.981339598869479,0.981339598869479,0.981339598869479,0.981339598869479,0.981646065311404,0.981646065311404,0.981646065311404,0.981646065311404,0.981646065311404,0.981646065311404,0.981646065311404,0.977457690605101,0.977457690605101,0.977457690605101,0.977457690605101,0.977457690605101,0.977457690605101,0.977457690605101,0.977457690605101,0.879831102938673,0.879831102938673,0.879831102938673,0.879831102938673,0.934654544216297,0.934654544216297,0.934654544216297
"LTU","Lithuania",0.55518098545987,0.552831409405115,0.557973235264072,0.562195661797255,0.591684543875779,0.605782000204311,0.608029420778425,0.61106003337079,0.616882895767358,0.621139374127422,0.616780740286716,0.611911329042803,0.609391493853645,0.606122518473116,0.610991929717029,0.607280280587053,0.596315592331529,0.590084108012395,0.589505226955426,0.586576769843702,0.583205638982532,0.577178465624681,0.574079749378554,0.570402152075459,0.572513365342051,0.573466816494705,0.570061633806654,0.583307794463173,0.583307794463173,0.583307794463173
"LUX","Luxembourg",0.683215854530596,0.67286409915892,0.664351142438792,0.665202438110805,0.660809752443218,0.67020805666224,0.665883474648415,0.653522661490789,0.608642353662274,0.601287159056083,0.530936084720945,0.530323151837096,0.530118840875813,0.520414070214867,0.520005448292301,0.519903292811659,0.511867061667858,0.488371301120305,0.487247590833248,0.484795859297851,0.485613103142984,0.492900194095413,0.489495011407362,0.487451901794531,0.473831171042326,0.465999250859809,0.446930227806722,0.433990533592127,0.433650015323322,0.433650015323322
"LVA","Latvia",0.727347022167739,0.72802805870535,0.73272721081486,0.745666905029455,0.742500085129567,0.741580685803793,0.750468212619607,0.745258283106889,0.73868628051895,0.730105220145061,0.724486668709776,0.700752545374059,0.699662886913883,0.695917185957026,0.721353900636769,0.719685361119624,0.720332345830354,0.723294854768958,0.720843123233561,0.722000885347499,0.727244866687098,0.728198317839752,0.730786256682671,0.73473626860081,0.734600061293288,0.739265161575919,0.738584125038308,0.737800933020057,0.737800933020057,0.737800933020057
"MAR","Morocco",0.959137807743385,0.959137807743385,0.959137807743385,0.959137807743385,0.959137807743385,0.959137807743385,0.958354615725134,0.958354615725134,0.958354615725134,0.956617972554228,0.956617972554228,0.956617972554228,0.954847277556441,0.954847277556441,0.948888207852351,0.948888207852351,0.948888207852351,0.948888207852351,0.947934756699697,0.939217489018286,0.939217489018286,0.939217489018286,0.929989443933667,0.929989443933667,0.929989443933667,0.929989443933667,0.929785132972384,0.929785132972384,0.947662342084653,0.947662342084653
"MCO","Monaco",0.251438689685702,0.251438689685702,0.251438689685702,0.251438689685702,0.251438689685702,0.251438689685702,0.251438689685702,0.251438689685702,0.251438689685702,0.251438689685702,0.251438689685702,0.251438689685702,0.251438689685702,0.251438689685702,0.251438689685702,0.251438689685702,0.138727142711207,0.108591275921953,0.058637245888242,0.0290462083290769,0.0290462083290769,0.0290462083290769,0.0290462083290769,0.0105901181598393,0,0,0,0,0,0
"MDA","Moldova, Republic of",0.536180066060544,0.545748629413968,0.532706779718732,0.542139135764634,0.586304355228658,0.72802805870535,0.736098341676031,0.732795314468621,0.736336704464194,0.744168624646712,0.716280178431573,0.712602581128478,0.707018081520074,0.704838764599721,0.698402969319304,0.692682262403378,0.685735689719753,0.680696019341438,0.674907208771751,0.676814111077059,0.683896891068206,0.666462355705384,0.664317090611911,0.672966254639561,0.656076548506827,0.65556577110362,0.643715735349201,0.643273061599755,0.650594204379065,0.650594204379065
"MDG","Madagascar",0.983008138386624,0.988626689821909,0.988626689821909,0.988626689821909,0.988626689821909,0.988626689821909,0.989307726359519,0.987843497803657,0.987775394149896,0.988081860591821,0.985187455306977,0.987060305785405,0.986992202131644,0.987230564919808,0.988660741648789,0.988865052610073,0.99070385126162,0.990771954915381,0.987809445976777,0.986890046651003,0.986890046651003,0.986890046651003,0.986890046651003,0.986106854632751,0.986106854632751,0.986106854632751,0.986106854632751,0.987026253958525,0.987026253958525,0.987026253958525
"MDV","Maldives",0.933122212006674,0.933122212006674,0.933122212006674,0.933122212006674,0.933122212006674,0.933122212006674,0.933122212006674,0.933122212006674,0.933122212006674,0.868219429972418,0.868219429972418,0.868219429972418,0.783021759117377,0.783021759117377,0.770558790479109,0.77662001566384,0.77662001566384,0.77662001566384,0.77662001566384,0.746722511662751,0.701263322777267,0.870228487758368,0.814689958116253,0.724350461402254,0.748084584737971,0.755507882997923,0.755507882997923,0.755507882997923,0.755507882997923,0.755507882997923
"MEX","Mexico",0.87233970102496,0.872782374774407,0.87230564919808,0.870841420642217,0.86903667381755,0.840126672795996,0.874757380733476,0.874587121599074,0.875812987366772,0.874076344195866,0.8670276160316,0.86236251574897,0.858718970272755,0.856948275274969,0.854019818163244,0.851636190281609,0.844859876732387,0.84312323356148,0.832873633670446,0.834576225014472,0.828344740695338,0.82449688425784,0.822249463683727,0.820410665032179,0.82112575339667,0.819865835802091,0.814826165423775,0.811216671774441,0.811216671774441,0.811216671774441
"MHL","Marshall Islands",0.886607416487895,0.886607416487895,0.886607416487895,0.886607416487895,0.886607416487895,0.88493887697075,0.88493887697075,0.88493887697075,0.88493887697075,0.88493887697075,0.88493887697075,0.88493887697075,0.85905948854156,0.85905948854156,0.85905948854156,0.898355296761671,0.852862056049307,0.862668982190894,0.862668982190894,0.862668982190894,0.862668982190894,0.862668982190894,0.862668982190894,0.839956413661593,0.839956413661593,0.839956413661593,0.839956413661593,0.839956413661593,0.839956413661593,0.839956413661593
"MKD","Macedonia",0.805495964858515,0.806926141587496,0.806960193414377,0.807130452548779,0.808492525624,0.808696836585283,0.808594681104641,0.802158885824225,0.811318827255082,0.810603738890591,0.816630912248442,0.801580004767256,0.793645929104096,0.778050192392822,0.773793714032758,0.766370415772806,0.763169544046038,0.761160486260088,0.75666564511186,0.739503524364082,0.735587564272823,0.723022440153914,0.720230190349712,0.709946538631798,0.70078659720094,0.703068069601934,0.703068069601934,0.714407327953145,0.714407327953145,0.714407327953145
"MLI","Mali",0.979330541083529,0.978649504545919,0.978649504545919,0.978649504545919,0.978649504545919,0.979296489256649,0.979296489256649,0.979296489256649,0.979296489256649,0.978921919160963,0.97875166002656,0.978853815507202,0.994824122314162,0.99472196683352,0.984234004154323,0.984846937038172,0.986890046651003,0.986924098477883,0.986515476555317,0.987060305785405,0.987162461266047,0.985289610787619,0.985425818095141,0.984370211461845,0.984370211461845,0.984370211461845,0.984370211461845,0.981782272618926,0.986924098477883,0.986924098477883
"MLT","Malta",0.797289474580311,0.797289474580311,0.797289474580311,0.792828685258964,0.792828685258964,0.790717471992372,0.774713113358532,0.709946538631798,0.714815949875711,0.700377975278374,0.693329247114108,0.676677903769537,0.684373616644533,0.664623557053836,0.681274900398406,0.670786937719208,0.659992508598086,0.654986890046651,0.635543296897879,0.597371198964824,0.599584567712058,0.579221575237511,0.577655191201008,0.585350904076004,0.58579357782545,0.572513365342051,0.570640514863623,0.564783600640174,0.568052576020704,0.568052576020704
"MMR","Myanmar",0.966254639561412,0.966254639561412,0.966254639561412,0.966254639561412,0.96611843225389,0.965948173119488,0.965948173119488,0.965948173119488,0.965948173119488,0.963360234276569,0.962883508700242,0.960193414376681,0.958627030340178,0.956617972554228,0.954983484863963,0.952702012462969,0.950727006503899,0.948649845064188,0.948649845064188,0.948649845064188,0.948649845064188,0.944427418531004,0.935880409983996,0.943780433820274,0.9388429189226,0.9388429189226,0.970000340518269,0.969693874076344,0.969693874076344,0.969693874076344
"MNE","Montenegro",0.763476010487963,0.763476010487963,0.763476010487963,0.763476010487963,0.763476010487963,0.762692818469711,0.761773419143937,0.762113937412742,0.763544114141724,0.760785916164402,0.760172983280553,0.757823407225798,0.753839343480778,0.746279837913304,0.744406987434876,0.75601866040113,0.762250144720264,0.767766540674907,0.748356999353015,0.757176422515068,0.751660026560425,0.743147069840297,0.735621616099704,0.725269860728028,0.723567269384003,0.717063370449825,0.7034766915245,0.698607280280587,0.700650389893418,0.700650389893418
"MNG","Mongolia",0.799400687846903,0.799400687846903,0.799400687846903,0.799400687846903,0.795757142370688,0.792113596894473,0.790989886607416,0.789321347090271,0.792624374297681,0.793986447372902,0.792079545067593,0.788980828821466,0.786460993632308,0.780263561140055,0.787482548438724,0.783464432866823,0.778118296046583,0.767596281540505,0.765110498178227,0.755371675690401,0.751625974733544,0.75131950829162,0.745019920318725,0.738788435999591,0.734668164947049,0.730207375625702,0.726597881976368,0.718221132563762,0.718221132563762,0.718221132563762
"MOZ","Mozambique",0.992236183471243,0.992236183471243,0.992236183471243,0.992236183471243,0.992236183471243,0.992099976163721,0.992236183471243,0.991521095106752,0.991521095106752,0.990397384819696,0.990193073858412,0.989886607416488,0.989001259917595,0.988081860591821,0.987094357612286,0.98668573568972,0.986924098477883,0.986413321074676,0.985936595498348,0.985970647325229,0.969489563115061,0.983825382231757,0.983178397521027,0.982940034732863,0.983178397521027,0.982837879252222,0.980113733101781,0.964688255524909,0.964688255524909,0.964688255524909
"MRT","Mauritania",0.975278373684748,0.975278373684748,0.975278373684748,0.975278373684748,0.975278373684748,0.975278373684748,0.975278373684748,0.975278373684748,0.975278373684748,0.976265876664283,0.976265876664283,0.976265876664283,0.976265876664283,0.976265876664283,0.973950352436408,0.968808526577451,0.968808526577451,0.968808526577451,0.968808526577451,0.962917560527122,0.960976606394933,0.960976606394933,0.959069704089624,0.958592978513297,0.955187795825246,0.956175298804781,0.941703272380563,0.938774815268839,0.938774815268839,0.938774815268839
"MUS","Mauritius",0.892396227057582,0.892396227057582,0.892396227057582,0.892396227057582,0.892396227057582,0.891102257636122,0.890591480232914,0.888616474273845,0.889195355330814,0.841488745871216,0.840637450199203,0.839275377123983,0.875710831886131,0.872850478428168,0.869990124970205,0.867061667858481,0.857390949024415,0.858242244696428,0.843940477406613,0.829706813770559,0.822998603875098,0.82047876868594,0.807947696393912,0.808117955528314,0.796370075254537,0.79190928593319,0.79190928593319,0.815711512922668,0.815711512922668,0.815711512922668
"MWI","Malawi",0.981952531753329,0.981952531753329,0.981952531753329,0.981952531753329,0.981952531753329,0.981952531753329,0.981952531753329,0.981952531753329,0.981952531753329,0.981952531753329,0.981952531753329,0.981952531753329,0.981952531753329,0.992338338951885,0.990465488473457,0.990465488473457,0.990465488473457,0.990465488473457,0.994483604045357,0.994483604045357,0.994483604045357,0.991418939626111,0.991418939626111,0.9827016719447,0.9827016719447,0.977151224163176,0.977151224163176,0.98334865665543,0.98334865665543,0.98334865665543
"MYS","Malaysia",0.938059726904348,0.937106275751694,0.930942895086321,0.916504920488984,0.913304048762216,0.909524295978479,0.907242823577485,0.904586781080805,0.900875131950829,0.896891068205809,0.889535873599619,0.88367895937617,0.883883270337454,0.875949194674294,0.863997003439235,0.85303231518371,0.842714611638914,0.83113699049954,0.818844280995675,0.818708073688153,0.815098580038819,0.811999863792693,0.803929580822011,0.804814928320904,0.799979568903872,0.7952123131406,0.790104539108523,0.787380392958082,0.784690298634522,0.784690298634522
"NAM","Namibia",0.884666462355705,0.884666462355705,0.884666462355705,0.884666462355705,0.884666462355705,0.884666462355705,0.884666462355705,0.884666462355705,0.884666462355705,0.884223788606259,0.884223788606259,0.884223788606259,0.892396227057582,0.892396227057582,0.892396227057582,0.892396227057582,0.892396227057582,0.892396227057582,0.927265297783226,0.927367453263868,0.926822624033779,0.92219157557803,0.917220008853475,0.92086355432969,0.914019137126707,0.909081622229033,0.901249702046515,0.800217931692035,0.800217931692035,0.800217931692035
"NER","Niger",0.994415500391596,0.994415500391596,0.99404093029591,0.994109033949671,0.994109033949671,0.994109033949671,0.994109033949671,0.994109033949671,0.994109033949671,0.994483604045357,0.994483604045357,0.994483604045357,0.994483604045357,0.997105594715156,0.994585759525998,0.994585759525998,0.994585759525998,0.993734463853986,0.993121530970136,0.991078421357306,0.994381448564716,0.992099976163721,0.992474546259407,0.993496101065822,0.993427997412061,0.993564204719583,0.993564204719583,0.994245241257193,0.986821942997242,0.986821942997242
"NGA","Nigeria",0.941090339496714,0.941090339496714,0.941090339496714,0.941090339496714,0.941090339496714,0.941090339496714,0.941090339496714,0.941090339496714,0.941567065073041,0.941567065073041,0.943133449109545,0.94217999795689,0.941396805938639,0.941635168726802,0.955289951305887,0.946232165355671,0.946232165355671,0.946232165355671,0.956958490823033,0.956958490823033,0.956958490823033,0.931010998740082,0.931010998740082,0.958933496782102,0.953825722750026,0.976912861375013,0.951680457656553,0.933224367487316,0.933428678448599,0.933428678448599
"NIC","Nicaragua",0.936220928252801,0.936220928252801,0.934995062485102,0.934995062485102,0.934995062485102,0.934995062485102,0.934995062485102,0.934995062485102,0.95079511015766,0.95079511015766,0.945006299587973,0.945278714203017,0.943303708243947,0.935301528927027,0.933088160179794,0.933564885756121,0.927197194129465,0.92549460278544,0.924541151632785,0.92488166990159,0.923281234038206,0.919092859331903,0.914972588279361,0.925801069227364,0.925801069227364,0.925801069227364,0.925801069227364,0.925801069227364,0.925801069227364,0.925801069227364
"NLD","Netherlands",0.575748288895699,0.575748288895699,0.575748288895699,0.575748288895699,0.575748288895699,0.568869819865836,0.556236592093166,0.647154969864133,0.639867878911704,0.634215275649539,0.629924745462594,0.626519562774543,0.623182483740253,0.616916947594238,0.505090748118637,0.500323492355365,0.489529063234243,0.477610923826063,0.471175128545646,0.531446862124153,0.522423128000817,0.515817073585998,0.504443763407907,0.4946708890932,0.505192903599278,0.491163550924507,0.477883338441107,0.473082030850955,0.473082030850955,0.473082030850955
"NOR","Norway",0.417679708516362,0.414478836789594,0.413525385636939,0.410426669390813,0.406306398338271,0.403139578438383,0.397691286137501,0.408655974393026,0.392583512105424,0.372799400687847,0.352981237443389,0.335989375830013,0.327408315456124,0.319542343446726,0.304457384138659,0.295059079919638,0.283004733203936,0.277079715326727,0.269792624374298,0.257772329485477,0.331596690162427,0.322436748731569,0.313719481050158,0.309633261824497,0.301392719719413,0.294105628766983,0.284026288010352,0.287431470698403,0.270848231007594,0.270848231007594
"NPL","Nepal",0.985596077229543,0.985596077229543,0.985596077229543,0.985596077229543,0.985596077229543,0.985596077229543,0.985187455306977,0.985187455306977,0.985187455306977,0.979909422140498,0.979909422140498,0.979909422140498,0.979909422140498,0.979909422140498,0.979909422140498,0.979909422140498,0.979909422140498,0.931896346238976,0.92151053904042,0.912963530493411,0.912963530493411,0.912963530493411,0.883610855722409,0.8710457316035,0.861409064596316,0.858787073926516,0.851295672012803,0.851295672012803,0.828685258964143,0.828685258964143
"NRU","Nauru",0.748731569448701,0.748731569448701,0.748731569448701,0.748731569448701,0.748731569448701,0.748731569448701,0.748731569448701,0.748731569448701,0.748731569448701,0.756325126843055,0.756325126843055,0.756325126843055,0.756325126843055,0.733442299179351,0.733442299179351,0.7300371164913,0.719242687370177,0.719242687370177,0.719242687370177,0.719242687370177,0.742397929648926,0.742397929648926,0.742397929648926,0.710389212381244,0.710389212381244,0.710389212381244,0.710389212381244,0.710389212381244,0.710389212381244,0.710389212381244
"NZL","New Zealand",0.601627677324888,0.601287159056083,0.62165015153063,0.598120339156196,0.599516464058297,0.600027241461504,0.583205638982532,0.610413048660061,0.619232471822113,0.607007865972009,0.600197500595907,0.60506691183982,0.590662989069364,0.56716722852181,0.5638642013144,0.551094766234208,0.547689583546157,0.549460278543944,0.546429665951578,0.541764565668948,0.532161950488644,0.529301597030681,0.528007627609221,0.523308475499711,0.52061838117615,0.503864882350938,0.491299758232029,0.475635917866994,0.460653114039568,0.460653114039568
"OMN","Oman",0.865733646610141,0.865733646610141,0.882555249089114,0.872782374774407,0.872271597371199,0.836993904722988,0.835563727994007,0.834099499438145,0.831954234344673,0.82378179589335,0.816154186672115,0.810263220621786,0.799707154288828,0.789457554397793,0.778390710661627,0.771171723362958,0.774815268839173,0.784690298634522,0.78394115844315,0.768924302788845,0.77263595191882,0.782340722579766,0.784281676711956,0.780706234889502,0.780501923928219,0.782817448156094,0.779991146525011,0.77590492729935,0.77590492729935,0.77590492729935
"PAK","Pakistan",0.97405250791705,0.972792590322471,0.971634828208533,0.970443014267715,0.969523614941942,0.969046889365614,0.968468008308646,0.968468008308646,0.968468008308646,0.965062825620595,0.963666700718494,0.963666700718494,0.964586100044267,0.962032213028229,0.961249021009977,0.960533932645486,0.964007218987299,0.962611094085198,0.959103755916505,0.960261518030442,0.958661082167058,0.95678823168863,0.951748561310314,0.940749821227909,0.951305887560868,0.951305887560868,0.945244662376136,0.945244662376136,0.945244662376136,0.945244662376136
"PAN","Panama",0.926754520380018,0.92423468519086,0.923349337691967,0.924064426056458,0.921033813464092,0.921033813464092,0.896720809071407,0.891034153982361,0.881227227840774,0.889025096196411,0.887697074948071,0.887731126774951,0.889331562638336,0.886675520141656,0.889127251677052,0.912623012224606,0.872169441890557,0.868764259202506,0.84840126672796,0.847686178363469,0.85442844008581,0.847005141825859,0.843021078080839,0.842748663465795,0.837266319338033,0.826403786563149,0.815370994653863,0.833214151939252,0.833214151939252,0.833214151939252
"PER","Peru",0.946845098239521,0.946845098239521,0.948479585929785,0.948479585929785,0.9414649095924,0.9414649095924,0.9414649095924,0.9414649095924,0.9414649095924,0.9414649095924,0.9414649095924,0.9414649095924,0.824871454353526,0.824871454353526,0.925903224708006,0.925903224708006,0.925903224708006,0.911771716552593,0.888446215139442,0.892804848980148,0.893281574556475,0.883713011203051,0.88231688630095,0.854019818163244,0.884598358701944,0.873599618619539,0.855007321142779,0.854326284605169,0.85173834576225,0.85173834576225
"PHL","Philippines",0.816596860421562,0.816596860421562,0.816256342152756,0.816256342152756,0.816256342152756,0.81782272618926,0.818537814553751,0.823066707528859,0.820138250417135,0.823952055027752,0.818639970034392,0.81383866244424,0.805325705724112,0.789457554397793,0.772057070861852,0.893826403786563,0.857254741716893,0.844962032213028,0.83845813327885,0.833486566554296,0.827527496850206,0.823713692239589,0.820921442435387,0.817584363401096,0.814451595328089,0.814042973405523,0.812442537542139,0.812442537542139,0.812442537542139,0.812442537542139
"PLW","Palau",0.746620356182109,0.746620356182109,0.746620356182109,0.746620356182109,0.746620356182109,0.746620356182109,0.746620356182109,0.746620356182109,0.746620356182109,0.748220792045493,0.748220792045493,0.752272959444274,0.752272959444274,0.752272959444274,0.745700956856335,0.728572887935438,0.728572887935438,0.728572887935438,0.728572887935438,0.740831545612422,0.740831545612422,0.740831545612422,0.749923383389519,0.700207716143971,0.700207716143971,0.71740388871863,0.598801375693806,0.705928423059897,0.715803452855246,0.715803452855246
"PNG","Papua New Guinea",0.982497360983417,0.982497360983417,0.982497360983417,0.982497360983417,0.982497360983417,0.983280553001669,0.983280553001669,0.983280553001669,0.983280553001669,0.983280553001669,0.983280553001669,0.983280553001669,0.983280553001669,0.98740082405421,0.98740082405421,0.984540470596247,0.984540470596247,0.984540470596247,0.984540470596247,0.984540470596247,0.984540470596247,0.984540470596247,0.984540470596247,0.98334865665543,0.986311165594034,0.986311165594034,0.983008138386624,0.983008138386624,0.983076242040385,0.983076242040385
"POL","Poland",0.713556032281132,0.708822828344741,0.706643511424388,0.711342663533899,0.729083665338645,0.738379814077025,0.739775938979126,0.739060850614635,0.739128954268396,0.736847481867402,0.73735825927061,0.735587564272823,0.731228930432118,0.731262982258998,0.72874314706984,0.728402628801035,0.728164266012872,0.641434262948207,0.727721592263425,0.727244866687098,0.728130214185991,0.726189260053802,0.72942418360745,0.730547893894507,0.675383934348078,0.677154629345864,0.668709776279497,0.670480471277284,0.649811012360813,0.649811012360813
"PRK","Korea, Democratic People's Repub",0.76926482105765,0.76926482105765,0.76926482105765,0.76926482105765,0.76926482105765,0.76926482105765,0.76926482105765,0.76926482105765,0.764940239043825,0.764940239043825,0.764940239043825,0.764940239043825,0.764940239043825,0.7539755507883,0.7539755507883,0.7539755507883,0.7539755507883,0.748459154833657,0.748459154833657,0.746381993393946,0.746381993393946,0.739775938979126,0.729696598222495,0.729696598222495,0.729696598222495,0.729696598222495,0.729696598222495,0.729696598222495,0.729696598222495,0.729696598222495
"PRT","Portugal",0.766029897504001,0.763339803180441,0.76194367827834,0.76000272414615,0.75928763578166,0.756563489631219,0.754826846460313,0.753703136173256,0.745837164163857,0.73735825927061,0.727074607552695,0.715939660162768,0.703306432390098,0.691899070385126,0.679197738958695,0.665883474648415,0.654067490720877,0.646201518711479,0.638369598528961,0.630026900943236,0.6183811761501,0.605884155684952,0.592740150509075,0.579902611775122,0.569040079000238,0.55719004324582,0.545305955664521,0.535839547791739,0.530493410971499,0.530493410971499
"PRY","Paraguay",0.911192835495624,0.911192835495624,0.898661763203596,0.898661763203596,0.898661763203596,0.896210031668199,0.896210031668199,0.89491606224674,0.89491606224674,0.89491606224674,0.89491606224674,0.89491606224674,0.89491606224674,0.89491606224674,0.89491606224674,0.89491606224674,0.89491606224674,0.916470868662104,0.93414376681309,0.932339019988422,0.930432117683114,0.929104096434774,0.927844178840195,0.891340620424286,0.891340620424286,0.897129430993973,0.583307794463173,0.549494330370824,0.549494330370824,0.549494330370824
"QAT","Qatar",0.791466612183744,0.791466612183744,0.791466612183744,0.791466612183744,0.791466612183744,0.791466612183744,0.758879013859094,0.758879013859094,0.758879013859094,0.758879013859094,0.712432321994075,0.704974971907243,0.704974971907243,0.691286137501277,0.729322028126809,0.653114039568223,0.653114039568223,0.653114039568223,0.653114039568223,0.725440119862431,0.725440119862431,0.736472911771717,0.701637892872953,0.670276160316001,0.670276160316001,0.670276160316001,0.670276160316001,0.670276160316001,0.610481152313822,0.610481152313822
"ROU","Romania",0.758504443763408,0.756972111553785,0.757414785303232,0.755644090305445,0.753873395307658,0.75200054482923,0.748391051179896,0.737766881193176,0.744304831954234,0.732761262641741,0.728300473320394,0.721626315251813,0.716961214969183,0.71607586747029,0.709810331324276,0.722988388327034,0.718255184390643,0.711138352572615,0.703136173255695,0.695815030476385,0.685156808662785,0.674430483195423,0.661388633500187,0.649402390438247,0.63431743113018,0.623080328259611,0.60768890250962,0.597984131848674,0.597984131848674,0.597984131848674
"RUS","Russian Federation",0.62236523989512,0.623761364797221,0.623454898355297,0.6250212823918,0.623148431913372,0.59243368406715,0.606156570299997,0.602785439438826,0.600606122518473,0.598903531174448,0.598597064732523,0.592910409643477,0.59239963224027,0.595498348486396,0.594068171757415,0.594578949160622,0.62168420335751,0.725303912554909,0.72206898900126,0.70807368815337,0.549085708448258,0.5532059795008,0.55719004324582,0.566349984676678,0.566588347464841,0.583001328021248,0.585044437634079,0.588722034937174,0.588722034937174,0.588722034937174
"RWA","Rwanda",0.987741342323016,0.987741342323016,0.987741342323016,0.987741342323016,0.987741342323016,0.987741342323016,0.987741342323016,0.987741342323016,0.987741342323016,0.9867197875166,0.986379269247795,0.986379269247795,0.986379269247795,0.977934416181428,0.978104675315831,0.978104675315831,0.98018524193823,0.98018524193823,0.977219327816937,0.968502060135526,0.965846017638846,0.963087819661525,0.962577042258317,0.957571423706882,0.966561106003337,0.967208090714067,0.965982224946368,0.961725746586304,0.961725746586304,0.961725746586304
"SAU","Saudi Arabia",0.869104777471311,0.869104777471311,0.869104777471311,0.869104777471311,0.869104777471311,0.894166922055368,0.896720809071407,0.896720809071407,0.896720809071407,0.896720809071407,0.896720809071407,0.896720809071407,0.896720809071407,0.78721013382368,0.78060407940886,0.750366057138966,0.749548813293833,0.749276398678789,0.744066469166071,0.732863418122382,0.730377634760105,0.714543535260667,0.750263901658324,0.696768481629039,0.690400790002384,0.681581366840331,0.674464535022304,0.671638233391221,0.663193380324854,0.663193380324854
"SDN","Sudan",0.964279633602343,0.964279633602343,0.964279633602343,0.964279633602343,0.964279633602343,0.961964109374468,0.961964109374468,0.961964109374468,0.961964109374468,0.958933496782102,0.958933496782102,0.955153743998366,0.956890387169272,0.958627030340178,0.958627030340178,0.958627030340178,0.958627030340178,0.958627030340178,0.958627030340178,0.951544250349031,0.961691694759424,0.961691694759424,0.966663261483979,0.957060646303674,0.957060646303674,0.957060646303674,0.957060646303674,0.957060646303674,0.957060646303674,0.957060646303674
"SEN","Senegal",0.989682296455205,0.989069363571356,0.989069363571356,0.989001259917595,0.989001259917595,0.989001259917595,0.989001259917595,0.989001259917595,0.989001259917595,0.990397384819696,0.990397384819696,0.990397384819696,0.990397384819696,0.985493921748902,0.985493921748902,0.985493921748902,0.985493921748902,0.985493921748902,0.976780059250179,0.976780059250179,0.98885143187932,0.989648244628324,0.989477985493922,0.989477985493922,0.981101236081316,0.987775394149896,0.980862873293152,0.983689174924235,0.984302107808084,0.984302107808084
"SGP","Singapore",0.810161065141145,0.810161065141145,0.810161065141145,0.810161065141145,0.81983178397521,0.81850376272687,0.809514080430415,0.809003303027207,0.806721830626213,0.791739026798788,0.787720911226887,0.787176081996799,0.782306670752886,0.775394149896142,0.761807470970818,0.745088023972486,0.76194367827834,0.747437600027241,0.741035856573705,0.731160826778357,0.718561650832567,0.710389212381244,0.704566349984677,0.702727551333129,0.70013961249021,0.702182722103041,0.69278441788402,0.682602921646746,0.682602921646746,0.682602921646746
"SLB","Solomon Islands",0.969114993019376,0.969114993019376,0.969114993019376,0.969114993019376,0.969625770422583,0.969625770422583,0.969625770422583,0.969625770422583,0.952055027752239,0.952055027752239,0.947253720162087,0.947253720162087,0.947253720162087,0.947560186604011,0.92549460278544,0.92549460278544,0.93618687642592,0.940000681036538,0.931113154220724,0.931113154220724,0.931113154220724,0.931079102393843,0.931079102393843,0.928423059897163,0.928423059897163,0.928423059897163,0.928423059897163,0.928423059897163,0.92620969114993,0.92620969114993
"SLE","Sierra Leone",0.992270235298124,0.992270235298124,0.992270235298124,0.992270235298124,0.992270235298124,0.992270235298124,0.992270235298124,0.992270235298124,0.992270235298124,0.993700412027105,0.993700412027105,0.993700412027105,0.993700412027105,0.996850206013553,0.996850206013553,0.99666292096571,0.992236183471243,0.992236183471243,0.959512377839071,0.968433956481765,0.973133108591276,0.975686995607314,0.973984404263289,0.973950352436408,0.971873190996697,0.992746960874451,0.992746960874451,0.958286512071373,0.958286512071373,0.958286512071373
"SLV","El Salvador",0.948462560016345,0.948462560016345,0.942980215888582,0.942980215888582,0.937600027241462,0.937600027241462,0.937600027241462,0.928048489801478,0.928048489801478,0.928048489801478,0.931974665440801,0.931974665440801,0.896448394456363,0.889978547349065,0.889978547349065,0.889978547349065,0.889978547349065,0.889978547349065,0.875574624578609,0.876085401981816,0.876051350154936,0.886157932373072,0.883910511798958,0.837062008376749,0.837062008376749,0.837062008376749,0.811761501004529,0.874927639867879,0.873225048523853,0.873225048523853
"SMR","San Marino",0.559335308339292,0.559335308339292,0.559335308339292,0.559335308339292,0.559335308339292,0.559335308339292,0.559335308339292,0.559335308339292,0.559335308339292,0.559335308339292,0.559335308339292,0.559335308339292,0.559335308339292,0.559335308339292,0.559335308339292,0.559335308339292,0.559335308339292,0.547042598835427,0.548438723737529,0.526543399053359,0.526543399053359,0.526543399053359,0.526543399053359,0.526543399053359,0.526543399053359,0.526543399053359,0.526543399053359,0.548098205468723,0.523512786460994,0.523512786460994
"SOM","Somalia",0.994585759525998,0.994585759525998,0.994585759525998,0.994585759525998,0.994585759525998,0.994585759525998,0.994585759525998,0.994585759525998,0.994585759525998,0.994585759525998,0.994585759525998,0.998535771444138,0.998535771444138,0.998535771444138,0.998535771444138,0.998535771444138,0.998535771444138,0.998535771444138,0.998535771444138,0.991929717029319,0.991929717029319,0.991929717029319,0.991929717029319,0.991929717029319,0.991929717029319,0.991929717029319,0.991929717029319,0.991929717029319,0.991929717029319,0.991929717029319
"SRB","Serbia",0.711615078148943,0.711615078148943,0.711615078148943,0.711615078148943,0.711615078148943,0.711615078148943,0.711615078148943,0.711615078148943,0.711615078148943,0.703646950658903,0.710627575169408,0.710729730650049,0.702727551333129,0.693976231824837,0.693805972690435,0.690605100963667,0.686586985391766,0.687097762794974,0.685667586065992,0.687983110293867,0.684577927605816,0.688664146831477,0.68485034222086,0.680355501072633,0.680355501072633,0.689379235195968,0.674805053291109,0.669152450028944,0.669152450028944,0.669152450028944
"STP","Sao Tome and Principe",0.920046310484557,0.920046310484557,0.920046310484557,0.920046310484557,0.920046310484557,0.920046310484557,0.920046310484557,0.920046310484557,0.920046310484557,0.918445874621173,0.918445874621173,0.918445874621173,0.918445874621173,0.918445874621173,0.918445874621173,0.918445874621173,0.918445874621173,0.918445874621173,0.918445874621173,0.918445874621173,0.916573024142745,0.916573024142745,0.916573024142745,0.925937276534886,0.911976027513876,0.911976027513876,0.911976027513876,0.91292947866653,0.91292947866653,0.91292947866653
"SUR","Suriname",0.927742023359553,0.944699833146048,0.944699833146048,0.944699833146048,0.944699833146048,0.939626110940852,0.939626110940852,0.939626110940852,0.939626110940852,0.805019239282187,0.805019239282187,0.805019239282187,0.805019239282187,0.805019239282187,0.87897980726666,0.87897980726666,0.87897980726666,0.87897980726666,0.904110055504478,0.912691115878367,0.899853577144414,0.901488064834678,0.900568665508904,0.885449654373957,0.847311608267784,0.847311608267784,0.852725848741785,0.852725848741785,0.897504001089658,0.897504001089658
"SVK","Slovakia",0.636864507780842,0.636864507780842,0.636864507780842,0.636864507780842,0.642312800081724,0.638539857663364,0.645384274866347,0.650594204379065,0.663636054074301,0.668743828106378,0.68352232097252,0.678448598767324,0.661014063404502,0.662750706575408,0.671910648006266,0.669424864643988,0.676133074539449,0.678380495113563,0.679844723669425,0.678380495113563,0.679640412708142,0.676916266557701,0.682500766166105,0.677290836653386,0.674498586849184,0.669084346375183,0.671093404161133,0.671774440698743,0.671774440698743,0.671774440698743
"SVN","Slovenia",0.712602581128478,0.705894371233017,0.697892191916096,0.697926243742977,0.695712874995744,0.6954404603807,0.68549732693159,0.682364558858583,0.674498586849184,0.67088909319985,0.666360200224742,0.661422685327068,0.656314911294991,0.651649811012361,0.644873497463139,0.638539857663364,0.631218714884053,0.635304934109715,0.62699628835087,0.613647972213709,0.603943201552763,0.567405591309974,0.554772363537304,0.543943882589301,0.535941703272381,0.528688664146831,0.52725848741785,0.528211938570504,0.528211938570504,0.528211938570504
"SWE","Sweden",0.566145673715395,0.56583920727347,0.567507746790615,0.558109442571594,0.552422787482548,0.547996049988082,0.539312834133551,0.528722715973712,0.522559335308339,0.512684305512991,0.503115742159567,0.494636837266319,0.488098886505261,0.484829911124732,0.481833350359247,0.477440664691661,0.473694963734804,0.469302278067218,0.465692784417884,0.463785882112575,0.460891476827732,0.459563455579392,0.459359144618109,0.458235434331052,0.460414751251405,0.46606735451357,0.454966458950523,0.454966458950523,0.454966458950523,0.454966458950523
"SWZ","Swaziland",0.887935437736235,0.887935437736235,0.887935437736235,0.887935437736235,0.887935437736235,0.887935437736235,0.887288453025505,0.887288453025505,0.887969489563115,0.780399768447577,0.780399768447577,0.780399768447577,0.780399768447577,0.780399768447577,0.780467872101338,0.780467872101338,0.782476929887288,0.782476929887288,0.886573364661014,0.883815166683693,0.880648346783805,0.874859536214118,0.866040113052065,0.857254741716893,0.857254741716893,0.914461810876154,0.914461810876154,0.834712432321994,0.83842408145197,0.83842408145197
"SYC","Seychelles",0.712602581128478,0.712602581128478,0.712602581128478,0.712602581128478,0.712602581128478,0.712602581128478,0.712602581128478,0.712602581128478,0.712602581128478,0.710968093438213,0.814077025232404,0.818231348111826,0.815609357442027,0.826846460312596,0.81516668369258,0.818912384649436,0.817209793305411,0.827221030408281,0.827221030408281,0.827221030408281,0.827221030408281,0.699765042394524,0.699765042394524,0.680593863860796,0.753635032519495,0.76133074539449,0.707631014403923,0.529505907991964,0.528518405012429,0.528518405012429
"SYR","Syrian Arab Republic",0.884428099567542,0.884428099567542,0.884428099567542,0.87966084380427,0.893553989171519,0.89093199850172,0.89093199850172,0.88827595600504,0.894507440324173,0.891034153982361,0.888718629754486,0.888718629754486,0.89294105628767,0.894200973882249,0.895528995130589,0.894507440324173,0.894507440324173,0.894507440324173,0.894507440324173,0.881125072360132,0.881125072360132,0.914802329144959,0.890250961964109,0.890455272925392,0.89031906561787,0.892838900807028,0.890829843021078,0.890829843021078,0.890829843021078,0.890829843021078
"TCD","Chad",1,1,1,0.999897844519358,0.999523274423673,0.99734395750332,0.99734395750332,0.99734395750332,0.99734395750332,0.99267885722069,0.99267885722069,0.995266796063609,0.995266796063609,0.995266796063609,0.995266796063609,0.995266796063609,0.995266796063609,0.991929717029319,0.990942214049784,0.992338338951885,0.992542649913168,0.994211189430313,0.993427997412061,0.990635747607859,0.996118091735622,0.993870671161508,0.99404093029591,0.992576701740048,0.993870671161508,0.993870671161508
"TGO","Togo",0.988286171553104,0.988286171553104,0.988286171553104,0.988286171553104,0.988286171553104,0.988286171553104,0.988933156263834,0.988933156263834,0.988933156263834,0.989409881840161,0.989409881840161,0.989409881840161,0.987230564919808,0.990874110396023,0.990874110396023,0.991023938434297,0.991023938434297,0.991023938434297,0.991023938434297,0.991023938434297,0.991044369530425,0.990635747607859,0.986345217420915,0.986583580209078,0.984812885211292,0.983280553001669,0.98736677222733,0.982905982905983,0.982905982905983,0.982905982905983
"THA","Thailand",0.963019716007764,0.963019716007764,0.961555487451902,0.957230905438077,0.955358054959649,0.955358054959649,0.950556747369496,0.947526134777131,0.947526134777131,0.942282153437532,0.942282153437532,0.940783873054789,0.941192494977356,0.938774815268839,0.936220928252801,0.920523036060885,0.920523036060885,0.920523036060885,0.920523036060885,0.920523036060885,0.908468689345183,0.895801409745633,0.8776858378452,0.893417781863997,0.879286273708584,0.880614294956924,0.879524636496748,0.879524636496748,0.86239656757585,0.86239656757585
"TJK","Tajikistan",0.767596281540505,0.772772159226342,0.776790274798243,0.785371335172132,0.784962713249566,0.788470051418259,0.800320087172677,0.804746824667143,0.818299451765587,0.819457213879525,0.821534375319236,0.821296012531072,0.821330064357953,0.818912384649436,0.826982667620118,0.813225729560391,0.808901147546566,0.797561889195355,0.795961453331971,0.79187523410631,0.786733408247352,0.776177341914394,0.77130793067048,0.762352300200906,0.762318248374025,0.708243947287772,0.713487928627371,0.715292675452038,0.719038376408894,0.719038376408894
"TKM","Turkmenistan",0.590833248203766,0.669050294548302,0.680491708380155,0.599414308577655,0.599652671365819,0.616235911056628,0.620526441243573,0.666973133108591,0.658630435522866,0.749003984063745,0.763714373276126,0.77396397316716,0.782817448156094,0.78724418565056,0.78990022814724,0.791160145741819,0.791739026798788,0.794497224776109,0.797595941022236,0.798617495828651,0.800490346307079,0.802908026015596,0.804031736302653,0.806619675145572,0.810161065141145,0.813498144175435,0.817924881669902,0.817720570708618,0.817958933496782,0.817958933496782
"TLS","Timor-Leste",0.933871352198045,0.933871352198045,0.933871352198045,0.933871352198045,0.933871352198045,0.933871352198045,0.933871352198045,0.933871352198045,0.933871352198045,0.933871352198045,0.933871352198045,0.933871352198045,0.965471447543161,0.964824462832431,0.961827902066946,0.960363673511084,0.960431777164845,0.960431777164845,0.950590799196377,0.931896346238976,0.92886573364661,0.92886573364661,0.918173460006129,0.9215445908673,0.917015697892192,0.917662682602922,0.917662682602922,0.917662682602922,0.917662682602922,0.917662682602922
"TON","Tonga",0.875063847175401,0.875063847175401,0.875063847175401,0.875063847175401,0.875063847175401,0.873054789389451,0.878503081690333,0.877890148806483,0.877890148806483,0.877890148806483,0.877890148806483,0.877890148806483,0.877890148806483,0.868457792760582,0.862703034017775,0.857254741716893,0.857254741716893,0.857254741716893,0.855211632104062,0.855211632104062,0.855211632104062,0.855211632104062,0.855211632104062,0.852078864031055,0.822045152722443,0.815609357442027,0.824939558007287,0.824939558007287,0.824939558007287,0.824939558007287
"TTO","Trinidad and Tobago",0.873122893043212,0.902747982429257,0.902305308679811,0.882248782647189,0.877583682364559,0.884564306875064,0.880001362073075,0.877992304287125,0.874825484387237,0.874825484387237,0.874825484387237,0.846528416249532,0.847345660094664,0.847345660094664,0.840058569142235,0.847584022882828,0.836210712704737,0.836210712704737,0.836210712704737,0.836210712704737,0.802192937651105,0.776722171144482,0.707562910750162,0.735042735042735,0.729083665338645,0.725916845438758,0.73071815302891,0.73071815302891,0.721013382367964,0.721013382367964
"TUN","Tunisia",0.910375591650492,0.909898866074165,0.909183777709674,0.908196274730139,0.907344979058126,0.906595838866755,0.905744543194742,0.905335921272176,0.904859195695849,0.862226308441448,0.875574624578609,0.875574624578609,0.872441856505601,0.892021656961896,0.892736745326387,0.885960431777165,0.885960431777165,0.885960431777165,0.885960431777165,0.871181938911023,0.869547451220758,0.870841420642217,0.874927639867879,0.874927639867879,0.88626689821909,0.887050090237341,0.884087581298737,0.884087581298737,0.884087581298737,0.884087581298737
"TUR","Turkey",0.907821704634454,0.908741103960227,0.906561787039875,0.904348418292641,0.902611775121735,0.9002281472401,0.897538052916539,0.897946674839105,0.896720809071407,0.895154425034903,0.893111315422072,0.889842340041543,0.882010419859025,0.878400926209691,0.874076344195866,0.868491844587462,0.863486226036027,0.85837845200395,0.856812067967446,0.858071985562025,0.854734906527735,0.856369394218,0.850852998263357,0.84111417577553,0.836925801069227,0.821466271665475,0.816290393979637,0.807709333605748,0.807709333605748,0.807709333605748
"TUV","Tuvalu",0.842816767119556,0.842816767119556,0.842816767119556,0.842816767119556,0.842816767119556,0.842816767119556,0.842816767119556,0.842816767119556,0.791807130452549,0.791807130452549,0.791807130452549,0.791807130452549,0.791807130452549,0.757789355398917,0.751932441175469,0.751932441175469,0.751932441175469,0.751932441175469,0.751932441175469,0.844587462117343,0.844587462117343,0.844587462117343,0.844587462117343,0.817005482344128,0.817005482344128,0.822385670991249,0.822385670991249,0.822385670991249,0.822385670991249,0.822385670991249
"TZA","Tanzania, United Republic of",0.988524534341267,0.988524534341267,0.988524534341267,0.988524534341267,0.988524534341267,0.988524534341267,0.988524534341267,0.989137467225117,0.989137467225117,0.989137467225117,0.989137467225117,0.993700412027105,0.993700412027105,0.993700412027105,0.993700412027105,0.993700412027105,0.993700412027105,0.986447372901556,0.986447372901556,0.985834440017707,0.985834440017707,0.985834440017707,0.980862873293152,0.981816324445806,0.981816324445806,0.981816324445806,0.981816324445806,0.981067184254435,0.974290870705213,0.974290870705213
"UGA","Uganda",0.977049068682535,0.977049068682535,0.977049068682535,0.977049068682535,0.977049068682535,0.977049068682535,0.977049068682535,0.977049068682535,0.977049068682535,0.975891306568597,0.952531753328566,0.952531753328566,0.952531753328566,0.952531753328566,0.952531753328566,0.952531753328566,0.952531753328566,0.958627030340178,0.953689515442503,0.956652024381108,0.945176558722375,0.942077842476249,0.945346817856778,0.953246841693057,0.953246841693057,0.939728266421494,0.939728266421494,0.918820444716859,0.918820444716859,0.918820444716859
"UKR","Ukraine",0.631048455749651,0.679231790785576,0.679980930976947,0.679299894439337,0.679436101746859,0.679436101746859,0.68021929376511,0.680968433956482,0.68086627847584,0.68018524193823,0.678346443286682,0.675690400790002,0.675860659924405,0.675928763578166,0.631967855075425,0.634760104879627,0.63496441584091,0.633874757380734,0.632478632478632,0.679912827323186,0.679912827323186,0.679912827323186,0.679912827323186,0.679912827323186,0.679912827323186,0.679912827323186,0.679912827323186,0.679912827323186,0.675213675213675,0.675213675213675
"URY","Uruguay",0.851329723839684,0.846460312595771,0.846460312595771,0.846460312595771,0.845030135866789,0.845030135866789,0.845030135866789,0.843940477406613,0.843940477406613,0.843940477406613,0.843940477406613,0.770865256921034,0.770865256921034,0.664317090611911,0.664317090611911,0.664317090611911,0.664317090611911,0.664317090611911,0.664317090611911,0.664317090611911,0.664317090611911,0.663908468689345,0.629788538155072,0.601219055402322,0.605986311165594,0.581571151292267,0.600061293288385,0.59178669935642,0.59178669935642,0.59178669935642
"USA","United States",0.651717914666122,0.537610242789526,0.541696462015187,0.538291279327136,0.566894813906766,0.567065073041169,0.566384036503559,0.566384036503559,0.570129737460415,0.559403411993053,0.555657711036197,0.552593046616951,0.55054993700412,0.544761126434433,0.544080089896823,0.539653352402356,0.535567133176695,0.53454557837028,0.535567133176695,0.533524023563864,0.529778322607008,0.519903292811659,0.516838628392413,0.521027003098716,0.440528484353186,0.462457860864235,0.437021146184493,0.421493513126979,0.421493513126979,0.421493513126979
"UZB","Uzbekistan",0.533626179044506,0.523002009057786,0.521673987809446,0.528041679436102,0.527020124629686,0.530459359144618,0.532502468757449,0.535975755099261,0.540164129805564,0.544931385568836,0.536384377021827,0.543024483263527,0.54053869990125,0.532298157796166,0.532468416930568,0.526236932611435,0.525487792420063,0.528075731262982,0.531480913951033,0.534239111928355,0.535158511254129,0.537371880001362,0.538325331154016,0.547553376238635,0.562093506316614,0.546497769605339,0.529642115299486,0.529642115299486,0.529642115299486,0.529642115299486
"VCT","Saint Vincent and the Grenadines",0.903701433581912,0.903701433581912,0.88895699254265,0.88895699254265,0.88895699254265,0.841659005005619,0.841046072121769,0.841046072121769,0.841046072121769,0.81983178397521,0.81983178397521,0.81983178397521,0.81983178397521,0.81983178397521,0.81983178397521,0.892838900807028,0.892838900807028,0.883202233799843,0.661797255422753,0.658800694657268,0.640480811795553,0.675486089828719,0.747267340892839,0.719583205638982,0.719583205638982,0.719583205638982,0.719583205638982,0.719583205638982,0.80917356216161,0.80917356216161
"VEN","Venezuela, Bolivarian Republic o",0.914291551741751,0.914291551741751,0.914291551741751,0.914291551741751,0.914291551741751,0.914291551741751,0.898832022337998,0.898832022337998,0.898832022337998,0.898832022337998,0.898832022337998,0.898832022337998,0.898832022337998,0.898832022337998,0.898832022337998,0.898832022337998,0.898832022337998,0.898832022337998,0.898832022337998,0.898832022337998,0.898832022337998,0.898832022337998,0.879933258419314,0.877583682364559,0.877583682364559,0.877583682364559,0.877583682364559,0.877583682364559,0.877583682364559,0.877583682364559
"VNM","Viet Nam",0.957230905438077,0.957230905438077,0.957230905438077,0.960261518030442,0.959069704089624,0.959069704089624,0.95811625293697,0.956277454285422,0.956277454285422,0.956277454285422,0.951578302175912,0.949705451697484,0.947117512854565,0.944325263050363,0.940511458439745,0.935914461810876,0.935914461810876,0.924779514420949,0.924779514420949,0.927095038648823,0.926992883168182,0.925290291824156,0.925290291824156,0.923383389518848,0.919671740388872,0.92423468519086,0.915687676643852,0.915687676643852,0.915687676643852,0.915687676643852
"VUT","Vanuatu",0.915074743760003,0.915074743760003,0.915074743760003,0.915074743760003,0.915074743760003,0.915074743760003,0.915074743760003,0.915074743760003,0.915074743760003,0.937889467769946,0.937889467769946,0.937889467769946,0.9454830251643,0.94149896141928,0.94149896141928,0.94149896141928,0.94149896141928,0.933360574794838,0.933360574794838,0.933360574794838,0.933360574794838,0.933905404024926,0.933905404024926,0.948002860353458,0.947185616508326,0.947185616508326,0.947185616508326,0.947185616508326,0.947185616508326,0.947185616508326
"WSM","Samoa",0.924813566247829,0.924813566247829,0.924813566247829,0.925290291824156,0.913848877992304,0.913848877992304,0.913848877992304,0.913848877992304,0.936323083733442,0.936323083733442,0.936425239214084,0.936425239214084,0.936425239214084,0.92488166990159,0.92488166990159,0.940681717574148,0.940681717574148,0.932577382776586,0.928082541628358,0.925869172881125,0.925869172881125,0.930466169509994,0.930466169509994,0.911192835495624,0.873395307658256,0.879184118227943,0.879218170054823,0.879218170054823,0.879218170054823,0.879218170054823
"YEM","Yemen",0.98140770252324,0.981986583580209,0.982565464637178,0.982565464637178,0.982565464637178,0.982565464637178,0.982565464637178,0.982565464637178,0.982565464637178,0.970885688017162,0.970885688017162,0.970885688017162,0.970885688017162,0.971907242823578,0.971907242823578,0.971975346477339,0.971975346477339,0.971975346477339,0.967821023597916,0.967684816290394,0.972281812919263,0.971702931862294,0.971260258112848,0.970885688017162,0.970885688017162,0.979739163006095,0.975721047434195,0.9734395750332,0.98069261415875,0.98069261415875
"ZAF","South Africa",0.958150304763851,0.958150304763851,0.958150304763851,0.958150304763851,0.958252460244492,0.958865393128341,0.959274015050907,0.959205911397146,0.958695133993939,0.953723567269384,0.952736064289849,0.95147614669527,0.951986924098478,0.950216229100691,0.947321823815848,0.944359314877243,0.942690775360098,0.940920080362311,0.937889467769946,0.936289031906562,0.934279974120612,0.932304968161542,0.931998501719617,0.93618687642592,0.938979126230122,0.941601116899922,0.941533013246161,0.757721251745156,0.757721251745156,0.757721251745156
"ZMB","Zambia",0.975789151087956,0.975789151087956,0.975789151087956,0.975789151087956,0.975789151087956,0.975789151087956,0.975789151087956,0.975789151087956,0.975789151087956,0.973643885994484,0.976265876664283,0.977117172336296,0.977117172336296,0.976606394933088,0.976470187625566,0.976197773010522,0.976197773010522,0.976197773010522,0.976197773010522,0.976197773010522,0.976197773010522,0.975176218204107,0.96874042292369,0.95147614669527,0.946095958048149,0.938468348826915,0.929376511049818,0.891442775904927,0.891442775904927,0.891442775904927
"ZWE","Zimbabwe",0.943337760070828,0.943337760070828,0.943337760070828,0.943337760070828,0.943337760070828,0.94412095208908,0.94412095208908,0.94412095208908,0.94412095208908,0.942656723533217,0.944291211223482,0.944291211223482,0.946559062893724,0.946381993393946,0.967718868117274,0.971498620901011,0.957162801784316,0.961555487451902,0.954234344672592,0.948343378622263,0.951373991214629,0.95079511015766,0.911363094630027,0.932475227295944,0.935131269792624,0.929001940954132,0.928729526339088,0.893553989171519,0.893247522729594,0.893247522729594
