"ISO3","Name","1995","1996","1997","1998","1999","2000","2001","2002","2003","2004","2005","2006","2007","2008","2009","2010","2011","2012","2013","2014","2015","2016","2017","2018","2019","2020","2021","2022","2023","2024"
"AFG","Afghanistan",0.00700860922340485,0.00700860922340485,0.00700860922340485,0.00700860922340485,0.00700860922340485,0.00700860922340485,0.00700860922340485,0.00700860922340485,0.00700860922340485,0.00710663593380212,0.0101726143943925,0.013238592854983,0.0163045713155732,0.0193705497761636,0.022436528236754,0.0216804203597046,0.0209243124826552,0.0303734701562903,0.0398226278299254,0.0492717855035606,0.0516762278923565,0.0540806702811524,0.0564851126699483,0.0588895550587442,0.0614724169498488,0.0640552788409536,0.0640552788409536,0.0640552788409536,0.0640552788409536,0.0640552788409536
"ALB","Albania",0.0593923835686447,0.0650894003423071,0.0758136807073713,0.0807666898780474,0.0876182971846641,0.091329038332638,0.0919027525836935,0.0973637666679718,0.0972234298873521,0.113852035681641,0.133465899889152,0.156459599907788,0.180661261362288,0.189398961944905,0.196860925783769,0.259467428151327,0.296004781508402,0.351497140746942,0.38292476848954,0.393194669841642,0.371592411053886,0.350697167868958,0.347864722239663,0.336205747280925,0.368268697381391,0.369332534123879,0.359611542291804,0.375726924180002,0.388252088472236,0.505115008691466
"DZA","Algeria",0.0603311261015715,0.0685656366294617,0.072570491624117,0.0765753466187723,0.0805802016134277,0.0856780209645968,0.090775840315765,0.100889218961939,0.108329352379871,0.112295590943808,0.123361548386018,0.12718831099035,0.140726833327054,0.161505038300213,0.182283243273372,0.183685176599223,0.19362715326297,0.200670714943021,0.211992956000012,0.215628599104592,0.228877344898267,0.262934343514927,0.29466879512399,0.316959389935207,0.322872037054029,0.319927742295356,0.325024872030179,0.320002116241498,0.332906444299205,0.326264981719843
"AND","Andorra",0.0427332071507217,0.0427332071507217,0.0427332071507217,0.0427332071507217,0.0427332071507217,0.0427332071507217,0.0427332071507217,0.0427332071507217,0.0518652383625494,0.0513901512445485,0.0493783551451777,0.0582757035931771,0.0615619308577618,0.0648481581223468,0.0676826297225332,0.0705171013227193,0.0733515729229052,0.0761860445230917,0.0862371491076426,0.0802161249904868,0.0819053923859511,0.0902121728130305,0.0930126323321991,0.0932938062008369,0.0916211887475494,0.0905700099025255,0.0914798059009166,0.207195813492727,0.374299388062166,0.405988383344131
"AGO","Angola",0.00243104032344776,0.00243104032344776,0.00243104032344776,0.00243104032344776,0.00207588278921178,0.00253524450065168,0.00299460621209158,0.00345396792353136,0.0160461646115208,0.0116518914062453,0.0146160883986425,0.0141419639654764,0.0188119286821826,0.0234818933988888,0.0281518581155951,0.0328218228323014,0.0374917875490076,0.0458663138034499,0.0542408400578921,0.0529164063277586,0.0515919725976249,0.0576075515015421,0.0578366329671283,0.0580657144327145,0.0582947958983007,0.0585238773638869,0.0587529588294731,0.0589820402950593,0.0592111217606456,0.0586427525889419
"ATG","Antigua and Barbuda",0.0883581613691663,0.0883581613691663,0.0883581613691663,0.0883581613691663,0.0883581613691663,0.0883581613691663,0.0883581613691663,0.0883581613691663,0.0883581613691663,0.0883581613691663,0.0883581613691663,0.0883581613691663,0.0883581613691663,0.0883581613691663,0.0883581613691663,0.0992030070677263,0.0896403375005511,0.149873526594971,0.149873526594971,0.149873526594971,0.149873526594971,0.149873526594971,0.149873526594971,0.149873526594971,0.149873526594971,0.149873526594971,0.149873526594971,0.149873526594971,0.149873526594971,0.149873526594971
"ARG","Argentina",0.287499088897174,0.287499088897174,0.287499088897174,0.287499088897174,0.296672709241624,0.324194993499052,0.350584529122072,0.370160425384029,0.384046616112142,0.387408363204345,0.380790049870319,0.401581746778182,0.3999133608756,0.411309758811312,0.424139940229071,0.442857474004078,0.462152522352131,0.468990888151125,0.471528181690271,0.486598747603464,0.502744525031097,0.520307960918063,0.536286737257908,0.546847079458535,0.571568317512244,0.596703191741186,0.643940089278316,0.64324411935225,0.647568786291247,0.647568786291247
"ARM","Armenia",0.116116511442853,0.0991649485590846,0.130309567646279,0.18879166993547,0.193018060087656,0.194493208888863,0.187334690196479,0.203106583961733,0.209748885508034,0.214384716567641,0.225657799023597,0.249011459957731,0.266254714911726,0.278702967261694,0.294139370383494,0.303131296516869,0.307409440208259,0.266433622743515,0.268535002912304,0.285867459596153,0.291983023326638,0.325753167234299,0.33275319694615,0.344499406038246,0.32124678425985,0.313657033289456,0.339474602793515,0.342834382104533,0.337389456584709,0.316314713745902
"AUS","Australia",0.718918065271409,0.718918065271409,0.718918065271409,0.718918065271409,0.718918065271409,0.718918065271409,0.718918065271409,0.718918065271409,0.718918065271409,0.718918065271409,0.718918065271409,0.718918065271409,0.718918065271409,0.718918065271409,0.718918065271409,0.718918065271409,0.718918065271409,0.718918065271409,0.718918065271409,0.718918065271409,0.718918065271409,0.718938449513038,0.660631346397324,0.620486786213603,0.659224741904116,0.661509383832295,0.676848617477958,0.638050105898471,0.62846767591534,0.651175812909375
"AUT","Austria",0.38267240144431,0.38267240144431,0.38267240144431,0.38267240144431,0.38267240144431,0.38267240144431,0.38267240144431,0.38267240144431,0.38267240144431,0.38267240144431,0.38267240144431,0.38267240144431,0.38267240144431,0.397092117559707,0.40788277296381,0.450298706954476,0.463671320387618,0.477419159962252,0.485930866334482,0.486279693964857,0.493721870397997,0.497292601877336,0.503247371418021,0.515466851975127,0.518196090740971,0.532540582577299,0.564029782577862,0.567469531531608,0.550440609532654,0.55604205221846
"AZE","Azerbaijan",0.117822911201443,0.117822911201443,0.117822911201443,0.117822911201443,0.117822911201443,0.117822911201443,0.117822911201443,0.117822911201443,0.117822911201443,0.117822911201443,0.117822911201443,0.117822911201443,0.115266284265462,0.113360460971805,0.113419559203866,0.114637110157163,0.116967494904822,0.121728330894437,0.127757723770211,0.138103798448119,0.152085400151482,0.162638222222177,0.170041004225669,0.173082490189557,0.196850051457004,0.217690676839664,0.233481536904866,0.245469639583489,0.247810335694042,0.24751320173537
"BHS","Bahamas",0.0880546932674587,0.0880546932674587,0.0880546932674587,0.0880546932674587,0.0880546932674587,0.0880546932674587,0.0880546932674587,0.0880546932674587,0.0880546932674587,0.0880546932674587,0.0880546932674587,0.0880546932674587,0.0880546932674587,0.0880546932674587,0.0880546932674587,0.0880546932674587,0.0880546932674587,0.0880546932674587,0.0880546932674587,0.0880546932674587,0.0880546932674587,0.0880546932674587,0.0880546932674587,0.0880546932674587,0.0880546932674587,0.0880546932674587,0.0880546932674587,0.0880546932674587,0.0880546932674587,0.0880546932674587
"BHR","Bahrain",0.0930028244523845,0.0908839192635608,0.098787702357612,0.106691485451663,0.114595268545714,0.123421622215229,0.132247975884745,0.14107432955426,0.149900683223775,0.13152752034472,0.113154357465664,0.104261651712337,0.138888766758128,0.17351588180392,0.20814299684971,0.242770111895502,0.277397226941293,0.285663361492025,0.264278770673255,0.26824544414259,0.273404466587651,0.280139283618977,0.291963342781721,0.301198731480926,0.317095625055721,0.326141327905433,0.284582512334155,0.301466766076122,0.342078465353924,0.349970515566175
"BGD","Bangladesh",0.0305500848038719,0.0305500848038719,0.0305500848038719,0.0305500848038719,0.0305500848038719,0.03034061261816,0.0358814764597598,0.0343359211077625,0.0347913327267713,0.0321760350998334,0.0356552153948584,0.0412850192636947,0.0448513347312288,0.0506258569596495,0.0618863656899843,0.0702279121818474,0.0785694586737109,0.0795011918918247,0.079915790424538,0.0804434202138556,0.0924560245365208,0.103435259432842,0.110169164795729,0.116508612738008,0.13539426052499,0.135290985151666,0.14256250414813,0.140154413565903,0.144365742945023,0.141532768086523
"BRB","Barbados",0.215713686482942,0.215713686482942,0.215713686482942,0.215713686482942,0.215713686482942,0.251027778236832,0.246707329041776,0.265794355484819,0.284881381927863,0.303968408370907,0.32305543481395,0.342142461256994,0.361229487700037,0.403254241666406,0.445278995632776,0.417533463603827,0.401593321346422,0.420142955786507,0.439109133347002,0.427600475207868,0.343433753603555,0.311973422920428,0.305698887927601,0.274795803634694,0.293211383497043,0.317499118873094,0.32773121794651,0.330066580277444,0.325252217358398,0.321169450755104
"BLR","Belarus",0.242928416608246,0.266322455786775,0.268269150862209,0.291426636425904,0.311155276768706,0.3267614337946,0.339264319584966,0.353606722495631,0.369772711599018,0.377595921846095,0.392649546556701,0.409823499680209,0.426618553825895,0.427889860210826,0.45227005594377,0.480848232994488,0.524297565123493,0.561218902030405,0.573401729685777,0.566294126554333,0.56311966102366,0.549470889608428,0.537134693255404,0.508485818455328,0.48792024094785,0.479543564138209,0.471736081257179,0.462679751603907,0.436968385606439,0.420635060128164
"BEL","Belgium",0.340024458973767,0.340024458973767,0.340024458973767,0.340024458973767,0.340024458973767,0.340024458973767,0.340024458973767,0.348420126673219,0.357460813297776,0.372075625887939,0.37676441465637,0.380082546817162,0.37460717423836,0.376426697355892,0.389759437559634,0.401060709034417,0.406148689201388,0.418458567442649,0.430704630152689,0.444277964091227,0.458625164644348,0.463556957446415,0.484800872327321,0.474871451131984,0.475959023879542,0.477133183743563,0.49632081529506,0.50164904486842,0.493067462785025,0.493067462785025
"BLZ","Belize",0.0901827518530716,0.0901827518530716,0.0901827518530716,0.0901827518530716,0.0901827518530716,0.0901827518530716,0.0901827518530716,0.101606512419437,0.0967876363792677,0.0931578411007081,0.0958755563425691,0.100685227336688,0.106605311529287,0.111780785544189,0.131463859761281,0.128511760885597,0.128395440025843,0.143323600451115,0.143187442983487,0.143253208094337,0.139760601070935,0.146024604229294,0.147563159815664,0.14670056406184,0.150012586546712,0.154847306441743,0.141242922445368,0.143020384488201,0.133372022750593,0.148033575550972
"BEN","Benin",0.0106168681948792,0.0107201896718676,0.0133809207146095,0.0153765893322702,0.0173722579499309,0.0197760977640165,0.0240145164551809,0.0283950107854147,0.0314260046191476,0.0317109363750061,0.0313006576017969,0.0360650723657704,0.0434541131870775,0.0429203553781196,0.0549801134653558,0.0746090822122715,0.0697990554121337,0.0761276221314251,0.087649349868067,0.0871462803282823,0.0738688622217499,0.0706663670172626,0.0669651981989724,0.0683852257612059,0.0612650537756229,0.0612055997375429,0.057878899538251,0.0603282968698365,0.0603282968698365,0.0603282968698365
"BTN","Bhutan",0.0149284000015746,0.0149284000015746,0.0149284000015746,0.0149284000015746,0.0149284000015746,0.017116661300434,0.0193049225992935,0.0214931838981528,0.0236814451970122,0.0258697064958715,0.028057967794731,0.0295616987230285,0.0321131492553077,0.0383463341367691,0.0366299431156022,0.0383170380834132,0.0451039229876166,0.0445204287133922,0.0610981196414269,0.0678266105922019,0.0745551015429761,0.0812835924937512,0.0880120834445262,0.0885830421543348,0.0946707120157328,0.100225203788154,0.0874268488083124,0.0864629845802076,0.0890471108600539,0.0770345850416263
"BOL","Bolivia, Plurinational State of",,,,,,,,,,,,,,,,,,,,,,,,,,,,,,
"BIH","Bosnia and Herzegovina",0.0913761539361739,0.0913761539361739,0.0913761539361739,0.0913761539361739,0.0913761539361739,0.0913761539361739,0.0997281320997275,0.101252198489795,0.112223982113,0.125873470017304,0.144119535542945,0.161440585761441,0.183581051467941,0.206187932955421,0.221133300815222,0.230616334665187,0.251337857443932,0.267733284041765,0.307801541050747,0.324683802104027,0.332916327004777,0.341466988397324,0.326868772436324,0.298406081392007,0.279565280366131,0.262331735473181,0.269883959264837,0.273177988437219,0.272554639246456,0.272554639246456
"BWA","Botswana",0.0305501450613429,0.0328066151871189,0.0337082592037167,0.0346099032203143,0.036365108661033,0.040746024793564,0.0437906167299255,0.0456959608332176,0.0533755316163821,0.0563192066357893,0.0542852644811144,0.0593341920680528,0.060257709546633,0.0845847180184837,0.131047383076766,0.116321111381622,0.104126858619052,0.129117307585722,0.157223825327006,0.148188230424184,0.160426339521047,0.135100129170492,0.127973533024796,0.128034489569684,0.128095446114571,0.133542789909523,0.126330746944833,0.12335969489326,0.122494739945636,0.127567360781167
"BRA","Brazil",0.262515216603056,0.262515216603056,0.262515216603056,0.262515216603056,0.262515216603056,0.262515216603056,0.262515216603056,0.262515216603056,0.262515216603056,0.262515216603056,0.262515216603056,0.262515216603056,0.262515216603056,0.262515216603056,0.262515216603056,0.262515216603056,0.262515216603056,0.262515216603056,0.269509192227887,0.286457816842592,0.294083956465375,0.293398421564513,0.304025773483324,0.311996034914936,0.321409996486684,0.332888941418897,0.345538419289255,0.365810983737198,0.39208275904541,0.418354534353621
"BRN","Brunei Darussalam",0.0627243118208988,0.0627243118208988,0.0627243118208988,0.0627243118208988,0.0771181114849475,0.0799511250935145,0.087006614988054,0.0836792548259847,0.0845338721905498,0.0900296634438215,0.0905055310395423,0.0902468944962788,0.0919187007276921,0.093446021021195,0.0984245965760069,0.0910067985940027,0.103591347604628,0.13156640076055,0.139940272471909,0.179746472608796,0.171226904071298,0.171228591280487,0.186747805278811,0.166800795233831,0.165855452118591,0.164036662555174,0.163775728989126,0.186441786622494,0.217888043187272,0.217888043187272
"BGR","Bulgaria",0.245704323350699,0.245704323350699,0.245704323350699,0.245704323350699,0.245704323350699,0.245704323350699,0.245704323350699,0.248040522718855,0.256613175218924,0.261667686664844,0.276902382206485,0.286347333334761,0.307080953518166,0.315566146603144,0.329755346328424,0.349893048817401,0.358737858489471,0.372800758555477,0.40914503498928,0.43791036774713,0.469914223938335,0.483995373409853,0.487513399687867,0.499008734652199,0.508729722385849,0.513440272709531,0.512048038188458,0.504993070525334,0.479261179202301,0.417236890258618
"BFA","Burkina Faso",0.00535780845945133,0.00509808943376189,0.00456908443283122,0.00461328364650526,0.00465748286017931,0.00505076131503712,0.00544403976989505,0.00680834495314675,0.00779534726420905,0.00971510438069034,0.0116348614971716,0.0123253174248349,0.0132136316280203,0.0163679251597906,0.0183967497335332,0.018893896680455,0.0223216483194774,0.0248421556436605,0.0262590331849083,0.0281967871642056,0.0282459476597338,0.0312658435968125,0.0338460195991571,0.0367589655761157,0.0402916723434973,0.0447293010035079,0.0547326792376894,0.0569324872723217,0.0595632549731637,0.0591666503767613
"BDI","Burundi",0.00394060905292637,0.00394060905292637,0.00394060905292637,0.00394060905292637,0.00425592994265556,0.00508539232379535,0.00494006780274658,0.00837321497666088,0.0098775484796686,0.0113818819826763,0.0115860586844462,0.0117697148479278,0.0123757443198748,0.0137698367796377,0.0148528801739568,0.0171237883739952,0.0167183179924518,0.0163128476109086,0.0210239415243654,0.0256304202039864,0.0303821670370034,0.0226828228954745,0.0246457010803059,0.0261352866197505,0.0279076316080427,0.0296799765963349,0.0314523215846273,0.0332246665729196,0.0349970115612117,0.0349970115612117
"KHM","Cambodia",0.00796925534705029,0.00954170776900198,0.00612372539196293,0.00740402448709387,0.00868432358222482,0.00996462267735576,0.0106479187262295,0.0127990817478766,0.0168789372081374,0.0172330115425965,0.0214267794477296,0.0360476809118705,0.0449182492181032,0.0524749980588933,0.0629744032808902,0.0721519260139399,0.0678820136425752,0.0710791496701436,0.074276285697712,0.077473421725281,0.0806705577528496,0.0773689190302704,0.0740672803076915,0.0785745686355983,0.0766117016558431,0.0822427840957186,0.0799790091384134,0.0866367808500159,0.103662216475567,0.12777768603341
"CMR","Cameroon",0.0284845533873616,0.0284845533873616,0.0284845533873616,0.0284845533873616,0.0284845533873616,0.0269613851205527,0.0271173601496056,0.0297642499077823,0.0301519636927933,0.0301937249896187,0.0350787321695385,0.0413243128736114,0.0443152871383719,0.0481351230029389,0.0553276900358558,0.0683892088874172,0.0740196904233333,0.0801942381644798,0.0936432178992377,0.0995543380756705,0.10282480726488,0.075189572508869,0.0768574083068153,0.0862637127676483,0.0893200784040874,0.0923234212930826,0.101989010195861,0.0976501555565255,0.095262903762767,0.0989997574748227
"CAN","Canada",0.350881546804976,0.350881546804976,0.350881546804976,0.350881546804976,0.350881546804976,0.350881546804976,0.350562710178753,0.35024387355253,0.356762905529529,0.363281937506528,0.369800969483526,0.376320001460525,0.382839033437524,0.385713027865197,0.381598739564349,0.371133520414249,0.378800566251649,0.381475814323453,0.394380187035065,0.402925040755167,0.40353519069037,0.415431002545958,0.421585574382955,0.41606153672279,0.438700578483378,0.451494123358753,0.478734632204043,0.473217113828361,0.457678904274559,0.457678904274559
"CPV","Cape Verde",0.00804688203410142,0.00804688203410142,0.00804688203410142,0.00804688203410142,0.00804688203410142,0.00943441432038161,0.00803322223930014,0.0214074023666893,0.0255323304152786,0.0341853032548243,0.0428980285504021,0.0488784132550797,0.0554698861898671,0.0688139203653219,0.0865018008510127,0.102479422240854,0.117991458911117,0.118458787374771,0.13261021757894,0.138769712772668,0.134278381978243,0.141315754599901,0.146526777954924,0.144908836136818,0.144908836136818,0.144908836136818,0.144908836136818,0.144908836136818,0.144908836136818,0.144908836136818
"CAF","Central African Republic",0.0108690650796021,0.0108690650796021,0.0108690650796021,0.0108690650796021,0.0108690650796021,0.0104347155987699,0.0100197437369913,0.00960477187521269,0.00918980001343417,0.00877482815165553,0.00702639163351559,0.00527795511537554,0.00852205953830887,0.0117661639612422,0.0126277611495353,0.014015835035704,0.0165201685297448,0.0154383288501446,0.0154383288501446,0.0154383288501446,0.0154383288501446,0.0154383288501446,0.0154383288501446,0.0154383288501446,0.0154383288501446,0.0154383288501446,0.0154383288501446,0.0154383288501446,0.0154383288501446,0.0154383288501446
"TCD","Chad",0.00176994951132314,0.00176994951132314,0.00200782412773881,0.0027874611125227,0.00314878642932881,0.00351011174613503,0.00364935851214476,0.00402855590791729,0.00440775330368981,0.006018176540599,0.00725906079352034,0.00833123225754107,0.00940340372156179,0.0104755751855824,0.01087285556147,0.0113528366548963,0.0120560249930445,0.0144130635733025,0.0167701021535608,0.019127140733819,0.018160119477226,0.0195672125355788,0.0209743055939314,0.0223813986522843,0.023788491710637,0.0251955847689896,0.0251955847689896,0.0251955847689896,0.0251955847689896,0.0251955847689896
"CHL","Chile",0.211948983334962,0.211948983334962,0.211948983334962,0.211948983334962,0.211948983334962,0.211948983334962,0.226497007692,0.241045032049038,0.26061238896653,0.265488193969803,0.301263272593473,0.29553532365135,0.328038410120615,0.340382560515873,0.35974045098646,0.397971486397848,0.424928176815792,0.450520270806041,0.47936411044043,0.502186610375667,0.518765839476553,0.533375142812223,0.539850674633947,0.547526030263543,0.552752246807857,0.534979437720859,0.577766236359875,0.596507893760087,0.628983433956881,0.661736135565176
"CHN","China",0.0267685210416174,0.0304813052047991,0.0336150179408101,0.036401033591379,0.0385173534477553,0.044338213671396,0.0545856049331356,0.069776312520926,0.0860772611429936,0.100438022496499,0.111005369451781,0.122500440431002,0.127945075960774,0.130323099752629,0.138879431086261,0.150912638070496,0.159934170704812,0.175102592076744,0.19562835776419,0.261772608611855,0.282282049856847,0.295459428610182,0.306043162772059,0.320069632119719,0.339363742869762,0.369496002553653,0.400824341645539,0.429476054866711,0.447609144425724,0.461344156260514
"COL","Colombia",0.152244825100493,0.152244825100493,0.152244825100493,0.152244825100493,0.152244825100493,0.152244825100493,0.157489566513044,0.158282922115398,0.167280280748883,0.176277639382367,0.192829092658513,0.20553960847762,0.212233077225033,0.227074044712173,0.236485527119399,0.248646265250464,0.271258265753578,0.284374538166162,0.304115184092715,0.318749623402014,0.328478186360593,0.342605154465318,0.350140919359174,0.343669014463325,0.339732078246728,0.334116518096282,0.349658790725274,0.355521211387503,0.355521211387503,0.355521211387503
"COM","Comoros",0.00416283824740038,0.00416283824740038,0.00539896837715126,0.00663509850690203,0.0078712286366529,0.00838855982859832,0.0120332647662496,0.0156779697039006,0.0193226746415516,0.0207874727874077,0.0222522709332638,0.0237170690791199,0.025181867224976,0.0305996709637207,0.0360174747024654,0.0463015822979218,0.0557965943743155,0.0621399091460896,0.0536937369738613,0.0564632934710637,0.0749699520931794,0.0934766107152952,0.111983269337411,0.111983269337411,0.111983269337411,0.111983269337411,0.111983269337411,0.111983269337411,0.111983269337411,0.111983269337411
"COG","Congo",0.0208312204287245,0.0208312204287245,0.0208312204287245,0.0208312204287245,0.0208312204287245,0.0302915113874828,0.0240226999936272,0.0213743066680783,0.0215822135942451,0.0236718066319341,0.0257613996696233,0.0278509927073126,0.0299405857450017,0.0320301787826909,0.0341197718203802,0.0403756422049818,0.0466315125895834,0.0534709105848085,0.0502868312112286,0.0556723642048347,0.061057897198441,0.0664434301920466,0.0718289631856529,0.0700588138921193,0.0682886645985857,0.0665185153050522,0.0647483660115185,0.0629782167179849,0.0612080674244513,0.0612080674244513
"COD","Congo, the Democratic Republic o",0.0126443692563118,0.0113531180071462,0.0100618667579806,0.00877061550881497,0.00747936425964935,0.00984869867823379,0.0122180330968181,0.0145873675154026,0.0169567019339869,0.0193260363525714,0.0216953707711557,0.0240647051897401,0.0240304043417086,0.0305071183576259,0.0364177019556265,0.0403209714623396,0.0442242409690526,0.0447113652342421,0.037087156719935,0.036139529557669,0.0351919023954026,0.0342442752331364,0.0349656468301911,0.0356870184272456,0.0364083900243003,0.0371297616213548,0.0371297616213548,0.0371297616213548,0.0371297616213548,0.0371297616213548
"CRI","Costa Rica",0.154025967078384,0.154025967078384,0.154025967078384,0.154025967078384,0.154025967078384,0.154025967078384,0.154025967078384,0.154025967078384,0.154025967078384,0.154025967078384,0.170243769408559,0.186461571738734,0.202679374068909,0.218897176399085,0.23511497872926,0.251332781059435,0.26755058338961,0.279690156801327,0.284607533720802,0.301628650942557,0.307347165286359,0.309555986099569,0.326390683922385,0.315347589886324,0.329827081412981,0.329827081412981,0.329827081412981,0.329827081412981,0.329827081412981,0.329827081412981
"CIV","Cote d'Ivoire",0.0203868215798969,0.025864409338111,0.0313419970963251,0.0315624519234825,0.0317829067506399,0.0336225770253452,0.0354622473000505,0.0373019175747558,0.0391415878494611,0.0409812581241663,0.0428209283988716,0.044660598673577,0.0465002689482822,0.0437718422235953,0.0419961750673575,0.0380391061041647,0.0163157978198867,0.0296544974034957,0.0429931969871047,0.0453082276501319,0.0496731097248367,0.0522681661614888,0.056055081687655,0.058464550252233,0.0608740188168109,0.060517242633299,0.0635631839078621,0.0656146312586652,0.0683763044262987,0.0729680933731836
"HRV","Croatia",0.217621931553054,0.217621931553054,0.217621931553054,0.217621931553054,0.217621931553054,0.217621931553054,0.217621931553054,0.234397611487104,0.253769091452109,0.263970325491041,0.283337880112219,0.29117752630187,0.30280997283742,0.313767145458602,0.311401333847542,0.342152936492274,0.355814395547489,0.371982427666084,0.40017748371813,0.41178020323464,0.410589607428045,0.417495090652567,0.428258337515563,0.437194164662918,0.444340494129733,0.448480102046026,0.468150068828467,0.484733797153857,0.487230178096424,0.487230178096424
"CUB","Cuba",0.0845616135824501,0.0794093645185234,0.078728237021256,0.0798402226527898,0.126034202517164,0.137116527036267,0.155628207494198,0.163761141142356,0.194723495726709,0.3143069605781,0.360485600611993,0.508696115933436,0.630688731864574,0.703775925205269,0.683701395501157,0.561650846864777,0.47099259674669,0.367928539163955,0.287544882185627,0.244289846071312,0.219890422212162,0.209668794720828,0.246483373906042,0.253586501732511,0.268200435779322,0.279974095381991,0.310981641863724,0.304482700705461,0.297983759547197,0.258120331396849
"CYP","Cyprus",0.128793317511024,0.128793317511024,0.128793317511024,0.128793317511024,0.128793317511024,0.128793317511024,0.128793317511024,0.149793264238757,0.191031354051459,0.215494165646586,0.203950785392021,0.205152904722599,0.216764737464251,0.244551305250799,0.285755318028934,0.289456917257731,0.278794673393791,0.274725951218653,0.284397998408216,0.312304438390461,0.358974825298392,0.410192895194027,0.47910646097193,0.519799742903249,0.563945536894559,0.61488245116919,0.638785270000234,0.632900376170713,0.644196230211908,0.726126419761735
"CZE","Czech Republic",0.191461902290161,0.191461902290161,0.191461902290161,0.191461902290161,0.191461902290161,0.191461902290161,0.191461902290161,0.220712623324155,0.234674772898603,0.272082358404963,0.294310455690758,0.298901799520327,0.324775990295892,0.347259280840892,0.368287095214272,0.389476170057737,0.400693241759671,0.40148726306361,0.397849915515348,0.404298681542322,0.403302103314823,0.404958598409788,0.40621374431487,0.400653529216861,0.401195088933615,0.40302535509741,0.418987318142705,0.424870467374968,0.400280828150346,0.400280828150346
"DNK","Denmark",0.368020745714718,0.368020745714718,0.368020745714718,0.368020745714718,0.368020745714718,0.368020745714718,0.368020745714718,0.38520792104901,0.408963964158245,0.449854936504989,0.485033408777419,0.471152704348573,0.469573246995615,0.449217791222765,0.438687034899413,0.434983346744954,0.455652967755321,0.466584063238565,0.482663786598667,0.488053628001452,0.500004807864704,0.493211483879587,0.488099630276476,0.487007696035777,0.49034166730324,0.49617716148413,0.504108100611791,0.507744621771879,0.48755090852888,0.47388855421981
"DJI","Djibouti",0,0,0.00024882677045035,0.000230473169728906,0.000212119569007352,0.000287038435954234,0.00267878389412135,0.00436159859161078,0.00559887205905096,0.00737327452574787,0.011687394534294,0.0133995747059975,0.0150352121077775,0.0161710295691032,0.0206054399888896,0.0205132517970243,0.0297897646426573,0.0297897646426573,0.0297897646426573,0.0297897646426573,0.0297897646426573,0.0297897646426573,0.0297897646426573,0.0297897646426573,0.0297897646426573,0.0297897646426573,0.0297897646426573,0.0297897646426573,0.0297897646426573,0.0297897646426573
"DMA","Dominica",,,,,,,,,,,,,,,,,,,,,,,,,,,,,,
"DOM","Dominican Republic",0.127914809493898,0.127914809493898,0.127914809493898,0.140159150561908,0.152403491629919,0.164647832697929,0.176892173765939,0.18913651483395,0.20138085590196,0.211379320261795,0.22137778462163,0.231376248981466,0.241374713341301,0.251373177701136,0.261371642060971,0.271370106420806,0.281368570780642,0.291367035140477,0.293443896209782,0.295520757279088,0.310130499178972,0.326690166704005,0.359284938920848,0.356899605137317,0.354514271353787,0.352128937570255,0.338545301189579,0.330707096268721,0.349218804876006,0.345657258800168
"ECU","Ecuador",0.22853257392899,0.22853257392899,0.22853257392899,0.22853257392899,0.22853257392899,0.22853257392899,0.22853257392899,0.22853257392899,0.22853257392899,0.22853257392899,0.22853257392899,0.22853257392899,0.22853257392899,0.22853257392899,0.230135188765376,0.231737803601762,0.233340418438148,0.234943033274535,0.238078018621647,0.252411005894022,0.266743993166397,0.272348429489589,0.277952865812781,0.283557302135973,0.283145689026401,0.341178278572817,0.350123858790759,0.359069439008702,0.407242136194457,0.407242136194457
"EGY","Egypt",0.170851046661063,0.170851046661063,0.170851046661063,0.170851046661063,0.170851046661063,0.168716554873067,0.166582063085071,0.172756032088932,0.155342793678571,0.162935166162352,0.169713913578286,0.169454496557303,0.172284738322202,0.171359172089607,0.174868624590315,0.179703315088343,0.152729196337129,0.156562238385025,0.169324462393904,0.173930620415439,0.196625703572105,0.190537311654715,0.197931458107865,0.216111225105134,0.201066233152666,0.232063799462562,0.210066755592825,0.218152564581728,0.226807809988753,0.224867557098096
"SLV","El Salvador",0.123182291017922,0.118467941604162,0.12022287445156,0.121977807298957,0.121992854450294,0.117617599650636,0.112869724127757,0.117397596754511,0.122558987737613,0.128974078446493,0.133858606436048,0.138672248684447,0.147635484372911,0.152452374785939,0.154724012577993,0.157091870801175,0.163167776121306,0.167819622922767,0.168874036121304,0.164487060703245,0.163577344506617,0.162292917242522,0.16506960814415,0.168399891124853,0.170346395024501,0.185274979794493,0.181096950295854,0.188014504820081,0.193589021713595,0.196323674301709
"GNQ","Equatorial Guinea",0.00983795286504585,0.00983795286504585,0.00983795286504585,0.00983795286504585,0.00983795286504585,0.00983795286504585,0.00983795286504585,0.00983795286504585,0.00983795286504585,0.00983795286504585,0.00983795286504585,0.00983795286504585,0.00983795286504585,0.00983795286504585,0.00983795286504585,0.00983795286504585,0.00983795286504585,0.00983795286504585,0.00983795286504585,0.00983795286504585,0.00983795286504585,0.00983795286504585,0.00983795286504585,0.00983795286504585,0.00983795286504585,0.00983795286504585,0.00983795286504585,0.00983795286504585,0.00983795286504585,0.00983795286504585
"ERI","Eritrea",0.00915002344706073,0.00734108053714977,0.00755214703511586,0.00776321353308196,0.0105075288616473,0.010832959376843,0.0149439851660453,0.0140495935664963,0.0123245351537378,0.0105994767409793,0.0126533232295662,0.0147071697181531,0.01676101620674,0.0188148626953268,0.0208687091839137,0.024945858796785,0.024605203227243,0.024264547657701,0.023923892088159,0.023583236518617,0.0198946442953511,0.0180103616128848,0.0180103616128848,0.0180103616128848,0.0180103616128848,0.0180103616128848,0.0180103616128848,0.0180103616128848,0.0180103616128848,0.0180103616128848
"EST","Estonia",0.35207519565677,0.35207519565677,0.35207519565677,0.35207519565677,0.35207519565677,0.35207519565677,0.35207519565677,0.370306168120621,0.38520066719726,0.394558778701576,0.407839295763762,0.412717924259963,0.412880263625718,0.406944225550313,0.407027323472263,0.412206894995195,0.426127771071393,0.437639036963304,0.452778330581291,0.457292338250901,0.447548854394734,0.438222512924666,0.432828034566016,0.432400700059103,0.436252357607179,0.432270681653046,0.438925218335368,0.428544818749247,0.40563430847347,0.393907860283118
"ETH","Ethiopia",0.00271224149623384,0.00286960101241873,0.00356270539940384,0.00378108313718795,0.00434559198351825,0.00578583807933397,0.0076205970114751,0.00887038717514421,0.013190644837525,0.0151652520343599,0.0164401351306068,0.0176244742031265,0.0188088132756462,0.0199931523481659,0.0293808115338108,0.0406497419630723,0.0425201855130261,0.0446173693182461,0.0394876301582099,0.0343578909981738,0.0343578909981738,0.0343578909981738,0.0343578909981738,0.0343578909981738,0.0343578909981738,0.0343578909981738,0.0343578909981738,0.0343578909981738,0.0343578909981738,0.0343578909981738
"FJI","Fiji",0.0876291894399029,0.0876291894399029,0.0876291894399029,0.0876291894399029,0.0876291894399029,0.0876291894399029,0.0876291894399029,0.0876291894399029,0.0876291894399029,0.0864304904381572,0.0857278194602952,0.122486419985866,0.159245020511438,0.196003621037009,0.232762221562581,0.269520822088152,0.306279422613724,0.343038023139295,0.379796623664867,0.416555224190438,0.410441555416543,0.465462218112602,0.494246856531987,0.475007892211696,0.465438612433562,0.502778657457768,0.460304507668918,0.412624070690376,0.365617308830455,0.450110492508792
"FIN","Finland",0.515955247386015,0.515955247386015,0.515955247386015,0.515955247386015,0.515955247386015,0.515955247386015,0.515955247386015,0.520997271188416,0.530011880675034,0.541150124127251,0.551999866285801,0.560966361616506,0.570910336425798,0.575624330033539,0.552448365512062,0.559496676159339,0.560108478870891,0.549667707037608,0.547760999967709,0.540283288843083,0.538258362353835,0.536276316228732,0.544522706086625,0.554672038357179,0.567935476730433,0.579269666000817,0.605719550915775,0.630248083325966,0.649421207173965,0.662503941999817
"FRA","France",0.302308699544152,0.302308699544152,0.302308699544152,0.302308699544152,0.302308699544152,0.302308699544152,0.302308699544152,0.301131670276749,0.313559699071678,0.320423656290452,0.32297933058451,0.32293773571308,0.317354152193926,0.314513741263439,0.316304455571013,0.328993232790096,0.333470351409824,0.347210179610214,0.358882751882662,0.368882278341435,0.37655740441876,0.388242005230186,0.394708217229724,0.405186543814475,0.406327556330624,0.41317441190524,0.419606282885099,0.429059520850344,0.422698443790732,0.429203725586723
"GAB","Gabon",0.0388047528905225,0.0388047528905225,0.0388047528905225,0.0388047528905225,0.0388047528905225,0.0412094965666736,0.0436142402428246,0.0442093487654988,0.0448044572881728,0.0448044572881728,0.0448044572881728,0.0448044572881728,0.0448044572881728,0.0448044572881728,0.0448044572881728,0.0448044572881728,0.0448044572881728,0.0448044572881728,0.0448044572881728,0.0448044572881728,0.0448044572881728,0.0448044572881728,0.0448044572881728,0.0448044572881728,0.0448044572881728,0.0448044572881728,0.0448044572881728,0.0448044572881728,0.0448044572881728,0.0448044572881728
"GMB","Gambia",0.00741954939409362,0.00676065511025814,0.00610176082642255,0.00544286654258708,0.0047839722587516,0.00486733976114961,0.00495070726354752,0.00503407476594575,0.00511744226834376,0.00520080977074178,0.00592682126733035,0.00665283276391915,0.00737884426050783,0.00810485575709652,0.00883086725368509,0.00955687875027389,0.0155684046218022,0.00584447678977296,0.0120103327098866,0.0181761886300003,0.0243420445501138,0.0305079004702274,0.0366737563903412,0.0428396123104549,0.0490054682305685,0.0551713241506822,0.0613371800707959,0.0675030359909097,0.073668891911023,0.0798347478311368
"GEO","Georgia",0.277961306830674,0.262446419787563,0.282656270555183,0.256483340454684,0.230310410354184,0.243411210943732,0.250101305272767,0.264080074431606,0.271169681532361,0.266513466231125,0.298351608638199,0.253474529978499,0.248792421181143,0.231261904515742,0.171243340013872,0.195730241114156,0.214892985450655,0.201027985880149,0.242974073023789,0.277526913041633,0.311080984617934,0.348954049765431,0.381065232018376,0.400398334826317,0.417840754367297,0.430839075452679,0.463477547617825,0.476084521869324,0.46970521829644,0.46970521829644
"DEU","Germany",0.365199341712235,0.365199341712235,0.365199341712235,0.365199341712235,0.365199341712235,0.365199341712235,0.365199341712235,0.365199341712235,0.365199341712235,0.365199341712235,0.365199341712235,0.365199341712235,0.365199341712235,0.365199341712235,0.365199341712235,0.365199341712235,0.365199341712235,0.365199341712235,0.365199341712235,0.390990847759938,0.409335012448413,0.407610983075442,0.410757088764661,0.414934480984692,0.436246618800414,0.434347119671812,0.45406143595293,0.46429225927954,0.47168815797493,0.460344648882361
"GHA","Ghana",0.0309383982941899,0.0309383982941899,0.0309383982941899,0.0309383982941899,0.0309383982941899,0.0309383982941899,0.0309383982941899,0.0309383982941899,0.0309383982941899,0.0309383982941899,0.0309383982941899,0.0274590974842227,0.0343853264951983,0.0463593382011624,0.0486709898233828,0.0576511573444854,0.0666313248655881,0.0679036977796346,0.0794974595975982,0.089489074489591,0.0923831790566597,0.0926502605321897,0.096262602939506,0.0944452370718049,0.103207820781708,0.110749460133711,0.114278917091888,0.121771242937527,0.131701643168186,0.127098108425625
"GRC","Greece",0.315699860800758,0.315699860800758,0.315699860800758,0.315699860800758,0.315699860800758,0.315699860800758,0.359341007080422,0.401258996285745,0.437489782076972,0.482640693640247,0.542411054749551,0.570874572182042,0.543572176044604,0.565944768832986,0.588317361621368,0.61068995440975,0.635474162138917,0.661411640475482,0.676954165611975,0.715456876135591,0.75246196469072,0.789467053245843,0.813120394669218,0.846917467287743,0.865044842811882,0.86342383649795,0.905018157001753,1,0.992320741981805,0.992320741981805
"GRD","Grenada",0.340868063568152,0.340868063568152,0.340868063568152,0.340868063568152,0.340868063568152,0.340868063568152,0.340868063568152,0.340868063568152,0.340868063568152,0.340868063568152,0.340868063568152,0.340868063568152,0.340868063568152,0.340868063568152,0.340868063568152,0.380923098366348,0.420978133164545,0.461033167962741,0.501088202760937,0.541143237559133,0.58119827235733,0.581210392717216,0.59266904522871,0.600430850243406,0.600430850243406,0.600430850243406,0.600430850243406,0.600430850243406,0.600430850243406,0.600430850243406
"GTM","Guatemala",0.0508394209145844,0.0515648569190513,0.0522902929235181,0.053015728927985,0.0537411649324518,0.0544666009369188,0.0551920369413855,0.0559174729458525,0.0652997517132152,0.0746820304805782,0.0840643092479411,0.0934465880153036,0.102828866782666,0.0962080599371021,0.0895872530915376,0.0935290700140472,0.0976338163061962,0.100287147877464,0.116524582339384,0.108590945736596,0.130868467481937,0.131774312615678,0.132680157749419,0.13358600288316,0.134491848016901,0.1416157339064,0.148739619795899,0.155863505685398,0.162987391574897,0.162987391574897
"GIN","Guinea",0.00604844515952763,0.00552154665935489,0.00572668532860865,0.00608786000173722,0.00716815522496694,0.00824845044819678,0.0093287456714265,0.0104090408946563,0.0114893361178861,0.0125696313411158,0.0172827770401568,0.0310777652164662,0.048516036301934,0.0548558510824837,0.0549954016465766,0.0621875440077929,0.0626357333384887,0.0589656745916686,0.0615401779107213,0.0640574481099107,0.0640574481099107,0.0640574481099107,0.0640574481099107,0.0640574481099107,0.0640574481099107,0.0640574481099107,0.0640574481099107,0.0640574481099107,0.0640574481099107,0.0640574481099107
"GNB","Guinea-Bissau",0.0123634087547344,0.0123634087547344,0.0123634087547344,0.0123634087547344,0.0123634087547344,0.0123634087547344,0.0123634087547344,0.0123634087547344,0.0123634087547344,0.0123634087547344,0.0123634087547344,0.0145062677229932,0.0145062677229932,0.0145062677229932,0.0145062677229932,0.0145062677229932,0.0145062677229932,0.0145062677229932,0.0145062677229932,0.0145062677229932,0.0145062677229932,0.0145062677229932,0.0145062677229932,0.0145062677229932,0.0145062677229932,0.0145062677229932,0.0145062677229932,0.0145062677229932,0.0145062677229932,0.0145062677229932
"GUY","Guyana",0.0526330218419612,0.0591650981267355,0.0704418534190207,0.0656888818357358,0.0609359102524508,0.0561829386691656,0.0514299670858807,0.0466769955025956,0.0419240239193106,0.0608908204477021,0.0641639603634602,0.0648971388380825,0.0657010882777239,0.0626141324698267,0.0593900363966781,0.0646410331086018,0.0665485436114475,0.0691605902043533,0.0765180691711491,0.0838755481379451,0.0912330271047409,0.0985905060715367,0.105947985038333,0.113305464005128,0.120662942971924,0.12802042193872,0.135377900905515,0.142735379872311,0.150092858839107,0.157792366861538
"HTI","Haiti",,,,,,,,,,,,,,,,,,,,,,,,,,,,,,
"HND","Honduras",0.0577973625717406,0.0612448933474592,0.0652611456123491,0.0752527238237534,0.0734060504114183,0.0761813545791612,0.0822380453279832,0.0882947360768049,0.0943514268256268,0.0946683696456178,0.0970585353178854,0.0994487009901529,0.10183886666242,0.104229032334688,0.109480344948694,0.114731657562699,0.113734355022196,0.112737052481693,0.115766204532926,0.117430127805485,0.120986980339697,0.125122741187001,0.146521332468684,0.157504997303443,0.151122240036871,0.148708772197875,0.14629530435888,0.143881836519884,0.141468368680888,0.139054900841893
"HUN","Hungary",0.25356995485738,0.25356995485738,0.25356995485738,0.25356995485738,0.25356995485738,0.25356995485738,0.25356995485738,0.283715195179373,0.327506399778316,0.368862192517759,0.389744746214317,0.39829731289071,0.397494752242306,0.383705730990329,0.371690620819721,0.364298578602476,0.359783767499919,0.363859536929763,0.344876620093171,0.320224841068902,0.305512767181693,0.304046938202672,0.30794579169758,0.315039783246702,0.324964888859353,0.339376318137782,0.351690856290136,0.361445771849378,0.33928761914043,0.362903153304842
"ISL","Iceland",0.212463134510609,0.21377899699126,0.224258402471682,0.234710284634862,0.24732613309758,0.275050056069487,0.281187434441418,0.315317633315014,0.359955220090816,0.399401597043567,0.418960230974776,0.437830024452427,0.438845839160201,0.441484267047804,0.434817288632415,0.471136589779179,0.479659452391759,0.477631909006626,0.470350097789714,0.48252183147454,0.453919756291527,0.448255003089495,0.42801560894465,0.41599840984838,0.423635430248789,0.447592928430685,0.519398255982004,0.510143397088994,0.459203636366211,0.459203636366211
"IND","India",0.0317025118066757,0.0360382950934072,0.0376761591522118,0.0446316331224593,0.0515871070927069,0.0585425810629544,0.0590786889132823,0.0622758240722517,0.0652785341968455,0.0672946630953237,0.0657003078000041,0.0707254595105168,0.0809172474735151,0.092904501476088,0.0990965190272242,0.111250057817962,0.142109297635648,0.148817930024551,0.145510852406643,0.155143102116809,0.162925288921614,0.163044374795036,0.166683169441571,0.170429920016757,0.173388598357025,0.17818027529885,0.188738332322783,0.195334369294514,0.204776721746136,0.205854057086463
"IDN","Indonesia",0.0667474219598722,0.0680746013674626,0.0791562659237873,0.0789815135190008,0.0871147513239177,0.087862494890108,0.0837244479292546,0.0870911590893089,0.093649232168727,0.09608244032643,0.0992120641626215,0.0996364833556982,0.104506859447772,0.122224713721193,0.135297176082938,0.139645342669833,0.149342878786568,0.173504013814405,0.17863092790379,0.179208385676105,0.19406294415297,0.208334810618659,0.21517255118055,0.216270610843852,0.223332827697798,0.228399468630748,0.243228361255441,0.25343846843016,0.268814966976811,0.268814966976811
"IRN","Iran, Islamic Republic of",0.103064812083983,0.112851073005773,0.112508714923557,0.112166356841342,0.111823998759126,0.111749497569709,0.116032208371482,0.108714770642176,0.115514154807235,0.127338024981223,0.135242175358907,0.151025363095873,0.178190750960616,0.216538100507507,0.218279461076906,0.254775471561562,0.287940655644863,0.323087151286002,0.338510309241789,0.386871394533002,0.424095774372211,0.407399289971512,0.398013173090185,0.364974885502061,0.34846146903715,0.333536187001026,0.325523963414353,0.351872891240707,0.351872891240707,0.351872891240707
"IRQ","Iraq",0.0686655836880731,0.0686655836880731,0.0686655836880731,0.0686655836880731,0.0686655836880731,0.0712513408071904,0.0729534708935475,0.0746556009799046,0.083364748129465,0.0920738952790253,0.0923603879903235,0.0923603879903235,0.0923603879903235,0.0923603879903235,0.0923603879903235,0.0923603879903235,0.0923603879903235,0.0923603879903235,0.0923603879903235,0.0923603879903235,0.0923603879903235,0.0923603879903235,0.0923603879903235,0.0923603879903235,0.0923603879903235,0.0923603879903235,0.0923603879903235,0.0923603879903235,0.0923603879903235,0.0923603879903235
"IRL","Ireland",0.303677772241124,0.303677772241124,0.303677772241124,0.303677772241124,0.303677772241124,0.303677772241124,0.303677772241124,0.320888040533837,0.334796865115829,0.353305366274813,0.35298890551459,0.350412548560952,0.349574958236057,0.32379254245827,0.338755287424952,0.378606433896419,0.406721468026941,0.409120426985873,0.430195758679265,0.44291502043988,0.463488596780236,0.465444244394222,0.465215426690908,0.460650228864958,0.446714202338902,0.445219541594695,0.470885275953347,0.465662089499004,0.465662089499004,0.465662089499004
"ISR","Israel",0.306324969025462,0.306324969025462,0.306324969025462,0.306324969025462,0.306324969025462,0.306324969025462,0.306324969025462,0.334734541674366,0.330952599150866,0.326712263698242,0.333587468978274,0.328099126696183,0.343604670961882,0.340409647683802,0.35696514107991,0.372601690826429,0.376404063502012,0.385280138193335,0.375751102068345,0.375573589297505,0.369584524647596,0.368474111449115,0.361859654593236,0.351434377538216,0.344486863292951,0.345554442037741,0.36134869419415,0.353474775850501,0.342603295091927,0.337263725636399
"ITA","Italy",0.320396936406156,0.320396936406156,0.320396936406156,0.320396936406156,0.320396936406156,0.320396936406156,0.320396936406156,0.337620449864882,0.359826487177474,0.379847806665266,0.391848638684644,0.403621915538196,0.413184374473783,0.40540599578515,0.401624810784143,0.392161656160809,0.385363052473469,0.373902517633357,0.365163715199841,0.365107268296506,0.365457151867325,0.36795931752711,0.376015041269059,0.386723471049839,0.394029890270158,0.41228480503583,0.427638133190907,0.443414342538848,0.455771095353762,0.455771095353762
"JAM","Jamaica",0.0502361001594303,0.0502361001594303,0.0502361001594303,0.0502361001594303,0.0502361001594303,0.0821985680762497,0.0953496176578276,0.100127208722132,0.111880319408713,0.113062169273799,0.102701534138175,0.102653810221121,0.117850084451473,0.133046358681825,0.132521923564456,0.151446893024557,0.147784437318071,0.161626157050774,0.152915937869204,0.154757916086445,0.156599894303685,0.156599894303685,0.156599894303685,0.156599894303685,0.156599894303685,0.156599894303685,0.156599894303685,0.156599894303685,0.156599894303685,0.156599894303685
"JPN","Japan",0.375692910567753,0.375692910567753,0.375692910567753,0.375692910567753,0.375692910567753,0.375692910567753,0.375692910567753,0.375692910567753,0.375692910567753,0.375692910567753,0.375692910567753,0.375692910567753,0.375692910567753,0.375692910567753,0.375692910567753,0.375692910567753,0.375692910567753,0.375692910567753,0.375692910567753,0.376843587234494,0.374535003004488,0.374821989253169,0.379575879045536,0.375473757015029,0.374240097202473,0.373625700550264,0.372076222723843,0.38010355084992,0.386816347898517,0.386816347898517
"JOR","Jordan",0.107500611295006,0.120359142418183,0.137284478955038,0.148864759737098,0.160445040519159,0.172025321301219,0.182500686661679,0.19297605202214,0.215706960601414,0.24225656302271,0.237681150120719,0.226602268885675,0.231822149787321,0.247676223265443,0.251855727366363,0.225950758511641,0.223925873918802,0.263007061846494,0.248388930786884,0.233770799727273,0.219152668667662,0.20370456477194,0.170967714128076,0.18863074985129,0.179932596873609,0.180998466899946,0.181981423980465,0.194381652616088,0.197659550389693,0.214880023314678
"KAZ","Kazakhstan",0.19819363740108,0.174128467726667,0.16386152052441,0.153594573322153,0.143327626119895,0.18407520864082,0.207869502810077,0.231663796979333,0.255458091148588,0.279252385317844,0.3030466794871,0.326840973656357,0.315105008004165,0.303369042351973,0.291633076699782,0.27989711104759,0.302189677800748,0.312569960032254,0.274746034258601,0.306162865206572,0.289666791286166,0.275843027622368,0.299443856721822,0.311449248274412,0.343798819552285,0.373585966383529,0.35609169761433,0.343220013345024,0.327637332971651,0.320416376733297
"KEN","Kenya",0.0156778895997227,0.0156778895997227,0.0156778895997227,0.0156778895997227,0.0156778895997227,0.0156778895997227,0.0160870234809825,0.016049233438438,0.0163078391356152,0.0165664448327922,0.0167970975195703,0.0182884032138716,0.019779708908173,0.0212710146024745,0.0227623202967759,0.0280386252999064,0.0333149303030369,0.0385912353061674,0.043867540309298,0.0491438453124283,0.0544201503155588,0.0687515671241974,0.0697753665604383,0.065841787074484,0.0619082075885297,0.0591690190933845,0.0564298305982386,0.053690642103093,0.0509514536079474,0.061433039998339
"KIR","Kiribati",0.0285908217416236,0.0285908217416236,0.0285908217416236,0.0285908217416236,0.0285908217416236,0.0285908217416236,0.0285908217416236,0.0285908217416236,0.0285908217416236,0.0285908217416236,0.0285908217416236,0.0285908217416236,0.0285908217416236,0.0285908217416236,0.0285908217416236,0.0285908217416236,0.0285908217416236,0.0285908217416236,0.0285908217416236,0.0285908217416236,0.0285908217416236,0.0285908217416236,0.0285908217416236,0.0285908217416236,0.0285908217416236,0.0285908217416236,0.0285908217416236,0.0285908217416236,0.0285908217416236,0.0285908217416236
"PRK","Korea, Democratic People's Repub",0.180020087437715,0.180020087437715,0.180020087437715,0.180020087437715,0.180020087437715,0.180020087437715,0.180020087437715,0.180020087437715,0.180020087437715,0.180020087437715,0.180020087437715,0.180020087437715,0.180020087437715,0.180020087437715,0.180020087437715,0.179095427936588,0.178170768435461,0.175344449144985,0.172518129854509,0.169691810564033,0.166865491273556,0.16442088967149,0.161976288069424,0.159531686467358,0.159531686467358,0.159531686467358,0.159531686467358,0.159531686467358,0.159531686467358,0.159531686467358
"KOR","Korea, Republic of",0.448190177528283,0.448190177528283,0.448190177528283,0.448190177528283,0.448190177528283,0.448190177528283,0.464157787559434,0.484453238368753,0.506961022141024,0.539122029816669,0.572634549440586,0.600190830389287,0.618243325962763,0.619368040267698,0.616493265362307,0.610564986153646,0.605428340905314,0.590187631094185,0.578456500037512,0.567051195473701,0.564195748869492,0.56233072849193,0.562723676068711,0.560347672336837,0.56438388991046,0.581701588665805,0.602661455567094,0.617423640714972,0.640868778228933,0.671823993737668
"KWT","Kuwait",0.1342905549436,0.137659429633805,0.125702935635489,0.121596119261048,0.117489302886608,0.113237042193528,0.108984781500447,0.114754371224453,0.116616992780787,0.118937249743751,0.140551471052404,0.162165692361057,0.18377991366971,0.205394134978364,0.227008356287017,0.24862257759567,0.270236798904323,0.291851020212976,0.31346524152163,0.335079462830283,0.353435021940208,0.355107209306286,0.329199279008593,0.312294268665555,0.30226519859488,0.32207396878328,0.311030748410446,0.311030748410446,0.311030748410446,0.311030748410446
"KGZ","Kyrgyzstan",0.123241561414186,0.130645586259955,0.142180978095503,0.163622916242626,0.167358936834397,0.201487735439143,0.235031726679356,0.252849229593437,0.23637924441812,0.234091733086555,0.243146858548931,0.24932631385206,0.248189341455873,0.273044825165055,0.260098903492468,0.25278956755172,0.254109024077689,0.270931705701017,0.291028758292342,0.277715061794706,0.278854000375926,0.267053623905944,0.248925237347658,0.236841497636831,0.244410069027891,0.271531785333522,0.309389201894962,0.32500196309239,0.321213113648145,0.318719051146322
"LAO","Lao People's Democratic Republic",0.00856902665022052,0.0129989844733086,0.0139146197007981,0.0108085880992158,0.0126375702049976,0.0146663947787403,0.0170747481643462,0.023164656561423,0.0276062261426482,0.032312994592672,0.0444796293476875,0.0516103320436828,0.0665122571362755,0.0774380097904219,0.0962973930726017,0.099014201582994,0.104018656721116,0.103027545771228,0.112605587280358,0.110036385945834,0.108002381572167,0.101567110512696,0.0914767551592002,0.0859749896556161,0.081422255526799,0.0743306020481694,0.0735949724019012,0.0810456126671443,0.0883049626304591,0.0883049626304591
"LVA","Latvia",0.380804787126091,0.380804787126091,0.380804787126091,0.380804787126091,0.380804787126091,0.380804787126091,0.380804787126091,0.40678592630452,0.426192229348972,0.447700955729221,0.452579033299972,0.447628463122171,0.438281875141838,0.43419139141145,0.438351659032095,0.414258174085106,0.407653450245499,0.399770900736477,0.414411974106396,0.425372039086187,0.445843464666134,0.48378386394774,0.528630526931587,0.558520160800288,0.569592798213573,0.567464389560747,0.561284934257618,0.548325698553338,0.514661536699475,0.497699735784439
"LBN","Lebanon",0.128835141934724,0.128835141934724,0.141817837881058,0.154800533827391,0.167783229773726,0.167889259967507,0.190148209078467,0.198762192464854,0.197322968593994,0.208738075039758,0.22088026534736,0.228041309114719,0.242400147967959,0.250120266290317,0.250853020093239,0.252545848804887,0.27274936792414,0.269123718362714,0.289440914530189,0.257104990958644,0.235172033241592,0.254530288821615,0.264642222549818,0.282946179363844,0.300510077638893,0.30905106292367,0.340932490680806,0.348817492348853,0.326101996540324,0.326101996540324
"LSO","Lesotho",0.0129548760045165,0.0132328881941186,0.0122782199941862,0.0113235517942539,0.0103688835943215,0.0112880682737949,0.0124170852491047,0.012247870792846,0.015002597034233,0.017244835636584,0.0194870742389349,0.0208551699040546,0.0280536658007412,0.035252161697428,0.0424506575941146,0.0496491534908013,0.056847649387488,0.0640461452841747,0.0616571486547284,0.0614228152362133,0.0572603409203724,0.059029170593936,0.0607980002674998,0.0585436816888969,0.0585436816888969,0.0585436816888969,0.0585436816888969,0.0585436816888969,0.0585436816888969,0.0585436816888969
"LBR","Liberia",0.0454645233646146,0.0454645233646146,0.0454645233646146,0.0454645233646146,0.0454645233646146,0.110226865881332,0.104498363619023,0.098769861356712,0.093041359094402,0.0873128568320922,0.0815843545697815,0.0758558523074717,0.070127350045161,0.0643988477828512,0.0586703455205411,0.0529418432582309,0.0584509031446913,0.0639599630311517,0.0639599630311517,0.0639599630311517,0.0639599630311517,0.0639599630311517,0.0639599630311517,0.0639599630311517,0.0639599630311517,0.0639599630311517,0.0639599630311517,0.0639599630311517,0.0639599630311517,0.0639599630311517
"LBY","Libyan Arab Jamahiriya",0.301794686099868,0.301794686099868,0.301794686099868,0.301794686099868,0.301794686099868,0.278792630378583,0.306021133640122,0.33716853030979,0.351029470288139,0.351029470288139,0.351029470288139,0.351029470288139,0.351029470288139,0.351029470288139,0.351029470288139,0.351029470288139,0.351029470288139,0.351029470288139,0.351029470288139,0.351029470288139,0.351029470288139,0.351029470288139,0.351029470288139,0.351029470288139,0.351029470288139,0.351029470288139,0.351029470288139,0.351029470288139,0.351029470288139,0.351029470288139
"LIE","Liechtenstein",0.123631444468154,0.123631444468154,0.123631444468154,0.123631444468154,0.123631444468154,0.123631444468154,0.123631444468154,0.123631444468154,0.123631444468154,0.146811919691748,0.146033370210845,0.178165351001876,0.18887109502109,0.219769599641382,0.206297888493029,0.215481241853752,0.26155653745543,0.25446532348878,0.239397397671717,0.224329471854654,0.200580108716493,0.209489606218413,0.213095987165374,0.229213104590354,0.246456887514572,0.255078687155772,0.275660894661502,0.275660894661502,0.275660894661502,0.275660894661502
"LTU","Lithuania",0.34383190475453,0.34383190475453,0.34383190475453,0.34383190475453,0.34383190475453,0.34383190475453,0.34383190475453,0.378267293371863,0.417744613970688,0.449463044868654,0.478518485786064,0.494906543756011,0.495283560405213,0.514715848766695,0.535819966314817,0.519695296620134,0.504549162344485,0.478649789684836,0.446426802896135,0.432211594898598,0.432703800877177,0.444555400965451,0.459317402471511,0.464244558317713,0.450623523417348,0.441567410880208,0.450245864021788,0.461582899740328,0.462130244174301,0.453773761047437
"LUX","Luxembourg",0.0584216299715853,0.0584216299715853,0.0584216299715853,0.0584216299715853,0.0584216299715853,0.0584216299715853,0.0584216299715853,0.0687293705252604,0.0713162696669241,0.0668899815716454,0.062463693476366,0.058037405381087,0.0604965472065588,0.0629556890320311,0.0856133618287805,0.10827103462553,0.111026063588973,0.113781092552418,0.11613380438057,0.118486516208723,0.120839228036876,0.118610619817942,0.116676928878636,0.115428279302811,0.115460956068528,0.118857514762565,0.123507658406243,0.125303606505586,0.128339894388559,0.133594437683064
"MKD","Macedonia",0.108112896066327,0.109108980756444,0.112871411336946,0.116883089772844,0.127282966869124,0.133583063368057,0.145343749279566,0.160053229226118,0.166159686907202,0.16873767368196,0.178005823651435,0.174768069218187,0.210817497238042,0.237268116720263,0.238464818617255,0.228294344582581,0.233254383791543,0.238214423000506,0.233122310892664,0.235358379560393,0.251965017202387,0.25626333755856,0.260561657914732,0.262637843426,0.258692184223121,0.262200844768495,0.265329091291063,0.318633355176965,0.329754336298434,0.329754336298434
"MDG","Madagascar",0.0119024620566013,0.0109965770618046,0.00976098829282523,0.011066501552827,0.0107372798384124,0.0109163026327825,0.0101396139599739,0.0103438502018639,0.0113746008715938,0.0134253304707567,0.0140608459318599,0.0152645419995963,0.0176006251569149,0.0182096029408372,0.0194923697228768,0.0204637782561222,0.0227633284637404,0.023108787005636,0.0239322573546382,0.0269326887963278,0.0267745173271181,0.0267705414150703,0.0292790564808053,0.0295409889535309,0.030546414836946,0.0298694443309357,0.0307131486330612,0.034095380022369,0.0357263662074905,0.0357263662074905
"MWI","Malawi",0.00228481301635974,0.00233505985633742,0.00175624936553676,0.0011774388747362,0.000598628383935651,0.000733422015233853,0.000933446331634058,0.00105686672395133,0.00109435619649134,0.00152274736120028,0.0014661220168416,0.00162324086181775,0.00160946073141222,0.00318433812024288,0.00475921550907388,0.00633409289790465,0.00807661096924628,0.00378601924355582,0.00375279496626402,0.00371957068897222,0.00361139355498541,0.00538545360049436,0.0071595136460032,0.00893357369151204,0.0110635950478617,0.0131936164042114,0.0131683823744189,0.0150347719463126,0.0150347719463126,0.0150347719463126
"MYS","Malaysia",0.066504251500839,0.0899059194664933,0.113307587432148,0.136709255397803,0.144275458922737,0.164536385070562,0.160977475533157,0.172826263606116,0.186872842505684,0.177941135821586,0.161912728871571,0.165246826392783,0.175509373843187,0.196738849886274,0.209715807025843,0.219447545978445,0.212760506685203,0.220338666100494,0.227828021347158,0.229764579973842,0.265256207701683,0.271957118814197,0.253240930394072,0.259359698391623,0.244305342867955,0.237904268101805,0.2285495418984,0.221300233205562,0.223040945077806,0.230423386144924
"MDV","Maldives",2.35287490590874e-05,2.35287490590874e-05,2.35287490590874e-05,2.35287490590874e-05,2.35287490590874e-05,2.35287490590874e-05,2.35287490590874e-05,2.35287490590874e-05,2.35287490590874e-05,0.0152381852741662,0.0304528417992733,0.0456674983243804,0.0608821548494876,0.0672943589385651,0.0695928183623149,0.0718912777860657,0.0741897372098156,0.0764881966335658,0.0787866560573163,0.0810851154810664,0.12049044743037,0.159895779379673,0.199301111328976,0.173180346067535,0.147059580806093,0.161697785055802,0.141924389640882,0.290571882291325,0.290571882291325,0.290571882291325
"MLI","Mali",0.00415519595016711,0.00481436067527141,0.00709562388097185,0.00688867892228906,0.00926953266323016,0.0094311044635802,0.010113016025322,0.0100828083812152,0.0129961973261566,0.015909586271098,0.0188229752160394,0.0217363641609808,0.0246497531059221,0.0275631420508635,0.030608996524713,0.0318704913427278,0.0286394984098558,0.0373628674514525,0.0344901828167483,0.0320459269307496,0.0295935279181994,0.0295935279181994,0.0295935279181994,0.0295935279181994,0.0295935279181994,0.0295935279181994,0.0295935279181994,0.0295935279181994,0.0295935279181994,0.0295935279181994
"MLT","Malta",0.149147338582183,0.149147338582183,0.149147338582183,0.149147338582183,0.149147338582183,0.149147338582183,0.149147338582183,0.144698787742529,0.179787746107046,0.158947682535773,0.192536528289658,0.186638825443441,0.207362092819442,0.199253640920941,0.2140945395424,0.220392237220105,0.236123637964828,0.254770100038431,0.266408469022562,0.271998548870974,0.287816467866479,0.294906488161321,0.324223090696971,0.346799464687691,0.350757519713181,0.368679078671517,0.421360796799603,0.44759008198253,0.483303640597684,0.483303640597684
"MHL","Marshall Islands",0.0953061748906201,0.0953061748906201,0.0953061748906201,0.0953061748906201,0.0953061748906201,0.0953061748906201,0.0953061748906201,0.0953061748906201,0.103320787949677,0.111335401008733,0.119350014067789,0.127364627126846,0.135379240185902,0.143393853244959,0.151408466304016,0.159423079363072,0.167437692422129,0.175452305481185,0.18539069497994,0.195329084478694,0.205267473977448,0.219348249218427,0.220755775928438,0.22216330263845,0.223570829348461,0.231538916225143,0.239507003101825,0.247475089978506,0.236493799804429,0.225512509630352
"MRT","Mauritania",0.0193462023145845,0.0210428575792883,0.0227777849463046,0.0222286213105872,0.0239901466122554,0.0218322440794142,0.0196743415465731,0.0172944512078175,0.0185531465648834,0.0188462632938898,0.0172669508458019,0.0197215790997535,0.0225078974723792,0.023240658448809,0.0235553774811786,0.0268265684254649,0.0292262292572192,0.0317950053493736,0.033616307487909,0.0338817893799179,0.0341472712719268,0.0322108657531227,0.0297658158437552,0.0296250924823452,0.0341712805050699,0.0346749722102703,0.0346749722102703,0.0346749722102703,0.0346749722102703,0.0346749722102703
"MUS","Mauritius",0.0345863741125798,0.0390216281369606,0.0379313036315589,0.0470836746092618,0.0562360455869646,0.0629821678864426,0.0977188610753331,0.0897488234571859,0.0935616751939208,0.102752747249741,0.125426118552396,0.14078597746957,0.146312459861418,0.161376563633176,0.187686479051145,0.197799682854506,0.204698919807347,0.241697645120751,0.247880376203867,0.239671230846996,0.2259664336783,0.229878041705052,0.237406686371283,0.2418953831635,0.257421095369888,0.254713010765651,0.263257249897058,0.264731309079696,0.259532167203633,0.274205583814049
"MEX","Mexico",0.122254922800002,0.122254922800002,0.122254922800002,0.122254922800002,0.122254922800002,0.122254922800002,0.12737990679299,0.133022703320342,0.137430164303562,0.1413738378793,0.143948392847613,0.146583974287061,0.150064904918149,0.153865062414321,0.156462549654465,0.162217941570536,0.167448049025837,0.175352073149772,0.181252369936647,0.186518528576042,0.191131427363819,0.230955199727019,0.241481732288592,0.249299823520034,0.257759696989567,0.270524846249072,0.273444383847227,0.277990735431763,0.284420815903911,0.288806182481088
"FSM","Micronesia, Federated States of",0.0791359849806815,0.0791359849806815,0.0791359849806815,0.0791359849806815,0.0791359849806815,0.0791224471355241,0.0791224471355241,0.0791224471355241,0.0791224471355241,0.0791224471355241,0.0791224471355241,0.0791224471355241,0.0791224471355241,0.0791224471355241,0.0791224471355241,0.0791224471355241,0.0791224471355241,0.0791224471355241,0.0791224471355241,0.0791224471355241,0.0791224471355241,0.0791224471355241,0.0791224471355241,0.0791224471355241,0.0791224471355241,0.0791224471355241,0.0791224471355241,0.0791224471355241,0.0791224471355241,0.0791224471355241
"MDA","Moldova, Republic of",0.228280940298976,0.228280940298976,0.228280940298976,0.228280940298976,0.228280940298976,0.228280940298976,0.228280940298976,0.228280940298976,0.228280940298976,0.228280940298976,0.228280940298976,0.228280940298976,0.228280940298976,0.228280940298976,0.228280940298976,0.228280940298976,0.236119914333577,0.240095115305179,0.247126828606674,0.31256401776895,0.312254327322644,0.316728577700798,0.311345536455616,0.316720916289787,0.328388366043907,0.337225866160702,0.36762415218299,0.408277871919387,0.426996551382815,0.448317030320882
"MCO","Monaco",0.3210805889784,0.3210805889784,0.3210805889784,0.3210805889784,0.3210805889784,0.3210805889784,0.3210805889784,0.3210805889784,0.3210805889784,0.3210805889784,0.3210805889784,0.3210805889784,0.3210805889784,0.3210805889784,0.3210805889784,0.3210805889784,0.3210805889784,0.3210805889784,0.3210805889784,0.3210805889784,0.3210805889784,0.3210805889784,0.339068543061598,0.357056497144795,0.375044451227992,0.39303240531119,0.411020359394387,0.429008313477584,0.446996267560781,0.464984221643979
"MNG","Mongolia",0.0838126648668396,0.0932260755131378,0.105371766492867,0.121168933963111,0.154865187224401,0.17490900283471,0.199042911936548,0.208138599285136,0.22065959674965,0.237034271822223,0.2604006958626,0.280450112548312,0.281427362474629,0.294650193051217,0.318757037940354,0.336189994890757,0.340224987784718,0.367656033067219,0.388780534856969,0.399985623930378,0.422127271831072,0.391371353603653,0.386303711767855,0.390500845483156,0.40775785061816,0.397437283045135,0.404479999734487,0.40612742017228,0.407580827912397,0.41421616601959
"MNE","Montenegro",0.10772428702746,0.10772428702746,0.10772428702746,0.10772428702746,0.10772428702746,0.10772428702746,0.11266031506892,0.105360759461492,0.111147198322159,0.131785129641573,0.148751992184175,0.17441718709499,0.21734176300681,0.260846647058658,0.309607130345454,0.331488282329493,0.353844538647953,0.361653792116979,0.362409110908098,0.379167276003902,0.383485682183751,0.354882046045297,0.365270181542937,0.348859834047517,0.337307111015539,0.348326193884097,0.347525377832949,0.344338457750021,0.330753852794997,0.330753852794997
"MAR","Morocco",0.0665230288765726,0.0673912443437668,0.068259459810961,0.0535194723676498,0.0561750879815118,0.059793394168929,0.0619657965144115,0.0626259888446022,0.0651814106311626,0.0657488695828453,0.0691363437457734,0.0719443820673011,0.068565814532472,0.0747846782216522,0.0775606423521732,0.0829220885316919,0.0941409763342265,0.113356480583216,0.133573502515987,0.151050650404125,0.170551634667561,0.191873978304169,0.200167914036055,0.211274209585631,0.225728519793086,0.237550663481643,0.254677660667267,0.275185884558757,0.284384843294972,0.288688960908682
"MOZ","Mozambique",0.00144692588755202,0.00156872165954169,0.00183349495995122,0.00209826826036075,0.00236304156077038,0.0024300772799376,0.0023644256892269,0.00284282266402924,0.00432585407500252,0.00569172308309751,0.00735570301678579,0.0115419502156541,0.0170285938109426,0.0199166081435407,0.0217342776264879,0.0264368517380377,0.0282467590038405,0.0300268193282287,0.0323973456702751,0.0363511558536436,0.0392475702861547,0.0429192289834839,0.0423400852323017,0.0436478249438754,0.0436478249438754,0.0436478249438754,0.0436478249438754,0.0436478249438754,0.0436478249438754,0.0436478249438754
"MMR","Myanmar",0.0326483532435704,0.0361093816927992,0.0395704101420281,0.043031438591257,0.0517051103503345,0.0603787821094122,0.0690524538684898,0.0684166170342074,0.0677807801999258,0.0671449433656441,0.066509106531362,0.0658732696970797,0.0652374328627979,0.070162502652741,0.0750875724426836,0.0800126422326266,0.0849377120225697,0.0814059986904221,0.088060061921187,0.0947141251519513,0.101368188382716,0.108022251613481,0.114676314844246,0.121330378075011,0.121330378075011,0.121330378075011,0.121330378075011,0.121330378075011,0.121330378075011,0.121330378075011
"NAM","Namibia",0.0414512839732764,0.0361045783115373,0.0307578726497982,0.0380759646030756,0.0398121956356953,0.0415484266683152,0.0432846577009347,0.0351457069138839,0.0371968568806422,0.0393512092441488,0.0415055616076553,0.0393737154095776,0.047620529939171,0.0558673444687644,0.0670166635384405,0.078165982608117,0.0893153016777936,0.10046462074747,0.1038076224197,0.109854725366808,0.117014698344821,0.127735327935362,0.134014498565035,0.141355900961632,0.154573396704923,0.155117369207081,0.158840359564909,0.155852819484683,0.155852819484683,0.155852819484683
"NRU","Nauru",,,,,,,,,,,,,,,,,,,,,,,,,,,,,,
"NPL","Nepal",0.0243993407509862,0.0272008224857855,0.0262860911203613,0.0253713597549371,0.0244566283895129,0.0235418970240888,0.0252732749391212,0.0287525154916174,0.0282927710735014,0.0330071204872612,0.0417894115984386,0.0446327148875344,0.0559278257532557,0.0617718535398049,0.0616023980536622,0.0789144118824985,0.0786923018254007,0.0852671576865033,0.0918420135476066,0.0783993388880575,0.0726515483937624,0.0654929691471887,0.0675540344858363,0.0746422166698281,0.0818247119905963,0.0841893601870009,0.0904650897736777,0.0880607565421264,0.113287476784539,0.12686191308306
"NLD","Netherlands",0.317543349175339,0.317543349175339,0.317543349175339,0.317543349175339,0.317543349175339,0.317543349175339,0.317543349175339,0.325199192861935,0.329680489332988,0.340362038542884,0.352508590343626,0.358748876998459,0.362164017948799,0.365913088587153,0.368386009287666,0.382087846587276,0.453178394278459,0.454955771599112,0.463673202716237,0.472390633833362,0.481108064950487,0.479214580091373,0.499406548737115,0.502123391680348,0.50719202059091,0.51226064950147,0.536648558190706,0.528235880668004,0.519823203145303,0.519823203145303
"NZL","New Zealand",0.482482440304909,0.482482440304909,0.482482440304909,0.482482440304909,0.482482440304909,0.482482440304909,0.482482440304909,0.482482440304909,0.482482440304909,0.482482440304909,0.482482440304909,0.482482440304909,0.482482440304909,0.482482440304909,0.482482440304909,0.482482440304909,0.482482440304909,0.482482440304909,0.482482440304909,0.484416877289094,0.493273784365823,0.491357252458744,0.487785832322592,0.487674224008636,0.465608144715417,0.454478394697213,0.476611365522078,0.462154622625437,0.458367606996756,0.463539741026122
"NIC","Nicaragua",0.0603184261222017,0.0610042508328061,0.0616900755434102,0.0707214802219062,0.079752884900402,0.088784289578898,0.0978156942573938,0.10684709893589,0.110399763558428,0.113952428180967,0.117505092803506,0.121057757426045,0.124610422048583,0.128163086671122,0.13171575129366,0.135268415916199,0.138821080538738,0.142373745161277,0.145926409783815,0.149479074406354,0.153031739028893,0.156584403651431,0.16013706827397,0.163689732896509,0.167242397519047,0.170795062141586,0.174347726764125,0.177900391386663,0.181453056009202,0.181453056009202
"NER","Niger",0.00372006491558874,0.00372006491558874,0.00372006491558874,0.00372006491558874,0.00372006491558874,0.00372006491558874,0.00372006491558874,0.00372006491558874,0.00372006491558874,0.00352852542498983,0.00446455924112388,0.00451625010835355,0.0041873296812942,0.00498279321910844,0.00629853590216789,0.00657035602510936,0.00685104833434091,0.00802251931136633,0.0114319505568952,0.0148413818024241,0.0182508130479531,0.0195016151259814,0.0208073292247064,0.0248427135357417,0.0237215655056509,0.0237215655056509,0.0237215655056509,0.0237215655056509,0.0237215655056509,0.0237215655056509
"NGA","Nigeria",0.0336538897484295,0.0336538897484295,0.0336538897484295,0.0336538897484295,0.0336538897484295,0.0388901728771599,0.0441264560058903,0.0493627391346206,0.054599022263351,0.0560261487295522,0.0594972086130056,0.0584320683381314,0.0573669280632575,0.0563017877883832,0.0552366475135092,0.0541715072386351,0.0573587641700289,0.0573587641700289,0.0573587641700289,0.0573587641700289,0.0573587641700289,0.0573587641700289,0.0573587641700289,0.0573587641700289,0.0573587641700289,0.0573587641700289,0.0573587641700289,0.0573587641700289,0.0573587641700289,0.0573587641700289
"NOR","Norway",0.419746447501516,0.419746447501516,0.419746447501516,0.419746447501516,0.419746447501516,0.419746447501516,0.419746447501516,0.433913311790868,0.467932223723686,0.471795267064383,0.470787211223354,0.467694407571365,0.462316456976196,0.441580541270086,0.43842722763957,0.432708300101681,0.426355762386534,0.430227115519426,0.455253133610423,0.468771007720389,0.47536898272324,0.491473819101745,0.502622025122504,0.512569167753131,0.514825942035665,0.523281545832966,0.563934885669204,0.586306315392749,0.570753276762267,0.573409288353796
"OMN","Oman",0.0288341127155988,0.0274700499969328,0.0336676112354035,0.0421689992330712,0.05073087712344,0.0592927550138092,0.0678546329041784,0.0764165107945469,0.0849783886849161,0.0899046779712972,0.101745816214839,0.114474133812528,0.121548934791831,0.121774963435058,0.130931837941369,0.166343979988498,0.18863106471939,0.199442435628408,0.210253806537426,0.246553265052156,0.270671937122299,0.280502316242795,0.260964910134621,0.269252553973077,0.270566170961849,0.289841194100638,0.262569072547946,0.259326722249344,0.256084371950743,0.252842021652141
"PAK","Pakistan",0.0130261849826707,0.0130261849826707,0.0130261849826707,0.0130261849826707,0.0130261849826707,0.0130261849826707,0.0130261849826707,0.0130261849826707,0.0130261849826707,0.0166639285085994,0.024782902509303,0.025189508446183,0.0285730113548299,0.0280935311802507,0.0346797071963946,0.0410601918148269,0.0427713322322766,0.0488830257359972,0.0512017405429886,0.0513662148760937,0.0495000096238035,0.0488030092302563,0.050623577017071,0.048123574124162,0.0655553333395513,0.0692920028054149,0.0732419595555981,0.0619572988574348,0.0617846723932705,0.0640676332695688
"PLW","Palau",0.274236247359823,0.274236247359823,0.274236247359823,0.274236247359823,0.274236247359823,0.274236247359823,0.217393618864735,0.217395019133585,0.234342888312636,0.251290757491687,0.268238626670739,0.28518649584979,0.30213436502884,0.319082234207892,0.336030103386943,0.352977972565994,0.369925841745045,0.386873710924096,0.403821580103147,0.393264618157,0.382707656210853,0.372150694264706,0.36159373231856,0.351036770372412,0.340479808426266,0.329922846480118,0.319365884533972,0.308808922587825,0.246244853080287,0.431058058921044
"PAN","Panama",0.171096747933879,0.179638456787874,0.202336533653649,0.225034610519424,0.236627711795797,0.254708602985142,0.249350669347968,0.244159849763777,0.265153919953383,0.257765343975424,0.249460556019895,0.255643684159353,0.257021571663515,0.258091445931011,0.257661678170029,0.263294711606708,0.250789778895581,0.261481638105394,0.264378193461556,0.267274748817719,0.285066271257958,0.289868611567406,0.284689433496429,0.279510255425452,0.274331077354475,0.269151899283498,0.315953517567622,0.346652177584737,0.321851828729739,0.321851828729739
"PNG","Papua New Guinea",0.018106884038559,0.019926477456474,0.0153529397095936,0.0107794019627131,0.0104714834163594,0.0104714834163594,0.0104714834163594,0.0104714834163594,0.0104714834163594,0.0104714834163594,0.0104714834163594,0.0104714834163594,0.0104714834163594,0.0104714834163594,0.0104714834163594,0.0104714834163594,0.0104714834163594,0.0104714834163594,0.0104714834163594,0.0104714834163594,0.0104714834163594,0.0104714834163594,0.0104714834163594,0.0104714834163594,0.0104714834163594,0.0104714834163594,0.0104714834163594,0.0104714834163594,0.0104714834163594,0.0104714834163594
"PRY","Paraguay",0.0585918028085737,0.0592091492074606,0.0677620276923548,0.0763149061772498,0.0848677846621442,0.10279329765834,0.115097437092837,0.169134776154838,0.160702288271185,0.162007384750346,0.165883719167509,0.175847504337753,0.185811289507997,0.220697748337021,0.238072169458427,0.225107048507542,0.225107048507542,0.225107048507542,0.225107048507542,0.225107048507542,0.225107048507542,0.225107048507542,0.225107048507542,0.225107048507542,0.225107048507542,0.225107048507542,0.225107048507542,0.225107048507542,0.225107048507542,0.225107048507542
"PER","Peru",0.159486143296875,0.151318719420061,0.151504427206961,0.189492894734027,0.227481362261092,0.199808216251437,0.178779391848066,0.180804961083672,0.181188703614401,0.192299010555288,0.194074207129371,0.202844986194179,0.226496403969528,0.250147821744878,0.273799239520227,0.297450657295577,0.321102075070927,0.344753492846276,0.368404910621626,0.392056328396975,0.415707746172325,0.439359163947674,0.427433234834187,0.427433234834187,0.427433234834187,0.427433234834187,0.427433234834187,0.427433234834187,0.427433234834187,0.427433234834187
"PHL","Philippines",0.161641696505697,0.170377709879125,0.164740864494389,0.159104019109652,0.164352846552619,0.167740383842422,0.171127921132224,0.169325476703623,0.162597586593236,0.158479453291856,0.154132777749885,0.156680509535381,0.15933479948488,0.16198908943438,0.158839425684967,0.165755690316242,0.173674768685029,0.177038467254029,0.190520989190001,0.2025788495337,0.214616385348258,0.22948071440849,0.201434965966546,0.167932243235577,0.179595778886196,0.189084843864406,0.201028873023387,0.22982009251126,0.264952386888602,0.284052647190523
"POL","Poland",0.337802783233405,0.337802783233405,0.337802783233405,0.337802783233405,0.337802783233405,0.337802783233405,0.337802783233405,0.357001548070024,0.363532608586002,0.370285692058085,0.382534119156512,0.390422751800704,0.401569672328749,0.421741578106042,0.436091854659589,0.4594265775314,0.454883187171155,0.450286907967768,0.43993051954915,0.421406615432811,0.416196788920616,0.419068258273312,0.423684233061514,0.42611702802513,0.425423550615705,0.425823935686053,0.433243753728038,0.451808242685816,0.461365972844629,0.48565021572847
"PRT","Portugal",0.370600545952414,0.370600545952414,0.370600545952414,0.370600545952414,0.370600545952414,0.370600545952414,0.370600545952414,0.370600545952414,0.370600545952414,0.370600545952414,0.370600545952414,0.370600545952414,0.370600545952414,0.370600545952414,0.370600545952414,0.370600545952414,0.370600545952414,0.370600545952414,0.370600545952414,0.370600545952414,0.370600545952414,0.379282281691463,0.385090849391015,0.390559151759884,0.39645226356069,0.408877560683599,0.435086186162174,0.450486618443174,0.466170455957432,0.466170455957432
"QAT","Qatar",0.122305045538283,0.134023367578258,0.142725923708249,0.128559713642868,0.117672841404551,0.114432223306727,0.111191605208903,0.10276633674416,0.0935225652258205,0.100384823757792,0.0873425130867884,0.075977179312093,0.0698641047868093,0.06699065554578,0.0599099550731236,0.0567642233727369,0.0745649474290395,0.0726744600851452,0.0882240860750264,0.102880683156559,0.0946223389915832,0.0878968908879255,0.099697836963722,0.103719916876602,0.125667917732402,0.141745552130541,0.186976511789712,0.209867924867472,0.22864516931771,0.257601742072181
"ROU","Romania",0.167557993085832,0.167557993085832,0.167557993085832,0.167557993085832,0.167557993085832,0.167557993085832,0.167557993085832,0.201540807924101,0.232860529483294,0.250271426460495,0.272319761363198,0.324523436887799,0.361496548811631,0.440711594105029,0.489370202094142,0.451434669320672,0.400631629930247,0.329425112431966,0.307937068711297,0.306206588919524,0.295771808400503,0.299083467187264,0.302690995895578,0.311618260743241,0.314323878580442,0.320625134318341,0.331303309109859,0.349196151079145,0.330717675357153,0.330717675357153
"RUS","Russian Federation",0.256656675374199,0.262893289192703,0.271249175483662,0.283245760786035,0.312411914763547,0.330990704827782,0.362119852091939,0.389943446659732,0.414162909892815,0.41887772988873,0.433344481264369,0.440668392367705,0.456859632220856,0.465304860255526,0.467318263220791,0.47422166397258,0.481125064724369,0.483347786986105,0.496999325896442,0.50733259759408,0.505632189586876,0.503372465153074,0.49040493885906,0.489580587834343,0.4858735097565,0.343083769739505,0.329429666034165,0.323177081795044,0.562752232371171,0.362134437858439
"RWA","Rwanda",0.00298200917256797,0.00298200917256797,0.00298200917256797,0.00298200917256797,0.00298200917256797,0.00552527760110277,0.00802401504119732,0.0100024134372511,0.0128281459347355,0.0151753006850046,0.0158951837790546,0.0206561681712846,0.0221194017749465,0.0239098721832333,0.0292590139684439,0.0334788188346287,0.0398819010955929,0.0391125929683491,0.0362368209952645,0.0430193897305501,0.0440582086510248,0.0443399760657991,0.0429367396462585,0.0394228580355095,0.0367350647495869,0.0442739224626409,0.0438110595682867,0.0433481966739325,0.0522119898526034,0.0553742024455508
"KNA","Saint Kitts and Nevis",0.118393383026677,0.118393383026677,0.118393383026677,0.118393383026677,0.118393383026677,0.118393383026677,0.118393383026677,0.118393383026677,0.118393383026677,0.118393383026677,0.118393383026677,0.118393383026677,0.118393383026677,0.118393383026677,0.189677315115275,0.260961247203874,0.332245179292473,0.403529111381071,0.47481304346967,0.546096975558269,0.563923224413858,0.563923224413858,0.563923224413858,0.563923224413858,0.563923224413858,0.563923224413858,0.563923224413858,0.563923224413858,0.563923224413858,0.563923224413858
"LCA","Saint Lucia",0.102873457311226,0.102873457311226,0.0998925984107393,0.0969117395102523,0.0939308806097654,0.0909500217092778,0.0879691628087909,0.0849883039083037,0.0820074450078168,0.0790265861073298,0.075714273096597,0.0560351758725929,0.0496609397290696,0.0933642430248011,0.103862621000387,0.0737678879167281,0.0966406884932554,0.0605597314690366,0.083099945238333,0.101537669693489,0.101218316574658,0.117881527373736,0.123585763566308,0.0869340994257775,0.094698877142378,0.0999537819817086,0.0980308972155406,0.0961080124493726,0.0892405201256318,0.0892405201256318
"VCT","Saint Vincent and the Grenadines",0.0797030079427617,0.0797030079427617,0.0797030079427617,0.0797030079427617,0.0797030079427617,0.0797030079427617,0.0797030079427617,0.0797030079427617,0.0797030079427617,0.0797030079427617,0.0797030079427617,0.0797030079427617,0.0797030079427617,0.0797030079427617,0.0797030079427617,0.0797030079427617,0.12271067472141,0.117896410779683,0.117678804049787,0.142802353136739,0.140865230390988,0.141164174566148,0.153519666653994,0.155279768561322,0.177372453389881,0.201345460520569,0.213585195783692,0.248457656659888,0.248457656659888,0.248457656659888
"WSM","Samoa",0.050219314149644,0.050219314149644,0.050219314149644,0.050219314149644,0.0651271903848514,0.0419902784434071,0.044139649834258,0.0462890212251088,0.0484383926159597,0.0505877640068106,0.0527371353976617,0.0548865067885124,0.0570358781793634,0.0591852495702143,0.0613346209610651,0.0634839923519159,0.0656333637427672,0.067782735133618,0.0699321065244687,0.0720814779153195,0.074230849306171,0.0763802206970218,0.0785295920878726,0.0839674025838815,0.0804522818971118,0.103025009588776,0.113920567509004,0.110369435032334,0.0866591215737125,0.0951783601863607
"SMR","San Marino",0.35570030806901,0.35570030806901,0.35570030806901,0.35570030806901,0.35570030806901,0.35570030806901,0.360710096993814,0.365719885918618,0.370729674843422,0.375739463768227,0.380749252693031,0.385759041617835,0.390768830542639,0.395778619467443,0.397062449596282,0.398346279725122,0.385641833433308,0.358884232849298,0.344413986255515,0.329943739661731,0.315473493067948,0.301003246474165,0.286532999880382,0.272062753286599,0.301034675087295,0.330283258554385,0.345774643183554,0.322477168962428,0.306451472356737,0.345042255995781
"STP","Sao Tome and Principe",0.0223682895202187,0.0223682895202187,0.0223682895202187,0.0223682895202187,0.0223682895202187,0.0223682895202187,0.0223682895202187,0.0223682895202187,0.0223682895202187,0.0223682895202187,0.0223682895202187,0.0223682895202187,0.0223682895202187,0.0223682895202187,0.0223682895202187,0.0241867409155877,0.0350384443113498,0.0458901477071121,0.0501273928122933,0.0543646379174744,0.0758901675239292,0.0758901675239292,0.0758901675239292,0.0758901675239292,0.0758901675239292,0.0758901675239292,0.0758901675239292,0.0758901675239292,0.0758901675239292,0.0758901675239292
"SAU","Saudi Arabia",0.128183075754912,0.131156179375408,0.135168936706978,0.138655755353806,0.164467783374499,0.169492762920809,0.162643439659284,0.149809401763379,0.158944434371144,0.156778711996736,0.150371437542669,0.146251800673917,0.144965665212306,0.145964229066947,0.149390216362071,0.175200615902419,0.172898710302712,0.215638301517284,0.258477966044215,0.318755306850471,0.342277364531903,0.383758827240536,0.424464544894444,0.439207840480039,0.467907584865089,0.44254105351517,0.446400725758196,0.442529739908938,0.473023569850313,0.503517399791689
"SEN","Senegal",0.0174544577486225,0.0174544577486225,0.0174544577486225,0.0177414662351789,0.0180284747217353,0.0198895901282338,0.021750705534732,0.0236118209412305,0.0254729363477287,0.0273340517542272,0.0303992861785205,0.0316289173487275,0.0355798763396538,0.0454068770506649,0.0463679435419059,0.0446512343434112,0.0596428939249466,0.0605000599946556,0.0623594065592411,0.0642020910422321,0.06397450517895,0.0642553007237227,0.0670344712414899,0.0734636243055625,0.0746094541491089,0.0788543183477267,0.0870905350923302,0.0929007517940954,0.0954468360810662,0.0909892253949135
"SRB","Serbia",0.225973295664284,0.225973295664284,0.225973295664284,0.225973295664284,0.225973295664284,0.225973295664284,0.225973295664284,0.213347461677795,0.237114729893061,0.245060566963082,0.264746763091054,0.280478691805999,0.287382591119854,0.29158592274646,0.298712487762778,0.294096053870035,0.309207732349871,0.320678803639202,0.338014522247788,0.348088492507911,0.349488899089817,0.372652238236411,0.398827303173028,0.402870636867039,0.40666880873607,0.408794646403465,0.415034336222394,0.418793254653156,0.43926096148632,0.423474743659382
"SYC","Seychelles",0.0162950345220202,0.0162950345220202,0.0162950345220202,0.0162950345220202,0.0162950345220202,0.0162950345220202,0.0162950345220202,0.0162950345220202,0.0162950345220202,0.0162950345220202,0.0162950345220202,0.0162950345220202,0.0162950345220202,0.0162950345220202,0.0162950345220202,0.0162950345220202,0.0162950345220202,0.00810131626615862,0.0198091638466021,0.0426136560759288,0.0980121003890975,0.15300424857861,0.252729377528822,0.232570077471907,0.247246410581329,0.160817310717798,0.16043151500016,0.0825656673218267,0.0831898283438514,0.0861992968688412
"SLE","Sierra Leone",0.00881496536616666,0.00881496536616666,0.00881496536616666,0.00881496536616666,0.00881496536616666,0.00881496536616666,0.011453551070955,0.0107002717082897,0.0107002717082897,0.0107002717082897,0.0107002717082897,0.0107002717082897,0.0107002717082897,0.0107002717082897,0.0107002717082897,0.0107002717082897,0.0107002717082897,0.0107002717082897,0.0107002717082897,0.0107002717082897,0.0107002717082897,0.0107002717082897,0.0107002717082897,0.0107002717082897,0.0107002717082897,0.0107002717082897,0.0107002717082897,0.0107002717082897,0.0107002717082897,0.0107002717082897
"SGP","Singapore",0.55999566149518,0.55999566149518,0.55999566149518,0.55999566149518,0.55999566149518,0.55999566149518,0.55999566149518,0.55999566149518,0.55999566149518,0.55999566149518,0.55999566149518,0.55999566149518,0.55999566149518,0.55999566149518,0.55999566149518,0.55999566149518,0.576315709874284,0.612511828207857,0.585348743256032,0.558185658304208,0.531022573352384,0.50385948840056,0.508986077343088,0.533619210303941,0.546873190728804,0.559183805768665,0.583038334510379,0.588594459000171,0.584180135556723,0.584180135556723
"SVK","Slovakia",0.184178897401442,0.184178897401442,0.184178897401442,0.184178897401442,0.184178897401442,0.184178897401442,0.184178897401442,0.195767246945813,0.206649126422245,0.219342425821058,0.244081274021557,0.269725935481769,0.302965035396197,0.324672554042769,0.340356689974979,0.348023919454197,0.342657744890509,0.341971452467153,0.331233318622559,0.322991175481672,0.3159889359751,0.301431098258495,0.294355402025337,0.286461673320738,0.28872673444024,0.289862627940755,0.304035506499597,0.314636436952065,0.320182833003385,0.326541660450746
"SVN","Slovenia",0.364880769071124,0.364880769071124,0.364880769071124,0.364880769071124,0.364880769071124,0.364880769071124,0.364880769071124,0.399837241342675,0.41759026302395,0.440120726560553,0.487803599668335,0.511880373210026,0.523863047644801,0.531887735919767,0.528076341839951,0.541833455326316,0.523402978984103,0.534432276928702,0.527425698884216,0.506489475866797,0.49338171984345,0.476983607484052,0.475753620507826,0.463906519644055,0.458914400505279,0.45497092204897,0.493623989309821,0.494539948779893,0.480629907570867,0.480629907570867
"SLB","Solomon Islands",,,,,,,,,,,,,,,,,,,,,,,,,,,,,,
"SOM","Somalia",,,,,,,,,,,,,,,,,,,,,,,,,,,,,,
"ZAF","South Africa",0.106722075423899,0.106722075423899,0.106722075423899,0.106722075423899,0.106722075423899,0.106722075423899,0.106722075423899,0.106722075423899,0.106722075423899,0.106722075423899,0.106722075423899,0.106722075423899,0.106722075423899,0.106722075423899,0.106722075423899,0.106722075423899,0.106722075423899,0.106722075423899,0.110718341274101,0.109951179325439,0.113272635934123,0.112646826655766,0.125650763764487,0.133240439662098,0.132594777882135,0.134825058161111,0.13318981067838,0.141517981816698,0.140113872022357,0.140113872022357
"ESP","Spain",0.365835821292875,0.365835821292875,0.365835821292875,0.365835821292875,0.365835821292875,0.365835821292875,0.365835821292875,0.382299080586664,0.393083354437645,0.404765636771138,0.408750847830239,0.413738146371332,0.415333672383231,0.416369733601271,0.428580766634821,0.458378258222111,0.484501627987392,0.49754772627086,0.511331238268343,0.527898943845245,0.531477480101785,0.539181529765203,0.552777589378529,0.555481347842339,0.549579788517975,0.549942940210034,0.572676006580653,0.570571425453513,0.562767750104662,0.563000148823399
"LKA","Sri Lanka",0.0940811532796476,0.0940811532796476,0.0940811532796476,0.0940811532796476,0.0940811532796476,0.0940811532796476,0.0940811532796476,0.0940811532796476,0.0940811532796476,0.0940811532796476,0.0940811532796476,0.0940811532796476,0.0940811532796476,0.0940811532796476,0.0940811532796476,0.0940811532796476,0.0870325423986837,0.0969620613029142,0.10564360976011,0.106273576434737,0.108093615787291,0.101946076758401,0.102205322985379,0.10637457366907,0.115818197241209,0.12006162185626,0.123798182527591,0.133339427321605,0.123550464137094,0.123550464137094
"SDN","Sudan",0.0382656407748533,0.0382656407748533,0.0382656407748533,0.0382656407748533,0.0382656407748533,0.0390248763015894,0.0484270962746974,0.0547806325422211,0.0508347896975254,0.0622181146314276,0.0698860729391043,0.0789972206331154,0.0770664220524192,0.0853444384743913,0.086654045655669,0.0878197063468719,0.0860658237011119,0.087907624866504,0.0990370649891441,0.0947703654582438,0.0942045937157501,0.0942045937157501,0.0942045937157501,0.0942045937157501,0.0942045937157501,0.0942045937157501,0.0942045937157501,0.0942045937157501,0.0942045937157501,0.0942045937157501
"SUR","Suriname",0.0664989603210023,0.0664989603210023,0.0664989603210023,0.0664989603210023,0.0664989603210023,0.0664989603210023,0.0664989603210023,0.0664989603210023,0.0643764911436902,0.0622540219663781,0.0601315527890659,0.058009083611754,0.0558866144344421,0.0537641452571301,0.0516416760798181,0.049519206902506,0.047396737725194,0.0452742685478821,0.04315179937057,0.0410293301932579,0.038906861015946,0.0367843918386339,0.034661922661322,0.03253945348401,0.0304169843066978,0.0306660867416909,0.0496119154041644,0.0289759106711621,0.0284522434589611,0.0141820077179278
"SWZ","Swaziland",0.0344915977188637,0.0344915977188637,0.0316915592939656,0.0288915208690677,0.0260914824441696,0.0244082473790846,0.0248640779309872,0.0253199084828898,0.0282521532339238,0.0311843979849579,0.0275171082124019,0.0264449556386201,0.0293624215639999,0.0322798874893796,0.0351973534147594,0.0381148193401392,0.0410322852655189,0.0392482451357057,0.0374642050058925,0.0374642050058925,0.0374642050058925,0.0374642050058925,0.0374642050058925,0.0374642050058925,0.0374642050058925,0.0374642050058925,0.0374642050058925,0.0374642050058925,0.0374642050058925,0.0374642050058925
"SWE","Sweden",0.4200379329747,0.4200379329747,0.4200379329747,0.4200379329747,0.4200379329747,0.4200379329747,0.4200379329747,0.448500532198108,0.483094702121002,0.498407583166002,0.490609462982099,0.47614404300963,0.452429640682278,0.426937401929732,0.426055875300247,0.438513768845579,0.431512791876496,0.412400315738387,0.394587013630858,0.389605086612896,0.39847576682586,0.409775064151116,0.422581739416368,0.440478782192205,0.450747619374824,0.474846705397215,0.515904516334217,0.503598540481555,0.488567870998008,0.504207496744952
"CHE","Switzerland",0.228084740404313,0.228084740404313,0.228084740404313,0.228084740404313,0.228084740404313,0.228084740404313,0.234770519150662,0.239202393017858,0.257798215860571,0.268810251474422,0.271012736644965,0.277260483748591,0.286472026128141,0.29774492494228,0.3014431497527,0.316490760193817,0.31848389369359,0.328715818871099,0.33681318339493,0.348149209083479,0.364718613347185,0.366977774973334,0.374594411132115,0.385989730172155,0.397759793293919,0.408340500191348,0.431365465229237,0.444957668364417,0.444075544899029,0.441289193528264
"SYR","Syrian Arab Republic",0.0864322981622876,0.0847777222882699,0.0831231464142521,0.0814685705402343,0.0798139946662171,0.0781594187921995,0.0765048429181817,0.074850267044164,0.0783629103214334,0.0904585933390152,0.108845776122997,0.124204739786316,0.127125780951844,0.129941354326653,0.136559116735229,0.147580070454792,0.146338996103897,0.172260784542767,0.187766753480167,0.266285635602574,0.286594469309269,0.262071400243115,0.262071400243115,0.262071400243115,0.262071400243115,0.262071400243115,0.262071400243115,0.262071400243115,0.262071400243115,0.262071400243115
"TJK","Tajikistan",0.121446221628359,0.115806670396233,0.110167119164107,0.104527567931982,0.0988880166998559,0.10223890596966,0.0993756775434778,0.100646410047732,0.108894521547654,0.116586909955727,0.120004231652638,0.126927688819946,0.132848737132082,0.135645590519226,0.134277791837356,0.136124953048266,0.133050272548038,0.135291333977652,0.134834479048741,0.144520184598404,0.155597941027322,0.170347018740548,0.18069460382959,0.189580907720011,0.198467211610433,0.207353515500854,0.223928478051212,0.223094248993831,0.209166711806898,0.213203778215215
"TZA","Tanzania, United Republic of",0.00143705711263187,0.00178288729249831,0.0023703829293239,0.00187832580104486,0.00236520796032391,0.00261012337528888,0.00272475819246276,0.00293513244686283,0.00414189698284118,0.00605115315896965,0.00732976719696443,0.00743624824575206,0.00754272929453981,0.00889874218596765,0.0102547550773954,0.0116107679688232,0.0171032592034133,0.0225957504380032,0.0208431600187822,0.0217765960139721,0.0227100320091618,0.0211775279166972,0.0275147217167834,0.0244933664882439,0.0159238815532025,0.0419558730901824,0.0203513377204223,0.0307614235580189,0.0298424655962074,0.0229218447778127
"THA","Thailand",0.125738309640386,0.132409752847437,0.147841587879052,0.171969895905487,0.206833984865744,0.211182049198951,0.233029502909669,0.240197823484006,0.246392566968355,0.252346647852227,0.265537892036384,0.264571844260871,0.284899317611937,0.277665781237529,0.276764398336639,0.277823721873977,0.316064804158738,0.304071978699057,0.297739267808228,0.299070603233401,0.273820573816842,0.295541579189393,0.284136844658076,0.276550413037574,0.269457045354264,0.255027405124737,0.260316568540635,0.259268361989364,0.272181665591324,0.269436407447168
"TLS","Timor-Leste",0.0493096329341726,0.0493096329341726,0.0493096329341726,0.0493096329341726,0.0493096329341726,0.0493096329341726,0.0493096329341726,0.0493096329341726,0.0562828594932314,0.0632560860522903,0.0702293126113491,0.0772025391704081,0.084175765729467,0.0911489922885258,0.0981222188475847,0.105266941448506,0.111404035412241,0.117541129375976,0.123678223339711,0.129815317303446,0.135952411267181,0.142089505230916,0.148226599194651,0.154363693158386,0.160500787122121,0.166637881085856,0.172774975049591,0.178912069013326,0.185049162977061,0.185049162977061
"TGO","Togo",0.015047909217744,0.01495716433578,0.0160933727533166,0.017229581170853,0.0186420864127822,0.0200545916547115,0.0214670968966406,0.0228796021385699,0.0242921073804991,0.0257046126224283,0.0271171178643576,0.0285296231062867,0.0322131623101964,0.0389206377371668,0.0456281131641374,0.052335588591108,0.0569263851630986,0.063174029935718,0.0639675843649381,0.0621545368431792,0.0638163064626383,0.0714988652359716,0.0727958409887861,0.0763840885939824,0.0779004407927583,0.0884182145840653,0.0884182145840653,0.0884182145840653,0.0884182145840653,0.0884182145840653
"TON","Tonga",0.0193480688614847,0.0193480688614847,0.0193480688614847,0.0193480688614847,0.0193480688614847,0.031076382164036,0.0265798692468473,0.0356182660875051,0.0398022263718776,0.0449186903588537,0.0500351543458298,0.0551516183328059,0.0602680823197821,0.0653845463067582,0.0705010102937343,0.0756174742807103,0.0807339382676864,0.0858504022546625,0.0909668662416386,0.0960833302286153,0.101199794215591,0.106316258202567,0.111432722189543,0.11654918617652,0.121665650163496,0.126782114150472,0.170074304457197,0.213366494763922,0.256658685070647,0.256658685070647
"TTO","Trinidad and Tobago",0.033702632303684,0.033702632303684,0.033702632303684,0.033702632303684,0.033702632303684,0.0333884555885535,0.0363703453222057,0.0504110304672264,0.0511172537664751,0.069931082400558,0.0735471939836441,0.0771633055667306,0.0807794171498165,0.084395528732903,0.088011640315989,0.091627751899075,0.0952438634821616,0.0988599750652475,0.102476086648334,0.10609219823142,0.109708309814506,0.113324421397593,0.116940532980678,0.120556644563765,0.124172756146851,0.127788867729937,0.131404979313024,0.135021090896109,0.138637202479196,0.142253314062282
"TUN","Tunisia",0.0678134397492223,0.0729642426338446,0.0774918053650328,0.0857911816257826,0.0953481140904553,0.108542675304921,0.122678377873543,0.131468554105214,0.155040599591965,0.169168417040091,0.18183119746453,0.188824289313119,0.192153336684378,0.20082506394443,0.211207988605527,0.215626984590344,0.215026843134138,0.215788130284291,0.20461770360374,0.201682464630276,0.199568012755502,0.186563784806188,0.184848409553818,0.18503929374442,0.187937471503797,0.194419063505465,0.198967320373846,0.222157012121104,0.228140039546296,0.228140039546296
"TUR","Turkey",0.11457493021454,0.125255555476547,0.135936180738554,0.131131387730185,0.133996590305895,0.141702849409917,0.14940910851394,0.154794714677333,0.177587005533761,0.183876577061087,0.19865735594288,0.223255534511969,0.235754999973502,0.244092705724632,0.281206097041016,0.34023948058562,0.368917308017925,0.420597443679013,0.478019898254362,0.522253427123488,0.573804944647369,0.622854663795101,0.663885433474628,0.693542393161864,0.702827552954592,0.714129834459368,0.755531376966335,0.766448377940163,0.635915682976152,0.635915682976152
"TKM","Turkmenistan",0.0408670152838891,0.0408670152838891,0.0408670152838891,0.0408670152838891,0.0408670152838891,0.0408670152838891,0.0408670152838891,0.0408670152838891,0.0408670152838891,0.0408670152838891,0.0408670152838891,0.0408670152838891,0.0408670152838891,0.0408670152838891,0.0408670152838891,0.0408670152838891,0.0408670152838891,0.0408670152838891,0.0408670152838891,0.0408670152838891,0.0457410518144041,0.0506150883449192,0.0554891248754342,0.0603631614059496,0.0652371979364643,0.0734078579431295,0.0862495316510465,0.099422021051583,0.11191943511562,0.121647537125146
"TUV","Tuvalu",0.115184218445836,0.115184218445836,0.115184218445836,0.115184218445836,0.115184218445836,0.115184218445836,0.115184218445836,0.115184218445836,0.115184218445836,0.115184218445836,0.115184218445836,0.115184218445836,0.115184218445836,0.115184218445836,0.115184218445836,0.115184218445836,0.115184218445836,0.115184218445836,0.115184218445836,0.115184218445836,0.115184218445836,0.115184218445836,0.115184218445836,0.115184218445836,0.115184218445836,0.115184218445836,0.115184218445836,0.115184218445836,0.115184218445836,0.115184218445836
"UGA","Uganda",0.0081056739573514,0.00948911447440859,0.00981976013025154,0.0101504057860945,0.0104810514419375,0.0144581865652184,0.0158954248089387,0.0200631370966592,0.0214790126321986,0.0207595513404458,0.0204646598854474,0.0201697684304492,0.020903791944367,0.0216378154582848,0.023963667757844,0.0223068498549978,0.0250747552661196,0.0213034797496923,0.0239185069353613,0.0265335341210305,0.0265335341210305,0.0265335341210305,0.0265335341210305,0.0265335341210305,0.0265335341210305,0.0265335341210305,0.0265335341210305,0.0265335341210305,0.0265335341210305,0.0265335341210305
"UKR","Ukraine",0.261013577469824,0.257953760479116,0.267520776027274,0.277087791575433,0.288526587815521,0.302668729325332,0.317128915506032,0.339607982289253,0.361329274072058,0.38049782982987,0.401253119747618,0.431641570700292,0.457655214480235,0.478534783997275,0.495183796988418,0.491627402716146,0.509017321299417,0.503491947948029,0.489363351311495,0.50291617115658,0.461277188685882,0.462331358444849,0.481342004641514,0.489138657250791,0.507111255898281,0.492989469587302,0.455520101608562,0.475514747768786,0.49550939392901,0.523422766389827
"ARE","United Arab Emirates",0.3189415155859,0.3189415155859,0.3189415155859,0.3189415155859,0.3189415155859,0.3189415155859,0.3189415155859,0.3189415155859,0.3189415155859,0.3189415155859,0.3189415155859,0.3189415155859,0.3189415155859,0.3189415155859,0.3189415155859,0.3189415155859,0.3189415155859,0.3189415155859,0.3189415155859,0.3189415155859,0.3189415155859,0.3189415155859,0.3189415155859,0.3189415155859,0.322974117398105,0.329552736753134,0.33844270277058,0.362313154202981,0.367890175600801,0.382289231751105
"GBR","United Kingdom",0.343937269246726,0.343937269246726,0.343937269246726,0.343937269246726,0.343937269246726,0.343937269246726,0.34467250221417,0.366582003903625,0.368554271102002,0.356499264746767,0.355427117911792,0.354922952259915,0.352843093912317,0.344333637152339,0.354383848752456,0.358870539701867,0.355837327819319,0.354699391303596,0.340413136878315,0.33887594009837,0.338407171406617,0.348262401308103,0.357555572475072,0.366639483792179,0.392961691734237,0.416404166441859,0.46061345459121,0.478757357878831,0.482639545878894,0.482639545878894
"USA","United States",0.482205554356134,0.476156714294966,0.450769426840529,0.425382139386092,0.428245712140681,0.437532172729606,0.446818633318531,0.456105093907456,0.465391554496382,0.474678015085307,0.483964475674232,0.490050945091356,0.496137414508478,0.502223883925602,0.508310353342725,0.514396822759848,0.520483292176971,0.526569761594094,0.532656231011218,0.53205719140591,0.533637061952955,0.533309949967378,0.529292234306763,0.530085291491166,0.527615263149262,0.525683305329599,0.509360210652226,0.476304729599036,0.476304729599036,0.476304729599036
"URY","Uruguay",0.179050894796095,0.179050894796095,0.195521241516239,0.211991588236382,0.201047959199164,0.202381818577828,0.226077282842856,0.236933406554529,0.250050161026882,0.256083621085921,0.265820424971015,0.271575093797433,0.301976789916119,0.306012341788158,0.305296551898033,0.310980878700888,0.314996921923636,0.327941287741184,0.359499554122088,0.358750037959381,0.346492338903348,0.357664408837019,0.358299839805878,0.361466551772559,0.371613950353413,0.389478849294751,0.451087819759723,0.458467493767118,0.47986568681201,0.47986568681201
"UZB","Uzbekistan",0.076844554044096,0.076844554044096,0.076844554044096,0.076844554044096,0.076844554044096,0.0770156336125531,0.0787592839658517,0.0814078006757463,0.0819918677342053,0.0820985578907644,0.0579780718579487,0.0586765936785195,0.0578997256679994,0.0583083746200875,0.0578075317373274,0.0520332034032943,0.0503991134834505,0.0459735517852211,0.0467391651205651,0.0468327327553069,0.0471991396040303,0.0489224264693051,0.0507753539050143,0.0586647086215015,0.0771573878036351,0.0948516397574152,0.131690063499204,0.18950713518967,0.274097635918171,0.338836524517222
"VUT","Vanuatu",0.0261588187333411,0.0261588187333411,0.0261588187333411,0.0261588187333411,0.0261588187333411,0.0260834194206654,0.0258554137585076,0.0313356786700774,0.028008020090056,0.0280916058105812,0.0280916058105812,0.0280916058105812,0.0280916058105812,0.0280916058105812,0.0280916058105812,0.0280916058105812,0.0280916058105812,0.0280916058105812,0.0280916058105812,0.0280916058105812,0.0280916058105812,0.0280916058105812,0.0280916058105812,0.0280916058105812,0.0280916058105812,0.0280916058105812,0.0280916058105812,0.0280916058105812,0.0280916058105812,0.0280916058105812
"VEN","Venezuela, Bolivarian Republic o",0.166096077973024,0.166096077973024,0.166096077973024,0.166096077973024,0.166096077973024,0.166096077973024,0.195303826821965,0.224511575670906,0.234665453076417,0.246697527159821,0.302428807030927,0.358160086902033,0.413891366773139,0.469622646644244,0.46973347448048,0.46973347448048,0.46973347448048,0.46973347448048,0.46973347448048,0.46973347448048,0.46973347448048,0.46973347448048,0.46973347448048,0.46973347448048,0.46973347448048,0.46973347448048,0.46973347448048,0.46973347448048,0.46973347448048,0.46973347448048
"VNM","Viet Nam",0.0157801278769344,0.0231915543487283,0.0399038635090806,0.0561345892221746,0.0614259641784938,0.0543853377934741,0.0547080022038092,0.0562497039470642,0.0584202411803483,0.07634687037446,0.0942734995685712,0.0998652092381052,0.11277411560706,0.119422029706377,0.128120545716406,0.142709425104668,0.154397818076727,0.153683144630232,0.1529383623337,0.187272826123673,0.177611253219095,0.173736647033842,0.154910258055245,0.167762259295066,0.180614260534886,0.215911484063644,0.251208707592402,0.268047015568191,0.196364623107894,0.224953227841493
"YEM","Yemen",0.0226405844235817,0.0226405844235817,0.0226405844235817,0.0378029473274112,0.0529653102312405,0.0533109796049591,0.0536566489786778,0.0540023183523963,0.0515797040319806,0.0490369190979157,0.0489080828860523,0.0469236666337551,0.0531892269935786,0.0541517970521919,0.0570955351984735,0.054470369693304,0.0517345370384874,0.0517345370384874,0.0517345370384874,0.0517345370384874,0.0517345370384874,0.0517345370384874,0.0517345370384874,0.0517345370384874,0.0517345370384874,0.0517345370384874,0.0517345370384874,0.0517345370384874,0.0517345370384874,0.0517345370384874
"ZMB","Zambia",0.013174517355815,0.013174517355815,0.013174517355815,0.013174517355815,0.0130761900754134,0.0138825259112476,0.0146888617470818,0.0154951975829161,0.0163015334187502,0.0171078692545844,0.0179142050904186,0.0187205409262529,0.0195268767620872,0.0203332125979212,0.0211395484337554,0.0219458842695897,0.022752220105424,0.0225775648209002,0.0225775648209002,0.0225775648209002,0.0225775648209002,0.0225775648209002,0.0225775648209002,0.0225775648209002,0.0225775648209002,0.0225775648209002,0.0225775648209002,0.0225775648209002,0.0225775648209002,0.0225775648209002
"ZWE","Zimbabwe",0.0405350595749517,0.0405350595749517,0.0405350595749517,0.0405350595749517,0.0405350595749517,0.0405350595749517,0.0405350595749517,0.0405350595749517,0.0405350595749517,0.0405350595749517,0.0405350595749517,0.0405350595749517,0.0405350595749517,0.0405350595749517,0.0405350595749517,0.0405350595749517,0.0415306952235591,0.0416360920149711,0.0427794016962164,0.054002677044805,0.0652259523933935,0.0630196603499983,0.0608133683066032,0.058607076263208,0.0564007842198129,0.0541944921764177,0.0519882001330225,0.0497819080896275,0.0475756160462323,0.0453693240028371
